disease_id,name,type,description,symptoms,causes,treatments,related_bacteria,related_virus
1,Ebola,Genetic,"A severe, often fatal illness in humans caused by the Ebola virus.","Fever, severe headache, muscle pain, vomiting, diarrhea, bleeding","Infection with Ebola virus, transmitted by contact with bodily fluids of infected persons or animals.","Supportive care, intravenous fluids, experimental antiviral drugs",Klebsiella pneumoniae,Dengue
2,Meningitis,Parasitic,"An inflammation of the membranes (meninges) surrounding the brain and spinal cord, caused by infection.","Sudden high fever, stiff neck, headache, nausea, sensitivity to light","Infection of the meninges by bacteria, viruses, fungi, or parasites.","Antibiotics (if bacterial), antiviral or antifungal medications, corticosteroids",Staphylococcus aureus,Herpes simplex
3,Hypertension,Genetic,A chronic condition characterized by elevated blood pressure levels.,"Often asymptomatic, but may cause headaches, shortness of breath, nosebleeds","Combination of genetic, environmental, and lifestyle factors, including high salt intake, obesity, and stress.","Lifestyle modification, antihypertensive medications",Clostridium tetani,Cytomegalovirus
4,Zika,Metabolic,"A disease caused by Zika virus, spread mainly by mosquitoes, associated with birth defects when contracted during pregnancy.","Fever, rash, joint pain, red eyes, muscle pain","Infection with Zika virus, transmitted by Aedes mosquitoes or sexual contact.","Supportive care, rest, fluids, pain relievers",Shigella dysenteriae,Hepatitis B
5,Cholera,Genetic,An acute diarrheal illness caused by infection of the intestine with Vibrio cholerae.,"Severe diarrhea, dehydration, vomiting, rapid heart rate",Ingestion of water or food contaminated with Vibrio cholerae bacteria.,"Rehydration therapy, antibiotics in severe cases",Yersinia pestis,Zika
6,Ebola,Genetic,"A severe, often fatal illness in humans caused by the Ebola virus.","Fever, severe headache, muscle pain, vomiting, diarrhea, bleeding","Infection with Ebola virus, transmitted by contact with bodily fluids of infected persons or animals.","Supportive care, intravenous fluids, experimental antiviral drugs",Vibrio cholerae,SARS-CoV-2
7,Dengue,Parasitic,"A mosquito-borne viral infection causing high fever, rash, and muscle and joint pain.","High fever, headache, pain behind the eyes, joint and muscle pain, rash","Infection with dengue virus, transmitted by Aedes mosquitoes.","Supportive care, fluid replacement, pain relievers (acetaminophen)",Vibrio cholerae,Zika
8,Pneumonia,Viral,"An infection that inflames the air sacs in one or both lungs, which may fill with fluid.","Cough with phlegm, fever, chills, difficulty breathing","Infection of the lungs by bacteria, viruses, or fungi, often following a cold or flu.","Antibiotics (if bacterial), antiviral or antifungal medications, supportive care",Bacillus anthracis,Mumps
9,Cholera,Metabolic,An acute diarrheal illness caused by infection of the intestine with Vibrio cholerae.,"Severe diarrhea, dehydration, vomiting, rapid heart rate",Ingestion of water or food contaminated with Vibrio cholerae bacteria.,"Rehydration therapy, antibiotics in severe cases",Shigella dysenteriae,Mumps
10,COVID-19,Viral,"A contagious respiratory illness caused by the SARS-CoV-2 virus, leading to symptoms ranging from mild cold-like illness to severe pneumonia.","Fever, cough, shortness of breath, fatigue, loss of taste or smell","Infection with the SARS-CoV-2 coronavirus, primarily spread via respiratory droplets.","Supportive care, oxygen therapy, antiviral medications (e.g., remdesivir)",Yersinia pestis,Epstein-Barr
11,Cholera,Parasitic,An acute diarrheal illness caused by infection of the intestine with Vibrio cholerae.,"Severe diarrhea, dehydration, vomiting, rapid heart rate",Ingestion of water or food contaminated with Vibrio cholerae bacteria.,"Rehydration therapy, antibiotics in severe cases",Salmonella enterica,Rabies
12,Hypertension,Genetic,A chronic condition characterized by elevated blood pressure levels.,"Often asymptomatic, but may cause headaches, shortness of breath, nosebleeds","Combination of genetic, environmental, and lifestyle factors, including high salt intake, obesity, and stress.","Lifestyle modification, antihypertensive medications",Salmonella enterica,Ebola
13,COVID-19,Metabolic,"A contagious respiratory illness caused by the SARS-CoV-2 virus, leading to symptoms ranging from mild cold-like illness to severe pneumonia.","Fever, cough, shortness of breath, fatigue, loss of taste or smell","Infection with the SARS-CoV-2 coronavirus, primarily spread via respiratory droplets.","Supportive care, oxygen therapy, antiviral medications (e.g., remdesivir)",Pseudomonas aeruginosa,Influenza
14,Ebola,Bacterial,"A severe, often fatal illness in humans caused by the Ebola virus.","Fever, severe headache, muscle pain, vomiting, diarrhea, bleeding","Infection with Ebola virus, transmitted by contact with bodily fluids of infected persons or animals.","Supportive care, intravenous fluids, experimental antiviral drugs",Yersinia pestis,Rabies
15,Dengue,Metabolic,"A mosquito-borne viral infection causing high fever, rash, and muscle and joint pain.","High fever, headache, pain behind the eyes, joint and muscle pain, rash","Infection with dengue virus, transmitted by Aedes mosquitoes.","Supportive care, fluid replacement, pain relievers (acetaminophen)",Salmonella enterica,Marburg
16,Rabies,Genetic,A deadly viral infection that is transmitted to humans through the bite of infected animals.,"Fever, headache, excess salivation, muscle spasms, paralysis, mental confusion","Bite or scratch from an infected animal, usually a dog or bat.","Post-exposure prophylaxis (PEP), rabies immunoglobulin, supportive care",Borrelia burgdorferi,SARS-CoV-2
17,COVID-19,Bacterial,"A contagious respiratory illness caused by the SARS-CoV-2 virus, leading to symptoms ranging from mild cold-like illness to severe pneumonia.","Fever, cough, shortness of breath, fatigue, loss of taste or smell","Infection with the SARS-CoV-2 coronavirus, primarily spread via respiratory droplets.","Supportive care, oxygen therapy, antiviral medications (e.g., remdesivir)",Treponema pallidum,Varicella-zoster
18,Influenza,Viral,A disease affecting humans. Further research may be required for specific details about Influenza.,"could, population, movement, management, trial","Varies: may include infections, genetics, environment, or lifestyle factors. Further research may be required for specific details about Influenza.","Supportive care, consult a healthcare professional",Proteus mirabilis,Cytomegalovirus
19,Dengue,Viral,"A mosquito-borne viral infection causing high fever, rash, and muscle and joint pain.","High fever, headache, pain behind the eyes, joint and muscle pain, rash","Infection with dengue virus, transmitted by Aedes mosquitoes.","Supportive care, fluid replacement, pain relievers (acetaminophen)",Enterococcus faecalis,Varicella-zoster
20,Hepatitis B,Bacterial,A viral infection that attacks the liver and can cause both acute and chronic disease.,"Jaundice, fatigue, abdominal pain, loss of appetite, nausea","Infection with hepatitis B virus, transmitted through blood, sexual contact, or from mother to child.","Antiviral medications (tenofovir, entecavir), supportive care",Salmonella enterica,SARS-CoV-2
21,Cholera,Viral,An acute diarrheal illness caused by infection of the intestine with Vibrio cholerae.,"Severe diarrhea, dehydration, vomiting, rapid heart rate",Ingestion of water or food contaminated with Vibrio cholerae bacteria.,"Rehydration therapy, antibiotics in severe cases",Mycobacterium tuberculosis,Rotavirus
22,Cholera,Genetic,An acute diarrheal illness caused by infection of the intestine with Vibrio cholerae.,"Severe diarrhea, dehydration, vomiting, rapid heart rate",Ingestion of water or food contaminated with Vibrio cholerae bacteria.,"Rehydration therapy, antibiotics in severe cases",Staphylococcus aureus,Epstein-Barr
23,Zika,Genetic,"A disease caused by Zika virus, spread mainly by mosquitoes, associated with birth defects when contracted during pregnancy.","Fever, rash, joint pain, red eyes, muscle pain","Infection with Zika virus, transmitted by Aedes mosquitoes or sexual contact.","Supportive care, rest, fluids, pain relievers",Clostridium tetani,HIV
24,Measles,Bacterial,"A highly contagious viral disease causing fever, cough, and a characteristic rash.","Fever, cough, runny nose, inflamed eyes, red rash","Infection with measles virus, spread by respiratory droplets.","Supportive care, vitamin A supplementation",Staphylococcus aureus,Zika
25,HIV/AIDS,Bacterial,A virus that attacks the immune system and can lead to acquired immunodeficiency syndrome (AIDS).,"Fever, fatigue, swollen lymph nodes, weight loss, recurrent infections","Infection with the human immunodeficiency virus (HIV), spread through blood, sexual contact, or from mother to child.",Antiretroviral therapy (ART),Proteus mirabilis,SARS-CoV-2
26,Rabies,Viral,A deadly viral infection that is transmitted to humans through the bite of infected animals.,"Fever, headache, excess salivation, muscle spasms, paralysis, mental confusion","Bite or scratch from an infected animal, usually a dog or bat.","Post-exposure prophylaxis (PEP), rabies immunoglobulin, supportive care",Bacillus anthracis,Rotavirus
27,Polio,Parasitic,A viral disease that can affect nerves and can lead to partial or full paralysis.,"Fever, sore throat, headache, vomiting, back pain, neck stiffness, paralysis","Infection with poliovirus, spread by fecal-oral route.","Supportive care, physical therapy, ventilatory support if needed",Shigella dysenteriae,Polio
28,Diabetes Mellitus,Parasitic,A group of metabolic diseases characterized by high blood sugar levels over a prolonged period.,"Increased thirst, frequent urination, hunger, fatigue, blurred vision","Insufficient insulin production or insulin resistance, influenced by genetics, lifestyle, and obesity.","Insulin therapy, oral hypoglycemic agents, diet, exercise",Pseudomonas aeruginosa,SARS-CoV-2
29,Dengue,Parasitic,"A mosquito-borne viral infection causing high fever, rash, and muscle and joint pain.","High fever, headache, pain behind the eyes, joint and muscle pain, rash","Infection with dengue virus, transmitted by Aedes mosquitoes.","Supportive care, fluid replacement, pain relievers (acetaminophen)",Treponema pallidum,Mumps
30,COVID-19,Metabolic,"A contagious respiratory illness caused by the SARS-CoV-2 virus, leading to symptoms ranging from mild cold-like illness to severe pneumonia.","Fever, cough, shortness of breath, fatigue, loss of taste or smell","Infection with the SARS-CoV-2 coronavirus, primarily spread via respiratory droplets.","Supportive care, oxygen therapy, antiviral medications (e.g., remdesivir)",Listeria monocytogenes,Marburg
31,Zika,Genetic,"A disease caused by Zika virus, spread mainly by mosquitoes, associated with birth defects when contracted during pregnancy.","Fever, rash, joint pain, red eyes, muscle pain","Infection with Zika virus, transmitted by Aedes mosquitoes or sexual contact.","Supportive care, rest, fluids, pain relievers",Pseudomonas aeruginosa,Dengue
32,Hypertension,Viral,A chronic condition characterized by elevated blood pressure levels.,"Often asymptomatic, but may cause headaches, shortness of breath, nosebleeds","Combination of genetic, environmental, and lifestyle factors, including high salt intake, obesity, and stress.","Lifestyle modification, antihypertensive medications",Pseudomonas aeruginosa,Norovirus
33,Cholera,Parasitic,An acute diarrheal illness caused by infection of the intestine with Vibrio cholerae.,"Severe diarrhea, dehydration, vomiting, rapid heart rate",Ingestion of water or food contaminated with Vibrio cholerae bacteria.,"Rehydration therapy, antibiotics in severe cases",Proteus mirabilis,HIV
34,Cholera,Bacterial,An acute diarrheal illness caused by infection of the intestine with Vibrio cholerae.,"Severe diarrhea, dehydration, vomiting, rapid heart rate",Ingestion of water or food contaminated with Vibrio cholerae bacteria.,"Rehydration therapy, antibiotics in severe cases",Listeria monocytogenes,HPV
35,Rabies,Metabolic,A deadly viral infection that is transmitted to humans through the bite of infected animals.,"Fever, headache, excess salivation, muscle spasms, paralysis, mental confusion","Bite or scratch from an infected animal, usually a dog or bat.","Post-exposure prophylaxis (PEP), rabies immunoglobulin, supportive care",Pseudomonas aeruginosa,Ebola
36,Pneumonia,Parasitic,"An infection that inflames the air sacs in one or both lungs, which may fill with fluid.","Cough with phlegm, fever, chills, difficulty breathing","Infection of the lungs by bacteria, viruses, or fungi, often following a cold or flu.","Antibiotics (if bacterial), antiviral or antifungal medications, supportive care",Pseudomonas aeruginosa,Cytomegalovirus
37,Diabetes Mellitus,Genetic,A group of metabolic diseases characterized by high blood sugar levels over a prolonged period.,"Increased thirst, frequent urination, hunger, fatigue, blurred vision","Insufficient insulin production or insulin resistance, influenced by genetics, lifestyle, and obesity.","Insulin therapy, oral hypoglycemic agents, diet, exercise",Corynebacterium diphtheriae,Mumps
38,Measles,Parasitic,"A highly contagious viral disease causing fever, cough, and a characteristic rash.","Fever, cough, runny nose, inflamed eyes, red rash","Infection with measles virus, spread by respiratory droplets.","Supportive care, vitamin A supplementation",Staphylococcus aureus,Marburg
39,Hepatitis B,Bacterial,A viral infection that attacks the liver and can cause both acute and chronic disease.,"Jaundice, fatigue, abdominal pain, loss of appetite, nausea","Infection with hepatitis B virus, transmitted through blood, sexual contact, or from mother to child.","Antiviral medications (tenofovir, entecavir), supportive care",Pseudomonas aeruginosa,Ebola
40,COVID-19,Genetic,"A contagious respiratory illness caused by the SARS-CoV-2 virus, leading to symptoms ranging from mild cold-like illness to severe pneumonia.","Fever, cough, shortness of breath, fatigue, loss of taste or smell","Infection with the SARS-CoV-2 coronavirus, primarily spread via respiratory droplets.","Supportive care, oxygen therapy, antiviral medications (e.g., remdesivir)",Treponema pallidum,Norovirus
41,Dengue,Viral,"A mosquito-borne viral infection causing high fever, rash, and muscle and joint pain.","High fever, headache, pain behind the eyes, joint and muscle pain, rash","Infection with dengue virus, transmitted by Aedes mosquitoes.","Supportive care, fluid replacement, pain relievers (acetaminophen)",Yersinia pestis,Herpes simplex
42,Rabies,Genetic,A deadly viral infection that is transmitted to humans through the bite of infected animals.,"Fever, headache, excess salivation, muscle spasms, paralysis, mental confusion","Bite or scratch from an infected animal, usually a dog or bat.","Post-exposure prophylaxis (PEP), rabies immunoglobulin, supportive care",Treponema pallidum,Norovirus
43,Polio,Bacterial,A viral disease that can affect nerves and can lead to partial or full paralysis.,"Fever, sore throat, headache, vomiting, back pain, neck stiffness, paralysis","Infection with poliovirus, spread by fecal-oral route.","Supportive care, physical therapy, ventilatory support if needed",Clostridium tetani,Norovirus
44,Meningitis,Genetic,"An inflammation of the membranes (meninges) surrounding the brain and spinal cord, caused by infection.","Sudden high fever, stiff neck, headache, nausea, sensitivity to light","Infection of the meninges by bacteria, viruses, fungi, or parasites.","Antibiotics (if bacterial), antiviral or antifungal medications, corticosteroids",Salmonella enterica,Zika
45,Polio,Parasitic,A viral disease that can affect nerves and can lead to partial or full paralysis.,"Fever, sore throat, headache, vomiting, back pain, neck stiffness, paralysis","Infection with poliovirus, spread by fecal-oral route.","Supportive care, physical therapy, ventilatory support if needed",Proteus mirabilis,Ebola
46,Influenza,Viral,A disease affecting humans. Further research may be required for specific details about Influenza.,"north, simply, soon","Varies: may include infections, genetics, environment, or lifestyle factors. Further research may be required for specific details about Influenza.","Supportive care, consult a healthcare professional",Pseudomonas aeruginosa,Zika
47,Tuberculosis,Genetic,"A potentially serious infectious disease that mainly affects the lungs, caused by Mycobacterium tuberculosis.","Cough (sometimes blood-tinged), weight loss, night sweats, fever","Infection by Mycobacterium tuberculosis, transmitted via airborne droplets from coughs or sneezes.","Antibiotic therapy (isoniazid, rifampin, ethambutol, pyrazinamide)",Yersinia pestis,Marburg
48,Tuberculosis,Metabolic,"A potentially serious infectious disease that mainly affects the lungs, caused by Mycobacterium tuberculosis.","Cough (sometimes blood-tinged), weight loss, night sweats, fever","Infection by Mycobacterium tuberculosis, transmitted via airborne droplets from coughs or sneezes.","Antibiotic therapy (isoniazid, rifampin, ethambutol, pyrazinamide)",Treponema pallidum,Influenza
49,Diabetes Mellitus,Viral,A group of metabolic diseases characterized by high blood sugar levels over a prolonged period.,"Increased thirst, frequent urination, hunger, fatigue, blurred vision","Insufficient insulin production or insulin resistance, influenced by genetics, lifestyle, and obesity.","Insulin therapy, oral hypoglycemic agents, diet, exercise",Enterococcus faecalis,Mumps
50,Measles,Metabolic,"A highly contagious viral disease causing fever, cough, and a characteristic rash.","Fever, cough, runny nose, inflamed eyes, red rash","Infection with measles virus, spread by respiratory droplets.","Supportive care, vitamin A supplementation",Clostridium tetani,Dengue
51,Measles,Parasitic,"A highly contagious viral disease causing fever, cough, and a characteristic rash.","Fever, cough, runny nose, inflamed eyes, red rash","Infection with measles virus, spread by respiratory droplets.","Supportive care, vitamin A supplementation",Staphylococcus aureus,Herpes simplex
52,Hepatitis B,Viral,A viral infection that attacks the liver and can cause both acute and chronic disease.,"Jaundice, fatigue, abdominal pain, loss of appetite, nausea","Infection with hepatitis B virus, transmitted through blood, sexual contact, or from mother to child.","Antiviral medications (tenofovir, entecavir), supportive care",Treponema pallidum,SARS-CoV-2
53,Asthma,Parasitic,"A chronic inflammatory disease of the airways that causes periodic attacks of wheezing, shortness of breath, and coughing.","Shortness of breath, wheezing, coughing, chest tightness","Chronic inflammation of the airways, triggered by allergens, pollution, respiratory infections, or exercise.","Inhaled corticosteroids, bronchodilators, avoiding triggers",Neisseria meningitidis,Mumps
54,Zika,Genetic,"A disease caused by Zika virus, spread mainly by mosquitoes, associated with birth defects when contracted during pregnancy.","Fever, rash, joint pain, red eyes, muscle pain","Infection with Zika virus, transmitted by Aedes mosquitoes or sexual contact.","Supportive care, rest, fluids, pain relievers",Treponema pallidum,Influenza
55,Dengue,Metabolic,"A mosquito-borne viral infection causing high fever, rash, and muscle and joint pain.","High fever, headache, pain behind the eyes, joint and muscle pain, rash","Infection with dengue virus, transmitted by Aedes mosquitoes.","Supportive care, fluid replacement, pain relievers (acetaminophen)",Borrelia burgdorferi,Measles
56,Meningitis,Bacterial,"An inflammation of the membranes (meninges) surrounding the brain and spinal cord, caused by infection.","Sudden high fever, stiff neck, headache, nausea, sensitivity to light","Infection of the meninges by bacteria, viruses, fungi, or parasites.","Antibiotics (if bacterial), antiviral or antifungal medications, corticosteroids",Shigella dysenteriae,Cytomegalovirus
57,Meningitis,Metabolic,"An inflammation of the membranes (meninges) surrounding the brain and spinal cord, caused by infection.","Sudden high fever, stiff neck, headache, nausea, sensitivity to light","Infection of the meninges by bacteria, viruses, fungi, or parasites.","Antibiotics (if bacterial), antiviral or antifungal medications, corticosteroids",Salmonella enterica,Influenza
58,Tuberculosis,Genetic,"A potentially serious infectious disease that mainly affects the lungs, caused by Mycobacterium tuberculosis.","Cough (sometimes blood-tinged), weight loss, night sweats, fever","Infection by Mycobacterium tuberculosis, transmitted via airborne droplets from coughs or sneezes.","Antibiotic therapy (isoniazid, rifampin, ethambutol, pyrazinamide)",Staphylococcus aureus,Rabies
59,Malaria,Genetic,"A mosquito-borne infectious disease caused by Plasmodium parasites, leading to fever, chills, and flu-like illness.","Fever, chills, headache, nausea, vomiting, muscle pain","Infection by Plasmodium parasites, transmitted by the bite of infected Anopheles mosquitoes.","Antimalarial drugs (artemisinin-based combination therapies, chloroquine)",Escherichia coli,Rotavirus
60,Rabies,Bacterial,A deadly viral infection that is transmitted to humans through the bite of infected animals.,"Fever, headache, excess salivation, muscle spasms, paralysis, mental confusion","Bite or scratch from an infected animal, usually a dog or bat.","Post-exposure prophylaxis (PEP), rabies immunoglobulin, supportive care",Bacillus anthracis,Rubella
61,Cholera,Parasitic,An acute diarrheal illness caused by infection of the intestine with Vibrio cholerae.,"Severe diarrhea, dehydration, vomiting, rapid heart rate",Ingestion of water or food contaminated with Vibrio cholerae bacteria.,"Rehydration therapy, antibiotics in severe cases",Shigella dysenteriae,Herpes simplex
62,COVID-19,Metabolic,"A contagious respiratory illness caused by the SARS-CoV-2 virus, leading to symptoms ranging from mild cold-like illness to severe pneumonia.","Fever, cough, shortness of breath, fatigue, loss of taste or smell","Infection with the SARS-CoV-2 coronavirus, primarily spread via respiratory droplets.","Supportive care, oxygen therapy, antiviral medications (e.g., remdesivir)",Corynebacterium diphtheriae,Hepatitis B
63,Meningitis,Genetic,"An inflammation of the membranes (meninges) surrounding the brain and spinal cord, caused by infection.","Sudden high fever, stiff neck, headache, nausea, sensitivity to light","Infection of the meninges by bacteria, viruses, fungi, or parasites.","Antibiotics (if bacterial), antiviral or antifungal medications, corticosteroids",Vibrio cholerae,Zika
64,Leprosy,Bacterial,"A chronic infectious disease caused by Mycobacterium leprae, affecting the skin, nerves, and mucous membranes.","Skin lesions, numbness, muscle weakness, eye problems","Chronic infection with Mycobacterium leprae, spread via respiratory droplets.","Multidrug therapy (dapsone, rifampicin, clofazimine)",Treponema pallidum,Rotavirus
65,Diabetes Mellitus,Viral,A group of metabolic diseases characterized by high blood sugar levels over a prolonged period.,"Increased thirst, frequent urination, hunger, fatigue, blurred vision","Insufficient insulin production or insulin resistance, influenced by genetics, lifestyle, and obesity.","Insulin therapy, oral hypoglycemic agents, diet, exercise",Corynebacterium diphtheriae,Rabies
66,Asthma,Metabolic,"A chronic inflammatory disease of the airways that causes periodic attacks of wheezing, shortness of breath, and coughing.","Shortness of breath, wheezing, coughing, chest tightness","Chronic inflammation of the airways, triggered by allergens, pollution, respiratory infections, or exercise.","Inhaled corticosteroids, bronchodilators, avoiding triggers",Klebsiella pneumoniae,Norovirus
67,Malaria,Genetic,"A mosquito-borne infectious disease caused by Plasmodium parasites, leading to fever, chills, and flu-like illness.","Fever, chills, headache, nausea, vomiting, muscle pain","Infection by Plasmodium parasites, transmitted by the bite of infected Anopheles mosquitoes.","Antimalarial drugs (artemisinin-based combination therapies, chloroquine)",Corynebacterium diphtheriae,Cytomegalovirus
68,Diabetes Mellitus,Bacterial,A group of metabolic diseases characterized by high blood sugar levels over a prolonged period.,"Increased thirst, frequent urination, hunger, fatigue, blurred vision","Insufficient insulin production or insulin resistance, influenced by genetics, lifestyle, and obesity.","Insulin therapy, oral hypoglycemic agents, diet, exercise",Streptococcus pneumoniae,Herpes simplex
69,Pneumonia,Genetic,"An infection that inflames the air sacs in one or both lungs, which may fill with fluid.","Cough with phlegm, fever, chills, difficulty breathing","Infection of the lungs by bacteria, viruses, or fungi, often following a cold or flu.","Antibiotics (if bacterial), antiviral or antifungal medications, supportive care",Salmonella enterica,Epstein-Barr
70,Leprosy,Viral,"A chronic infectious disease caused by Mycobacterium leprae, affecting the skin, nerves, and mucous membranes.","Skin lesions, numbness, muscle weakness, eye problems","Chronic infection with Mycobacterium leprae, spread via respiratory droplets.","Multidrug therapy (dapsone, rifampicin, clofazimine)",Neisseria meningitidis,Cytomegalovirus
71,Cholera,Genetic,An acute diarrheal illness caused by infection of the intestine with Vibrio cholerae.,"Severe diarrhea, dehydration, vomiting, rapid heart rate",Ingestion of water or food contaminated with Vibrio cholerae bacteria.,"Rehydration therapy, antibiotics in severe cases",Staphylococcus aureus,Varicella-zoster
72,Ebola,Parasitic,"A severe, often fatal illness in humans caused by the Ebola virus.","Fever, severe headache, muscle pain, vomiting, diarrhea, bleeding","Infection with Ebola virus, transmitted by contact with bodily fluids of infected persons or animals.","Supportive care, intravenous fluids, experimental antiviral drugs",Enterococcus faecalis,Rotavirus
73,Malaria,Genetic,"A mosquito-borne infectious disease caused by Plasmodium parasites, leading to fever, chills, and flu-like illness.","Fever, chills, headache, nausea, vomiting, muscle pain","Infection by Plasmodium parasites, transmitted by the bite of infected Anopheles mosquitoes.","Antimalarial drugs (artemisinin-based combination therapies, chloroquine)",Streptococcus pneumoniae,Polio
74,Ebola,Genetic,"A severe, often fatal illness in humans caused by the Ebola virus.","Fever, severe headache, muscle pain, vomiting, diarrhea, bleeding","Infection with Ebola virus, transmitted by contact with bodily fluids of infected persons or animals.","Supportive care, intravenous fluids, experimental antiviral drugs",Staphylococcus aureus,HIV
75,Polio,Metabolic,A viral disease that can affect nerves and can lead to partial or full paralysis.,"Fever, sore throat, headache, vomiting, back pain, neck stiffness, paralysis","Infection with poliovirus, spread by fecal-oral route.","Supportive care, physical therapy, ventilatory support if needed",Klebsiella pneumoniae,Cytomegalovirus
76,Meningitis,Viral,"An inflammation of the membranes (meninges) surrounding the brain and spinal cord, caused by infection.","Sudden high fever, stiff neck, headache, nausea, sensitivity to light","Infection of the meninges by bacteria, viruses, fungi, or parasites.","Antibiotics (if bacterial), antiviral or antifungal medications, corticosteroids",Borrelia burgdorferi,Cytomegalovirus
77,Dengue,Bacterial,"A mosquito-borne viral infection causing high fever, rash, and muscle and joint pain.","High fever, headache, pain behind the eyes, joint and muscle pain, rash","Infection with dengue virus, transmitted by Aedes mosquitoes.","Supportive care, fluid replacement, pain relievers (acetaminophen)",Enterococcus faecalis,Mumps
78,Chickenpox,Bacterial,"A highly contagious viral infection causing an itchy, blister-like rash.","Itchy, blister-like rash, fever, tiredness, loss of appetite","Infection with varicella-zoster virus, spread by respiratory droplets or contact with lesions.","Antihistamines, calamine lotion, antiviral drugs (acyclovir) in severe cases",Klebsiella pneumoniae,Zika
79,HIV/AIDS,Metabolic,A virus that attacks the immune system and can lead to acquired immunodeficiency syndrome (AIDS).,"Fever, fatigue, swollen lymph nodes, weight loss, recurrent infections","Infection with the human immunodeficiency virus (HIV), spread through blood, sexual contact, or from mother to child.",Antiretroviral therapy (ART),Corynebacterium diphtheriae,SARS-CoV-2
80,Ebola,Bacterial,"A severe, often fatal illness in humans caused by the Ebola virus.","Fever, severe headache, muscle pain, vomiting, diarrhea, bleeding","Infection with Ebola virus, transmitted by contact with bodily fluids of infected persons or animals.","Supportive care, intravenous fluids, experimental antiviral drugs",Proteus mirabilis,Influenza
81,Chickenpox,Metabolic,"A highly contagious viral infection causing an itchy, blister-like rash.","Itchy, blister-like rash, fever, tiredness, loss of appetite","Infection with varicella-zoster virus, spread by respiratory droplets or contact with lesions.","Antihistamines, calamine lotion, antiviral drugs (acyclovir) in severe cases",Klebsiella pneumoniae,Mumps
82,Leprosy,Viral,"A chronic infectious disease caused by Mycobacterium leprae, affecting the skin, nerves, and mucous membranes.","Skin lesions, numbness, muscle weakness, eye problems","Chronic infection with Mycobacterium leprae, spread via respiratory droplets.","Multidrug therapy (dapsone, rifampicin, clofazimine)",Streptococcus pneumoniae,Epstein-Barr
83,Influenza,Bacterial,A disease affecting humans. Further research may be required for specific details about Influenza.,"because, anyone, industry, participant","Varies: may include infections, genetics, environment, or lifestyle factors. Further research may be required for specific details about Influenza.","Supportive care, consult a healthcare professional",Corynebacterium diphtheriae,Norovirus
84,Asthma,Parasitic,"A chronic inflammatory disease of the airways that causes periodic attacks of wheezing, shortness of breath, and coughing.","Shortness of breath, wheezing, coughing, chest tightness","Chronic inflammation of the airways, triggered by allergens, pollution, respiratory infections, or exercise.","Inhaled corticosteroids, bronchodilators, avoiding triggers",Corynebacterium diphtheriae,Influenza
85,Meningitis,Parasitic,"An inflammation of the membranes (meninges) surrounding the brain and spinal cord, caused by infection.","Sudden high fever, stiff neck, headache, nausea, sensitivity to light","Infection of the meninges by bacteria, viruses, fungi, or parasites.","Antibiotics (if bacterial), antiviral or antifungal medications, corticosteroids",Mycobacterium tuberculosis,Ebola
86,Pneumonia,Genetic,"An infection that inflames the air sacs in one or both lungs, which may fill with fluid.","Cough with phlegm, fever, chills, difficulty breathing","Infection of the lungs by bacteria, viruses, or fungi, often following a cold or flu.","Antibiotics (if bacterial), antiviral or antifungal medications, supportive care",Vibrio cholerae,Varicella-zoster
87,COVID-19,Genetic,"A contagious respiratory illness caused by the SARS-CoV-2 virus, leading to symptoms ranging from mild cold-like illness to severe pneumonia.","Fever, cough, shortness of breath, fatigue, loss of taste or smell","Infection with the SARS-CoV-2 coronavirus, primarily spread via respiratory droplets.","Supportive care, oxygen therapy, antiviral medications (e.g., remdesivir)",Salmonella enterica,Rabies
88,Tuberculosis,Viral,"A potentially serious infectious disease that mainly affects the lungs, caused by Mycobacterium tuberculosis.","Cough (sometimes blood-tinged), weight loss, night sweats, fever","Infection by Mycobacterium tuberculosis, transmitted via airborne droplets from coughs or sneezes.","Antibiotic therapy (isoniazid, rifampin, ethambutol, pyrazinamide)",Corynebacterium diphtheriae,Polio
89,Dengue,Viral,"A mosquito-borne viral infection causing high fever, rash, and muscle and joint pain.","High fever, headache, pain behind the eyes, joint and muscle pain, rash","Infection with dengue virus, transmitted by Aedes mosquitoes.","Supportive care, fluid replacement, pain relievers (acetaminophen)",Klebsiella pneumoniae,Herpes simplex
90,Tuberculosis,Parasitic,"A potentially serious infectious disease that mainly affects the lungs, caused by Mycobacterium tuberculosis.","Cough (sometimes blood-tinged), weight loss, night sweats, fever","Infection by Mycobacterium tuberculosis, transmitted via airborne droplets from coughs or sneezes.","Antibiotic therapy (isoniazid, rifampin, ethambutol, pyrazinamide)",Escherichia coli,SARS-CoV-2
91,Dengue,Bacterial,"A mosquito-borne viral infection causing high fever, rash, and muscle and joint pain.","High fever, headache, pain behind the eyes, joint and muscle pain, rash","Infection with dengue virus, transmitted by Aedes mosquitoes.","Supportive care, fluid replacement, pain relievers (acetaminophen)",Yersinia pestis,Rabies
92,COVID-19,Parasitic,"A contagious respiratory illness caused by the SARS-CoV-2 virus, leading to symptoms ranging from mild cold-like illness to severe pneumonia.","Fever, cough, shortness of breath, fatigue, loss of taste or smell","Infection with the SARS-CoV-2 coronavirus, primarily spread via respiratory droplets.","Supportive care, oxygen therapy, antiviral medications (e.g., remdesivir)",Vibrio cholerae,HPV
93,Meningitis,Viral,"An inflammation of the membranes (meninges) surrounding the brain and spinal cord, caused by infection.","Sudden high fever, stiff neck, headache, nausea, sensitivity to light","Infection of the meninges by bacteria, viruses, fungi, or parasites.","Antibiotics (if bacterial), antiviral or antifungal medications, corticosteroids",Borrelia burgdorferi,Varicella-zoster
94,Tuberculosis,Genetic,"A potentially serious infectious disease that mainly affects the lungs, caused by Mycobacterium tuberculosis.","Cough (sometimes blood-tinged), weight loss, night sweats, fever","Infection by Mycobacterium tuberculosis, transmitted via airborne droplets from coughs or sneezes.","Antibiotic therapy (isoniazid, rifampin, ethambutol, pyrazinamide)",Mycobacterium tuberculosis,Rabies
95,Dengue,Genetic,"A mosquito-borne viral infection causing high fever, rash, and muscle and joint pain.","High fever, headache, pain behind the eyes, joint and muscle pain, rash","Infection with dengue virus, transmitted by Aedes mosquitoes.","Supportive care, fluid replacement, pain relievers (acetaminophen)",Streptococcus pneumoniae,Hepatitis B
96,Polio,Viral,A viral disease that can affect nerves and can lead to partial or full paralysis.,"Fever, sore throat, headache, vomiting, back pain, neck stiffness, paralysis","Infection with poliovirus, spread by fecal-oral route.","Supportive care, physical therapy, ventilatory support if needed",Corynebacterium diphtheriae,Measles
97,Diabetes Mellitus,Metabolic,A group of metabolic diseases characterized by high blood sugar levels over a prolonged period.,"Increased thirst, frequent urination, hunger, fatigue, blurred vision","Insufficient insulin production or insulin resistance, influenced by genetics, lifestyle, and obesity.","Insulin therapy, oral hypoglycemic agents, diet, exercise",Pseudomonas aeruginosa,Zika
98,Leprosy,Viral,"A chronic infectious disease caused by Mycobacterium leprae, affecting the skin, nerves, and mucous membranes.","Skin lesions, numbness, muscle weakness, eye problems","Chronic infection with Mycobacterium leprae, spread via respiratory droplets.","Multidrug therapy (dapsone, rifampicin, clofazimine)",Klebsiella pneumoniae,HPV
99,Meningitis,Parasitic,"An inflammation of the membranes (meninges) surrounding the brain and spinal cord, caused by infection.","Sudden high fever, stiff neck, headache, nausea, sensitivity to light","Infection of the meninges by bacteria, viruses, fungi, or parasites.","Antibiotics (if bacterial), antiviral or antifungal medications, corticosteroids",Enterococcus faecalis,Varicella-zoster
100,Ebola,Genetic,"A severe, often fatal illness in humans caused by the Ebola virus.","Fever, severe headache, muscle pain, vomiting, diarrhea, bleeding","Infection with Ebola virus, transmitted by contact with bodily fluids of infected persons or animals.","Supportive care, intravenous fluids, experimental antiviral drugs",Treponema pallidum,Epstein-Barr
101,Hypertension,Bacterial,A chronic condition characterized by elevated blood pressure levels.,"Often asymptomatic, but may cause headaches, shortness of breath, nosebleeds","Combination of genetic, environmental, and lifestyle factors, including high salt intake, obesity, and stress.","Lifestyle modification, antihypertensive medications",Bacillus anthracis,Measles
102,Tuberculosis,Parasitic,"A potentially serious infectious disease that mainly affects the lungs, caused by Mycobacterium tuberculosis.","Cough (sometimes blood-tinged), weight loss, night sweats, fever","Infection by Mycobacterium tuberculosis, transmitted via airborne droplets from coughs or sneezes.","Antibiotic therapy (isoniazid, rifampin, ethambutol, pyrazinamide)",Enterococcus faecalis,Epstein-Barr
103,Malaria,Metabolic,"A mosquito-borne infectious disease caused by Plasmodium parasites, leading to fever, chills, and flu-like illness.","Fever, chills, headache, nausea, vomiting, muscle pain","Infection by Plasmodium parasites, transmitted by the bite of infected Anopheles mosquitoes.","Antimalarial drugs (artemisinin-based combination therapies, chloroquine)",Listeria monocytogenes,HIV
104,Pneumonia,Bacterial,"An infection that inflames the air sacs in one or both lungs, which may fill with fluid.","Cough with phlegm, fever, chills, difficulty breathing","Infection of the lungs by bacteria, viruses, or fungi, often following a cold or flu.","Antibiotics (if bacterial), antiviral or antifungal medications, supportive care",Staphylococcus aureus,HPV
105,Meningitis,Parasitic,"An inflammation of the membranes (meninges) surrounding the brain and spinal cord, caused by infection.","Sudden high fever, stiff neck, headache, nausea, sensitivity to light","Infection of the meninges by bacteria, viruses, fungi, or parasites.","Antibiotics (if bacterial), antiviral or antifungal medications, corticosteroids",Helicobacter pylori,HIV
106,COVID-19,Genetic,"A contagious respiratory illness caused by the SARS-CoV-2 virus, leading to symptoms ranging from mild cold-like illness to severe pneumonia.","Fever, cough, shortness of breath, fatigue, loss of taste or smell","Infection with the SARS-CoV-2 coronavirus, primarily spread via respiratory droplets.","Supportive care, oxygen therapy, antiviral medications (e.g., remdesivir)",Treponema pallidum,Dengue
107,Ebola,Genetic,"A severe, often fatal illness in humans caused by the Ebola virus.","Fever, severe headache, muscle pain, vomiting, diarrhea, bleeding","Infection with Ebola virus, transmitted by contact with bodily fluids of infected persons or animals.","Supportive care, intravenous fluids, experimental antiviral drugs",Vibrio cholerae,Zika
108,Polio,Metabolic,A viral disease that can affect nerves and can lead to partial or full paralysis.,"Fever, sore throat, headache, vomiting, back pain, neck stiffness, paralysis","Infection with poliovirus, spread by fecal-oral route.","Supportive care, physical therapy, ventilatory support if needed",Clostridium tetani,Ebola
109,Influenza,Parasitic,A disease affecting humans. Further research may be required for specific details about Influenza.,"international, personal, five, writer, north","Varies: may include infections, genetics, environment, or lifestyle factors. Further research may be required for specific details about Influenza.","Supportive care, consult a healthcare professional",Treponema pallidum,Varicella-zoster
110,Pneumonia,Genetic,"An infection that inflames the air sacs in one or both lungs, which may fill with fluid.","Cough with phlegm, fever, chills, difficulty breathing","Infection of the lungs by bacteria, viruses, or fungi, often following a cold or flu.","Antibiotics (if bacterial), antiviral or antifungal medications, supportive care",Staphylococcus aureus,Mumps
111,Asthma,Viral,"A chronic inflammatory disease of the airways that causes periodic attacks of wheezing, shortness of breath, and coughing.","Shortness of breath, wheezing, coughing, chest tightness","Chronic inflammation of the airways, triggered by allergens, pollution, respiratory infections, or exercise.","Inhaled corticosteroids, bronchodilators, avoiding triggers",Escherichia coli,Hepatitis B
112,Asthma,Bacterial,"A chronic inflammatory disease of the airways that causes periodic attacks of wheezing, shortness of breath, and coughing.","Shortness of breath, wheezing, coughing, chest tightness","Chronic inflammation of the airways, triggered by allergens, pollution, respiratory infections, or exercise.","Inhaled corticosteroids, bronchodilators, avoiding triggers",Escherichia coli,Norovirus
113,Measles,Parasitic,"A highly contagious viral disease causing fever, cough, and a characteristic rash.","Fever, cough, runny nose, inflamed eyes, red rash","Infection with measles virus, spread by respiratory droplets.","Supportive care, vitamin A supplementation",Staphylococcus aureus,Varicella-zoster
114,Meningitis,Viral,"An inflammation of the membranes (meninges) surrounding the brain and spinal cord, caused by infection.","Sudden high fever, stiff neck, headache, nausea, sensitivity to light","Infection of the meninges by bacteria, viruses, fungi, or parasites.","Antibiotics (if bacterial), antiviral or antifungal medications, corticosteroids",Pseudomonas aeruginosa,Measles
115,COVID-19,Parasitic,"A contagious respiratory illness caused by the SARS-CoV-2 virus, leading to symptoms ranging from mild cold-like illness to severe pneumonia.","Fever, cough, shortness of breath, fatigue, loss of taste or smell","Infection with the SARS-CoV-2 coronavirus, primarily spread via respiratory droplets.","Supportive care, oxygen therapy, antiviral medications (e.g., remdesivir)",Proteus mirabilis,Rubella
116,Zika,Metabolic,"A disease caused by Zika virus, spread mainly by mosquitoes, associated with birth defects when contracted during pregnancy.","Fever, rash, joint pain, red eyes, muscle pain","Infection with Zika virus, transmitted by Aedes mosquitoes or sexual contact.","Supportive care, rest, fluids, pain relievers",Salmonella enterica,Measles
117,Zika,Bacterial,"A disease caused by Zika virus, spread mainly by mosquitoes, associated with birth defects when contracted during pregnancy.","Fever, rash, joint pain, red eyes, muscle pain","Infection with Zika virus, transmitted by Aedes mosquitoes or sexual contact.","Supportive care, rest, fluids, pain relievers",Salmonella enterica,Rotavirus
118,Tuberculosis,Parasitic,"A potentially serious infectious disease that mainly affects the lungs, caused by Mycobacterium tuberculosis.","Cough (sometimes blood-tinged), weight loss, night sweats, fever","Infection by Mycobacterium tuberculosis, transmitted via airborne droplets from coughs or sneezes.","Antibiotic therapy (isoniazid, rifampin, ethambutol, pyrazinamide)",Vibrio cholerae,Varicella-zoster
119,Tuberculosis,Genetic,"A potentially serious infectious disease that mainly affects the lungs, caused by Mycobacterium tuberculosis.","Cough (sometimes blood-tinged), weight loss, night sweats, fever","Infection by Mycobacterium tuberculosis, transmitted via airborne droplets from coughs or sneezes.","Antibiotic therapy (isoniazid, rifampin, ethambutol, pyrazinamide)",Enterococcus faecalis,Cytomegalovirus
120,Tuberculosis,Viral,"A potentially serious infectious disease that mainly affects the lungs, caused by Mycobacterium tuberculosis.","Cough (sometimes blood-tinged), weight loss, night sweats, fever","Infection by Mycobacterium tuberculosis, transmitted via airborne droplets from coughs or sneezes.","Antibiotic therapy (isoniazid, rifampin, ethambutol, pyrazinamide)",Salmonella enterica,Rabies
121,Zika,Parasitic,"A disease caused by Zika virus, spread mainly by mosquitoes, associated with birth defects when contracted during pregnancy.","Fever, rash, joint pain, red eyes, muscle pain","Infection with Zika virus, transmitted by Aedes mosquitoes or sexual contact.","Supportive care, rest, fluids, pain relievers",Escherichia coli,HIV
122,Malaria,Bacterial,"A mosquito-borne infectious disease caused by Plasmodium parasites, leading to fever, chills, and flu-like illness.","Fever, chills, headache, nausea, vomiting, muscle pain","Infection by Plasmodium parasites, transmitted by the bite of infected Anopheles mosquitoes.","Antimalarial drugs (artemisinin-based combination therapies, chloroquine)",Borrelia burgdorferi,Influenza
123,Tuberculosis,Viral,"A potentially serious infectious disease that mainly affects the lungs, caused by Mycobacterium tuberculosis.","Cough (sometimes blood-tinged), weight loss, night sweats, fever","Infection by Mycobacterium tuberculosis, transmitted via airborne droplets from coughs or sneezes.","Antibiotic therapy (isoniazid, rifampin, ethambutol, pyrazinamide)",Streptococcus pneumoniae,SARS-CoV-2
124,HIV/AIDS,Bacterial,A virus that attacks the immune system and can lead to acquired immunodeficiency syndrome (AIDS).,"Fever, fatigue, swollen lymph nodes, weight loss, recurrent infections","Infection with the human immunodeficiency virus (HIV), spread through blood, sexual contact, or from mother to child.",Antiretroviral therapy (ART),Mycobacterium tuberculosis,Mumps
125,Tuberculosis,Parasitic,"A potentially serious infectious disease that mainly affects the lungs, caused by Mycobacterium tuberculosis.","Cough (sometimes blood-tinged), weight loss, night sweats, fever","Infection by Mycobacterium tuberculosis, transmitted via airborne droplets from coughs or sneezes.","Antibiotic therapy (isoniazid, rifampin, ethambutol, pyrazinamide)",Neisseria meningitidis,Marburg
126,Cholera,Parasitic,An acute diarrheal illness caused by infection of the intestine with Vibrio cholerae.,"Severe diarrhea, dehydration, vomiting, rapid heart rate",Ingestion of water or food contaminated with Vibrio cholerae bacteria.,"Rehydration therapy, antibiotics in severe cases",Bacillus anthracis,Herpes simplex
127,Rabies,Bacterial,A deadly viral infection that is transmitted to humans through the bite of infected animals.,"Fever, headache, excess salivation, muscle spasms, paralysis, mental confusion","Bite or scratch from an infected animal, usually a dog or bat.","Post-exposure prophylaxis (PEP), rabies immunoglobulin, supportive care",Corynebacterium diphtheriae,Herpes simplex
128,Diabetes Mellitus,Bacterial,A group of metabolic diseases characterized by high blood sugar levels over a prolonged period.,"Increased thirst, frequent urination, hunger, fatigue, blurred vision","Insufficient insulin production or insulin resistance, influenced by genetics, lifestyle, and obesity.","Insulin therapy, oral hypoglycemic agents, diet, exercise",Escherichia coli,Norovirus
129,Rabies,Viral,A deadly viral infection that is transmitted to humans through the bite of infected animals.,"Fever, headache, excess salivation, muscle spasms, paralysis, mental confusion","Bite or scratch from an infected animal, usually a dog or bat.","Post-exposure prophylaxis (PEP), rabies immunoglobulin, supportive care",Helicobacter pylori,Polio
130,Pneumonia,Genetic,"An infection that inflames the air sacs in one or both lungs, which may fill with fluid.","Cough with phlegm, fever, chills, difficulty breathing","Infection of the lungs by bacteria, viruses, or fungi, often following a cold or flu.","Antibiotics (if bacterial), antiviral or antifungal medications, supportive care",Enterococcus faecalis,Ebola
131,Measles,Genetic,"A highly contagious viral disease causing fever, cough, and a characteristic rash.","Fever, cough, runny nose, inflamed eyes, red rash","Infection with measles virus, spread by respiratory droplets.","Supportive care, vitamin A supplementation",Salmonella enterica,Rabies
132,Cholera,Bacterial,An acute diarrheal illness caused by infection of the intestine with Vibrio cholerae.,"Severe diarrhea, dehydration, vomiting, rapid heart rate",Ingestion of water or food contaminated with Vibrio cholerae bacteria.,"Rehydration therapy, antibiotics in severe cases",Yersinia pestis,Mumps
133,Rabies,Viral,A deadly viral infection that is transmitted to humans through the bite of infected animals.,"Fever, headache, excess salivation, muscle spasms, paralysis, mental confusion","Bite or scratch from an infected animal, usually a dog or bat.","Post-exposure prophylaxis (PEP), rabies immunoglobulin, supportive care",Yersinia pestis,Ebola
134,COVID-19,Genetic,"A contagious respiratory illness caused by the SARS-CoV-2 virus, leading to symptoms ranging from mild cold-like illness to severe pneumonia.","Fever, cough, shortness of breath, fatigue, loss of taste or smell","Infection with the SARS-CoV-2 coronavirus, primarily spread via respiratory droplets.","Supportive care, oxygen therapy, antiviral medications (e.g., remdesivir)",Mycobacterium tuberculosis,Mumps
135,Malaria,Bacterial,"A mosquito-borne infectious disease caused by Plasmodium parasites, leading to fever, chills, and flu-like illness.","Fever, chills, headache, nausea, vomiting, muscle pain","Infection by Plasmodium parasites, transmitted by the bite of infected Anopheles mosquitoes.","Antimalarial drugs (artemisinin-based combination therapies, chloroquine)",Enterococcus faecalis,Hepatitis B
136,Influenza,Viral,A disease affecting humans. Further research may be required for specific details about Influenza.,"suggest, wrong","Varies: may include infections, genetics, environment, or lifestyle factors. Further research may be required for specific details about Influenza.","Supportive care, consult a healthcare professional",Yersinia pestis,Zika
137,HIV/AIDS,Viral,A virus that attacks the immune system and can lead to acquired immunodeficiency syndrome (AIDS).,"Fever, fatigue, swollen lymph nodes, weight loss, recurrent infections","Infection with the human immunodeficiency virus (HIV), spread through blood, sexual contact, or from mother to child.",Antiretroviral therapy (ART),Bacillus anthracis,Herpes simplex
138,Tuberculosis,Bacterial,"A potentially serious infectious disease that mainly affects the lungs, caused by Mycobacterium tuberculosis.","Cough (sometimes blood-tinged), weight loss, night sweats, fever","Infection by Mycobacterium tuberculosis, transmitted via airborne droplets from coughs or sneezes.","Antibiotic therapy (isoniazid, rifampin, ethambutol, pyrazinamide)",Treponema pallidum,Epstein-Barr
139,Polio,Bacterial,A viral disease that can affect nerves and can lead to partial or full paralysis.,"Fever, sore throat, headache, vomiting, back pain, neck stiffness, paralysis","Infection with poliovirus, spread by fecal-oral route.","Supportive care, physical therapy, ventilatory support if needed",Neisseria meningitidis,Rabies
140,Malaria,Bacterial,"A mosquito-borne infectious disease caused by Plasmodium parasites, leading to fever, chills, and flu-like illness.","Fever, chills, headache, nausea, vomiting, muscle pain","Infection by Plasmodium parasites, transmitted by the bite of infected Anopheles mosquitoes.","Antimalarial drugs (artemisinin-based combination therapies, chloroquine)",Salmonella enterica,Measles
141,Rabies,Viral,A deadly viral infection that is transmitted to humans through the bite of infected animals.,"Fever, headache, excess salivation, muscle spasms, paralysis, mental confusion","Bite or scratch from an infected animal, usually a dog or bat.","Post-exposure prophylaxis (PEP), rabies immunoglobulin, supportive care",Pseudomonas aeruginosa,Polio
142,HIV/AIDS,Genetic,A virus that attacks the immune system and can lead to acquired immunodeficiency syndrome (AIDS).,"Fever, fatigue, swollen lymph nodes, weight loss, recurrent infections","Infection with the human immunodeficiency virus (HIV), spread through blood, sexual contact, or from mother to child.",Antiretroviral therapy (ART),Proteus mirabilis,Rotavirus
143,Hypertension,Bacterial,A chronic condition characterized by elevated blood pressure levels.,"Often asymptomatic, but may cause headaches, shortness of breath, nosebleeds","Combination of genetic, environmental, and lifestyle factors, including high salt intake, obesity, and stress.","Lifestyle modification, antihypertensive medications",Klebsiella pneumoniae,Dengue
144,Chickenpox,Genetic,"A highly contagious viral infection causing an itchy, blister-like rash.","Itchy, blister-like rash, fever, tiredness, loss of appetite","Infection with varicella-zoster virus, spread by respiratory droplets or contact with lesions.","Antihistamines, calamine lotion, antiviral drugs (acyclovir) in severe cases",Corynebacterium diphtheriae,Zika
145,Zika,Genetic,"A disease caused by Zika virus, spread mainly by mosquitoes, associated with birth defects when contracted during pregnancy.","Fever, rash, joint pain, red eyes, muscle pain","Infection with Zika virus, transmitted by Aedes mosquitoes or sexual contact.","Supportive care, rest, fluids, pain relievers",Escherichia coli,Influenza
146,Influenza,Metabolic,A disease affecting humans. Further research may be required for specific details about Influenza.,"future, fly","Varies: may include infections, genetics, environment, or lifestyle factors. Further research may be required for specific details about Influenza.","Supportive care, consult a healthcare professional",Enterococcus faecalis,Zika
147,Rabies,Genetic,A deadly viral infection that is transmitted to humans through the bite of infected animals.,"Fever, headache, excess salivation, muscle spasms, paralysis, mental confusion","Bite or scratch from an infected animal, usually a dog or bat.","Post-exposure prophylaxis (PEP), rabies immunoglobulin, supportive care",Bacillus anthracis,Rubella
148,Hypertension,Metabolic,A chronic condition characterized by elevated blood pressure levels.,"Often asymptomatic, but may cause headaches, shortness of breath, nosebleeds","Combination of genetic, environmental, and lifestyle factors, including high salt intake, obesity, and stress.","Lifestyle modification, antihypertensive medications",Shigella dysenteriae,Rotavirus
149,Leprosy,Parasitic,"A chronic infectious disease caused by Mycobacterium leprae, affecting the skin, nerves, and mucous membranes.","Skin lesions, numbness, muscle weakness, eye problems","Chronic infection with Mycobacterium leprae, spread via respiratory droplets.","Multidrug therapy (dapsone, rifampicin, clofazimine)",Borrelia burgdorferi,Dengue
150,Malaria,Viral,"A mosquito-borne infectious disease caused by Plasmodium parasites, leading to fever, chills, and flu-like illness.","Fever, chills, headache, nausea, vomiting, muscle pain","Infection by Plasmodium parasites, transmitted by the bite of infected Anopheles mosquitoes.","Antimalarial drugs (artemisinin-based combination therapies, chloroquine)",Clostridium tetani,Polio
151,Dengue,Genetic,"A mosquito-borne viral infection causing high fever, rash, and muscle and joint pain.","High fever, headache, pain behind the eyes, joint and muscle pain, rash","Infection with dengue virus, transmitted by Aedes mosquitoes.","Supportive care, fluid replacement, pain relievers (acetaminophen)",Enterococcus faecalis,Norovirus
152,Asthma,Genetic,"A chronic inflammatory disease of the airways that causes periodic attacks of wheezing, shortness of breath, and coughing.","Shortness of breath, wheezing, coughing, chest tightness","Chronic inflammation of the airways, triggered by allergens, pollution, respiratory infections, or exercise.","Inhaled corticosteroids, bronchodilators, avoiding triggers",Helicobacter pylori,Varicella-zoster
153,Measles,Viral,"A highly contagious viral disease causing fever, cough, and a characteristic rash.","Fever, cough, runny nose, inflamed eyes, red rash","Infection with measles virus, spread by respiratory droplets.","Supportive care, vitamin A supplementation",Staphylococcus aureus,Dengue
154,Asthma,Metabolic,"A chronic inflammatory disease of the airways that causes periodic attacks of wheezing, shortness of breath, and coughing.","Shortness of breath, wheezing, coughing, chest tightness","Chronic inflammation of the airways, triggered by allergens, pollution, respiratory infections, or exercise.","Inhaled corticosteroids, bronchodilators, avoiding triggers",Yersinia pestis,Herpes simplex
155,Malaria,Genetic,"A mosquito-borne infectious disease caused by Plasmodium parasites, leading to fever, chills, and flu-like illness.","Fever, chills, headache, nausea, vomiting, muscle pain","Infection by Plasmodium parasites, transmitted by the bite of infected Anopheles mosquitoes.","Antimalarial drugs (artemisinin-based combination therapies, chloroquine)",Salmonella enterica,HIV
156,Diabetes Mellitus,Genetic,A group of metabolic diseases characterized by high blood sugar levels over a prolonged period.,"Increased thirst, frequent urination, hunger, fatigue, blurred vision","Insufficient insulin production or insulin resistance, influenced by genetics, lifestyle, and obesity.","Insulin therapy, oral hypoglycemic agents, diet, exercise",Bacillus anthracis,Influenza
157,Influenza,Metabolic,A disease affecting humans. Further research may be required for specific details about Influenza.,"whose, question, activity","Varies: may include infections, genetics, environment, or lifestyle factors. Further research may be required for specific details about Influenza.","Supportive care, consult a healthcare professional",Borrelia burgdorferi,Marburg
158,Measles,Genetic,"A highly contagious viral disease causing fever, cough, and a characteristic rash.","Fever, cough, runny nose, inflamed eyes, red rash","Infection with measles virus, spread by respiratory droplets.","Supportive care, vitamin A supplementation",Yersinia pestis,HPV
159,Pneumonia,Genetic,"An infection that inflames the air sacs in one or both lungs, which may fill with fluid.","Cough with phlegm, fever, chills, difficulty breathing","Infection of the lungs by bacteria, viruses, or fungi, often following a cold or flu.","Antibiotics (if bacterial), antiviral or antifungal medications, supportive care",Corynebacterium diphtheriae,Herpes simplex
160,Rabies,Genetic,A deadly viral infection that is transmitted to humans through the bite of infected animals.,"Fever, headache, excess salivation, muscle spasms, paralysis, mental confusion","Bite or scratch from an infected animal, usually a dog or bat.","Post-exposure prophylaxis (PEP), rabies immunoglobulin, supportive care",Shigella dysenteriae,Polio
161,HIV/AIDS,Parasitic,A virus that attacks the immune system and can lead to acquired immunodeficiency syndrome (AIDS).,"Fever, fatigue, swollen lymph nodes, weight loss, recurrent infections","Infection with the human immunodeficiency virus (HIV), spread through blood, sexual contact, or from mother to child.",Antiretroviral therapy (ART),Neisseria meningitidis,Rotavirus
162,Ebola,Viral,"A severe, often fatal illness in humans caused by the Ebola virus.","Fever, severe headache, muscle pain, vomiting, diarrhea, bleeding","Infection with Ebola virus, transmitted by contact with bodily fluids of infected persons or animals.","Supportive care, intravenous fluids, experimental antiviral drugs",Proteus mirabilis,Norovirus
163,Chickenpox,Bacterial,"A highly contagious viral infection causing an itchy, blister-like rash.","Itchy, blister-like rash, fever, tiredness, loss of appetite","Infection with varicella-zoster virus, spread by respiratory droplets or contact with lesions.","Antihistamines, calamine lotion, antiviral drugs (acyclovir) in severe cases",Streptococcus pneumoniae,Herpes simplex
164,Polio,Parasitic,A viral disease that can affect nerves and can lead to partial or full paralysis.,"Fever, sore throat, headache, vomiting, back pain, neck stiffness, paralysis","Infection with poliovirus, spread by fecal-oral route.","Supportive care, physical therapy, ventilatory support if needed",Staphylococcus aureus,Rotavirus
165,Leprosy,Genetic,"A chronic infectious disease caused by Mycobacterium leprae, affecting the skin, nerves, and mucous membranes.","Skin lesions, numbness, muscle weakness, eye problems","Chronic infection with Mycobacterium leprae, spread via respiratory droplets.","Multidrug therapy (dapsone, rifampicin, clofazimine)",Salmonella enterica,Zika
166,Diabetes Mellitus,Genetic,A group of metabolic diseases characterized by high blood sugar levels over a prolonged period.,"Increased thirst, frequent urination, hunger, fatigue, blurred vision","Insufficient insulin production or insulin resistance, influenced by genetics, lifestyle, and obesity.","Insulin therapy, oral hypoglycemic agents, diet, exercise",Borrelia burgdorferi,Polio
167,Malaria,Viral,"A mosquito-borne infectious disease caused by Plasmodium parasites, leading to fever, chills, and flu-like illness.","Fever, chills, headache, nausea, vomiting, muscle pain","Infection by Plasmodium parasites, transmitted by the bite of infected Anopheles mosquitoes.","Antimalarial drugs (artemisinin-based combination therapies, chloroquine)",Borrelia burgdorferi,Varicella-zoster
168,Chickenpox,Bacterial,"A highly contagious viral infection causing an itchy, blister-like rash.","Itchy, blister-like rash, fever, tiredness, loss of appetite","Infection with varicella-zoster virus, spread by respiratory droplets or contact with lesions.","Antihistamines, calamine lotion, antiviral drugs (acyclovir) in severe cases",Mycobacterium tuberculosis,Hepatitis B
169,Leprosy,Genetic,"A chronic infectious disease caused by Mycobacterium leprae, affecting the skin, nerves, and mucous membranes.","Skin lesions, numbness, muscle weakness, eye problems","Chronic infection with Mycobacterium leprae, spread via respiratory droplets.","Multidrug therapy (dapsone, rifampicin, clofazimine)",Clostridium tetani,Measles
170,Pneumonia,Viral,"An infection that inflames the air sacs in one or both lungs, which may fill with fluid.","Cough with phlegm, fever, chills, difficulty breathing","Infection of the lungs by bacteria, viruses, or fungi, often following a cold or flu.","Antibiotics (if bacterial), antiviral or antifungal medications, supportive care",Klebsiella pneumoniae,HPV
171,Leprosy,Parasitic,"A chronic infectious disease caused by Mycobacterium leprae, affecting the skin, nerves, and mucous membranes.","Skin lesions, numbness, muscle weakness, eye problems","Chronic infection with Mycobacterium leprae, spread via respiratory droplets.","Multidrug therapy (dapsone, rifampicin, clofazimine)",Helicobacter pylori,Rabies
172,Ebola,Parasitic,"A severe, often fatal illness in humans caused by the Ebola virus.","Fever, severe headache, muscle pain, vomiting, diarrhea, bleeding","Infection with Ebola virus, transmitted by contact with bodily fluids of infected persons or animals.","Supportive care, intravenous fluids, experimental antiviral drugs",Vibrio cholerae,SARS-CoV-2
173,Asthma,Parasitic,"A chronic inflammatory disease of the airways that causes periodic attacks of wheezing, shortness of breath, and coughing.","Shortness of breath, wheezing, coughing, chest tightness","Chronic inflammation of the airways, triggered by allergens, pollution, respiratory infections, or exercise.","Inhaled corticosteroids, bronchodilators, avoiding triggers",Klebsiella pneumoniae,Herpes simplex
174,Diabetes Mellitus,Bacterial,A group of metabolic diseases characterized by high blood sugar levels over a prolonged period.,"Increased thirst, frequent urination, hunger, fatigue, blurred vision","Insufficient insulin production or insulin resistance, influenced by genetics, lifestyle, and obesity.","Insulin therapy, oral hypoglycemic agents, diet, exercise",Escherichia coli,Varicella-zoster
175,Tuberculosis,Parasitic,"A potentially serious infectious disease that mainly affects the lungs, caused by Mycobacterium tuberculosis.","Cough (sometimes blood-tinged), weight loss, night sweats, fever","Infection by Mycobacterium tuberculosis, transmitted via airborne droplets from coughs or sneezes.","Antibiotic therapy (isoniazid, rifampin, ethambutol, pyrazinamide)",Yersinia pestis,Measles
176,Zika,Bacterial,"A disease caused by Zika virus, spread mainly by mosquitoes, associated with birth defects when contracted during pregnancy.","Fever, rash, joint pain, red eyes, muscle pain","Infection with Zika virus, transmitted by Aedes mosquitoes or sexual contact.","Supportive care, rest, fluids, pain relievers",Proteus mirabilis,Measles
177,Cholera,Metabolic,An acute diarrheal illness caused by infection of the intestine with Vibrio cholerae.,"Severe diarrhea, dehydration, vomiting, rapid heart rate",Ingestion of water or food contaminated with Vibrio cholerae bacteria.,"Rehydration therapy, antibiotics in severe cases",Treponema pallidum,Marburg
178,Chickenpox,Viral,"A highly contagious viral infection causing an itchy, blister-like rash.","Itchy, blister-like rash, fever, tiredness, loss of appetite","Infection with varicella-zoster virus, spread by respiratory droplets or contact with lesions.","Antihistamines, calamine lotion, antiviral drugs (acyclovir) in severe cases",Treponema pallidum,HIV
179,Cholera,Bacterial,An acute diarrheal illness caused by infection of the intestine with Vibrio cholerae.,"Severe diarrhea, dehydration, vomiting, rapid heart rate",Ingestion of water or food contaminated with Vibrio cholerae bacteria.,"Rehydration therapy, antibiotics in severe cases",Neisseria meningitidis,Ebola
180,Ebola,Genetic,"A severe, often fatal illness in humans caused by the Ebola virus.","Fever, severe headache, muscle pain, vomiting, diarrhea, bleeding","Infection with Ebola virus, transmitted by contact with bodily fluids of infected persons or animals.","Supportive care, intravenous fluids, experimental antiviral drugs",Proteus mirabilis,Influenza
181,Polio,Bacterial,A viral disease that can affect nerves and can lead to partial or full paralysis.,"Fever, sore throat, headache, vomiting, back pain, neck stiffness, paralysis","Infection with poliovirus, spread by fecal-oral route.","Supportive care, physical therapy, ventilatory support if needed",Helicobacter pylori,Cytomegalovirus
182,Zika,Metabolic,"A disease caused by Zika virus, spread mainly by mosquitoes, associated with birth defects when contracted during pregnancy.","Fever, rash, joint pain, red eyes, muscle pain","Infection with Zika virus, transmitted by Aedes mosquitoes or sexual contact.","Supportive care, rest, fluids, pain relievers",Proteus mirabilis,Epstein-Barr
183,Rabies,Bacterial,A deadly viral infection that is transmitted to humans through the bite of infected animals.,"Fever, headache, excess salivation, muscle spasms, paralysis, mental confusion","Bite or scratch from an infected animal, usually a dog or bat.","Post-exposure prophylaxis (PEP), rabies immunoglobulin, supportive care",Bacillus anthracis,Dengue
184,Dengue,Parasitic,"A mosquito-borne viral infection causing high fever, rash, and muscle and joint pain.","High fever, headache, pain behind the eyes, joint and muscle pain, rash","Infection with dengue virus, transmitted by Aedes mosquitoes.","Supportive care, fluid replacement, pain relievers (acetaminophen)",Salmonella enterica,Zika
185,Dengue,Bacterial,"A mosquito-borne viral infection causing high fever, rash, and muscle and joint pain.","High fever, headache, pain behind the eyes, joint and muscle pain, rash","Infection with dengue virus, transmitted by Aedes mosquitoes.","Supportive care, fluid replacement, pain relievers (acetaminophen)",Mycobacterium tuberculosis,Norovirus
186,Tuberculosis,Parasitic,"A potentially serious infectious disease that mainly affects the lungs, caused by Mycobacterium tuberculosis.","Cough (sometimes blood-tinged), weight loss, night sweats, fever","Infection by Mycobacterium tuberculosis, transmitted via airborne droplets from coughs or sneezes.","Antibiotic therapy (isoniazid, rifampin, ethambutol, pyrazinamide)",Clostridium tetani,Rabies
187,Pneumonia,Viral,"An infection that inflames the air sacs in one or both lungs, which may fill with fluid.","Cough with phlegm, fever, chills, difficulty breathing","Infection of the lungs by bacteria, viruses, or fungi, often following a cold or flu.","Antibiotics (if bacterial), antiviral or antifungal medications, supportive care",Treponema pallidum,Measles
188,Asthma,Parasitic,"A chronic inflammatory disease of the airways that causes periodic attacks of wheezing, shortness of breath, and coughing.","Shortness of breath, wheezing, coughing, chest tightness","Chronic inflammation of the airways, triggered by allergens, pollution, respiratory infections, or exercise.","Inhaled corticosteroids, bronchodilators, avoiding triggers",Clostridium tetani,Mumps
189,Meningitis,Parasitic,"An inflammation of the membranes (meninges) surrounding the brain and spinal cord, caused by infection.","Sudden high fever, stiff neck, headache, nausea, sensitivity to light","Infection of the meninges by bacteria, viruses, fungi, or parasites.","Antibiotics (if bacterial), antiviral or antifungal medications, corticosteroids",Mycobacterium tuberculosis,Hepatitis B
190,Hypertension,Bacterial,A chronic condition characterized by elevated blood pressure levels.,"Often asymptomatic, but may cause headaches, shortness of breath, nosebleeds","Combination of genetic, environmental, and lifestyle factors, including high salt intake, obesity, and stress.","Lifestyle modification, antihypertensive medications",Borrelia burgdorferi,SARS-CoV-2
191,Hepatitis B,Viral,A viral infection that attacks the liver and can cause both acute and chronic disease.,"Jaundice, fatigue, abdominal pain, loss of appetite, nausea","Infection with hepatitis B virus, transmitted through blood, sexual contact, or from mother to child.","Antiviral medications (tenofovir, entecavir), supportive care",Shigella dysenteriae,Rubella
192,Measles,Bacterial,"A highly contagious viral disease causing fever, cough, and a characteristic rash.","Fever, cough, runny nose, inflamed eyes, red rash","Infection with measles virus, spread by respiratory droplets.","Supportive care, vitamin A supplementation",Klebsiella pneumoniae,Zika
193,Influenza,Viral,A disease affecting humans. Further research may be required for specific details about Influenza.,"nothing, according, plant, bar","Varies: may include infections, genetics, environment, or lifestyle factors. Further research may be required for specific details about Influenza.","Supportive care, consult a healthcare professional",Vibrio cholerae,Rubella
194,Polio,Viral,A viral disease that can affect nerves and can lead to partial or full paralysis.,"Fever, sore throat, headache, vomiting, back pain, neck stiffness, paralysis","Infection with poliovirus, spread by fecal-oral route.","Supportive care, physical therapy, ventilatory support if needed",Proteus mirabilis,Norovirus
195,Polio,Bacterial,A viral disease that can affect nerves and can lead to partial or full paralysis.,"Fever, sore throat, headache, vomiting, back pain, neck stiffness, paralysis","Infection with poliovirus, spread by fecal-oral route.","Supportive care, physical therapy, ventilatory support if needed",Corynebacterium diphtheriae,Herpes simplex
196,Leprosy,Viral,"A chronic infectious disease caused by Mycobacterium leprae, affecting the skin, nerves, and mucous membranes.","Skin lesions, numbness, muscle weakness, eye problems","Chronic infection with Mycobacterium leprae, spread via respiratory droplets.","Multidrug therapy (dapsone, rifampicin, clofazimine)",Helicobacter pylori,Polio
197,Leprosy,Viral,"A chronic infectious disease caused by Mycobacterium leprae, affecting the skin, nerves, and mucous membranes.","Skin lesions, numbness, muscle weakness, eye problems","Chronic infection with Mycobacterium leprae, spread via respiratory droplets.","Multidrug therapy (dapsone, rifampicin, clofazimine)",Staphylococcus aureus,SARS-CoV-2
198,Measles,Parasitic,"A highly contagious viral disease causing fever, cough, and a characteristic rash.","Fever, cough, runny nose, inflamed eyes, red rash","Infection with measles virus, spread by respiratory droplets.","Supportive care, vitamin A supplementation",Neisseria meningitidis,HPV
199,Rabies,Bacterial,A deadly viral infection that is transmitted to humans through the bite of infected animals.,"Fever, headache, excess salivation, muscle spasms, paralysis, mental confusion","Bite or scratch from an infected animal, usually a dog or bat.","Post-exposure prophylaxis (PEP), rabies immunoglobulin, supportive care",Treponema pallidum,Measles
200,Hypertension,Genetic,A chronic condition characterized by elevated blood pressure levels.,"Often asymptomatic, but may cause headaches, shortness of breath, nosebleeds","Combination of genetic, environmental, and lifestyle factors, including high salt intake, obesity, and stress.","Lifestyle modification, antihypertensive medications",Neisseria meningitidis,Cytomegalovirus
201,Asthma,Genetic,"A chronic inflammatory disease of the airways that causes periodic attacks of wheezing, shortness of breath, and coughing.","Shortness of breath, wheezing, coughing, chest tightness","Chronic inflammation of the airways, triggered by allergens, pollution, respiratory infections, or exercise.","Inhaled corticosteroids, bronchodilators, avoiding triggers",Pseudomonas aeruginosa,Ebola
202,Malaria,Bacterial,"A mosquito-borne infectious disease caused by Plasmodium parasites, leading to fever, chills, and flu-like illness.","Fever, chills, headache, nausea, vomiting, muscle pain","Infection by Plasmodium parasites, transmitted by the bite of infected Anopheles mosquitoes.","Antimalarial drugs (artemisinin-based combination therapies, chloroquine)",Escherichia coli,HIV
203,Ebola,Metabolic,"A severe, often fatal illness in humans caused by the Ebola virus.","Fever, severe headache, muscle pain, vomiting, diarrhea, bleeding","Infection with Ebola virus, transmitted by contact with bodily fluids of infected persons or animals.","Supportive care, intravenous fluids, experimental antiviral drugs",Klebsiella pneumoniae,Polio
204,COVID-19,Viral,"A contagious respiratory illness caused by the SARS-CoV-2 virus, leading to symptoms ranging from mild cold-like illness to severe pneumonia.","Fever, cough, shortness of breath, fatigue, loss of taste or smell","Infection with the SARS-CoV-2 coronavirus, primarily spread via respiratory droplets.","Supportive care, oxygen therapy, antiviral medications (e.g., remdesivir)",Mycobacterium tuberculosis,Norovirus
205,Ebola,Parasitic,"A severe, often fatal illness in humans caused by the Ebola virus.","Fever, severe headache, muscle pain, vomiting, diarrhea, bleeding","Infection with Ebola virus, transmitted by contact with bodily fluids of infected persons or animals.","Supportive care, intravenous fluids, experimental antiviral drugs",Treponema pallidum,Varicella-zoster
206,Meningitis,Bacterial,"An inflammation of the membranes (meninges) surrounding the brain and spinal cord, caused by infection.","Sudden high fever, stiff neck, headache, nausea, sensitivity to light","Infection of the meninges by bacteria, viruses, fungi, or parasites.","Antibiotics (if bacterial), antiviral or antifungal medications, corticosteroids",Corynebacterium diphtheriae,Marburg
207,Measles,Genetic,"A highly contagious viral disease causing fever, cough, and a characteristic rash.","Fever, cough, runny nose, inflamed eyes, red rash","Infection with measles virus, spread by respiratory droplets.","Supportive care, vitamin A supplementation",Shigella dysenteriae,Rotavirus
208,Cholera,Parasitic,An acute diarrheal illness caused by infection of the intestine with Vibrio cholerae.,"Severe diarrhea, dehydration, vomiting, rapid heart rate",Ingestion of water or food contaminated with Vibrio cholerae bacteria.,"Rehydration therapy, antibiotics in severe cases",Vibrio cholerae,SARS-CoV-2
209,Ebola,Genetic,"A severe, often fatal illness in humans caused by the Ebola virus.","Fever, severe headache, muscle pain, vomiting, diarrhea, bleeding","Infection with Ebola virus, transmitted by contact with bodily fluids of infected persons or animals.","Supportive care, intravenous fluids, experimental antiviral drugs",Clostridium tetani,Influenza
210,Zika,Bacterial,"A disease caused by Zika virus, spread mainly by mosquitoes, associated with birth defects when contracted during pregnancy.","Fever, rash, joint pain, red eyes, muscle pain","Infection with Zika virus, transmitted by Aedes mosquitoes or sexual contact.","Supportive care, rest, fluids, pain relievers",Corynebacterium diphtheriae,Varicella-zoster
211,HIV/AIDS,Bacterial,A virus that attacks the immune system and can lead to acquired immunodeficiency syndrome (AIDS).,"Fever, fatigue, swollen lymph nodes, weight loss, recurrent infections","Infection with the human immunodeficiency virus (HIV), spread through blood, sexual contact, or from mother to child.",Antiretroviral therapy (ART),Listeria monocytogenes,Mumps
212,HIV/AIDS,Genetic,A virus that attacks the immune system and can lead to acquired immunodeficiency syndrome (AIDS).,"Fever, fatigue, swollen lymph nodes, weight loss, recurrent infections","Infection with the human immunodeficiency virus (HIV), spread through blood, sexual contact, or from mother to child.",Antiretroviral therapy (ART),Neisseria meningitidis,HPV
213,Cholera,Viral,An acute diarrheal illness caused by infection of the intestine with Vibrio cholerae.,"Severe diarrhea, dehydration, vomiting, rapid heart rate",Ingestion of water or food contaminated with Vibrio cholerae bacteria.,"Rehydration therapy, antibiotics in severe cases",Staphylococcus aureus,Polio
214,HIV/AIDS,Metabolic,A virus that attacks the immune system and can lead to acquired immunodeficiency syndrome (AIDS).,"Fever, fatigue, swollen lymph nodes, weight loss, recurrent infections","Infection with the human immunodeficiency virus (HIV), spread through blood, sexual contact, or from mother to child.",Antiretroviral therapy (ART),Vibrio cholerae,Rabies
215,Ebola,Genetic,"A severe, often fatal illness in humans caused by the Ebola virus.","Fever, severe headache, muscle pain, vomiting, diarrhea, bleeding","Infection with Ebola virus, transmitted by contact with bodily fluids of infected persons or animals.","Supportive care, intravenous fluids, experimental antiviral drugs",Listeria monocytogenes,HIV
216,Polio,Metabolic,A viral disease that can affect nerves and can lead to partial or full paralysis.,"Fever, sore throat, headache, vomiting, back pain, neck stiffness, paralysis","Infection with poliovirus, spread by fecal-oral route.","Supportive care, physical therapy, ventilatory support if needed",Clostridium tetani,SARS-CoV-2
217,Zika,Metabolic,"A disease caused by Zika virus, spread mainly by mosquitoes, associated with birth defects when contracted during pregnancy.","Fever, rash, joint pain, red eyes, muscle pain","Infection with Zika virus, transmitted by Aedes mosquitoes or sexual contact.","Supportive care, rest, fluids, pain relievers",Corynebacterium diphtheriae,Rotavirus
218,Rabies,Metabolic,A deadly viral infection that is transmitted to humans through the bite of infected animals.,"Fever, headache, excess salivation, muscle spasms, paralysis, mental confusion","Bite or scratch from an infected animal, usually a dog or bat.","Post-exposure prophylaxis (PEP), rabies immunoglobulin, supportive care",Proteus mirabilis,Rotavirus
219,Influenza,Genetic,A disease affecting humans. Further research may be required for specific details about Influenza.,"herself, show, scene","Varies: may include infections, genetics, environment, or lifestyle factors. Further research may be required for specific details about Influenza.","Supportive care, consult a healthcare professional",Streptococcus pneumoniae,Rotavirus
220,Influenza,Bacterial,A disease affecting humans. Further research may be required for specific details about Influenza.,"their, maybe","Varies: may include infections, genetics, environment, or lifestyle factors. Further research may be required for specific details about Influenza.","Supportive care, consult a healthcare professional",Streptococcus pneumoniae,SARS-CoV-2
221,Diabetes Mellitus,Metabolic,A group of metabolic diseases characterized by high blood sugar levels over a prolonged period.,"Increased thirst, frequent urination, hunger, fatigue, blurred vision","Insufficient insulin production or insulin resistance, influenced by genetics, lifestyle, and obesity.","Insulin therapy, oral hypoglycemic agents, diet, exercise",Listeria monocytogenes,Rotavirus
222,Tuberculosis,Bacterial,"A potentially serious infectious disease that mainly affects the lungs, caused by Mycobacterium tuberculosis.","Cough (sometimes blood-tinged), weight loss, night sweats, fever","Infection by Mycobacterium tuberculosis, transmitted via airborne droplets from coughs or sneezes.","Antibiotic therapy (isoniazid, rifampin, ethambutol, pyrazinamide)",Mycobacterium tuberculosis,Rabies
223,Influenza,Parasitic,A disease affecting humans. Further research may be required for specific details about Influenza.,"manager, will, student","Varies: may include infections, genetics, environment, or lifestyle factors. Further research may be required for specific details about Influenza.","Supportive care, consult a healthcare professional",Pseudomonas aeruginosa,Rotavirus
224,Ebola,Viral,"A severe, often fatal illness in humans caused by the Ebola virus.","Fever, severe headache, muscle pain, vomiting, diarrhea, bleeding","Infection with Ebola virus, transmitted by contact with bodily fluids of infected persons or animals.","Supportive care, intravenous fluids, experimental antiviral drugs",Borrelia burgdorferi,Polio
225,Hepatitis B,Genetic,A viral infection that attacks the liver and can cause both acute and chronic disease.,"Jaundice, fatigue, abdominal pain, loss of appetite, nausea","Infection with hepatitis B virus, transmitted through blood, sexual contact, or from mother to child.","Antiviral medications (tenofovir, entecavir), supportive care",Mycobacterium tuberculosis,Rubella
226,Malaria,Metabolic,"A mosquito-borne infectious disease caused by Plasmodium parasites, leading to fever, chills, and flu-like illness.","Fever, chills, headache, nausea, vomiting, muscle pain","Infection by Plasmodium parasites, transmitted by the bite of infected Anopheles mosquitoes.","Antimalarial drugs (artemisinin-based combination therapies, chloroquine)",Staphylococcus aureus,Norovirus
227,Dengue,Metabolic,"A mosquito-borne viral infection causing high fever, rash, and muscle and joint pain.","High fever, headache, pain behind the eyes, joint and muscle pain, rash","Infection with dengue virus, transmitted by Aedes mosquitoes.","Supportive care, fluid replacement, pain relievers (acetaminophen)",Clostridium tetani,HIV
228,Meningitis,Metabolic,"An inflammation of the membranes (meninges) surrounding the brain and spinal cord, caused by infection.","Sudden high fever, stiff neck, headache, nausea, sensitivity to light","Infection of the meninges by bacteria, viruses, fungi, or parasites.","Antibiotics (if bacterial), antiviral or antifungal medications, corticosteroids",Staphylococcus aureus,Mumps
229,Meningitis,Metabolic,"An inflammation of the membranes (meninges) surrounding the brain and spinal cord, caused by infection.","Sudden high fever, stiff neck, headache, nausea, sensitivity to light","Infection of the meninges by bacteria, viruses, fungi, or parasites.","Antibiotics (if bacterial), antiviral or antifungal medications, corticosteroids",Escherichia coli,Cytomegalovirus
230,Dengue,Parasitic,"A mosquito-borne viral infection causing high fever, rash, and muscle and joint pain.","High fever, headache, pain behind the eyes, joint and muscle pain, rash","Infection with dengue virus, transmitted by Aedes mosquitoes.","Supportive care, fluid replacement, pain relievers (acetaminophen)",Treponema pallidum,SARS-CoV-2
231,Diabetes Mellitus,Metabolic,A group of metabolic diseases characterized by high blood sugar levels over a prolonged period.,"Increased thirst, frequent urination, hunger, fatigue, blurred vision","Insufficient insulin production or insulin resistance, influenced by genetics, lifestyle, and obesity.","Insulin therapy, oral hypoglycemic agents, diet, exercise",Pseudomonas aeruginosa,Epstein-Barr
232,Hepatitis B,Genetic,A viral infection that attacks the liver and can cause both acute and chronic disease.,"Jaundice, fatigue, abdominal pain, loss of appetite, nausea","Infection with hepatitis B virus, transmitted through blood, sexual contact, or from mother to child.","Antiviral medications (tenofovir, entecavir), supportive care",Proteus mirabilis,Rotavirus
233,HIV/AIDS,Metabolic,A virus that attacks the immune system and can lead to acquired immunodeficiency syndrome (AIDS).,"Fever, fatigue, swollen lymph nodes, weight loss, recurrent infections","Infection with the human immunodeficiency virus (HIV), spread through blood, sexual contact, or from mother to child.",Antiretroviral therapy (ART),Proteus mirabilis,Mumps
234,Leprosy,Genetic,"A chronic infectious disease caused by Mycobacterium leprae, affecting the skin, nerves, and mucous membranes.","Skin lesions, numbness, muscle weakness, eye problems","Chronic infection with Mycobacterium leprae, spread via respiratory droplets.","Multidrug therapy (dapsone, rifampicin, clofazimine)",Treponema pallidum,Varicella-zoster
235,Rabies,Bacterial,A deadly viral infection that is transmitted to humans through the bite of infected animals.,"Fever, headache, excess salivation, muscle spasms, paralysis, mental confusion","Bite or scratch from an infected animal, usually a dog or bat.","Post-exposure prophylaxis (PEP), rabies immunoglobulin, supportive care",Borrelia burgdorferi,Influenza
236,Rabies,Viral,A deadly viral infection that is transmitted to humans through the bite of infected animals.,"Fever, headache, excess salivation, muscle spasms, paralysis, mental confusion","Bite or scratch from an infected animal, usually a dog or bat.","Post-exposure prophylaxis (PEP), rabies immunoglobulin, supportive care",Staphylococcus aureus,Norovirus
237,Hypertension,Genetic,A chronic condition characterized by elevated blood pressure levels.,"Often asymptomatic, but may cause headaches, shortness of breath, nosebleeds","Combination of genetic, environmental, and lifestyle factors, including high salt intake, obesity, and stress.","Lifestyle modification, antihypertensive medications",Treponema pallidum,Rubella
238,HIV/AIDS,Genetic,A virus that attacks the immune system and can lead to acquired immunodeficiency syndrome (AIDS).,"Fever, fatigue, swollen lymph nodes, weight loss, recurrent infections","Infection with the human immunodeficiency virus (HIV), spread through blood, sexual contact, or from mother to child.",Antiretroviral therapy (ART),Proteus mirabilis,Marburg
239,Dengue,Metabolic,"A mosquito-borne viral infection causing high fever, rash, and muscle and joint pain.","High fever, headache, pain behind the eyes, joint and muscle pain, rash","Infection with dengue virus, transmitted by Aedes mosquitoes.","Supportive care, fluid replacement, pain relievers (acetaminophen)",Klebsiella pneumoniae,Polio
240,Pneumonia,Metabolic,"An infection that inflames the air sacs in one or both lungs, which may fill with fluid.","Cough with phlegm, fever, chills, difficulty breathing","Infection of the lungs by bacteria, viruses, or fungi, often following a cold or flu.","Antibiotics (if bacterial), antiviral or antifungal medications, supportive care",Streptococcus pneumoniae,Varicella-zoster
241,Cholera,Parasitic,An acute diarrheal illness caused by infection of the intestine with Vibrio cholerae.,"Severe diarrhea, dehydration, vomiting, rapid heart rate",Ingestion of water or food contaminated with Vibrio cholerae bacteria.,"Rehydration therapy, antibiotics in severe cases",Yersinia pestis,Rubella
242,Ebola,Metabolic,"A severe, often fatal illness in humans caused by the Ebola virus.","Fever, severe headache, muscle pain, vomiting, diarrhea, bleeding","Infection with Ebola virus, transmitted by contact with bodily fluids of infected persons or animals.","Supportive care, intravenous fluids, experimental antiviral drugs",Clostridium tetani,Rubella
243,Pneumonia,Viral,"An infection that inflames the air sacs in one or both lungs, which may fill with fluid.","Cough with phlegm, fever, chills, difficulty breathing","Infection of the lungs by bacteria, viruses, or fungi, often following a cold or flu.","Antibiotics (if bacterial), antiviral or antifungal medications, supportive care",Enterococcus faecalis,Rubella
244,HIV/AIDS,Parasitic,A virus that attacks the immune system and can lead to acquired immunodeficiency syndrome (AIDS).,"Fever, fatigue, swollen lymph nodes, weight loss, recurrent infections","Infection with the human immunodeficiency virus (HIV), spread through blood, sexual contact, or from mother to child.",Antiretroviral therapy (ART),Corynebacterium diphtheriae,SARS-CoV-2
245,Asthma,Parasitic,"A chronic inflammatory disease of the airways that causes periodic attacks of wheezing, shortness of breath, and coughing.","Shortness of breath, wheezing, coughing, chest tightness","Chronic inflammation of the airways, triggered by allergens, pollution, respiratory infections, or exercise.","Inhaled corticosteroids, bronchodilators, avoiding triggers",Listeria monocytogenes,Ebola
246,Hepatitis B,Bacterial,A viral infection that attacks the liver and can cause both acute and chronic disease.,"Jaundice, fatigue, abdominal pain, loss of appetite, nausea","Infection with hepatitis B virus, transmitted through blood, sexual contact, or from mother to child.","Antiviral medications (tenofovir, entecavir), supportive care",Borrelia burgdorferi,Rubella
247,Hepatitis B,Metabolic,A viral infection that attacks the liver and can cause both acute and chronic disease.,"Jaundice, fatigue, abdominal pain, loss of appetite, nausea","Infection with hepatitis B virus, transmitted through blood, sexual contact, or from mother to child.","Antiviral medications (tenofovir, entecavir), supportive care",Listeria monocytogenes,Mumps
248,Rabies,Bacterial,A deadly viral infection that is transmitted to humans through the bite of infected animals.,"Fever, headache, excess salivation, muscle spasms, paralysis, mental confusion","Bite or scratch from an infected animal, usually a dog or bat.","Post-exposure prophylaxis (PEP), rabies immunoglobulin, supportive care",Vibrio cholerae,Influenza
249,Hypertension,Genetic,A chronic condition characterized by elevated blood pressure levels.,"Often asymptomatic, but may cause headaches, shortness of breath, nosebleeds","Combination of genetic, environmental, and lifestyle factors, including high salt intake, obesity, and stress.","Lifestyle modification, antihypertensive medications",Clostridium tetani,Rabies
250,Measles,Bacterial,"A highly contagious viral disease causing fever, cough, and a characteristic rash.","Fever, cough, runny nose, inflamed eyes, red rash","Infection with measles virus, spread by respiratory droplets.","Supportive care, vitamin A supplementation",Shigella dysenteriae,Cytomegalovirus
251,Malaria,Parasitic,"A mosquito-borne infectious disease caused by Plasmodium parasites, leading to fever, chills, and flu-like illness.","Fever, chills, headache, nausea, vomiting, muscle pain","Infection by Plasmodium parasites, transmitted by the bite of infected Anopheles mosquitoes.","Antimalarial drugs (artemisinin-based combination therapies, chloroquine)",Pseudomonas aeruginosa,HIV
252,Chickenpox,Metabolic,"A highly contagious viral infection causing an itchy, blister-like rash.","Itchy, blister-like rash, fever, tiredness, loss of appetite","Infection with varicella-zoster virus, spread by respiratory droplets or contact with lesions.","Antihistamines, calamine lotion, antiviral drugs (acyclovir) in severe cases",Salmonella enterica,Epstein-Barr
253,Pneumonia,Genetic,"An infection that inflames the air sacs in one or both lungs, which may fill with fluid.","Cough with phlegm, fever, chills, difficulty breathing","Infection of the lungs by bacteria, viruses, or fungi, often following a cold or flu.","Antibiotics (if bacterial), antiviral or antifungal medications, supportive care",Helicobacter pylori,Rotavirus
254,HIV/AIDS,Genetic,A virus that attacks the immune system and can lead to acquired immunodeficiency syndrome (AIDS).,"Fever, fatigue, swollen lymph nodes, weight loss, recurrent infections","Infection with the human immunodeficiency virus (HIV), spread through blood, sexual contact, or from mother to child.",Antiretroviral therapy (ART),Proteus mirabilis,Zika
255,Cholera,Parasitic,An acute diarrheal illness caused by infection of the intestine with Vibrio cholerae.,"Severe diarrhea, dehydration, vomiting, rapid heart rate",Ingestion of water or food contaminated with Vibrio cholerae bacteria.,"Rehydration therapy, antibiotics in severe cases",Escherichia coli,Ebola
256,Leprosy,Viral,"A chronic infectious disease caused by Mycobacterium leprae, affecting the skin, nerves, and mucous membranes.","Skin lesions, numbness, muscle weakness, eye problems","Chronic infection with Mycobacterium leprae, spread via respiratory droplets.","Multidrug therapy (dapsone, rifampicin, clofazimine)",Proteus mirabilis,Dengue
257,Hypertension,Viral,A chronic condition characterized by elevated blood pressure levels.,"Often asymptomatic, but may cause headaches, shortness of breath, nosebleeds","Combination of genetic, environmental, and lifestyle factors, including high salt intake, obesity, and stress.","Lifestyle modification, antihypertensive medications",Borrelia burgdorferi,Cytomegalovirus
258,Influenza,Bacterial,A disease affecting humans. Further research may be required for specific details about Influenza.,"certain, few, carry, try","Varies: may include infections, genetics, environment, or lifestyle factors. Further research may be required for specific details about Influenza.","Supportive care, consult a healthcare professional",Corynebacterium diphtheriae,Mumps
259,Zika,Parasitic,"A disease caused by Zika virus, spread mainly by mosquitoes, associated with birth defects when contracted during pregnancy.","Fever, rash, joint pain, red eyes, muscle pain","Infection with Zika virus, transmitted by Aedes mosquitoes or sexual contact.","Supportive care, rest, fluids, pain relievers",Helicobacter pylori,Rubella
260,Ebola,Metabolic,"A severe, often fatal illness in humans caused by the Ebola virus.","Fever, severe headache, muscle pain, vomiting, diarrhea, bleeding","Infection with Ebola virus, transmitted by contact with bodily fluids of infected persons or animals.","Supportive care, intravenous fluids, experimental antiviral drugs",Treponema pallidum,Marburg
261,Asthma,Bacterial,"A chronic inflammatory disease of the airways that causes periodic attacks of wheezing, shortness of breath, and coughing.","Shortness of breath, wheezing, coughing, chest tightness","Chronic inflammation of the airways, triggered by allergens, pollution, respiratory infections, or exercise.","Inhaled corticosteroids, bronchodilators, avoiding triggers",Shigella dysenteriae,Mumps
262,Tuberculosis,Metabolic,"A potentially serious infectious disease that mainly affects the lungs, caused by Mycobacterium tuberculosis.","Cough (sometimes blood-tinged), weight loss, night sweats, fever","Infection by Mycobacterium tuberculosis, transmitted via airborne droplets from coughs or sneezes.","Antibiotic therapy (isoniazid, rifampin, ethambutol, pyrazinamide)",Corynebacterium diphtheriae,HPV
263,Dengue,Bacterial,"A mosquito-borne viral infection causing high fever, rash, and muscle and joint pain.","High fever, headache, pain behind the eyes, joint and muscle pain, rash","Infection with dengue virus, transmitted by Aedes mosquitoes.","Supportive care, fluid replacement, pain relievers (acetaminophen)",Enterococcus faecalis,Influenza
264,Leprosy,Parasitic,"A chronic infectious disease caused by Mycobacterium leprae, affecting the skin, nerves, and mucous membranes.","Skin lesions, numbness, muscle weakness, eye problems","Chronic infection with Mycobacterium leprae, spread via respiratory droplets.","Multidrug therapy (dapsone, rifampicin, clofazimine)",Bacillus anthracis,Varicella-zoster
265,HIV/AIDS,Parasitic,A virus that attacks the immune system and can lead to acquired immunodeficiency syndrome (AIDS).,"Fever, fatigue, swollen lymph nodes, weight loss, recurrent infections","Infection with the human immunodeficiency virus (HIV), spread through blood, sexual contact, or from mother to child.",Antiretroviral therapy (ART),Mycobacterium tuberculosis,Dengue
266,Dengue,Viral,"A mosquito-borne viral infection causing high fever, rash, and muscle and joint pain.","High fever, headache, pain behind the eyes, joint and muscle pain, rash","Infection with dengue virus, transmitted by Aedes mosquitoes.","Supportive care, fluid replacement, pain relievers (acetaminophen)",Treponema pallidum,Dengue
267,Measles,Viral,"A highly contagious viral disease causing fever, cough, and a characteristic rash.","Fever, cough, runny nose, inflamed eyes, red rash","Infection with measles virus, spread by respiratory droplets.","Supportive care, vitamin A supplementation",Vibrio cholerae,Cytomegalovirus
268,Hepatitis B,Metabolic,A viral infection that attacks the liver and can cause both acute and chronic disease.,"Jaundice, fatigue, abdominal pain, loss of appetite, nausea","Infection with hepatitis B virus, transmitted through blood, sexual contact, or from mother to child.","Antiviral medications (tenofovir, entecavir), supportive care",Enterococcus faecalis,Herpes simplex
269,COVID-19,Viral,"A contagious respiratory illness caused by the SARS-CoV-2 virus, leading to symptoms ranging from mild cold-like illness to severe pneumonia.","Fever, cough, shortness of breath, fatigue, loss of taste or smell","Infection with the SARS-CoV-2 coronavirus, primarily spread via respiratory droplets.","Supportive care, oxygen therapy, antiviral medications (e.g., remdesivir)",Vibrio cholerae,Epstein-Barr
270,Hepatitis B,Bacterial,A viral infection that attacks the liver and can cause both acute and chronic disease.,"Jaundice, fatigue, abdominal pain, loss of appetite, nausea","Infection with hepatitis B virus, transmitted through blood, sexual contact, or from mother to child.","Antiviral medications (tenofovir, entecavir), supportive care",Clostridium tetani,Mumps
271,Leprosy,Parasitic,"A chronic infectious disease caused by Mycobacterium leprae, affecting the skin, nerves, and mucous membranes.","Skin lesions, numbness, muscle weakness, eye problems","Chronic infection with Mycobacterium leprae, spread via respiratory droplets.","Multidrug therapy (dapsone, rifampicin, clofazimine)",Klebsiella pneumoniae,Hepatitis B
272,Pneumonia,Bacterial,"An infection that inflames the air sacs in one or both lungs, which may fill with fluid.","Cough with phlegm, fever, chills, difficulty breathing","Infection of the lungs by bacteria, viruses, or fungi, often following a cold or flu.","Antibiotics (if bacterial), antiviral or antifungal medications, supportive care",Enterococcus faecalis,Measles
273,Measles,Metabolic,"A highly contagious viral disease causing fever, cough, and a characteristic rash.","Fever, cough, runny nose, inflamed eyes, red rash","Infection with measles virus, spread by respiratory droplets.","Supportive care, vitamin A supplementation",Staphylococcus aureus,Rubella
274,Meningitis,Viral,"An inflammation of the membranes (meninges) surrounding the brain and spinal cord, caused by infection.","Sudden high fever, stiff neck, headache, nausea, sensitivity to light","Infection of the meninges by bacteria, viruses, fungi, or parasites.","Antibiotics (if bacterial), antiviral or antifungal medications, corticosteroids",Proteus mirabilis,Marburg
275,Rabies,Genetic,A deadly viral infection that is transmitted to humans through the bite of infected animals.,"Fever, headache, excess salivation, muscle spasms, paralysis, mental confusion","Bite or scratch from an infected animal, usually a dog or bat.","Post-exposure prophylaxis (PEP), rabies immunoglobulin, supportive care",Clostridium tetani,Varicella-zoster
276,Dengue,Viral,"A mosquito-borne viral infection causing high fever, rash, and muscle and joint pain.","High fever, headache, pain behind the eyes, joint and muscle pain, rash","Infection with dengue virus, transmitted by Aedes mosquitoes.","Supportive care, fluid replacement, pain relievers (acetaminophen)",Borrelia burgdorferi,HPV
277,Dengue,Viral,"A mosquito-borne viral infection causing high fever, rash, and muscle and joint pain.","High fever, headache, pain behind the eyes, joint and muscle pain, rash","Infection with dengue virus, transmitted by Aedes mosquitoes.","Supportive care, fluid replacement, pain relievers (acetaminophen)",Mycobacterium tuberculosis,Rubella
278,Pneumonia,Genetic,"An infection that inflames the air sacs in one or both lungs, which may fill with fluid.","Cough with phlegm, fever, chills, difficulty breathing","Infection of the lungs by bacteria, viruses, or fungi, often following a cold or flu.","Antibiotics (if bacterial), antiviral or antifungal medications, supportive care",Corynebacterium diphtheriae,Dengue
279,Chickenpox,Parasitic,"A highly contagious viral infection causing an itchy, blister-like rash.","Itchy, blister-like rash, fever, tiredness, loss of appetite","Infection with varicella-zoster virus, spread by respiratory droplets or contact with lesions.","Antihistamines, calamine lotion, antiviral drugs (acyclovir) in severe cases",Helicobacter pylori,Ebola
280,COVID-19,Parasitic,"A contagious respiratory illness caused by the SARS-CoV-2 virus, leading to symptoms ranging from mild cold-like illness to severe pneumonia.","Fever, cough, shortness of breath, fatigue, loss of taste or smell","Infection with the SARS-CoV-2 coronavirus, primarily spread via respiratory droplets.","Supportive care, oxygen therapy, antiviral medications (e.g., remdesivir)",Staphylococcus aureus,Zika
281,Malaria,Parasitic,"A mosquito-borne infectious disease caused by Plasmodium parasites, leading to fever, chills, and flu-like illness.","Fever, chills, headache, nausea, vomiting, muscle pain","Infection by Plasmodium parasites, transmitted by the bite of infected Anopheles mosquitoes.","Antimalarial drugs (artemisinin-based combination therapies, chloroquine)",Neisseria meningitidis,Zika
282,HIV/AIDS,Bacterial,A virus that attacks the immune system and can lead to acquired immunodeficiency syndrome (AIDS).,"Fever, fatigue, swollen lymph nodes, weight loss, recurrent infections","Infection with the human immunodeficiency virus (HIV), spread through blood, sexual contact, or from mother to child.",Antiretroviral therapy (ART),Treponema pallidum,Epstein-Barr
283,Pneumonia,Viral,"An infection that inflames the air sacs in one or both lungs, which may fill with fluid.","Cough with phlegm, fever, chills, difficulty breathing","Infection of the lungs by bacteria, viruses, or fungi, often following a cold or flu.","Antibiotics (if bacterial), antiviral or antifungal medications, supportive care",Escherichia coli,Epstein-Barr
284,Chickenpox,Parasitic,"A highly contagious viral infection causing an itchy, blister-like rash.","Itchy, blister-like rash, fever, tiredness, loss of appetite","Infection with varicella-zoster virus, spread by respiratory droplets or contact with lesions.","Antihistamines, calamine lotion, antiviral drugs (acyclovir) in severe cases",Yersinia pestis,Mumps
285,Chickenpox,Viral,"A highly contagious viral infection causing an itchy, blister-like rash.","Itchy, blister-like rash, fever, tiredness, loss of appetite","Infection with varicella-zoster virus, spread by respiratory droplets or contact with lesions.","Antihistamines, calamine lotion, antiviral drugs (acyclovir) in severe cases",Clostridium tetani,Norovirus
286,Asthma,Parasitic,"A chronic inflammatory disease of the airways that causes periodic attacks of wheezing, shortness of breath, and coughing.","Shortness of breath, wheezing, coughing, chest tightness","Chronic inflammation of the airways, triggered by allergens, pollution, respiratory infections, or exercise.","Inhaled corticosteroids, bronchodilators, avoiding triggers",Vibrio cholerae,Mumps
287,Polio,Viral,A viral disease that can affect nerves and can lead to partial or full paralysis.,"Fever, sore throat, headache, vomiting, back pain, neck stiffness, paralysis","Infection with poliovirus, spread by fecal-oral route.","Supportive care, physical therapy, ventilatory support if needed",Enterococcus faecalis,HPV
288,COVID-19,Genetic,"A contagious respiratory illness caused by the SARS-CoV-2 virus, leading to symptoms ranging from mild cold-like illness to severe pneumonia.","Fever, cough, shortness of breath, fatigue, loss of taste or smell","Infection with the SARS-CoV-2 coronavirus, primarily spread via respiratory droplets.","Supportive care, oxygen therapy, antiviral medications (e.g., remdesivir)",Klebsiella pneumoniae,Marburg
289,Rabies,Parasitic,A deadly viral infection that is transmitted to humans through the bite of infected animals.,"Fever, headache, excess salivation, muscle spasms, paralysis, mental confusion","Bite or scratch from an infected animal, usually a dog or bat.","Post-exposure prophylaxis (PEP), rabies immunoglobulin, supportive care",Pseudomonas aeruginosa,Dengue
290,Diabetes Mellitus,Bacterial,A group of metabolic diseases characterized by high blood sugar levels over a prolonged period.,"Increased thirst, frequent urination, hunger, fatigue, blurred vision","Insufficient insulin production or insulin resistance, influenced by genetics, lifestyle, and obesity.","Insulin therapy, oral hypoglycemic agents, diet, exercise",Shigella dysenteriae,Polio
291,Polio,Parasitic,A viral disease that can affect nerves and can lead to partial or full paralysis.,"Fever, sore throat, headache, vomiting, back pain, neck stiffness, paralysis","Infection with poliovirus, spread by fecal-oral route.","Supportive care, physical therapy, ventilatory support if needed",Neisseria meningitidis,HIV
292,Hepatitis B,Parasitic,A viral infection that attacks the liver and can cause both acute and chronic disease.,"Jaundice, fatigue, abdominal pain, loss of appetite, nausea","Infection with hepatitis B virus, transmitted through blood, sexual contact, or from mother to child.","Antiviral medications (tenofovir, entecavir), supportive care",Proteus mirabilis,Dengue
293,Diabetes Mellitus,Genetic,A group of metabolic diseases characterized by high blood sugar levels over a prolonged period.,"Increased thirst, frequent urination, hunger, fatigue, blurred vision","Insufficient insulin production or insulin resistance, influenced by genetics, lifestyle, and obesity.","Insulin therapy, oral hypoglycemic agents, diet, exercise",Escherichia coli,Herpes simplex
294,Tuberculosis,Bacterial,"A potentially serious infectious disease that mainly affects the lungs, caused by Mycobacterium tuberculosis.","Cough (sometimes blood-tinged), weight loss, night sweats, fever","Infection by Mycobacterium tuberculosis, transmitted via airborne droplets from coughs or sneezes.","Antibiotic therapy (isoniazid, rifampin, ethambutol, pyrazinamide)",Neisseria meningitidis,Measles
295,Meningitis,Viral,"An inflammation of the membranes (meninges) surrounding the brain and spinal cord, caused by infection.","Sudden high fever, stiff neck, headache, nausea, sensitivity to light","Infection of the meninges by bacteria, viruses, fungi, or parasites.","Antibiotics (if bacterial), antiviral or antifungal medications, corticosteroids",Bacillus anthracis,Mumps
296,Hypertension,Viral,A chronic condition characterized by elevated blood pressure levels.,"Often asymptomatic, but may cause headaches, shortness of breath, nosebleeds","Combination of genetic, environmental, and lifestyle factors, including high salt intake, obesity, and stress.","Lifestyle modification, antihypertensive medications",Corynebacterium diphtheriae,Marburg
297,Influenza,Parasitic,A disease affecting humans. Further research may be required for specific details about Influenza.,"add, phone, media","Varies: may include infections, genetics, environment, or lifestyle factors. Further research may be required for specific details about Influenza.","Supportive care, consult a healthcare professional",Streptococcus pneumoniae,Epstein-Barr
298,Ebola,Metabolic,"A severe, often fatal illness in humans caused by the Ebola virus.","Fever, severe headache, muscle pain, vomiting, diarrhea, bleeding","Infection with Ebola virus, transmitted by contact with bodily fluids of infected persons or animals.","Supportive care, intravenous fluids, experimental antiviral drugs",Corynebacterium diphtheriae,Rotavirus
299,Rabies,Viral,A deadly viral infection that is transmitted to humans through the bite of infected animals.,"Fever, headache, excess salivation, muscle spasms, paralysis, mental confusion","Bite or scratch from an infected animal, usually a dog or bat.","Post-exposure prophylaxis (PEP), rabies immunoglobulin, supportive care",Yersinia pestis,Rotavirus
300,Hepatitis B,Genetic,A viral infection that attacks the liver and can cause both acute and chronic disease.,"Jaundice, fatigue, abdominal pain, loss of appetite, nausea","Infection with hepatitis B virus, transmitted through blood, sexual contact, or from mother to child.","Antiviral medications (tenofovir, entecavir), supportive care",Borrelia burgdorferi,Dengue
301,Dengue,Metabolic,"A mosquito-borne viral infection causing high fever, rash, and muscle and joint pain.","High fever, headache, pain behind the eyes, joint and muscle pain, rash","Infection with dengue virus, transmitted by Aedes mosquitoes.","Supportive care, fluid replacement, pain relievers (acetaminophen)",Yersinia pestis,Rabies
302,Meningitis,Metabolic,"An inflammation of the membranes (meninges) surrounding the brain and spinal cord, caused by infection.","Sudden high fever, stiff neck, headache, nausea, sensitivity to light","Infection of the meninges by bacteria, viruses, fungi, or parasites.","Antibiotics (if bacterial), antiviral or antifungal medications, corticosteroids",Enterococcus faecalis,Rotavirus
303,Asthma,Metabolic,"A chronic inflammatory disease of the airways that causes periodic attacks of wheezing, shortness of breath, and coughing.","Shortness of breath, wheezing, coughing, chest tightness","Chronic inflammation of the airways, triggered by allergens, pollution, respiratory infections, or exercise.","Inhaled corticosteroids, bronchodilators, avoiding triggers",Helicobacter pylori,Rabies
304,Rabies,Genetic,A deadly viral infection that is transmitted to humans through the bite of infected animals.,"Fever, headache, excess salivation, muscle spasms, paralysis, mental confusion","Bite or scratch from an infected animal, usually a dog or bat.","Post-exposure prophylaxis (PEP), rabies immunoglobulin, supportive care",Escherichia coli,Hepatitis B
305,Malaria,Bacterial,"A mosquito-borne infectious disease caused by Plasmodium parasites, leading to fever, chills, and flu-like illness.","Fever, chills, headache, nausea, vomiting, muscle pain","Infection by Plasmodium parasites, transmitted by the bite of infected Anopheles mosquitoes.","Antimalarial drugs (artemisinin-based combination therapies, chloroquine)",Proteus mirabilis,Zika
306,Tuberculosis,Metabolic,"A potentially serious infectious disease that mainly affects the lungs, caused by Mycobacterium tuberculosis.","Cough (sometimes blood-tinged), weight loss, night sweats, fever","Infection by Mycobacterium tuberculosis, transmitted via airborne droplets from coughs or sneezes.","Antibiotic therapy (isoniazid, rifampin, ethambutol, pyrazinamide)",Shigella dysenteriae,Dengue
307,Chickenpox,Parasitic,"A highly contagious viral infection causing an itchy, blister-like rash.","Itchy, blister-like rash, fever, tiredness, loss of appetite","Infection with varicella-zoster virus, spread by respiratory droplets or contact with lesions.","Antihistamines, calamine lotion, antiviral drugs (acyclovir) in severe cases",Escherichia coli,Measles
308,Leprosy,Viral,"A chronic infectious disease caused by Mycobacterium leprae, affecting the skin, nerves, and mucous membranes.","Skin lesions, numbness, muscle weakness, eye problems","Chronic infection with Mycobacterium leprae, spread via respiratory droplets.","Multidrug therapy (dapsone, rifampicin, clofazimine)",Escherichia coli,Cytomegalovirus
309,Diabetes Mellitus,Viral,A group of metabolic diseases characterized by high blood sugar levels over a prolonged period.,"Increased thirst, frequent urination, hunger, fatigue, blurred vision","Insufficient insulin production or insulin resistance, influenced by genetics, lifestyle, and obesity.","Insulin therapy, oral hypoglycemic agents, diet, exercise",Helicobacter pylori,Hepatitis B
310,Rabies,Parasitic,A deadly viral infection that is transmitted to humans through the bite of infected animals.,"Fever, headache, excess salivation, muscle spasms, paralysis, mental confusion","Bite or scratch from an infected animal, usually a dog or bat.","Post-exposure prophylaxis (PEP), rabies immunoglobulin, supportive care",Listeria monocytogenes,HIV
311,Measles,Bacterial,"A highly contagious viral disease causing fever, cough, and a characteristic rash.","Fever, cough, runny nose, inflamed eyes, red rash","Infection with measles virus, spread by respiratory droplets.","Supportive care, vitamin A supplementation",Proteus mirabilis,Varicella-zoster
312,Malaria,Viral,"A mosquito-borne infectious disease caused by Plasmodium parasites, leading to fever, chills, and flu-like illness.","Fever, chills, headache, nausea, vomiting, muscle pain","Infection by Plasmodium parasites, transmitted by the bite of infected Anopheles mosquitoes.","Antimalarial drugs (artemisinin-based combination therapies, chloroquine)",Pseudomonas aeruginosa,Ebola
313,COVID-19,Metabolic,"A contagious respiratory illness caused by the SARS-CoV-2 virus, leading to symptoms ranging from mild cold-like illness to severe pneumonia.","Fever, cough, shortness of breath, fatigue, loss of taste or smell","Infection with the SARS-CoV-2 coronavirus, primarily spread via respiratory droplets.","Supportive care, oxygen therapy, antiviral medications (e.g., remdesivir)",Bacillus anthracis,Rabies
314,Tuberculosis,Metabolic,"A potentially serious infectious disease that mainly affects the lungs, caused by Mycobacterium tuberculosis.","Cough (sometimes blood-tinged), weight loss, night sweats, fever","Infection by Mycobacterium tuberculosis, transmitted via airborne droplets from coughs or sneezes.","Antibiotic therapy (isoniazid, rifampin, ethambutol, pyrazinamide)",Borrelia burgdorferi,Varicella-zoster
315,Malaria,Viral,"A mosquito-borne infectious disease caused by Plasmodium parasites, leading to fever, chills, and flu-like illness.","Fever, chills, headache, nausea, vomiting, muscle pain","Infection by Plasmodium parasites, transmitted by the bite of infected Anopheles mosquitoes.","Antimalarial drugs (artemisinin-based combination therapies, chloroquine)",Borrelia burgdorferi,Dengue
316,Cholera,Genetic,An acute diarrheal illness caused by infection of the intestine with Vibrio cholerae.,"Severe diarrhea, dehydration, vomiting, rapid heart rate",Ingestion of water or food contaminated with Vibrio cholerae bacteria.,"Rehydration therapy, antibiotics in severe cases",Borrelia burgdorferi,Marburg
317,Leprosy,Metabolic,"A chronic infectious disease caused by Mycobacterium leprae, affecting the skin, nerves, and mucous membranes.","Skin lesions, numbness, muscle weakness, eye problems","Chronic infection with Mycobacterium leprae, spread via respiratory droplets.","Multidrug therapy (dapsone, rifampicin, clofazimine)",Proteus mirabilis,SARS-CoV-2
318,Pneumonia,Metabolic,"An infection that inflames the air sacs in one or both lungs, which may fill with fluid.","Cough with phlegm, fever, chills, difficulty breathing","Infection of the lungs by bacteria, viruses, or fungi, often following a cold or flu.","Antibiotics (if bacterial), antiviral or antifungal medications, supportive care",Shigella dysenteriae,Mumps
319,Asthma,Bacterial,"A chronic inflammatory disease of the airways that causes periodic attacks of wheezing, shortness of breath, and coughing.","Shortness of breath, wheezing, coughing, chest tightness","Chronic inflammation of the airways, triggered by allergens, pollution, respiratory infections, or exercise.","Inhaled corticosteroids, bronchodilators, avoiding triggers",Vibrio cholerae,Herpes simplex
320,Dengue,Viral,"A mosquito-borne viral infection causing high fever, rash, and muscle and joint pain.","High fever, headache, pain behind the eyes, joint and muscle pain, rash","Infection with dengue virus, transmitted by Aedes mosquitoes.","Supportive care, fluid replacement, pain relievers (acetaminophen)",Streptococcus pneumoniae,SARS-CoV-2
321,Zika,Bacterial,"A disease caused by Zika virus, spread mainly by mosquitoes, associated with birth defects when contracted during pregnancy.","Fever, rash, joint pain, red eyes, muscle pain","Infection with Zika virus, transmitted by Aedes mosquitoes or sexual contact.","Supportive care, rest, fluids, pain relievers",Pseudomonas aeruginosa,Cytomegalovirus
322,Chickenpox,Parasitic,"A highly contagious viral infection causing an itchy, blister-like rash.","Itchy, blister-like rash, fever, tiredness, loss of appetite","Infection with varicella-zoster virus, spread by respiratory droplets or contact with lesions.","Antihistamines, calamine lotion, antiviral drugs (acyclovir) in severe cases",Shigella dysenteriae,Rubella
323,Dengue,Genetic,"A mosquito-borne viral infection causing high fever, rash, and muscle and joint pain.","High fever, headache, pain behind the eyes, joint and muscle pain, rash","Infection with dengue virus, transmitted by Aedes mosquitoes.","Supportive care, fluid replacement, pain relievers (acetaminophen)",Shigella dysenteriae,Herpes simplex
324,Leprosy,Metabolic,"A chronic infectious disease caused by Mycobacterium leprae, affecting the skin, nerves, and mucous membranes.","Skin lesions, numbness, muscle weakness, eye problems","Chronic infection with Mycobacterium leprae, spread via respiratory droplets.","Multidrug therapy (dapsone, rifampicin, clofazimine)",Bacillus anthracis,Cytomegalovirus
325,Malaria,Metabolic,"A mosquito-borne infectious disease caused by Plasmodium parasites, leading to fever, chills, and flu-like illness.","Fever, chills, headache, nausea, vomiting, muscle pain","Infection by Plasmodium parasites, transmitted by the bite of infected Anopheles mosquitoes.","Antimalarial drugs (artemisinin-based combination therapies, chloroquine)",Pseudomonas aeruginosa,Rabies
326,Malaria,Metabolic,"A mosquito-borne infectious disease caused by Plasmodium parasites, leading to fever, chills, and flu-like illness.","Fever, chills, headache, nausea, vomiting, muscle pain","Infection by Plasmodium parasites, transmitted by the bite of infected Anopheles mosquitoes.","Antimalarial drugs (artemisinin-based combination therapies, chloroquine)",Yersinia pestis,Ebola
327,Polio,Metabolic,A viral disease that can affect nerves and can lead to partial or full paralysis.,"Fever, sore throat, headache, vomiting, back pain, neck stiffness, paralysis","Infection with poliovirus, spread by fecal-oral route.","Supportive care, physical therapy, ventilatory support if needed",Pseudomonas aeruginosa,SARS-CoV-2
328,Meningitis,Metabolic,"An inflammation of the membranes (meninges) surrounding the brain and spinal cord, caused by infection.","Sudden high fever, stiff neck, headache, nausea, sensitivity to light","Infection of the meninges by bacteria, viruses, fungi, or parasites.","Antibiotics (if bacterial), antiviral or antifungal medications, corticosteroids",Bacillus anthracis,Herpes simplex
329,Dengue,Bacterial,"A mosquito-borne viral infection causing high fever, rash, and muscle and joint pain.","High fever, headache, pain behind the eyes, joint and muscle pain, rash","Infection with dengue virus, transmitted by Aedes mosquitoes.","Supportive care, fluid replacement, pain relievers (acetaminophen)",Helicobacter pylori,Hepatitis B
330,Hepatitis B,Viral,A viral infection that attacks the liver and can cause both acute and chronic disease.,"Jaundice, fatigue, abdominal pain, loss of appetite, nausea","Infection with hepatitis B virus, transmitted through blood, sexual contact, or from mother to child.","Antiviral medications (tenofovir, entecavir), supportive care",Staphylococcus aureus,HIV
331,Hepatitis B,Bacterial,A viral infection that attacks the liver and can cause both acute and chronic disease.,"Jaundice, fatigue, abdominal pain, loss of appetite, nausea","Infection with hepatitis B virus, transmitted through blood, sexual contact, or from mother to child.","Antiviral medications (tenofovir, entecavir), supportive care",Pseudomonas aeruginosa,Influenza
332,Hepatitis B,Genetic,A viral infection that attacks the liver and can cause both acute and chronic disease.,"Jaundice, fatigue, abdominal pain, loss of appetite, nausea","Infection with hepatitis B virus, transmitted through blood, sexual contact, or from mother to child.","Antiviral medications (tenofovir, entecavir), supportive care",Listeria monocytogenes,Ebola
333,Ebola,Metabolic,"A severe, often fatal illness in humans caused by the Ebola virus.","Fever, severe headache, muscle pain, vomiting, diarrhea, bleeding","Infection with Ebola virus, transmitted by contact with bodily fluids of infected persons or animals.","Supportive care, intravenous fluids, experimental antiviral drugs",Staphylococcus aureus,Herpes simplex
334,Influenza,Metabolic,A disease affecting humans. Further research may be required for specific details about Influenza.,"available, single, give","Varies: may include infections, genetics, environment, or lifestyle factors. Further research may be required for specific details about Influenza.","Supportive care, consult a healthcare professional",Clostridium tetani,Marburg
335,Chickenpox,Parasitic,"A highly contagious viral infection causing an itchy, blister-like rash.","Itchy, blister-like rash, fever, tiredness, loss of appetite","Infection with varicella-zoster virus, spread by respiratory droplets or contact with lesions.","Antihistamines, calamine lotion, antiviral drugs (acyclovir) in severe cases",Corynebacterium diphtheriae,Polio
336,Hypertension,Metabolic,A chronic condition characterized by elevated blood pressure levels.,"Often asymptomatic, but may cause headaches, shortness of breath, nosebleeds","Combination of genetic, environmental, and lifestyle factors, including high salt intake, obesity, and stress.","Lifestyle modification, antihypertensive medications",Escherichia coli,Dengue
337,Influenza,Metabolic,A disease affecting humans. Further research may be required for specific details about Influenza.,"sit, service","Varies: may include infections, genetics, environment, or lifestyle factors. Further research may be required for specific details about Influenza.","Supportive care, consult a healthcare professional",Yersinia pestis,Mumps
338,Hepatitis B,Genetic,A viral infection that attacks the liver and can cause both acute and chronic disease.,"Jaundice, fatigue, abdominal pain, loss of appetite, nausea","Infection with hepatitis B virus, transmitted through blood, sexual contact, or from mother to child.","Antiviral medications (tenofovir, entecavir), supportive care",Enterococcus faecalis,Rubella
339,Ebola,Metabolic,"A severe, often fatal illness in humans caused by the Ebola virus.","Fever, severe headache, muscle pain, vomiting, diarrhea, bleeding","Infection with Ebola virus, transmitted by contact with bodily fluids of infected persons or animals.","Supportive care, intravenous fluids, experimental antiviral drugs",Pseudomonas aeruginosa,Dengue
340,Hepatitis B,Parasitic,A viral infection that attacks the liver and can cause both acute and chronic disease.,"Jaundice, fatigue, abdominal pain, loss of appetite, nausea","Infection with hepatitis B virus, transmitted through blood, sexual contact, or from mother to child.","Antiviral medications (tenofovir, entecavir), supportive care",Bacillus anthracis,Herpes simplex
341,Pneumonia,Genetic,"An infection that inflames the air sacs in one or both lungs, which may fill with fluid.","Cough with phlegm, fever, chills, difficulty breathing","Infection of the lungs by bacteria, viruses, or fungi, often following a cold or flu.","Antibiotics (if bacterial), antiviral or antifungal medications, supportive care",Bacillus anthracis,Hepatitis B
342,Polio,Viral,A viral disease that can affect nerves and can lead to partial or full paralysis.,"Fever, sore throat, headache, vomiting, back pain, neck stiffness, paralysis","Infection with poliovirus, spread by fecal-oral route.","Supportive care, physical therapy, ventilatory support if needed",Borrelia burgdorferi,Polio
343,Tuberculosis,Viral,"A potentially serious infectious disease that mainly affects the lungs, caused by Mycobacterium tuberculosis.","Cough (sometimes blood-tinged), weight loss, night sweats, fever","Infection by Mycobacterium tuberculosis, transmitted via airborne droplets from coughs or sneezes.","Antibiotic therapy (isoniazid, rifampin, ethambutol, pyrazinamide)",Klebsiella pneumoniae,Dengue
344,COVID-19,Metabolic,"A contagious respiratory illness caused by the SARS-CoV-2 virus, leading to symptoms ranging from mild cold-like illness to severe pneumonia.","Fever, cough, shortness of breath, fatigue, loss of taste or smell","Infection with the SARS-CoV-2 coronavirus, primarily spread via respiratory droplets.","Supportive care, oxygen therapy, antiviral medications (e.g., remdesivir)",Listeria monocytogenes,Rabies
345,Rabies,Genetic,A deadly viral infection that is transmitted to humans through the bite of infected animals.,"Fever, headache, excess salivation, muscle spasms, paralysis, mental confusion","Bite or scratch from an infected animal, usually a dog or bat.","Post-exposure prophylaxis (PEP), rabies immunoglobulin, supportive care",Borrelia burgdorferi,Varicella-zoster
346,Chickenpox,Parasitic,"A highly contagious viral infection causing an itchy, blister-like rash.","Itchy, blister-like rash, fever, tiredness, loss of appetite","Infection with varicella-zoster virus, spread by respiratory droplets or contact with lesions.","Antihistamines, calamine lotion, antiviral drugs (acyclovir) in severe cases",Proteus mirabilis,Cytomegalovirus
347,Tuberculosis,Metabolic,"A potentially serious infectious disease that mainly affects the lungs, caused by Mycobacterium tuberculosis.","Cough (sometimes blood-tinged), weight loss, night sweats, fever","Infection by Mycobacterium tuberculosis, transmitted via airborne droplets from coughs or sneezes.","Antibiotic therapy (isoniazid, rifampin, ethambutol, pyrazinamide)",Vibrio cholerae,Herpes simplex
348,Cholera,Parasitic,An acute diarrheal illness caused by infection of the intestine with Vibrio cholerae.,"Severe diarrhea, dehydration, vomiting, rapid heart rate",Ingestion of water or food contaminated with Vibrio cholerae bacteria.,"Rehydration therapy, antibiotics in severe cases",Staphylococcus aureus,Rubella
349,Measles,Genetic,"A highly contagious viral disease causing fever, cough, and a characteristic rash.","Fever, cough, runny nose, inflamed eyes, red rash","Infection with measles virus, spread by respiratory droplets.","Supportive care, vitamin A supplementation",Clostridium tetani,Marburg
350,COVID-19,Parasitic,"A contagious respiratory illness caused by the SARS-CoV-2 virus, leading to symptoms ranging from mild cold-like illness to severe pneumonia.","Fever, cough, shortness of breath, fatigue, loss of taste or smell","Infection with the SARS-CoV-2 coronavirus, primarily spread via respiratory droplets.","Supportive care, oxygen therapy, antiviral medications (e.g., remdesivir)",Klebsiella pneumoniae,Herpes simplex
351,Rabies,Bacterial,A deadly viral infection that is transmitted to humans through the bite of infected animals.,"Fever, headache, excess salivation, muscle spasms, paralysis, mental confusion","Bite or scratch from an infected animal, usually a dog or bat.","Post-exposure prophylaxis (PEP), rabies immunoglobulin, supportive care",Vibrio cholerae,Dengue
352,Ebola,Metabolic,"A severe, often fatal illness in humans caused by the Ebola virus.","Fever, severe headache, muscle pain, vomiting, diarrhea, bleeding","Infection with Ebola virus, transmitted by contact with bodily fluids of infected persons or animals.","Supportive care, intravenous fluids, experimental antiviral drugs",Staphylococcus aureus,Ebola
353,Hepatitis B,Viral,A viral infection that attacks the liver and can cause both acute and chronic disease.,"Jaundice, fatigue, abdominal pain, loss of appetite, nausea","Infection with hepatitis B virus, transmitted through blood, sexual contact, or from mother to child.","Antiviral medications (tenofovir, entecavir), supportive care",Clostridium tetani,Rotavirus
354,COVID-19,Bacterial,"A contagious respiratory illness caused by the SARS-CoV-2 virus, leading to symptoms ranging from mild cold-like illness to severe pneumonia.","Fever, cough, shortness of breath, fatigue, loss of taste or smell","Infection with the SARS-CoV-2 coronavirus, primarily spread via respiratory droplets.","Supportive care, oxygen therapy, antiviral medications (e.g., remdesivir)",Borrelia burgdorferi,Hepatitis B
355,Rabies,Metabolic,A deadly viral infection that is transmitted to humans through the bite of infected animals.,"Fever, headache, excess salivation, muscle spasms, paralysis, mental confusion","Bite or scratch from an infected animal, usually a dog or bat.","Post-exposure prophylaxis (PEP), rabies immunoglobulin, supportive care",Clostridium tetani,Herpes simplex
356,Polio,Parasitic,A viral disease that can affect nerves and can lead to partial or full paralysis.,"Fever, sore throat, headache, vomiting, back pain, neck stiffness, paralysis","Infection with poliovirus, spread by fecal-oral route.","Supportive care, physical therapy, ventilatory support if needed",Enterococcus faecalis,Ebola
357,Chickenpox,Viral,"A highly contagious viral infection causing an itchy, blister-like rash.","Itchy, blister-like rash, fever, tiredness, loss of appetite","Infection with varicella-zoster virus, spread by respiratory droplets or contact with lesions.","Antihistamines, calamine lotion, antiviral drugs (acyclovir) in severe cases",Vibrio cholerae,Epstein-Barr
358,Chickenpox,Parasitic,"A highly contagious viral infection causing an itchy, blister-like rash.","Itchy, blister-like rash, fever, tiredness, loss of appetite","Infection with varicella-zoster virus, spread by respiratory droplets or contact with lesions.","Antihistamines, calamine lotion, antiviral drugs (acyclovir) in severe cases",Mycobacterium tuberculosis,Measles
359,Dengue,Genetic,"A mosquito-borne viral infection causing high fever, rash, and muscle and joint pain.","High fever, headache, pain behind the eyes, joint and muscle pain, rash","Infection with dengue virus, transmitted by Aedes mosquitoes.","Supportive care, fluid replacement, pain relievers (acetaminophen)",Streptococcus pneumoniae,Ebola
360,Zika,Metabolic,"A disease caused by Zika virus, spread mainly by mosquitoes, associated with birth defects when contracted during pregnancy.","Fever, rash, joint pain, red eyes, muscle pain","Infection with Zika virus, transmitted by Aedes mosquitoes or sexual contact.","Supportive care, rest, fluids, pain relievers",Streptococcus pneumoniae,Polio
361,Polio,Metabolic,A viral disease that can affect nerves and can lead to partial or full paralysis.,"Fever, sore throat, headache, vomiting, back pain, neck stiffness, paralysis","Infection with poliovirus, spread by fecal-oral route.","Supportive care, physical therapy, ventilatory support if needed",Escherichia coli,Rabies
362,Cholera,Genetic,An acute diarrheal illness caused by infection of the intestine with Vibrio cholerae.,"Severe diarrhea, dehydration, vomiting, rapid heart rate",Ingestion of water or food contaminated with Vibrio cholerae bacteria.,"Rehydration therapy, antibiotics in severe cases",Bacillus anthracis,Rotavirus
363,Polio,Viral,A viral disease that can affect nerves and can lead to partial or full paralysis.,"Fever, sore throat, headache, vomiting, back pain, neck stiffness, paralysis","Infection with poliovirus, spread by fecal-oral route.","Supportive care, physical therapy, ventilatory support if needed",Salmonella enterica,Rotavirus
364,Zika,Viral,"A disease caused by Zika virus, spread mainly by mosquitoes, associated with birth defects when contracted during pregnancy.","Fever, rash, joint pain, red eyes, muscle pain","Infection with Zika virus, transmitted by Aedes mosquitoes or sexual contact.","Supportive care, rest, fluids, pain relievers",Corynebacterium diphtheriae,Mumps
365,HIV/AIDS,Bacterial,A virus that attacks the immune system and can lead to acquired immunodeficiency syndrome (AIDS).,"Fever, fatigue, swollen lymph nodes, weight loss, recurrent infections","Infection with the human immunodeficiency virus (HIV), spread through blood, sexual contact, or from mother to child.",Antiretroviral therapy (ART),Shigella dysenteriae,Hepatitis B
366,Diabetes Mellitus,Genetic,A group of metabolic diseases characterized by high blood sugar levels over a prolonged period.,"Increased thirst, frequent urination, hunger, fatigue, blurred vision","Insufficient insulin production or insulin resistance, influenced by genetics, lifestyle, and obesity.","Insulin therapy, oral hypoglycemic agents, diet, exercise",Salmonella enterica,Zika
367,Cholera,Genetic,An acute diarrheal illness caused by infection of the intestine with Vibrio cholerae.,"Severe diarrhea, dehydration, vomiting, rapid heart rate",Ingestion of water or food contaminated with Vibrio cholerae bacteria.,"Rehydration therapy, antibiotics in severe cases",Mycobacterium tuberculosis,Herpes simplex
368,Ebola,Genetic,"A severe, often fatal illness in humans caused by the Ebola virus.","Fever, severe headache, muscle pain, vomiting, diarrhea, bleeding","Infection with Ebola virus, transmitted by contact with bodily fluids of infected persons or animals.","Supportive care, intravenous fluids, experimental antiviral drugs",Corynebacterium diphtheriae,Herpes simplex
369,Pneumonia,Parasitic,"An infection that inflames the air sacs in one or both lungs, which may fill with fluid.","Cough with phlegm, fever, chills, difficulty breathing","Infection of the lungs by bacteria, viruses, or fungi, often following a cold or flu.","Antibiotics (if bacterial), antiviral or antifungal medications, supportive care",Clostridium tetani,Polio
370,Dengue,Genetic,"A mosquito-borne viral infection causing high fever, rash, and muscle and joint pain.","High fever, headache, pain behind the eyes, joint and muscle pain, rash","Infection with dengue virus, transmitted by Aedes mosquitoes.","Supportive care, fluid replacement, pain relievers (acetaminophen)",Escherichia coli,Mumps
371,Malaria,Viral,"A mosquito-borne infectious disease caused by Plasmodium parasites, leading to fever, chills, and flu-like illness.","Fever, chills, headache, nausea, vomiting, muscle pain","Infection by Plasmodium parasites, transmitted by the bite of infected Anopheles mosquitoes.","Antimalarial drugs (artemisinin-based combination therapies, chloroquine)",Clostridium tetani,HIV
372,Polio,Metabolic,A viral disease that can affect nerves and can lead to partial or full paralysis.,"Fever, sore throat, headache, vomiting, back pain, neck stiffness, paralysis","Infection with poliovirus, spread by fecal-oral route.","Supportive care, physical therapy, ventilatory support if needed",Streptococcus pneumoniae,Hepatitis B
373,Measles,Viral,"A highly contagious viral disease causing fever, cough, and a characteristic rash.","Fever, cough, runny nose, inflamed eyes, red rash","Infection with measles virus, spread by respiratory droplets.","Supportive care, vitamin A supplementation",Corynebacterium diphtheriae,Zika
374,Tuberculosis,Metabolic,"A potentially serious infectious disease that mainly affects the lungs, caused by Mycobacterium tuberculosis.","Cough (sometimes blood-tinged), weight loss, night sweats, fever","Infection by Mycobacterium tuberculosis, transmitted via airborne droplets from coughs or sneezes.","Antibiotic therapy (isoniazid, rifampin, ethambutol, pyrazinamide)",Shigella dysenteriae,SARS-CoV-2
375,Hepatitis B,Bacterial,A viral infection that attacks the liver and can cause both acute and chronic disease.,"Jaundice, fatigue, abdominal pain, loss of appetite, nausea","Infection with hepatitis B virus, transmitted through blood, sexual contact, or from mother to child.","Antiviral medications (tenofovir, entecavir), supportive care",Mycobacterium tuberculosis,Influenza
376,Leprosy,Genetic,"A chronic infectious disease caused by Mycobacterium leprae, affecting the skin, nerves, and mucous membranes.","Skin lesions, numbness, muscle weakness, eye problems","Chronic infection with Mycobacterium leprae, spread via respiratory droplets.","Multidrug therapy (dapsone, rifampicin, clofazimine)",Vibrio cholerae,Zika
377,Dengue,Viral,"A mosquito-borne viral infection causing high fever, rash, and muscle and joint pain.","High fever, headache, pain behind the eyes, joint and muscle pain, rash","Infection with dengue virus, transmitted by Aedes mosquitoes.","Supportive care, fluid replacement, pain relievers (acetaminophen)",Proteus mirabilis,Varicella-zoster
378,Polio,Metabolic,A viral disease that can affect nerves and can lead to partial or full paralysis.,"Fever, sore throat, headache, vomiting, back pain, neck stiffness, paralysis","Infection with poliovirus, spread by fecal-oral route.","Supportive care, physical therapy, ventilatory support if needed",Proteus mirabilis,Rabies
379,Dengue,Parasitic,"A mosquito-borne viral infection causing high fever, rash, and muscle and joint pain.","High fever, headache, pain behind the eyes, joint and muscle pain, rash","Infection with dengue virus, transmitted by Aedes mosquitoes.","Supportive care, fluid replacement, pain relievers (acetaminophen)",Mycobacterium tuberculosis,Hepatitis B
380,Cholera,Viral,An acute diarrheal illness caused by infection of the intestine with Vibrio cholerae.,"Severe diarrhea, dehydration, vomiting, rapid heart rate",Ingestion of water or food contaminated with Vibrio cholerae bacteria.,"Rehydration therapy, antibiotics in severe cases",Bacillus anthracis,Hepatitis B
381,Measles,Bacterial,"A highly contagious viral disease causing fever, cough, and a characteristic rash.","Fever, cough, runny nose, inflamed eyes, red rash","Infection with measles virus, spread by respiratory droplets.","Supportive care, vitamin A supplementation",Clostridium tetani,Rubella
382,HIV/AIDS,Bacterial,A virus that attacks the immune system and can lead to acquired immunodeficiency syndrome (AIDS).,"Fever, fatigue, swollen lymph nodes, weight loss, recurrent infections","Infection with the human immunodeficiency virus (HIV), spread through blood, sexual contact, or from mother to child.",Antiretroviral therapy (ART),Listeria monocytogenes,HIV
383,Pneumonia,Parasitic,"An infection that inflames the air sacs in one or both lungs, which may fill with fluid.","Cough with phlegm, fever, chills, difficulty breathing","Infection of the lungs by bacteria, viruses, or fungi, often following a cold or flu.","Antibiotics (if bacterial), antiviral or antifungal medications, supportive care",Staphylococcus aureus,HPV
384,Chickenpox,Viral,"A highly contagious viral infection causing an itchy, blister-like rash.","Itchy, blister-like rash, fever, tiredness, loss of appetite","Infection with varicella-zoster virus, spread by respiratory droplets or contact with lesions.","Antihistamines, calamine lotion, antiviral drugs (acyclovir) in severe cases",Escherichia coli,Rabies
385,Asthma,Viral,"A chronic inflammatory disease of the airways that causes periodic attacks of wheezing, shortness of breath, and coughing.","Shortness of breath, wheezing, coughing, chest tightness","Chronic inflammation of the airways, triggered by allergens, pollution, respiratory infections, or exercise.","Inhaled corticosteroids, bronchodilators, avoiding triggers",Shigella dysenteriae,Influenza
386,Ebola,Metabolic,"A severe, often fatal illness in humans caused by the Ebola virus.","Fever, severe headache, muscle pain, vomiting, diarrhea, bleeding","Infection with Ebola virus, transmitted by contact with bodily fluids of infected persons or animals.","Supportive care, intravenous fluids, experimental antiviral drugs",Streptococcus pneumoniae,Cytomegalovirus
387,Ebola,Parasitic,"A severe, often fatal illness in humans caused by the Ebola virus.","Fever, severe headache, muscle pain, vomiting, diarrhea, bleeding","Infection with Ebola virus, transmitted by contact with bodily fluids of infected persons or animals.","Supportive care, intravenous fluids, experimental antiviral drugs",Yersinia pestis,Varicella-zoster
388,Zika,Metabolic,"A disease caused by Zika virus, spread mainly by mosquitoes, associated with birth defects when contracted during pregnancy.","Fever, rash, joint pain, red eyes, muscle pain","Infection with Zika virus, transmitted by Aedes mosquitoes or sexual contact.","Supportive care, rest, fluids, pain relievers",Klebsiella pneumoniae,Ebola
389,Dengue,Metabolic,"A mosquito-borne viral infection causing high fever, rash, and muscle and joint pain.","High fever, headache, pain behind the eyes, joint and muscle pain, rash","Infection with dengue virus, transmitted by Aedes mosquitoes.","Supportive care, fluid replacement, pain relievers (acetaminophen)",Listeria monocytogenes,Cytomegalovirus
390,Ebola,Viral,"A severe, often fatal illness in humans caused by the Ebola virus.","Fever, severe headache, muscle pain, vomiting, diarrhea, bleeding","Infection with Ebola virus, transmitted by contact with bodily fluids of infected persons or animals.","Supportive care, intravenous fluids, experimental antiviral drugs",Corynebacterium diphtheriae,HPV
391,Diabetes Mellitus,Viral,A group of metabolic diseases characterized by high blood sugar levels over a prolonged period.,"Increased thirst, frequent urination, hunger, fatigue, blurred vision","Insufficient insulin production or insulin resistance, influenced by genetics, lifestyle, and obesity.","Insulin therapy, oral hypoglycemic agents, diet, exercise",Pseudomonas aeruginosa,Epstein-Barr
392,Ebola,Bacterial,"A severe, often fatal illness in humans caused by the Ebola virus.","Fever, severe headache, muscle pain, vomiting, diarrhea, bleeding","Infection with Ebola virus, transmitted by contact with bodily fluids of infected persons or animals.","Supportive care, intravenous fluids, experimental antiviral drugs",Salmonella enterica,Epstein-Barr
393,Ebola,Viral,"A severe, often fatal illness in humans caused by the Ebola virus.","Fever, severe headache, muscle pain, vomiting, diarrhea, bleeding","Infection with Ebola virus, transmitted by contact with bodily fluids of infected persons or animals.","Supportive care, intravenous fluids, experimental antiviral drugs",Yersinia pestis,Polio
394,Malaria,Viral,"A mosquito-borne infectious disease caused by Plasmodium parasites, leading to fever, chills, and flu-like illness.","Fever, chills, headache, nausea, vomiting, muscle pain","Infection by Plasmodium parasites, transmitted by the bite of infected Anopheles mosquitoes.","Antimalarial drugs (artemisinin-based combination therapies, chloroquine)",Klebsiella pneumoniae,Polio
395,Zika,Parasitic,"A disease caused by Zika virus, spread mainly by mosquitoes, associated with birth defects when contracted during pregnancy.","Fever, rash, joint pain, red eyes, muscle pain","Infection with Zika virus, transmitted by Aedes mosquitoes or sexual contact.","Supportive care, rest, fluids, pain relievers",Klebsiella pneumoniae,Rabies
396,Dengue,Genetic,"A mosquito-borne viral infection causing high fever, rash, and muscle and joint pain.","High fever, headache, pain behind the eyes, joint and muscle pain, rash","Infection with dengue virus, transmitted by Aedes mosquitoes.","Supportive care, fluid replacement, pain relievers (acetaminophen)",Neisseria meningitidis,Norovirus
397,Influenza,Viral,A disease affecting humans. Further research may be required for specific details about Influenza.,"look, son, long, our","Varies: may include infections, genetics, environment, or lifestyle factors. Further research may be required for specific details about Influenza.","Supportive care, consult a healthcare professional",Clostridium tetani,Marburg
398,Dengue,Bacterial,"A mosquito-borne viral infection causing high fever, rash, and muscle and joint pain.","High fever, headache, pain behind the eyes, joint and muscle pain, rash","Infection with dengue virus, transmitted by Aedes mosquitoes.","Supportive care, fluid replacement, pain relievers (acetaminophen)",Listeria monocytogenes,Epstein-Barr
399,Leprosy,Parasitic,"A chronic infectious disease caused by Mycobacterium leprae, affecting the skin, nerves, and mucous membranes.","Skin lesions, numbness, muscle weakness, eye problems","Chronic infection with Mycobacterium leprae, spread via respiratory droplets.","Multidrug therapy (dapsone, rifampicin, clofazimine)",Neisseria meningitidis,Rubella
400,Cholera,Bacterial,An acute diarrheal illness caused by infection of the intestine with Vibrio cholerae.,"Severe diarrhea, dehydration, vomiting, rapid heart rate",Ingestion of water or food contaminated with Vibrio cholerae bacteria.,"Rehydration therapy, antibiotics in severe cases",Escherichia coli,Dengue
401,Influenza,Viral,A disease affecting humans. Further research may be required for specific details about Influenza.,"my, effect, trouble","Varies: may include infections, genetics, environment, or lifestyle factors. Further research may be required for specific details about Influenza.","Supportive care, consult a healthcare professional",Listeria monocytogenes,Epstein-Barr
402,Influenza,Bacterial,A disease affecting humans. Further research may be required for specific details about Influenza.,"particularly, several, south, total, amount","Varies: may include infections, genetics, environment, or lifestyle factors. Further research may be required for specific details about Influenza.","Supportive care, consult a healthcare professional",Treponema pallidum,Marburg
403,COVID-19,Viral,"A contagious respiratory illness caused by the SARS-CoV-2 virus, leading to symptoms ranging from mild cold-like illness to severe pneumonia.","Fever, cough, shortness of breath, fatigue, loss of taste or smell","Infection with the SARS-CoV-2 coronavirus, primarily spread via respiratory droplets.","Supportive care, oxygen therapy, antiviral medications (e.g., remdesivir)",Proteus mirabilis,Polio
404,Polio,Genetic,A viral disease that can affect nerves and can lead to partial or full paralysis.,"Fever, sore throat, headache, vomiting, back pain, neck stiffness, paralysis","Infection with poliovirus, spread by fecal-oral route.","Supportive care, physical therapy, ventilatory support if needed",Vibrio cholerae,SARS-CoV-2
405,Measles,Parasitic,"A highly contagious viral disease causing fever, cough, and a characteristic rash.","Fever, cough, runny nose, inflamed eyes, red rash","Infection with measles virus, spread by respiratory droplets.","Supportive care, vitamin A supplementation",Enterococcus faecalis,SARS-CoV-2
406,Malaria,Parasitic,"A mosquito-borne infectious disease caused by Plasmodium parasites, leading to fever, chills, and flu-like illness.","Fever, chills, headache, nausea, vomiting, muscle pain","Infection by Plasmodium parasites, transmitted by the bite of infected Anopheles mosquitoes.","Antimalarial drugs (artemisinin-based combination therapies, chloroquine)",Neisseria meningitidis,Cytomegalovirus
407,Hypertension,Parasitic,A chronic condition characterized by elevated blood pressure levels.,"Often asymptomatic, but may cause headaches, shortness of breath, nosebleeds","Combination of genetic, environmental, and lifestyle factors, including high salt intake, obesity, and stress.","Lifestyle modification, antihypertensive medications",Mycobacterium tuberculosis,Norovirus
408,Measles,Genetic,"A highly contagious viral disease causing fever, cough, and a characteristic rash.","Fever, cough, runny nose, inflamed eyes, red rash","Infection with measles virus, spread by respiratory droplets.","Supportive care, vitamin A supplementation",Salmonella enterica,Rotavirus
409,Malaria,Bacterial,"A mosquito-borne infectious disease caused by Plasmodium parasites, leading to fever, chills, and flu-like illness.","Fever, chills, headache, nausea, vomiting, muscle pain","Infection by Plasmodium parasites, transmitted by the bite of infected Anopheles mosquitoes.","Antimalarial drugs (artemisinin-based combination therapies, chloroquine)",Staphylococcus aureus,Rubella
410,Influenza,Metabolic,A disease affecting humans. Further research may be required for specific details about Influenza.,"soldier, half","Varies: may include infections, genetics, environment, or lifestyle factors. Further research may be required for specific details about Influenza.","Supportive care, consult a healthcare professional",Clostridium tetani,Mumps
411,Tuberculosis,Viral,"A potentially serious infectious disease that mainly affects the lungs, caused by Mycobacterium tuberculosis.","Cough (sometimes blood-tinged), weight loss, night sweats, fever","Infection by Mycobacterium tuberculosis, transmitted via airborne droplets from coughs or sneezes.","Antibiotic therapy (isoniazid, rifampin, ethambutol, pyrazinamide)",Corynebacterium diphtheriae,Zika
412,Malaria,Genetic,"A mosquito-borne infectious disease caused by Plasmodium parasites, leading to fever, chills, and flu-like illness.","Fever, chills, headache, nausea, vomiting, muscle pain","Infection by Plasmodium parasites, transmitted by the bite of infected Anopheles mosquitoes.","Antimalarial drugs (artemisinin-based combination therapies, chloroquine)",Staphylococcus aureus,Measles
413,HIV/AIDS,Viral,A virus that attacks the immune system and can lead to acquired immunodeficiency syndrome (AIDS).,"Fever, fatigue, swollen lymph nodes, weight loss, recurrent infections","Infection with the human immunodeficiency virus (HIV), spread through blood, sexual contact, or from mother to child.",Antiretroviral therapy (ART),Listeria monocytogenes,Ebola
414,Cholera,Bacterial,An acute diarrheal illness caused by infection of the intestine with Vibrio cholerae.,"Severe diarrhea, dehydration, vomiting, rapid heart rate",Ingestion of water or food contaminated with Vibrio cholerae bacteria.,"Rehydration therapy, antibiotics in severe cases",Vibrio cholerae,Zika
415,COVID-19,Metabolic,"A contagious respiratory illness caused by the SARS-CoV-2 virus, leading to symptoms ranging from mild cold-like illness to severe pneumonia.","Fever, cough, shortness of breath, fatigue, loss of taste or smell","Infection with the SARS-CoV-2 coronavirus, primarily spread via respiratory droplets.","Supportive care, oxygen therapy, antiviral medications (e.g., remdesivir)",Staphylococcus aureus,Rubella
416,Chickenpox,Genetic,"A highly contagious viral infection causing an itchy, blister-like rash.","Itchy, blister-like rash, fever, tiredness, loss of appetite","Infection with varicella-zoster virus, spread by respiratory droplets or contact with lesions.","Antihistamines, calamine lotion, antiviral drugs (acyclovir) in severe cases",Proteus mirabilis,Herpes simplex
417,Cholera,Genetic,An acute diarrheal illness caused by infection of the intestine with Vibrio cholerae.,"Severe diarrhea, dehydration, vomiting, rapid heart rate",Ingestion of water or food contaminated with Vibrio cholerae bacteria.,"Rehydration therapy, antibiotics in severe cases",Mycobacterium tuberculosis,Hepatitis B
418,Ebola,Viral,"A severe, often fatal illness in humans caused by the Ebola virus.","Fever, severe headache, muscle pain, vomiting, diarrhea, bleeding","Infection with Ebola virus, transmitted by contact with bodily fluids of infected persons or animals.","Supportive care, intravenous fluids, experimental antiviral drugs",Listeria monocytogenes,Rotavirus
419,Measles,Viral,"A highly contagious viral disease causing fever, cough, and a characteristic rash.","Fever, cough, runny nose, inflamed eyes, red rash","Infection with measles virus, spread by respiratory droplets.","Supportive care, vitamin A supplementation",Helicobacter pylori,Norovirus
420,Asthma,Genetic,"A chronic inflammatory disease of the airways that causes periodic attacks of wheezing, shortness of breath, and coughing.","Shortness of breath, wheezing, coughing, chest tightness","Chronic inflammation of the airways, triggered by allergens, pollution, respiratory infections, or exercise.","Inhaled corticosteroids, bronchodilators, avoiding triggers",Shigella dysenteriae,Influenza
421,Rabies,Parasitic,A deadly viral infection that is transmitted to humans through the bite of infected animals.,"Fever, headache, excess salivation, muscle spasms, paralysis, mental confusion","Bite or scratch from an infected animal, usually a dog or bat.","Post-exposure prophylaxis (PEP), rabies immunoglobulin, supportive care",Listeria monocytogenes,SARS-CoV-2
422,Influenza,Viral,A disease affecting humans. Further research may be required for specific details about Influenza.,"executive, night, present, name","Varies: may include infections, genetics, environment, or lifestyle factors. Further research may be required for specific details about Influenza.","Supportive care, consult a healthcare professional",Proteus mirabilis,Influenza
423,Malaria,Viral,"A mosquito-borne infectious disease caused by Plasmodium parasites, leading to fever, chills, and flu-like illness.","Fever, chills, headache, nausea, vomiting, muscle pain","Infection by Plasmodium parasites, transmitted by the bite of infected Anopheles mosquitoes.","Antimalarial drugs (artemisinin-based combination therapies, chloroquine)",Helicobacter pylori,Rubella
424,COVID-19,Genetic,"A contagious respiratory illness caused by the SARS-CoV-2 virus, leading to symptoms ranging from mild cold-like illness to severe pneumonia.","Fever, cough, shortness of breath, fatigue, loss of taste or smell","Infection with the SARS-CoV-2 coronavirus, primarily spread via respiratory droplets.","Supportive care, oxygen therapy, antiviral medications (e.g., remdesivir)",Streptococcus pneumoniae,Cytomegalovirus
425,Rabies,Parasitic,A deadly viral infection that is transmitted to humans through the bite of infected animals.,"Fever, headache, excess salivation, muscle spasms, paralysis, mental confusion","Bite or scratch from an infected animal, usually a dog or bat.","Post-exposure prophylaxis (PEP), rabies immunoglobulin, supportive care",Staphylococcus aureus,Measles
426,Rabies,Bacterial,A deadly viral infection that is transmitted to humans through the bite of infected animals.,"Fever, headache, excess salivation, muscle spasms, paralysis, mental confusion","Bite or scratch from an infected animal, usually a dog or bat.","Post-exposure prophylaxis (PEP), rabies immunoglobulin, supportive care",Salmonella enterica,Varicella-zoster
427,Pneumonia,Parasitic,"An infection that inflames the air sacs in one or both lungs, which may fill with fluid.","Cough with phlegm, fever, chills, difficulty breathing","Infection of the lungs by bacteria, viruses, or fungi, often following a cold or flu.","Antibiotics (if bacterial), antiviral or antifungal medications, supportive care",Staphylococcus aureus,Rotavirus
428,Ebola,Viral,"A severe, often fatal illness in humans caused by the Ebola virus.","Fever, severe headache, muscle pain, vomiting, diarrhea, bleeding","Infection with Ebola virus, transmitted by contact with bodily fluids of infected persons or animals.","Supportive care, intravenous fluids, experimental antiviral drugs",Pseudomonas aeruginosa,Varicella-zoster
429,Malaria,Metabolic,"A mosquito-borne infectious disease caused by Plasmodium parasites, leading to fever, chills, and flu-like illness.","Fever, chills, headache, nausea, vomiting, muscle pain","Infection by Plasmodium parasites, transmitted by the bite of infected Anopheles mosquitoes.","Antimalarial drugs (artemisinin-based combination therapies, chloroquine)",Pseudomonas aeruginosa,Influenza
430,HIV/AIDS,Viral,A virus that attacks the immune system and can lead to acquired immunodeficiency syndrome (AIDS).,"Fever, fatigue, swollen lymph nodes, weight loss, recurrent infections","Infection with the human immunodeficiency virus (HIV), spread through blood, sexual contact, or from mother to child.",Antiretroviral therapy (ART),Salmonella enterica,SARS-CoV-2
431,Chickenpox,Viral,"A highly contagious viral infection causing an itchy, blister-like rash.","Itchy, blister-like rash, fever, tiredness, loss of appetite","Infection with varicella-zoster virus, spread by respiratory droplets or contact with lesions.","Antihistamines, calamine lotion, antiviral drugs (acyclovir) in severe cases",Escherichia coli,Norovirus
432,Dengue,Metabolic,"A mosquito-borne viral infection causing high fever, rash, and muscle and joint pain.","High fever, headache, pain behind the eyes, joint and muscle pain, rash","Infection with dengue virus, transmitted by Aedes mosquitoes.","Supportive care, fluid replacement, pain relievers (acetaminophen)",Salmonella enterica,Mumps
433,Chickenpox,Genetic,"A highly contagious viral infection causing an itchy, blister-like rash.","Itchy, blister-like rash, fever, tiredness, loss of appetite","Infection with varicella-zoster virus, spread by respiratory droplets or contact with lesions.","Antihistamines, calamine lotion, antiviral drugs (acyclovir) in severe cases",Borrelia burgdorferi,Herpes simplex
434,Dengue,Parasitic,"A mosquito-borne viral infection causing high fever, rash, and muscle and joint pain.","High fever, headache, pain behind the eyes, joint and muscle pain, rash","Infection with dengue virus, transmitted by Aedes mosquitoes.","Supportive care, fluid replacement, pain relievers (acetaminophen)",Klebsiella pneumoniae,Norovirus
435,Hypertension,Genetic,A chronic condition characterized by elevated blood pressure levels.,"Often asymptomatic, but may cause headaches, shortness of breath, nosebleeds","Combination of genetic, environmental, and lifestyle factors, including high salt intake, obesity, and stress.","Lifestyle modification, antihypertensive medications",Listeria monocytogenes,Herpes simplex
436,Hypertension,Metabolic,A chronic condition characterized by elevated blood pressure levels.,"Often asymptomatic, but may cause headaches, shortness of breath, nosebleeds","Combination of genetic, environmental, and lifestyle factors, including high salt intake, obesity, and stress.","Lifestyle modification, antihypertensive medications",Pseudomonas aeruginosa,Measles
437,Malaria,Viral,"A mosquito-borne infectious disease caused by Plasmodium parasites, leading to fever, chills, and flu-like illness.","Fever, chills, headache, nausea, vomiting, muscle pain","Infection by Plasmodium parasites, transmitted by the bite of infected Anopheles mosquitoes.","Antimalarial drugs (artemisinin-based combination therapies, chloroquine)",Klebsiella pneumoniae,Influenza
438,Pneumonia,Bacterial,"An infection that inflames the air sacs in one or both lungs, which may fill with fluid.","Cough with phlegm, fever, chills, difficulty breathing","Infection of the lungs by bacteria, viruses, or fungi, often following a cold or flu.","Antibiotics (if bacterial), antiviral or antifungal medications, supportive care",Escherichia coli,Herpes simplex
439,Leprosy,Bacterial,"A chronic infectious disease caused by Mycobacterium leprae, affecting the skin, nerves, and mucous membranes.","Skin lesions, numbness, muscle weakness, eye problems","Chronic infection with Mycobacterium leprae, spread via respiratory droplets.","Multidrug therapy (dapsone, rifampicin, clofazimine)",Helicobacter pylori,Rabies
440,Cholera,Metabolic,An acute diarrheal illness caused by infection of the intestine with Vibrio cholerae.,"Severe diarrhea, dehydration, vomiting, rapid heart rate",Ingestion of water or food contaminated with Vibrio cholerae bacteria.,"Rehydration therapy, antibiotics in severe cases",Helicobacter pylori,Measles
441,Pneumonia,Viral,"An infection that inflames the air sacs in one or both lungs, which may fill with fluid.","Cough with phlegm, fever, chills, difficulty breathing","Infection of the lungs by bacteria, viruses, or fungi, often following a cold or flu.","Antibiotics (if bacterial), antiviral or antifungal medications, supportive care",Treponema pallidum,Polio
442,Ebola,Genetic,"A severe, often fatal illness in humans caused by the Ebola virus.","Fever, severe headache, muscle pain, vomiting, diarrhea, bleeding","Infection with Ebola virus, transmitted by contact with bodily fluids of infected persons or animals.","Supportive care, intravenous fluids, experimental antiviral drugs",Bacillus anthracis,Measles
443,Influenza,Viral,A disease affecting humans. Further research may be required for specific details about Influenza.,"front, unit, general","Varies: may include infections, genetics, environment, or lifestyle factors. Further research may be required for specific details about Influenza.","Supportive care, consult a healthcare professional",Clostridium tetani,Norovirus
444,Malaria,Parasitic,"A mosquito-borne infectious disease caused by Plasmodium parasites, leading to fever, chills, and flu-like illness.","Fever, chills, headache, nausea, vomiting, muscle pain","Infection by Plasmodium parasites, transmitted by the bite of infected Anopheles mosquitoes.","Antimalarial drugs (artemisinin-based combination therapies, chloroquine)",Corynebacterium diphtheriae,Rabies
445,Chickenpox,Bacterial,"A highly contagious viral infection causing an itchy, blister-like rash.","Itchy, blister-like rash, fever, tiredness, loss of appetite","Infection with varicella-zoster virus, spread by respiratory droplets or contact with lesions.","Antihistamines, calamine lotion, antiviral drugs (acyclovir) in severe cases",Pseudomonas aeruginosa,Rotavirus
446,Zika,Metabolic,"A disease caused by Zika virus, spread mainly by mosquitoes, associated with birth defects when contracted during pregnancy.","Fever, rash, joint pain, red eyes, muscle pain","Infection with Zika virus, transmitted by Aedes mosquitoes or sexual contact.","Supportive care, rest, fluids, pain relievers",Shigella dysenteriae,Varicella-zoster
447,Chickenpox,Genetic,"A highly contagious viral infection causing an itchy, blister-like rash.","Itchy, blister-like rash, fever, tiredness, loss of appetite","Infection with varicella-zoster virus, spread by respiratory droplets or contact with lesions.","Antihistamines, calamine lotion, antiviral drugs (acyclovir) in severe cases",Neisseria meningitidis,Dengue
448,Hepatitis B,Bacterial,A viral infection that attacks the liver and can cause both acute and chronic disease.,"Jaundice, fatigue, abdominal pain, loss of appetite, nausea","Infection with hepatitis B virus, transmitted through blood, sexual contact, or from mother to child.","Antiviral medications (tenofovir, entecavir), supportive care",Listeria monocytogenes,Marburg
449,Asthma,Metabolic,"A chronic inflammatory disease of the airways that causes periodic attacks of wheezing, shortness of breath, and coughing.","Shortness of breath, wheezing, coughing, chest tightness","Chronic inflammation of the airways, triggered by allergens, pollution, respiratory infections, or exercise.","Inhaled corticosteroids, bronchodilators, avoiding triggers",Mycobacterium tuberculosis,Marburg
450,Rabies,Bacterial,A deadly viral infection that is transmitted to humans through the bite of infected animals.,"Fever, headache, excess salivation, muscle spasms, paralysis, mental confusion","Bite or scratch from an infected animal, usually a dog or bat.","Post-exposure prophylaxis (PEP), rabies immunoglobulin, supportive care",Helicobacter pylori,Mumps
451,Dengue,Bacterial,"A mosquito-borne viral infection causing high fever, rash, and muscle and joint pain.","High fever, headache, pain behind the eyes, joint and muscle pain, rash","Infection with dengue virus, transmitted by Aedes mosquitoes.","Supportive care, fluid replacement, pain relievers (acetaminophen)",Corynebacterium diphtheriae,Zika
452,Measles,Viral,"A highly contagious viral disease causing fever, cough, and a characteristic rash.","Fever, cough, runny nose, inflamed eyes, red rash","Infection with measles virus, spread by respiratory droplets.","Supportive care, vitamin A supplementation",Yersinia pestis,Hepatitis B
453,Cholera,Viral,An acute diarrheal illness caused by infection of the intestine with Vibrio cholerae.,"Severe diarrhea, dehydration, vomiting, rapid heart rate",Ingestion of water or food contaminated with Vibrio cholerae bacteria.,"Rehydration therapy, antibiotics in severe cases",Enterococcus faecalis,Epstein-Barr
454,Ebola,Bacterial,"A severe, often fatal illness in humans caused by the Ebola virus.","Fever, severe headache, muscle pain, vomiting, diarrhea, bleeding","Infection with Ebola virus, transmitted by contact with bodily fluids of infected persons or animals.","Supportive care, intravenous fluids, experimental antiviral drugs",Staphylococcus aureus,Cytomegalovirus
455,Pneumonia,Bacterial,"An infection that inflames the air sacs in one or both lungs, which may fill with fluid.","Cough with phlegm, fever, chills, difficulty breathing","Infection of the lungs by bacteria, viruses, or fungi, often following a cold or flu.","Antibiotics (if bacterial), antiviral or antifungal medications, supportive care",Listeria monocytogenes,Rabies
456,Tuberculosis,Metabolic,"A potentially serious infectious disease that mainly affects the lungs, caused by Mycobacterium tuberculosis.","Cough (sometimes blood-tinged), weight loss, night sweats, fever","Infection by Mycobacterium tuberculosis, transmitted via airborne droplets from coughs or sneezes.","Antibiotic therapy (isoniazid, rifampin, ethambutol, pyrazinamide)",Neisseria meningitidis,Hepatitis B
457,Hepatitis B,Metabolic,A viral infection that attacks the liver and can cause both acute and chronic disease.,"Jaundice, fatigue, abdominal pain, loss of appetite, nausea","Infection with hepatitis B virus, transmitted through blood, sexual contact, or from mother to child.","Antiviral medications (tenofovir, entecavir), supportive care",Neisseria meningitidis,Measles
458,Hypertension,Metabolic,A chronic condition characterized by elevated blood pressure levels.,"Often asymptomatic, but may cause headaches, shortness of breath, nosebleeds","Combination of genetic, environmental, and lifestyle factors, including high salt intake, obesity, and stress.","Lifestyle modification, antihypertensive medications",Listeria monocytogenes,Rubella
459,Polio,Parasitic,A viral disease that can affect nerves and can lead to partial or full paralysis.,"Fever, sore throat, headache, vomiting, back pain, neck stiffness, paralysis","Infection with poliovirus, spread by fecal-oral route.","Supportive care, physical therapy, ventilatory support if needed",Mycobacterium tuberculosis,Mumps
460,Malaria,Bacterial,"A mosquito-borne infectious disease caused by Plasmodium parasites, leading to fever, chills, and flu-like illness.","Fever, chills, headache, nausea, vomiting, muscle pain","Infection by Plasmodium parasites, transmitted by the bite of infected Anopheles mosquitoes.","Antimalarial drugs (artemisinin-based combination therapies, chloroquine)",Mycobacterium tuberculosis,Polio
461,Asthma,Bacterial,"A chronic inflammatory disease of the airways that causes periodic attacks of wheezing, shortness of breath, and coughing.","Shortness of breath, wheezing, coughing, chest tightness","Chronic inflammation of the airways, triggered by allergens, pollution, respiratory infections, or exercise.","Inhaled corticosteroids, bronchodilators, avoiding triggers",Bacillus anthracis,Rabies
462,Asthma,Parasitic,"A chronic inflammatory disease of the airways that causes periodic attacks of wheezing, shortness of breath, and coughing.","Shortness of breath, wheezing, coughing, chest tightness","Chronic inflammation of the airways, triggered by allergens, pollution, respiratory infections, or exercise.","Inhaled corticosteroids, bronchodilators, avoiding triggers",Vibrio cholerae,Measles
463,COVID-19,Viral,"A contagious respiratory illness caused by the SARS-CoV-2 virus, leading to symptoms ranging from mild cold-like illness to severe pneumonia.","Fever, cough, shortness of breath, fatigue, loss of taste or smell","Infection with the SARS-CoV-2 coronavirus, primarily spread via respiratory droplets.","Supportive care, oxygen therapy, antiviral medications (e.g., remdesivir)",Neisseria meningitidis,Influenza
464,Ebola,Viral,"A severe, often fatal illness in humans caused by the Ebola virus.","Fever, severe headache, muscle pain, vomiting, diarrhea, bleeding","Infection with Ebola virus, transmitted by contact with bodily fluids of infected persons or animals.","Supportive care, intravenous fluids, experimental antiviral drugs",Treponema pallidum,Measles
465,Pneumonia,Viral,"An infection that inflames the air sacs in one or both lungs, which may fill with fluid.","Cough with phlegm, fever, chills, difficulty breathing","Infection of the lungs by bacteria, viruses, or fungi, often following a cold or flu.","Antibiotics (if bacterial), antiviral or antifungal medications, supportive care",Streptococcus pneumoniae,Varicella-zoster
466,Diabetes Mellitus,Genetic,A group of metabolic diseases characterized by high blood sugar levels over a prolonged period.,"Increased thirst, frequent urination, hunger, fatigue, blurred vision","Insufficient insulin production or insulin resistance, influenced by genetics, lifestyle, and obesity.","Insulin therapy, oral hypoglycemic agents, diet, exercise",Neisseria meningitidis,Marburg
467,Diabetes Mellitus,Viral,A group of metabolic diseases characterized by high blood sugar levels over a prolonged period.,"Increased thirst, frequent urination, hunger, fatigue, blurred vision","Insufficient insulin production or insulin resistance, influenced by genetics, lifestyle, and obesity.","Insulin therapy, oral hypoglycemic agents, diet, exercise",Helicobacter pylori,HPV
468,Polio,Parasitic,A viral disease that can affect nerves and can lead to partial or full paralysis.,"Fever, sore throat, headache, vomiting, back pain, neck stiffness, paralysis","Infection with poliovirus, spread by fecal-oral route.","Supportive care, physical therapy, ventilatory support if needed",Mycobacterium tuberculosis,Epstein-Barr
469,Measles,Bacterial,"A highly contagious viral disease causing fever, cough, and a characteristic rash.","Fever, cough, runny nose, inflamed eyes, red rash","Infection with measles virus, spread by respiratory droplets.","Supportive care, vitamin A supplementation",Shigella dysenteriae,Rabies
470,HIV/AIDS,Metabolic,A virus that attacks the immune system and can lead to acquired immunodeficiency syndrome (AIDS).,"Fever, fatigue, swollen lymph nodes, weight loss, recurrent infections","Infection with the human immunodeficiency virus (HIV), spread through blood, sexual contact, or from mother to child.",Antiretroviral therapy (ART),Bacillus anthracis,Polio
471,Hepatitis B,Bacterial,A viral infection that attacks the liver and can cause both acute and chronic disease.,"Jaundice, fatigue, abdominal pain, loss of appetite, nausea","Infection with hepatitis B virus, transmitted through blood, sexual contact, or from mother to child.","Antiviral medications (tenofovir, entecavir), supportive care",Proteus mirabilis,Measles
472,Dengue,Genetic,"A mosquito-borne viral infection causing high fever, rash, and muscle and joint pain.","High fever, headache, pain behind the eyes, joint and muscle pain, rash","Infection with dengue virus, transmitted by Aedes mosquitoes.","Supportive care, fluid replacement, pain relievers (acetaminophen)",Proteus mirabilis,Hepatitis B
473,Cholera,Parasitic,An acute diarrheal illness caused by infection of the intestine with Vibrio cholerae.,"Severe diarrhea, dehydration, vomiting, rapid heart rate",Ingestion of water or food contaminated with Vibrio cholerae bacteria.,"Rehydration therapy, antibiotics in severe cases",Bacillus anthracis,Varicella-zoster
474,Measles,Genetic,"A highly contagious viral disease causing fever, cough, and a characteristic rash.","Fever, cough, runny nose, inflamed eyes, red rash","Infection with measles virus, spread by respiratory droplets.","Supportive care, vitamin A supplementation",Neisseria meningitidis,HPV
475,Ebola,Viral,"A severe, often fatal illness in humans caused by the Ebola virus.","Fever, severe headache, muscle pain, vomiting, diarrhea, bleeding","Infection with Ebola virus, transmitted by contact with bodily fluids of infected persons or animals.","Supportive care, intravenous fluids, experimental antiviral drugs",Listeria monocytogenes,Rubella
476,Hepatitis B,Parasitic,A viral infection that attacks the liver and can cause both acute and chronic disease.,"Jaundice, fatigue, abdominal pain, loss of appetite, nausea","Infection with hepatitis B virus, transmitted through blood, sexual contact, or from mother to child.","Antiviral medications (tenofovir, entecavir), supportive care",Mycobacterium tuberculosis,Marburg
477,Hypertension,Bacterial,A chronic condition characterized by elevated blood pressure levels.,"Often asymptomatic, but may cause headaches, shortness of breath, nosebleeds","Combination of genetic, environmental, and lifestyle factors, including high salt intake, obesity, and stress.","Lifestyle modification, antihypertensive medications",Pseudomonas aeruginosa,Epstein-Barr
478,Measles,Bacterial,"A highly contagious viral disease causing fever, cough, and a characteristic rash.","Fever, cough, runny nose, inflamed eyes, red rash","Infection with measles virus, spread by respiratory droplets.","Supportive care, vitamin A supplementation",Salmonella enterica,Hepatitis B
479,Ebola,Viral,"A severe, often fatal illness in humans caused by the Ebola virus.","Fever, severe headache, muscle pain, vomiting, diarrhea, bleeding","Infection with Ebola virus, transmitted by contact with bodily fluids of infected persons or animals.","Supportive care, intravenous fluids, experimental antiviral drugs",Escherichia coli,Zika
480,Rabies,Bacterial,A deadly viral infection that is transmitted to humans through the bite of infected animals.,"Fever, headache, excess salivation, muscle spasms, paralysis, mental confusion","Bite or scratch from an infected animal, usually a dog or bat.","Post-exposure prophylaxis (PEP), rabies immunoglobulin, supportive care",Escherichia coli,Mumps
481,Cholera,Viral,An acute diarrheal illness caused by infection of the intestine with Vibrio cholerae.,"Severe diarrhea, dehydration, vomiting, rapid heart rate",Ingestion of water or food contaminated with Vibrio cholerae bacteria.,"Rehydration therapy, antibiotics in severe cases",Treponema pallidum,HPV
482,Asthma,Viral,"A chronic inflammatory disease of the airways that causes periodic attacks of wheezing, shortness of breath, and coughing.","Shortness of breath, wheezing, coughing, chest tightness","Chronic inflammation of the airways, triggered by allergens, pollution, respiratory infections, or exercise.","Inhaled corticosteroids, bronchodilators, avoiding triggers",Borrelia burgdorferi,Marburg
483,Cholera,Genetic,An acute diarrheal illness caused by infection of the intestine with Vibrio cholerae.,"Severe diarrhea, dehydration, vomiting, rapid heart rate",Ingestion of water or food contaminated with Vibrio cholerae bacteria.,"Rehydration therapy, antibiotics in severe cases",Proteus mirabilis,Cytomegalovirus
484,Diabetes Mellitus,Parasitic,A group of metabolic diseases characterized by high blood sugar levels over a prolonged period.,"Increased thirst, frequent urination, hunger, fatigue, blurred vision","Insufficient insulin production or insulin resistance, influenced by genetics, lifestyle, and obesity.","Insulin therapy, oral hypoglycemic agents, diet, exercise",Salmonella enterica,HIV
485,Dengue,Viral,"A mosquito-borne viral infection causing high fever, rash, and muscle and joint pain.","High fever, headache, pain behind the eyes, joint and muscle pain, rash","Infection with dengue virus, transmitted by Aedes mosquitoes.","Supportive care, fluid replacement, pain relievers (acetaminophen)",Escherichia coli,Epstein-Barr
486,Malaria,Genetic,"A mosquito-borne infectious disease caused by Plasmodium parasites, leading to fever, chills, and flu-like illness.","Fever, chills, headache, nausea, vomiting, muscle pain","Infection by Plasmodium parasites, transmitted by the bite of infected Anopheles mosquitoes.","Antimalarial drugs (artemisinin-based combination therapies, chloroquine)",Bacillus anthracis,Rabies
487,Hypertension,Viral,A chronic condition characterized by elevated blood pressure levels.,"Often asymptomatic, but may cause headaches, shortness of breath, nosebleeds","Combination of genetic, environmental, and lifestyle factors, including high salt intake, obesity, and stress.","Lifestyle modification, antihypertensive medications",Escherichia coli,Influenza
488,Polio,Bacterial,A viral disease that can affect nerves and can lead to partial or full paralysis.,"Fever, sore throat, headache, vomiting, back pain, neck stiffness, paralysis","Infection with poliovirus, spread by fecal-oral route.","Supportive care, physical therapy, ventilatory support if needed",Salmonella enterica,Epstein-Barr
489,Chickenpox,Metabolic,"A highly contagious viral infection causing an itchy, blister-like rash.","Itchy, blister-like rash, fever, tiredness, loss of appetite","Infection with varicella-zoster virus, spread by respiratory droplets or contact with lesions.","Antihistamines, calamine lotion, antiviral drugs (acyclovir) in severe cases",Neisseria meningitidis,Marburg
490,Cholera,Genetic,An acute diarrheal illness caused by infection of the intestine with Vibrio cholerae.,"Severe diarrhea, dehydration, vomiting, rapid heart rate",Ingestion of water or food contaminated with Vibrio cholerae bacteria.,"Rehydration therapy, antibiotics in severe cases",Borrelia burgdorferi,Herpes simplex
491,Meningitis,Bacterial,"An inflammation of the membranes (meninges) surrounding the brain and spinal cord, caused by infection.","Sudden high fever, stiff neck, headache, nausea, sensitivity to light","Infection of the meninges by bacteria, viruses, fungi, or parasites.","Antibiotics (if bacterial), antiviral or antifungal medications, corticosteroids",Neisseria meningitidis,Polio
492,Asthma,Bacterial,"A chronic inflammatory disease of the airways that causes periodic attacks of wheezing, shortness of breath, and coughing.","Shortness of breath, wheezing, coughing, chest tightness","Chronic inflammation of the airways, triggered by allergens, pollution, respiratory infections, or exercise.","Inhaled corticosteroids, bronchodilators, avoiding triggers",Salmonella enterica,Norovirus
493,Cholera,Parasitic,An acute diarrheal illness caused by infection of the intestine with Vibrio cholerae.,"Severe diarrhea, dehydration, vomiting, rapid heart rate",Ingestion of water or food contaminated with Vibrio cholerae bacteria.,"Rehydration therapy, antibiotics in severe cases",Yersinia pestis,SARS-CoV-2
494,Rabies,Viral,A deadly viral infection that is transmitted to humans through the bite of infected animals.,"Fever, headache, excess salivation, muscle spasms, paralysis, mental confusion","Bite or scratch from an infected animal, usually a dog or bat.","Post-exposure prophylaxis (PEP), rabies immunoglobulin, supportive care",Escherichia coli,Rotavirus
495,Hepatitis B,Bacterial,A viral infection that attacks the liver and can cause both acute and chronic disease.,"Jaundice, fatigue, abdominal pain, loss of appetite, nausea","Infection with hepatitis B virus, transmitted through blood, sexual contact, or from mother to child.","Antiviral medications (tenofovir, entecavir), supportive care",Clostridium tetani,Polio
496,Measles,Viral,"A highly contagious viral disease causing fever, cough, and a characteristic rash.","Fever, cough, runny nose, inflamed eyes, red rash","Infection with measles virus, spread by respiratory droplets.","Supportive care, vitamin A supplementation",Vibrio cholerae,Influenza
497,Dengue,Parasitic,"A mosquito-borne viral infection causing high fever, rash, and muscle and joint pain.","High fever, headache, pain behind the eyes, joint and muscle pain, rash","Infection with dengue virus, transmitted by Aedes mosquitoes.","Supportive care, fluid replacement, pain relievers (acetaminophen)",Clostridium tetani,Polio
498,Zika,Viral,"A disease caused by Zika virus, spread mainly by mosquitoes, associated with birth defects when contracted during pregnancy.","Fever, rash, joint pain, red eyes, muscle pain","Infection with Zika virus, transmitted by Aedes mosquitoes or sexual contact.","Supportive care, rest, fluids, pain relievers",Proteus mirabilis,Rotavirus
499,Leprosy,Genetic,"A chronic infectious disease caused by Mycobacterium leprae, affecting the skin, nerves, and mucous membranes.","Skin lesions, numbness, muscle weakness, eye problems","Chronic infection with Mycobacterium leprae, spread via respiratory droplets.","Multidrug therapy (dapsone, rifampicin, clofazimine)",Escherichia coli,Epstein-Barr
500,Malaria,Bacterial,"A mosquito-borne infectious disease caused by Plasmodium parasites, leading to fever, chills, and flu-like illness.","Fever, chills, headache, nausea, vomiting, muscle pain","Infection by Plasmodium parasites, transmitted by the bite of infected Anopheles mosquitoes.","Antimalarial drugs (artemisinin-based combination therapies, chloroquine)",Shigella dysenteriae,Epstein-Barr
501,Chickenpox,Metabolic,"A highly contagious viral infection causing an itchy, blister-like rash.","Itchy, blister-like rash, fever, tiredness, loss of appetite","Infection with varicella-zoster virus, spread by respiratory droplets or contact with lesions.","Antihistamines, calamine lotion, antiviral drugs (acyclovir) in severe cases",Pseudomonas aeruginosa,Polio
502,Chickenpox,Bacterial,"A highly contagious viral infection causing an itchy, blister-like rash.","Itchy, blister-like rash, fever, tiredness, loss of appetite","Infection with varicella-zoster virus, spread by respiratory droplets or contact with lesions.","Antihistamines, calamine lotion, antiviral drugs (acyclovir) in severe cases",Yersinia pestis,Dengue
503,Pneumonia,Viral,"An infection that inflames the air sacs in one or both lungs, which may fill with fluid.","Cough with phlegm, fever, chills, difficulty breathing","Infection of the lungs by bacteria, viruses, or fungi, often following a cold or flu.","Antibiotics (if bacterial), antiviral or antifungal medications, supportive care",Salmonella enterica,Epstein-Barr
504,Leprosy,Bacterial,"A chronic infectious disease caused by Mycobacterium leprae, affecting the skin, nerves, and mucous membranes.","Skin lesions, numbness, muscle weakness, eye problems","Chronic infection with Mycobacterium leprae, spread via respiratory droplets.","Multidrug therapy (dapsone, rifampicin, clofazimine)",Salmonella enterica,Varicella-zoster
505,Influenza,Metabolic,A disease affecting humans. Further research may be required for specific details about Influenza.,"already, off, section, produce","Varies: may include infections, genetics, environment, or lifestyle factors. Further research may be required for specific details about Influenza.","Supportive care, consult a healthcare professional",Clostridium tetani,Rubella
506,Malaria,Parasitic,"A mosquito-borne infectious disease caused by Plasmodium parasites, leading to fever, chills, and flu-like illness.","Fever, chills, headache, nausea, vomiting, muscle pain","Infection by Plasmodium parasites, transmitted by the bite of infected Anopheles mosquitoes.","Antimalarial drugs (artemisinin-based combination therapies, chloroquine)",Escherichia coli,Measles
507,Cholera,Genetic,An acute diarrheal illness caused by infection of the intestine with Vibrio cholerae.,"Severe diarrhea, dehydration, vomiting, rapid heart rate",Ingestion of water or food contaminated with Vibrio cholerae bacteria.,"Rehydration therapy, antibiotics in severe cases",Yersinia pestis,Rabies
508,Meningitis,Parasitic,"An inflammation of the membranes (meninges) surrounding the brain and spinal cord, caused by infection.","Sudden high fever, stiff neck, headache, nausea, sensitivity to light","Infection of the meninges by bacteria, viruses, fungi, or parasites.","Antibiotics (if bacterial), antiviral or antifungal medications, corticosteroids",Shigella dysenteriae,Rotavirus
509,Cholera,Viral,An acute diarrheal illness caused by infection of the intestine with Vibrio cholerae.,"Severe diarrhea, dehydration, vomiting, rapid heart rate",Ingestion of water or food contaminated with Vibrio cholerae bacteria.,"Rehydration therapy, antibiotics in severe cases",Streptococcus pneumoniae,Measles
510,Pneumonia,Metabolic,"An infection that inflames the air sacs in one or both lungs, which may fill with fluid.","Cough with phlegm, fever, chills, difficulty breathing","Infection of the lungs by bacteria, viruses, or fungi, often following a cold or flu.","Antibiotics (if bacterial), antiviral or antifungal medications, supportive care",Clostridium tetani,SARS-CoV-2
511,Dengue,Genetic,"A mosquito-borne viral infection causing high fever, rash, and muscle and joint pain.","High fever, headache, pain behind the eyes, joint and muscle pain, rash","Infection with dengue virus, transmitted by Aedes mosquitoes.","Supportive care, fluid replacement, pain relievers (acetaminophen)",Escherichia coli,Measles
512,Pneumonia,Genetic,"An infection that inflames the air sacs in one or both lungs, which may fill with fluid.","Cough with phlegm, fever, chills, difficulty breathing","Infection of the lungs by bacteria, viruses, or fungi, often following a cold or flu.","Antibiotics (if bacterial), antiviral or antifungal medications, supportive care",Helicobacter pylori,Hepatitis B
513,Pneumonia,Viral,"An infection that inflames the air sacs in one or both lungs, which may fill with fluid.","Cough with phlegm, fever, chills, difficulty breathing","Infection of the lungs by bacteria, viruses, or fungi, often following a cold or flu.","Antibiotics (if bacterial), antiviral or antifungal medications, supportive care",Clostridium tetani,Rabies
514,Ebola,Viral,"A severe, often fatal illness in humans caused by the Ebola virus.","Fever, severe headache, muscle pain, vomiting, diarrhea, bleeding","Infection with Ebola virus, transmitted by contact with bodily fluids of infected persons or animals.","Supportive care, intravenous fluids, experimental antiviral drugs",Treponema pallidum,HIV
515,Hepatitis B,Parasitic,A viral infection that attacks the liver and can cause both acute and chronic disease.,"Jaundice, fatigue, abdominal pain, loss of appetite, nausea","Infection with hepatitis B virus, transmitted through blood, sexual contact, or from mother to child.","Antiviral medications (tenofovir, entecavir), supportive care",Shigella dysenteriae,Influenza
516,Leprosy,Bacterial,"A chronic infectious disease caused by Mycobacterium leprae, affecting the skin, nerves, and mucous membranes.","Skin lesions, numbness, muscle weakness, eye problems","Chronic infection with Mycobacterium leprae, spread via respiratory droplets.","Multidrug therapy (dapsone, rifampicin, clofazimine)",Salmonella enterica,Dengue
517,Ebola,Viral,"A severe, often fatal illness in humans caused by the Ebola virus.","Fever, severe headache, muscle pain, vomiting, diarrhea, bleeding","Infection with Ebola virus, transmitted by contact with bodily fluids of infected persons or animals.","Supportive care, intravenous fluids, experimental antiviral drugs",Mycobacterium tuberculosis,Measles
518,HIV/AIDS,Viral,A virus that attacks the immune system and can lead to acquired immunodeficiency syndrome (AIDS).,"Fever, fatigue, swollen lymph nodes, weight loss, recurrent infections","Infection with the human immunodeficiency virus (HIV), spread through blood, sexual contact, or from mother to child.",Antiretroviral therapy (ART),Neisseria meningitidis,Mumps
519,COVID-19,Genetic,"A contagious respiratory illness caused by the SARS-CoV-2 virus, leading to symptoms ranging from mild cold-like illness to severe pneumonia.","Fever, cough, shortness of breath, fatigue, loss of taste or smell","Infection with the SARS-CoV-2 coronavirus, primarily spread via respiratory droplets.","Supportive care, oxygen therapy, antiviral medications (e.g., remdesivir)",Proteus mirabilis,Rubella
520,Cholera,Metabolic,An acute diarrheal illness caused by infection of the intestine with Vibrio cholerae.,"Severe diarrhea, dehydration, vomiting, rapid heart rate",Ingestion of water or food contaminated with Vibrio cholerae bacteria.,"Rehydration therapy, antibiotics in severe cases",Clostridium tetani,SARS-CoV-2
521,Asthma,Metabolic,"A chronic inflammatory disease of the airways that causes periodic attacks of wheezing, shortness of breath, and coughing.","Shortness of breath, wheezing, coughing, chest tightness","Chronic inflammation of the airways, triggered by allergens, pollution, respiratory infections, or exercise.","Inhaled corticosteroids, bronchodilators, avoiding triggers",Pseudomonas aeruginosa,Varicella-zoster
522,Hepatitis B,Genetic,A viral infection that attacks the liver and can cause both acute and chronic disease.,"Jaundice, fatigue, abdominal pain, loss of appetite, nausea","Infection with hepatitis B virus, transmitted through blood, sexual contact, or from mother to child.","Antiviral medications (tenofovir, entecavir), supportive care",Helicobacter pylori,Mumps
523,Cholera,Bacterial,An acute diarrheal illness caused by infection of the intestine with Vibrio cholerae.,"Severe diarrhea, dehydration, vomiting, rapid heart rate",Ingestion of water or food contaminated with Vibrio cholerae bacteria.,"Rehydration therapy, antibiotics in severe cases",Streptococcus pneumoniae,Marburg
524,Meningitis,Viral,"An inflammation of the membranes (meninges) surrounding the brain and spinal cord, caused by infection.","Sudden high fever, stiff neck, headache, nausea, sensitivity to light","Infection of the meninges by bacteria, viruses, fungi, or parasites.","Antibiotics (if bacterial), antiviral or antifungal medications, corticosteroids",Enterococcus faecalis,Epstein-Barr
525,Measles,Genetic,"A highly contagious viral disease causing fever, cough, and a characteristic rash.","Fever, cough, runny nose, inflamed eyes, red rash","Infection with measles virus, spread by respiratory droplets.","Supportive care, vitamin A supplementation",Staphylococcus aureus,SARS-CoV-2
526,Malaria,Genetic,"A mosquito-borne infectious disease caused by Plasmodium parasites, leading to fever, chills, and flu-like illness.","Fever, chills, headache, nausea, vomiting, muscle pain","Infection by Plasmodium parasites, transmitted by the bite of infected Anopheles mosquitoes.","Antimalarial drugs (artemisinin-based combination therapies, chloroquine)",Clostridium tetani,Zika
527,Hepatitis B,Parasitic,A viral infection that attacks the liver and can cause both acute and chronic disease.,"Jaundice, fatigue, abdominal pain, loss of appetite, nausea","Infection with hepatitis B virus, transmitted through blood, sexual contact, or from mother to child.","Antiviral medications (tenofovir, entecavir), supportive care",Helicobacter pylori,Herpes simplex
528,Hypertension,Viral,A chronic condition characterized by elevated blood pressure levels.,"Often asymptomatic, but may cause headaches, shortness of breath, nosebleeds","Combination of genetic, environmental, and lifestyle factors, including high salt intake, obesity, and stress.","Lifestyle modification, antihypertensive medications",Staphylococcus aureus,Varicella-zoster
529,Rabies,Genetic,A deadly viral infection that is transmitted to humans through the bite of infected animals.,"Fever, headache, excess salivation, muscle spasms, paralysis, mental confusion","Bite or scratch from an infected animal, usually a dog or bat.","Post-exposure prophylaxis (PEP), rabies immunoglobulin, supportive care",Proteus mirabilis,Ebola
530,Cholera,Parasitic,An acute diarrheal illness caused by infection of the intestine with Vibrio cholerae.,"Severe diarrhea, dehydration, vomiting, rapid heart rate",Ingestion of water or food contaminated with Vibrio cholerae bacteria.,"Rehydration therapy, antibiotics in severe cases",Corynebacterium diphtheriae,Epstein-Barr
531,Influenza,Viral,A disease affecting humans. Further research may be required for specific details about Influenza.,"democratic, deep","Varies: may include infections, genetics, environment, or lifestyle factors. Further research may be required for specific details about Influenza.","Supportive care, consult a healthcare professional",Salmonella enterica,Marburg
532,Dengue,Metabolic,"A mosquito-borne viral infection causing high fever, rash, and muscle and joint pain.","High fever, headache, pain behind the eyes, joint and muscle pain, rash","Infection with dengue virus, transmitted by Aedes mosquitoes.","Supportive care, fluid replacement, pain relievers (acetaminophen)",Staphylococcus aureus,Marburg
533,Leprosy,Metabolic,"A chronic infectious disease caused by Mycobacterium leprae, affecting the skin, nerves, and mucous membranes.","Skin lesions, numbness, muscle weakness, eye problems","Chronic infection with Mycobacterium leprae, spread via respiratory droplets.","Multidrug therapy (dapsone, rifampicin, clofazimine)",Staphylococcus aureus,SARS-CoV-2
534,Influenza,Metabolic,A disease affecting humans. Further research may be required for specific details about Influenza.,"final, movement, realize, customer, your","Varies: may include infections, genetics, environment, or lifestyle factors. Further research may be required for specific details about Influenza.","Supportive care, consult a healthcare professional",Treponema pallidum,Cytomegalovirus
535,Meningitis,Bacterial,"An inflammation of the membranes (meninges) surrounding the brain and spinal cord, caused by infection.","Sudden high fever, stiff neck, headache, nausea, sensitivity to light","Infection of the meninges by bacteria, viruses, fungi, or parasites.","Antibiotics (if bacterial), antiviral or antifungal medications, corticosteroids",Neisseria meningitidis,Varicella-zoster
536,Malaria,Parasitic,"A mosquito-borne infectious disease caused by Plasmodium parasites, leading to fever, chills, and flu-like illness.","Fever, chills, headache, nausea, vomiting, muscle pain","Infection by Plasmodium parasites, transmitted by the bite of infected Anopheles mosquitoes.","Antimalarial drugs (artemisinin-based combination therapies, chloroquine)",Pseudomonas aeruginosa,HPV
537,Pneumonia,Parasitic,"An infection that inflames the air sacs in one or both lungs, which may fill with fluid.","Cough with phlegm, fever, chills, difficulty breathing","Infection of the lungs by bacteria, viruses, or fungi, often following a cold or flu.","Antibiotics (if bacterial), antiviral or antifungal medications, supportive care",Corynebacterium diphtheriae,Rabies
538,Cholera,Parasitic,An acute diarrheal illness caused by infection of the intestine with Vibrio cholerae.,"Severe diarrhea, dehydration, vomiting, rapid heart rate",Ingestion of water or food contaminated with Vibrio cholerae bacteria.,"Rehydration therapy, antibiotics in severe cases",Shigella dysenteriae,Varicella-zoster
539,Leprosy,Genetic,"A chronic infectious disease caused by Mycobacterium leprae, affecting the skin, nerves, and mucous membranes.","Skin lesions, numbness, muscle weakness, eye problems","Chronic infection with Mycobacterium leprae, spread via respiratory droplets.","Multidrug therapy (dapsone, rifampicin, clofazimine)",Pseudomonas aeruginosa,Hepatitis B
540,Influenza,Genetic,A disease affecting humans. Further research may be required for specific details about Influenza.,"they, reach, game, bad","Varies: may include infections, genetics, environment, or lifestyle factors. Further research may be required for specific details about Influenza.","Supportive care, consult a healthcare professional",Salmonella enterica,Epstein-Barr
541,Diabetes Mellitus,Bacterial,A group of metabolic diseases characterized by high blood sugar levels over a prolonged period.,"Increased thirst, frequent urination, hunger, fatigue, blurred vision","Insufficient insulin production or insulin resistance, influenced by genetics, lifestyle, and obesity.","Insulin therapy, oral hypoglycemic agents, diet, exercise",Borrelia burgdorferi,Hepatitis B
542,Ebola,Parasitic,"A severe, often fatal illness in humans caused by the Ebola virus.","Fever, severe headache, muscle pain, vomiting, diarrhea, bleeding","Infection with Ebola virus, transmitted by contact with bodily fluids of infected persons or animals.","Supportive care, intravenous fluids, experimental antiviral drugs",Pseudomonas aeruginosa,Norovirus
543,Cholera,Parasitic,An acute diarrheal illness caused by infection of the intestine with Vibrio cholerae.,"Severe diarrhea, dehydration, vomiting, rapid heart rate",Ingestion of water or food contaminated with Vibrio cholerae bacteria.,"Rehydration therapy, antibiotics in severe cases",Bacillus anthracis,Rotavirus
544,Diabetes Mellitus,Metabolic,A group of metabolic diseases characterized by high blood sugar levels over a prolonged period.,"Increased thirst, frequent urination, hunger, fatigue, blurred vision","Insufficient insulin production or insulin resistance, influenced by genetics, lifestyle, and obesity.","Insulin therapy, oral hypoglycemic agents, diet, exercise",Staphylococcus aureus,Polio
545,Chickenpox,Genetic,"A highly contagious viral infection causing an itchy, blister-like rash.","Itchy, blister-like rash, fever, tiredness, loss of appetite","Infection with varicella-zoster virus, spread by respiratory droplets or contact with lesions.","Antihistamines, calamine lotion, antiviral drugs (acyclovir) in severe cases",Enterococcus faecalis,Epstein-Barr
546,Measles,Genetic,"A highly contagious viral disease causing fever, cough, and a characteristic rash.","Fever, cough, runny nose, inflamed eyes, red rash","Infection with measles virus, spread by respiratory droplets.","Supportive care, vitamin A supplementation",Mycobacterium tuberculosis,Polio
547,Influenza,Metabolic,A disease affecting humans. Further research may be required for specific details about Influenza.,"now, report, task, its, here","Varies: may include infections, genetics, environment, or lifestyle factors. Further research may be required for specific details about Influenza.","Supportive care, consult a healthcare professional",Corynebacterium diphtheriae,Epstein-Barr
548,Meningitis,Viral,"An inflammation of the membranes (meninges) surrounding the brain and spinal cord, caused by infection.","Sudden high fever, stiff neck, headache, nausea, sensitivity to light","Infection of the meninges by bacteria, viruses, fungi, or parasites.","Antibiotics (if bacterial), antiviral or antifungal medications, corticosteroids",Clostridium tetani,Measles
549,Meningitis,Bacterial,"An inflammation of the membranes (meninges) surrounding the brain and spinal cord, caused by infection.","Sudden high fever, stiff neck, headache, nausea, sensitivity to light","Infection of the meninges by bacteria, viruses, fungi, or parasites.","Antibiotics (if bacterial), antiviral or antifungal medications, corticosteroids",Vibrio cholerae,Zika
550,Hypertension,Metabolic,A chronic condition characterized by elevated blood pressure levels.,"Often asymptomatic, but may cause headaches, shortness of breath, nosebleeds","Combination of genetic, environmental, and lifestyle factors, including high salt intake, obesity, and stress.","Lifestyle modification, antihypertensive medications",Enterococcus faecalis,Norovirus
551,Tuberculosis,Viral,"A potentially serious infectious disease that mainly affects the lungs, caused by Mycobacterium tuberculosis.","Cough (sometimes blood-tinged), weight loss, night sweats, fever","Infection by Mycobacterium tuberculosis, transmitted via airborne droplets from coughs or sneezes.","Antibiotic therapy (isoniazid, rifampin, ethambutol, pyrazinamide)",Vibrio cholerae,Epstein-Barr
552,Polio,Viral,A viral disease that can affect nerves and can lead to partial or full paralysis.,"Fever, sore throat, headache, vomiting, back pain, neck stiffness, paralysis","Infection with poliovirus, spread by fecal-oral route.","Supportive care, physical therapy, ventilatory support if needed",Salmonella enterica,Rabies
553,Zika,Viral,"A disease caused by Zika virus, spread mainly by mosquitoes, associated with birth defects when contracted during pregnancy.","Fever, rash, joint pain, red eyes, muscle pain","Infection with Zika virus, transmitted by Aedes mosquitoes or sexual contact.","Supportive care, rest, fluids, pain relievers",Yersinia pestis,Zika
554,Chickenpox,Genetic,"A highly contagious viral infection causing an itchy, blister-like rash.","Itchy, blister-like rash, fever, tiredness, loss of appetite","Infection with varicella-zoster virus, spread by respiratory droplets or contact with lesions.","Antihistamines, calamine lotion, antiviral drugs (acyclovir) in severe cases",Yersinia pestis,Zika
555,Diabetes Mellitus,Metabolic,A group of metabolic diseases characterized by high blood sugar levels over a prolonged period.,"Increased thirst, frequent urination, hunger, fatigue, blurred vision","Insufficient insulin production or insulin resistance, influenced by genetics, lifestyle, and obesity.","Insulin therapy, oral hypoglycemic agents, diet, exercise",Clostridium tetani,Marburg
556,Zika,Viral,"A disease caused by Zika virus, spread mainly by mosquitoes, associated with birth defects when contracted during pregnancy.","Fever, rash, joint pain, red eyes, muscle pain","Infection with Zika virus, transmitted by Aedes mosquitoes or sexual contact.","Supportive care, rest, fluids, pain relievers",Corynebacterium diphtheriae,Cytomegalovirus
557,HIV/AIDS,Parasitic,A virus that attacks the immune system and can lead to acquired immunodeficiency syndrome (AIDS).,"Fever, fatigue, swollen lymph nodes, weight loss, recurrent infections","Infection with the human immunodeficiency virus (HIV), spread through blood, sexual contact, or from mother to child.",Antiretroviral therapy (ART),Listeria monocytogenes,Hepatitis B
558,Malaria,Metabolic,"A mosquito-borne infectious disease caused by Plasmodium parasites, leading to fever, chills, and flu-like illness.","Fever, chills, headache, nausea, vomiting, muscle pain","Infection by Plasmodium parasites, transmitted by the bite of infected Anopheles mosquitoes.","Antimalarial drugs (artemisinin-based combination therapies, chloroquine)",Enterococcus faecalis,Zika
559,Hepatitis B,Viral,A viral infection that attacks the liver and can cause both acute and chronic disease.,"Jaundice, fatigue, abdominal pain, loss of appetite, nausea","Infection with hepatitis B virus, transmitted through blood, sexual contact, or from mother to child.","Antiviral medications (tenofovir, entecavir), supportive care",Shigella dysenteriae,Mumps
560,Hepatitis B,Genetic,A viral infection that attacks the liver and can cause both acute and chronic disease.,"Jaundice, fatigue, abdominal pain, loss of appetite, nausea","Infection with hepatitis B virus, transmitted through blood, sexual contact, or from mother to child.","Antiviral medications (tenofovir, entecavir), supportive care",Clostridium tetani,Rabies
561,Hypertension,Parasitic,A chronic condition characterized by elevated blood pressure levels.,"Often asymptomatic, but may cause headaches, shortness of breath, nosebleeds","Combination of genetic, environmental, and lifestyle factors, including high salt intake, obesity, and stress.","Lifestyle modification, antihypertensive medications",Borrelia burgdorferi,Epstein-Barr
562,Chickenpox,Viral,"A highly contagious viral infection causing an itchy, blister-like rash.","Itchy, blister-like rash, fever, tiredness, loss of appetite","Infection with varicella-zoster virus, spread by respiratory droplets or contact with lesions.","Antihistamines, calamine lotion, antiviral drugs (acyclovir) in severe cases",Salmonella enterica,Rabies
563,Dengue,Genetic,"A mosquito-borne viral infection causing high fever, rash, and muscle and joint pain.","High fever, headache, pain behind the eyes, joint and muscle pain, rash","Infection with dengue virus, transmitted by Aedes mosquitoes.","Supportive care, fluid replacement, pain relievers (acetaminophen)",Helicobacter pylori,Ebola
564,Ebola,Bacterial,"A severe, often fatal illness in humans caused by the Ebola virus.","Fever, severe headache, muscle pain, vomiting, diarrhea, bleeding","Infection with Ebola virus, transmitted by contact with bodily fluids of infected persons or animals.","Supportive care, intravenous fluids, experimental antiviral drugs",Salmonella enterica,Norovirus
565,Hepatitis B,Metabolic,A viral infection that attacks the liver and can cause both acute and chronic disease.,"Jaundice, fatigue, abdominal pain, loss of appetite, nausea","Infection with hepatitis B virus, transmitted through blood, sexual contact, or from mother to child.","Antiviral medications (tenofovir, entecavir), supportive care",Helicobacter pylori,Polio
566,Chickenpox,Metabolic,"A highly contagious viral infection causing an itchy, blister-like rash.","Itchy, blister-like rash, fever, tiredness, loss of appetite","Infection with varicella-zoster virus, spread by respiratory droplets or contact with lesions.","Antihistamines, calamine lotion, antiviral drugs (acyclovir) in severe cases",Bacillus anthracis,Rabies
567,Chickenpox,Genetic,"A highly contagious viral infection causing an itchy, blister-like rash.","Itchy, blister-like rash, fever, tiredness, loss of appetite","Infection with varicella-zoster virus, spread by respiratory droplets or contact with lesions.","Antihistamines, calamine lotion, antiviral drugs (acyclovir) in severe cases",Neisseria meningitidis,HPV
568,Pneumonia,Viral,"An infection that inflames the air sacs in one or both lungs, which may fill with fluid.","Cough with phlegm, fever, chills, difficulty breathing","Infection of the lungs by bacteria, viruses, or fungi, often following a cold or flu.","Antibiotics (if bacterial), antiviral or antifungal medications, supportive care",Listeria monocytogenes,Mumps
569,Influenza,Metabolic,A disease affecting humans. Further research may be required for specific details about Influenza.,"impact, clear, age","Varies: may include infections, genetics, environment, or lifestyle factors. Further research may be required for specific details about Influenza.","Supportive care, consult a healthcare professional",Pseudomonas aeruginosa,Measles
570,Hepatitis B,Parasitic,A viral infection that attacks the liver and can cause both acute and chronic disease.,"Jaundice, fatigue, abdominal pain, loss of appetite, nausea","Infection with hepatitis B virus, transmitted through blood, sexual contact, or from mother to child.","Antiviral medications (tenofovir, entecavir), supportive care",Clostridium tetani,Ebola
571,Leprosy,Metabolic,"A chronic infectious disease caused by Mycobacterium leprae, affecting the skin, nerves, and mucous membranes.","Skin lesions, numbness, muscle weakness, eye problems","Chronic infection with Mycobacterium leprae, spread via respiratory droplets.","Multidrug therapy (dapsone, rifampicin, clofazimine)",Streptococcus pneumoniae,SARS-CoV-2
572,Pneumonia,Bacterial,"An infection that inflames the air sacs in one or both lungs, which may fill with fluid.","Cough with phlegm, fever, chills, difficulty breathing","Infection of the lungs by bacteria, viruses, or fungi, often following a cold or flu.","Antibiotics (if bacterial), antiviral or antifungal medications, supportive care",Salmonella enterica,Hepatitis B
573,Hypertension,Bacterial,A chronic condition characterized by elevated blood pressure levels.,"Often asymptomatic, but may cause headaches, shortness of breath, nosebleeds","Combination of genetic, environmental, and lifestyle factors, including high salt intake, obesity, and stress.","Lifestyle modification, antihypertensive medications",Shigella dysenteriae,Polio
574,Hypertension,Genetic,A chronic condition characterized by elevated blood pressure levels.,"Often asymptomatic, but may cause headaches, shortness of breath, nosebleeds","Combination of genetic, environmental, and lifestyle factors, including high salt intake, obesity, and stress.","Lifestyle modification, antihypertensive medications",Proteus mirabilis,Rabies
575,Diabetes Mellitus,Parasitic,A group of metabolic diseases characterized by high blood sugar levels over a prolonged period.,"Increased thirst, frequent urination, hunger, fatigue, blurred vision","Insufficient insulin production or insulin resistance, influenced by genetics, lifestyle, and obesity.","Insulin therapy, oral hypoglycemic agents, diet, exercise",Borrelia burgdorferi,Hepatitis B
576,Tuberculosis,Viral,"A potentially serious infectious disease that mainly affects the lungs, caused by Mycobacterium tuberculosis.","Cough (sometimes blood-tinged), weight loss, night sweats, fever","Infection by Mycobacterium tuberculosis, transmitted via airborne droplets from coughs or sneezes.","Antibiotic therapy (isoniazid, rifampin, ethambutol, pyrazinamide)",Salmonella enterica,HIV
577,COVID-19,Parasitic,"A contagious respiratory illness caused by the SARS-CoV-2 virus, leading to symptoms ranging from mild cold-like illness to severe pneumonia.","Fever, cough, shortness of breath, fatigue, loss of taste or smell","Infection with the SARS-CoV-2 coronavirus, primarily spread via respiratory droplets.","Supportive care, oxygen therapy, antiviral medications (e.g., remdesivir)",Shigella dysenteriae,Rotavirus
578,Leprosy,Parasitic,"A chronic infectious disease caused by Mycobacterium leprae, affecting the skin, nerves, and mucous membranes.","Skin lesions, numbness, muscle weakness, eye problems","Chronic infection with Mycobacterium leprae, spread via respiratory droplets.","Multidrug therapy (dapsone, rifampicin, clofazimine)",Klebsiella pneumoniae,Influenza
579,Zika,Parasitic,"A disease caused by Zika virus, spread mainly by mosquitoes, associated with birth defects when contracted during pregnancy.","Fever, rash, joint pain, red eyes, muscle pain","Infection with Zika virus, transmitted by Aedes mosquitoes or sexual contact.","Supportive care, rest, fluids, pain relievers",Bacillus anthracis,Influenza
580,Cholera,Parasitic,An acute diarrheal illness caused by infection of the intestine with Vibrio cholerae.,"Severe diarrhea, dehydration, vomiting, rapid heart rate",Ingestion of water or food contaminated with Vibrio cholerae bacteria.,"Rehydration therapy, antibiotics in severe cases",Clostridium tetani,Ebola
581,Ebola,Bacterial,"A severe, often fatal illness in humans caused by the Ebola virus.","Fever, severe headache, muscle pain, vomiting, diarrhea, bleeding","Infection with Ebola virus, transmitted by contact with bodily fluids of infected persons or animals.","Supportive care, intravenous fluids, experimental antiviral drugs",Salmonella enterica,Rotavirus
582,COVID-19,Genetic,"A contagious respiratory illness caused by the SARS-CoV-2 virus, leading to symptoms ranging from mild cold-like illness to severe pneumonia.","Fever, cough, shortness of breath, fatigue, loss of taste or smell","Infection with the SARS-CoV-2 coronavirus, primarily spread via respiratory droplets.","Supportive care, oxygen therapy, antiviral medications (e.g., remdesivir)",Proteus mirabilis,Influenza
583,Asthma,Viral,"A chronic inflammatory disease of the airways that causes periodic attacks of wheezing, shortness of breath, and coughing.","Shortness of breath, wheezing, coughing, chest tightness","Chronic inflammation of the airways, triggered by allergens, pollution, respiratory infections, or exercise.","Inhaled corticosteroids, bronchodilators, avoiding triggers",Salmonella enterica,SARS-CoV-2
584,Asthma,Bacterial,"A chronic inflammatory disease of the airways that causes periodic attacks of wheezing, shortness of breath, and coughing.","Shortness of breath, wheezing, coughing, chest tightness","Chronic inflammation of the airways, triggered by allergens, pollution, respiratory infections, or exercise.","Inhaled corticosteroids, bronchodilators, avoiding triggers",Klebsiella pneumoniae,Measles
585,Meningitis,Viral,"An inflammation of the membranes (meninges) surrounding the brain and spinal cord, caused by infection.","Sudden high fever, stiff neck, headache, nausea, sensitivity to light","Infection of the meninges by bacteria, viruses, fungi, or parasites.","Antibiotics (if bacterial), antiviral or antifungal medications, corticosteroids",Treponema pallidum,Zika
586,HIV/AIDS,Viral,A virus that attacks the immune system and can lead to acquired immunodeficiency syndrome (AIDS).,"Fever, fatigue, swollen lymph nodes, weight loss, recurrent infections","Infection with the human immunodeficiency virus (HIV), spread through blood, sexual contact, or from mother to child.",Antiretroviral therapy (ART),Corynebacterium diphtheriae,Influenza
587,Meningitis,Genetic,"An inflammation of the membranes (meninges) surrounding the brain and spinal cord, caused by infection.","Sudden high fever, stiff neck, headache, nausea, sensitivity to light","Infection of the meninges by bacteria, viruses, fungi, or parasites.","Antibiotics (if bacterial), antiviral or antifungal medications, corticosteroids",Escherichia coli,Epstein-Barr
588,Polio,Bacterial,A viral disease that can affect nerves and can lead to partial or full paralysis.,"Fever, sore throat, headache, vomiting, back pain, neck stiffness, paralysis","Infection with poliovirus, spread by fecal-oral route.","Supportive care, physical therapy, ventilatory support if needed",Bacillus anthracis,Marburg
589,HIV/AIDS,Viral,A virus that attacks the immune system and can lead to acquired immunodeficiency syndrome (AIDS).,"Fever, fatigue, swollen lymph nodes, weight loss, recurrent infections","Infection with the human immunodeficiency virus (HIV), spread through blood, sexual contact, or from mother to child.",Antiretroviral therapy (ART),Pseudomonas aeruginosa,Polio
590,Ebola,Bacterial,"A severe, often fatal illness in humans caused by the Ebola virus.","Fever, severe headache, muscle pain, vomiting, diarrhea, bleeding","Infection with Ebola virus, transmitted by contact with bodily fluids of infected persons or animals.","Supportive care, intravenous fluids, experimental antiviral drugs",Klebsiella pneumoniae,Hepatitis B
591,Measles,Parasitic,"A highly contagious viral disease causing fever, cough, and a characteristic rash.","Fever, cough, runny nose, inflamed eyes, red rash","Infection with measles virus, spread by respiratory droplets.","Supportive care, vitamin A supplementation",Salmonella enterica,Influenza
592,Influenza,Metabolic,A disease affecting humans. Further research may be required for specific details about Influenza.,"minute, available, according, social","Varies: may include infections, genetics, environment, or lifestyle factors. Further research may be required for specific details about Influenza.","Supportive care, consult a healthcare professional",Listeria monocytogenes,Herpes simplex
593,Hypertension,Metabolic,A chronic condition characterized by elevated blood pressure levels.,"Often asymptomatic, but may cause headaches, shortness of breath, nosebleeds","Combination of genetic, environmental, and lifestyle factors, including high salt intake, obesity, and stress.","Lifestyle modification, antihypertensive medications",Borrelia burgdorferi,Ebola
594,Dengue,Metabolic,"A mosquito-borne viral infection causing high fever, rash, and muscle and joint pain.","High fever, headache, pain behind the eyes, joint and muscle pain, rash","Infection with dengue virus, transmitted by Aedes mosquitoes.","Supportive care, fluid replacement, pain relievers (acetaminophen)",Salmonella enterica,Ebola
595,Chickenpox,Metabolic,"A highly contagious viral infection causing an itchy, blister-like rash.","Itchy, blister-like rash, fever, tiredness, loss of appetite","Infection with varicella-zoster virus, spread by respiratory droplets or contact with lesions.","Antihistamines, calamine lotion, antiviral drugs (acyclovir) in severe cases",Mycobacterium tuberculosis,Polio
596,Influenza,Bacterial,A disease affecting humans. Further research may be required for specific details about Influenza.,"hotel, research, me","Varies: may include infections, genetics, environment, or lifestyle factors. Further research may be required for specific details about Influenza.","Supportive care, consult a healthcare professional",Staphylococcus aureus,Ebola
597,Pneumonia,Metabolic,"An infection that inflames the air sacs in one or both lungs, which may fill with fluid.","Cough with phlegm, fever, chills, difficulty breathing","Infection of the lungs by bacteria, viruses, or fungi, often following a cold or flu.","Antibiotics (if bacterial), antiviral or antifungal medications, supportive care",Salmonella enterica,Measles
598,HIV/AIDS,Parasitic,A virus that attacks the immune system and can lead to acquired immunodeficiency syndrome (AIDS).,"Fever, fatigue, swollen lymph nodes, weight loss, recurrent infections","Infection with the human immunodeficiency virus (HIV), spread through blood, sexual contact, or from mother to child.",Antiretroviral therapy (ART),Pseudomonas aeruginosa,Zika
599,Malaria,Bacterial,"A mosquito-borne infectious disease caused by Plasmodium parasites, leading to fever, chills, and flu-like illness.","Fever, chills, headache, nausea, vomiting, muscle pain","Infection by Plasmodium parasites, transmitted by the bite of infected Anopheles mosquitoes.","Antimalarial drugs (artemisinin-based combination therapies, chloroquine)",Pseudomonas aeruginosa,Varicella-zoster
600,HIV/AIDS,Viral,A virus that attacks the immune system and can lead to acquired immunodeficiency syndrome (AIDS).,"Fever, fatigue, swollen lymph nodes, weight loss, recurrent infections","Infection with the human immunodeficiency virus (HIV), spread through blood, sexual contact, or from mother to child.",Antiretroviral therapy (ART),Helicobacter pylori,Ebola
601,Polio,Genetic,A viral disease that can affect nerves and can lead to partial or full paralysis.,"Fever, sore throat, headache, vomiting, back pain, neck stiffness, paralysis","Infection with poliovirus, spread by fecal-oral route.","Supportive care, physical therapy, ventilatory support if needed",Neisseria meningitidis,Epstein-Barr
602,Polio,Parasitic,A viral disease that can affect nerves and can lead to partial or full paralysis.,"Fever, sore throat, headache, vomiting, back pain, neck stiffness, paralysis","Infection with poliovirus, spread by fecal-oral route.","Supportive care, physical therapy, ventilatory support if needed",Staphylococcus aureus,Dengue
603,HIV/AIDS,Bacterial,A virus that attacks the immune system and can lead to acquired immunodeficiency syndrome (AIDS).,"Fever, fatigue, swollen lymph nodes, weight loss, recurrent infections","Infection with the human immunodeficiency virus (HIV), spread through blood, sexual contact, or from mother to child.",Antiretroviral therapy (ART),Yersinia pestis,Cytomegalovirus
604,Chickenpox,Parasitic,"A highly contagious viral infection causing an itchy, blister-like rash.","Itchy, blister-like rash, fever, tiredness, loss of appetite","Infection with varicella-zoster virus, spread by respiratory droplets or contact with lesions.","Antihistamines, calamine lotion, antiviral drugs (acyclovir) in severe cases",Klebsiella pneumoniae,SARS-CoV-2
605,Leprosy,Metabolic,"A chronic infectious disease caused by Mycobacterium leprae, affecting the skin, nerves, and mucous membranes.","Skin lesions, numbness, muscle weakness, eye problems","Chronic infection with Mycobacterium leprae, spread via respiratory droplets.","Multidrug therapy (dapsone, rifampicin, clofazimine)",Proteus mirabilis,SARS-CoV-2
606,Meningitis,Genetic,"An inflammation of the membranes (meninges) surrounding the brain and spinal cord, caused by infection.","Sudden high fever, stiff neck, headache, nausea, sensitivity to light","Infection of the meninges by bacteria, viruses, fungi, or parasites.","Antibiotics (if bacterial), antiviral or antifungal medications, corticosteroids",Yersinia pestis,Dengue
607,Leprosy,Viral,"A chronic infectious disease caused by Mycobacterium leprae, affecting the skin, nerves, and mucous membranes.","Skin lesions, numbness, muscle weakness, eye problems","Chronic infection with Mycobacterium leprae, spread via respiratory droplets.","Multidrug therapy (dapsone, rifampicin, clofazimine)",Staphylococcus aureus,Hepatitis B
608,Hypertension,Metabolic,A chronic condition characterized by elevated blood pressure levels.,"Often asymptomatic, but may cause headaches, shortness of breath, nosebleeds","Combination of genetic, environmental, and lifestyle factors, including high salt intake, obesity, and stress.","Lifestyle modification, antihypertensive medications",Staphylococcus aureus,Rotavirus
609,Leprosy,Metabolic,"A chronic infectious disease caused by Mycobacterium leprae, affecting the skin, nerves, and mucous membranes.","Skin lesions, numbness, muscle weakness, eye problems","Chronic infection with Mycobacterium leprae, spread via respiratory droplets.","Multidrug therapy (dapsone, rifampicin, clofazimine)",Treponema pallidum,Rabies
610,Leprosy,Parasitic,"A chronic infectious disease caused by Mycobacterium leprae, affecting the skin, nerves, and mucous membranes.","Skin lesions, numbness, muscle weakness, eye problems","Chronic infection with Mycobacterium leprae, spread via respiratory droplets.","Multidrug therapy (dapsone, rifampicin, clofazimine)",Yersinia pestis,Dengue
611,Cholera,Parasitic,An acute diarrheal illness caused by infection of the intestine with Vibrio cholerae.,"Severe diarrhea, dehydration, vomiting, rapid heart rate",Ingestion of water or food contaminated with Vibrio cholerae bacteria.,"Rehydration therapy, antibiotics in severe cases",Helicobacter pylori,Varicella-zoster
612,Zika,Genetic,"A disease caused by Zika virus, spread mainly by mosquitoes, associated with birth defects when contracted during pregnancy.","Fever, rash, joint pain, red eyes, muscle pain","Infection with Zika virus, transmitted by Aedes mosquitoes or sexual contact.","Supportive care, rest, fluids, pain relievers",Treponema pallidum,Mumps
613,Hypertension,Bacterial,A chronic condition characterized by elevated blood pressure levels.,"Often asymptomatic, but may cause headaches, shortness of breath, nosebleeds","Combination of genetic, environmental, and lifestyle factors, including high salt intake, obesity, and stress.","Lifestyle modification, antihypertensive medications",Enterococcus faecalis,Ebola
614,Tuberculosis,Parasitic,"A potentially serious infectious disease that mainly affects the lungs, caused by Mycobacterium tuberculosis.","Cough (sometimes blood-tinged), weight loss, night sweats, fever","Infection by Mycobacterium tuberculosis, transmitted via airborne droplets from coughs or sneezes.","Antibiotic therapy (isoniazid, rifampin, ethambutol, pyrazinamide)",Escherichia coli,Herpes simplex
615,Hepatitis B,Metabolic,A viral infection that attacks the liver and can cause both acute and chronic disease.,"Jaundice, fatigue, abdominal pain, loss of appetite, nausea","Infection with hepatitis B virus, transmitted through blood, sexual contact, or from mother to child.","Antiviral medications (tenofovir, entecavir), supportive care",Mycobacterium tuberculosis,Rabies
616,Ebola,Metabolic,"A severe, often fatal illness in humans caused by the Ebola virus.","Fever, severe headache, muscle pain, vomiting, diarrhea, bleeding","Infection with Ebola virus, transmitted by contact with bodily fluids of infected persons or animals.","Supportive care, intravenous fluids, experimental antiviral drugs",Vibrio cholerae,Rabies
617,HIV/AIDS,Viral,A virus that attacks the immune system and can lead to acquired immunodeficiency syndrome (AIDS).,"Fever, fatigue, swollen lymph nodes, weight loss, recurrent infections","Infection with the human immunodeficiency virus (HIV), spread through blood, sexual contact, or from mother to child.",Antiretroviral therapy (ART),Treponema pallidum,HPV
618,HIV/AIDS,Metabolic,A virus that attacks the immune system and can lead to acquired immunodeficiency syndrome (AIDS).,"Fever, fatigue, swollen lymph nodes, weight loss, recurrent infections","Infection with the human immunodeficiency virus (HIV), spread through blood, sexual contact, or from mother to child.",Antiretroviral therapy (ART),Clostridium tetani,HPV
619,Meningitis,Genetic,"An inflammation of the membranes (meninges) surrounding the brain and spinal cord, caused by infection.","Sudden high fever, stiff neck, headache, nausea, sensitivity to light","Infection of the meninges by bacteria, viruses, fungi, or parasites.","Antibiotics (if bacterial), antiviral or antifungal medications, corticosteroids",Shigella dysenteriae,HIV
620,Leprosy,Viral,"A chronic infectious disease caused by Mycobacterium leprae, affecting the skin, nerves, and mucous membranes.","Skin lesions, numbness, muscle weakness, eye problems","Chronic infection with Mycobacterium leprae, spread via respiratory droplets.","Multidrug therapy (dapsone, rifampicin, clofazimine)",Klebsiella pneumoniae,Dengue
621,HIV/AIDS,Viral,A virus that attacks the immune system and can lead to acquired immunodeficiency syndrome (AIDS).,"Fever, fatigue, swollen lymph nodes, weight loss, recurrent infections","Infection with the human immunodeficiency virus (HIV), spread through blood, sexual contact, or from mother to child.",Antiretroviral therapy (ART),Listeria monocytogenes,HPV
622,Dengue,Viral,"A mosquito-borne viral infection causing high fever, rash, and muscle and joint pain.","High fever, headache, pain behind the eyes, joint and muscle pain, rash","Infection with dengue virus, transmitted by Aedes mosquitoes.","Supportive care, fluid replacement, pain relievers (acetaminophen)",Enterococcus faecalis,Influenza
623,Cholera,Bacterial,An acute diarrheal illness caused by infection of the intestine with Vibrio cholerae.,"Severe diarrhea, dehydration, vomiting, rapid heart rate",Ingestion of water or food contaminated with Vibrio cholerae bacteria.,"Rehydration therapy, antibiotics in severe cases",Mycobacterium tuberculosis,Dengue
624,Diabetes Mellitus,Genetic,A group of metabolic diseases characterized by high blood sugar levels over a prolonged period.,"Increased thirst, frequent urination, hunger, fatigue, blurred vision","Insufficient insulin production or insulin resistance, influenced by genetics, lifestyle, and obesity.","Insulin therapy, oral hypoglycemic agents, diet, exercise",Mycobacterium tuberculosis,Ebola
625,Malaria,Metabolic,"A mosquito-borne infectious disease caused by Plasmodium parasites, leading to fever, chills, and flu-like illness.","Fever, chills, headache, nausea, vomiting, muscle pain","Infection by Plasmodium parasites, transmitted by the bite of infected Anopheles mosquitoes.","Antimalarial drugs (artemisinin-based combination therapies, chloroquine)",Treponema pallidum,Rubella
626,Leprosy,Parasitic,"A chronic infectious disease caused by Mycobacterium leprae, affecting the skin, nerves, and mucous membranes.","Skin lesions, numbness, muscle weakness, eye problems","Chronic infection with Mycobacterium leprae, spread via respiratory droplets.","Multidrug therapy (dapsone, rifampicin, clofazimine)",Corynebacterium diphtheriae,Cytomegalovirus
627,HIV/AIDS,Metabolic,A virus that attacks the immune system and can lead to acquired immunodeficiency syndrome (AIDS).,"Fever, fatigue, swollen lymph nodes, weight loss, recurrent infections","Infection with the human immunodeficiency virus (HIV), spread through blood, sexual contact, or from mother to child.",Antiretroviral therapy (ART),Pseudomonas aeruginosa,Varicella-zoster
628,Tuberculosis,Genetic,"A potentially serious infectious disease that mainly affects the lungs, caused by Mycobacterium tuberculosis.","Cough (sometimes blood-tinged), weight loss, night sweats, fever","Infection by Mycobacterium tuberculosis, transmitted via airborne droplets from coughs or sneezes.","Antibiotic therapy (isoniazid, rifampin, ethambutol, pyrazinamide)",Escherichia coli,Epstein-Barr
629,HIV/AIDS,Metabolic,A virus that attacks the immune system and can lead to acquired immunodeficiency syndrome (AIDS).,"Fever, fatigue, swollen lymph nodes, weight loss, recurrent infections","Infection with the human immunodeficiency virus (HIV), spread through blood, sexual contact, or from mother to child.",Antiretroviral therapy (ART),Streptococcus pneumoniae,Measles
630,Influenza,Genetic,A disease affecting humans. Further research may be required for specific details about Influenza.,"since, former","Varies: may include infections, genetics, environment, or lifestyle factors. Further research may be required for specific details about Influenza.","Supportive care, consult a healthcare professional",Staphylococcus aureus,HIV
631,Pneumonia,Metabolic,"An infection that inflames the air sacs in one or both lungs, which may fill with fluid.","Cough with phlegm, fever, chills, difficulty breathing","Infection of the lungs by bacteria, viruses, or fungi, often following a cold or flu.","Antibiotics (if bacterial), antiviral or antifungal medications, supportive care",Salmonella enterica,SARS-CoV-2
632,Asthma,Metabolic,"A chronic inflammatory disease of the airways that causes periodic attacks of wheezing, shortness of breath, and coughing.","Shortness of breath, wheezing, coughing, chest tightness","Chronic inflammation of the airways, triggered by allergens, pollution, respiratory infections, or exercise.","Inhaled corticosteroids, bronchodilators, avoiding triggers",Clostridium tetani,Measles
633,HIV/AIDS,Metabolic,A virus that attacks the immune system and can lead to acquired immunodeficiency syndrome (AIDS).,"Fever, fatigue, swollen lymph nodes, weight loss, recurrent infections","Infection with the human immunodeficiency virus (HIV), spread through blood, sexual contact, or from mother to child.",Antiretroviral therapy (ART),Neisseria meningitidis,Hepatitis B
634,Ebola,Genetic,"A severe, often fatal illness in humans caused by the Ebola virus.","Fever, severe headache, muscle pain, vomiting, diarrhea, bleeding","Infection with Ebola virus, transmitted by contact with bodily fluids of infected persons or animals.","Supportive care, intravenous fluids, experimental antiviral drugs",Salmonella enterica,Mumps
635,Chickenpox,Viral,"A highly contagious viral infection causing an itchy, blister-like rash.","Itchy, blister-like rash, fever, tiredness, loss of appetite","Infection with varicella-zoster virus, spread by respiratory droplets or contact with lesions.","Antihistamines, calamine lotion, antiviral drugs (acyclovir) in severe cases",Vibrio cholerae,Cytomegalovirus
636,Rabies,Metabolic,A deadly viral infection that is transmitted to humans through the bite of infected animals.,"Fever, headache, excess salivation, muscle spasms, paralysis, mental confusion","Bite or scratch from an infected animal, usually a dog or bat.","Post-exposure prophylaxis (PEP), rabies immunoglobulin, supportive care",Borrelia burgdorferi,Dengue
637,Rabies,Bacterial,A deadly viral infection that is transmitted to humans through the bite of infected animals.,"Fever, headache, excess salivation, muscle spasms, paralysis, mental confusion","Bite or scratch from an infected animal, usually a dog or bat.","Post-exposure prophylaxis (PEP), rabies immunoglobulin, supportive care",Salmonella enterica,Dengue
638,Measles,Metabolic,"A highly contagious viral disease causing fever, cough, and a characteristic rash.","Fever, cough, runny nose, inflamed eyes, red rash","Infection with measles virus, spread by respiratory droplets.","Supportive care, vitamin A supplementation",Staphylococcus aureus,Measles
639,Hepatitis B,Metabolic,A viral infection that attacks the liver and can cause both acute and chronic disease.,"Jaundice, fatigue, abdominal pain, loss of appetite, nausea","Infection with hepatitis B virus, transmitted through blood, sexual contact, or from mother to child.","Antiviral medications (tenofovir, entecavir), supportive care",Clostridium tetani,Measles
640,Ebola,Metabolic,"A severe, often fatal illness in humans caused by the Ebola virus.","Fever, severe headache, muscle pain, vomiting, diarrhea, bleeding","Infection with Ebola virus, transmitted by contact with bodily fluids of infected persons or animals.","Supportive care, intravenous fluids, experimental antiviral drugs",Proteus mirabilis,Hepatitis B
641,Malaria,Parasitic,"A mosquito-borne infectious disease caused by Plasmodium parasites, leading to fever, chills, and flu-like illness.","Fever, chills, headache, nausea, vomiting, muscle pain","Infection by Plasmodium parasites, transmitted by the bite of infected Anopheles mosquitoes.","Antimalarial drugs (artemisinin-based combination therapies, chloroquine)",Borrelia burgdorferi,Zika
642,Ebola,Parasitic,"A severe, often fatal illness in humans caused by the Ebola virus.","Fever, severe headache, muscle pain, vomiting, diarrhea, bleeding","Infection with Ebola virus, transmitted by contact with bodily fluids of infected persons or animals.","Supportive care, intravenous fluids, experimental antiviral drugs",Klebsiella pneumoniae,Measles
643,Dengue,Bacterial,"A mosquito-borne viral infection causing high fever, rash, and muscle and joint pain.","High fever, headache, pain behind the eyes, joint and muscle pain, rash","Infection with dengue virus, transmitted by Aedes mosquitoes.","Supportive care, fluid replacement, pain relievers (acetaminophen)",Vibrio cholerae,Norovirus
644,Measles,Genetic,"A highly contagious viral disease causing fever, cough, and a characteristic rash.","Fever, cough, runny nose, inflamed eyes, red rash","Infection with measles virus, spread by respiratory droplets.","Supportive care, vitamin A supplementation",Clostridium tetani,HPV
645,HIV/AIDS,Viral,A virus that attacks the immune system and can lead to acquired immunodeficiency syndrome (AIDS).,"Fever, fatigue, swollen lymph nodes, weight loss, recurrent infections","Infection with the human immunodeficiency virus (HIV), spread through blood, sexual contact, or from mother to child.",Antiretroviral therapy (ART),Staphylococcus aureus,Rotavirus
646,Ebola,Metabolic,"A severe, often fatal illness in humans caused by the Ebola virus.","Fever, severe headache, muscle pain, vomiting, diarrhea, bleeding","Infection with Ebola virus, transmitted by contact with bodily fluids of infected persons or animals.","Supportive care, intravenous fluids, experimental antiviral drugs",Corynebacterium diphtheriae,Rubella
647,Pneumonia,Parasitic,"An infection that inflames the air sacs in one or both lungs, which may fill with fluid.","Cough with phlegm, fever, chills, difficulty breathing","Infection of the lungs by bacteria, viruses, or fungi, often following a cold or flu.","Antibiotics (if bacterial), antiviral or antifungal medications, supportive care",Staphylococcus aureus,Varicella-zoster
648,Hypertension,Genetic,A chronic condition characterized by elevated blood pressure levels.,"Often asymptomatic, but may cause headaches, shortness of breath, nosebleeds","Combination of genetic, environmental, and lifestyle factors, including high salt intake, obesity, and stress.","Lifestyle modification, antihypertensive medications",Escherichia coli,Zika
649,Asthma,Bacterial,"A chronic inflammatory disease of the airways that causes periodic attacks of wheezing, shortness of breath, and coughing.","Shortness of breath, wheezing, coughing, chest tightness","Chronic inflammation of the airways, triggered by allergens, pollution, respiratory infections, or exercise.","Inhaled corticosteroids, bronchodilators, avoiding triggers",Pseudomonas aeruginosa,Rubella
650,Diabetes Mellitus,Viral,A group of metabolic diseases characterized by high blood sugar levels over a prolonged period.,"Increased thirst, frequent urination, hunger, fatigue, blurred vision","Insufficient insulin production or insulin resistance, influenced by genetics, lifestyle, and obesity.","Insulin therapy, oral hypoglycemic agents, diet, exercise",Shigella dysenteriae,Polio
651,Tuberculosis,Parasitic,"A potentially serious infectious disease that mainly affects the lungs, caused by Mycobacterium tuberculosis.","Cough (sometimes blood-tinged), weight loss, night sweats, fever","Infection by Mycobacterium tuberculosis, transmitted via airborne droplets from coughs or sneezes.","Antibiotic therapy (isoniazid, rifampin, ethambutol, pyrazinamide)",Pseudomonas aeruginosa,Herpes simplex
652,Tuberculosis,Genetic,"A potentially serious infectious disease that mainly affects the lungs, caused by Mycobacterium tuberculosis.","Cough (sometimes blood-tinged), weight loss, night sweats, fever","Infection by Mycobacterium tuberculosis, transmitted via airborne droplets from coughs or sneezes.","Antibiotic therapy (isoniazid, rifampin, ethambutol, pyrazinamide)",Treponema pallidum,Hepatitis B
653,Cholera,Parasitic,An acute diarrheal illness caused by infection of the intestine with Vibrio cholerae.,"Severe diarrhea, dehydration, vomiting, rapid heart rate",Ingestion of water or food contaminated with Vibrio cholerae bacteria.,"Rehydration therapy, antibiotics in severe cases",Vibrio cholerae,Rabies
654,Hepatitis B,Parasitic,A viral infection that attacks the liver and can cause both acute and chronic disease.,"Jaundice, fatigue, abdominal pain, loss of appetite, nausea","Infection with hepatitis B virus, transmitted through blood, sexual contact, or from mother to child.","Antiviral medications (tenofovir, entecavir), supportive care",Borrelia burgdorferi,Measles
655,HIV/AIDS,Metabolic,A virus that attacks the immune system and can lead to acquired immunodeficiency syndrome (AIDS).,"Fever, fatigue, swollen lymph nodes, weight loss, recurrent infections","Infection with the human immunodeficiency virus (HIV), spread through blood, sexual contact, or from mother to child.",Antiretroviral therapy (ART),Treponema pallidum,Polio
656,HIV/AIDS,Bacterial,A virus that attacks the immune system and can lead to acquired immunodeficiency syndrome (AIDS).,"Fever, fatigue, swollen lymph nodes, weight loss, recurrent infections","Infection with the human immunodeficiency virus (HIV), spread through blood, sexual contact, or from mother to child.",Antiretroviral therapy (ART),Treponema pallidum,Rotavirus
657,Ebola,Metabolic,"A severe, often fatal illness in humans caused by the Ebola virus.","Fever, severe headache, muscle pain, vomiting, diarrhea, bleeding","Infection with Ebola virus, transmitted by contact with bodily fluids of infected persons or animals.","Supportive care, intravenous fluids, experimental antiviral drugs",Bacillus anthracis,Marburg
658,Hypertension,Parasitic,A chronic condition characterized by elevated blood pressure levels.,"Often asymptomatic, but may cause headaches, shortness of breath, nosebleeds","Combination of genetic, environmental, and lifestyle factors, including high salt intake, obesity, and stress.","Lifestyle modification, antihypertensive medications",Clostridium tetani,Zika
659,Cholera,Genetic,An acute diarrheal illness caused by infection of the intestine with Vibrio cholerae.,"Severe diarrhea, dehydration, vomiting, rapid heart rate",Ingestion of water or food contaminated with Vibrio cholerae bacteria.,"Rehydration therapy, antibiotics in severe cases",Escherichia coli,Mumps
660,Hepatitis B,Parasitic,A viral infection that attacks the liver and can cause both acute and chronic disease.,"Jaundice, fatigue, abdominal pain, loss of appetite, nausea","Infection with hepatitis B virus, transmitted through blood, sexual contact, or from mother to child.","Antiviral medications (tenofovir, entecavir), supportive care",Vibrio cholerae,SARS-CoV-2
661,Polio,Bacterial,A viral disease that can affect nerves and can lead to partial or full paralysis.,"Fever, sore throat, headache, vomiting, back pain, neck stiffness, paralysis","Infection with poliovirus, spread by fecal-oral route.","Supportive care, physical therapy, ventilatory support if needed",Treponema pallidum,Dengue
662,Tuberculosis,Bacterial,"A potentially serious infectious disease that mainly affects the lungs, caused by Mycobacterium tuberculosis.","Cough (sometimes blood-tinged), weight loss, night sweats, fever","Infection by Mycobacterium tuberculosis, transmitted via airborne droplets from coughs or sneezes.","Antibiotic therapy (isoniazid, rifampin, ethambutol, pyrazinamide)",Borrelia burgdorferi,Hepatitis B
663,Ebola,Bacterial,"A severe, often fatal illness in humans caused by the Ebola virus.","Fever, severe headache, muscle pain, vomiting, diarrhea, bleeding","Infection with Ebola virus, transmitted by contact with bodily fluids of infected persons or animals.","Supportive care, intravenous fluids, experimental antiviral drugs",Neisseria meningitidis,SARS-CoV-2
664,HIV/AIDS,Bacterial,A virus that attacks the immune system and can lead to acquired immunodeficiency syndrome (AIDS).,"Fever, fatigue, swollen lymph nodes, weight loss, recurrent infections","Infection with the human immunodeficiency virus (HIV), spread through blood, sexual contact, or from mother to child.",Antiretroviral therapy (ART),Clostridium tetani,Epstein-Barr
665,COVID-19,Genetic,"A contagious respiratory illness caused by the SARS-CoV-2 virus, leading to symptoms ranging from mild cold-like illness to severe pneumonia.","Fever, cough, shortness of breath, fatigue, loss of taste or smell","Infection with the SARS-CoV-2 coronavirus, primarily spread via respiratory droplets.","Supportive care, oxygen therapy, antiviral medications (e.g., remdesivir)",Proteus mirabilis,SARS-CoV-2
666,Leprosy,Metabolic,"A chronic infectious disease caused by Mycobacterium leprae, affecting the skin, nerves, and mucous membranes.","Skin lesions, numbness, muscle weakness, eye problems","Chronic infection with Mycobacterium leprae, spread via respiratory droplets.","Multidrug therapy (dapsone, rifampicin, clofazimine)",Pseudomonas aeruginosa,SARS-CoV-2
667,Asthma,Viral,"A chronic inflammatory disease of the airways that causes periodic attacks of wheezing, shortness of breath, and coughing.","Shortness of breath, wheezing, coughing, chest tightness","Chronic inflammation of the airways, triggered by allergens, pollution, respiratory infections, or exercise.","Inhaled corticosteroids, bronchodilators, avoiding triggers",Mycobacterium tuberculosis,HPV
668,Diabetes Mellitus,Genetic,A group of metabolic diseases characterized by high blood sugar levels over a prolonged period.,"Increased thirst, frequent urination, hunger, fatigue, blurred vision","Insufficient insulin production or insulin resistance, influenced by genetics, lifestyle, and obesity.","Insulin therapy, oral hypoglycemic agents, diet, exercise",Shigella dysenteriae,Herpes simplex
669,Chickenpox,Metabolic,"A highly contagious viral infection causing an itchy, blister-like rash.","Itchy, blister-like rash, fever, tiredness, loss of appetite","Infection with varicella-zoster virus, spread by respiratory droplets or contact with lesions.","Antihistamines, calamine lotion, antiviral drugs (acyclovir) in severe cases",Escherichia coli,Measles
670,Polio,Bacterial,A viral disease that can affect nerves and can lead to partial or full paralysis.,"Fever, sore throat, headache, vomiting, back pain, neck stiffness, paralysis","Infection with poliovirus, spread by fecal-oral route.","Supportive care, physical therapy, ventilatory support if needed",Streptococcus pneumoniae,HPV
671,Chickenpox,Genetic,"A highly contagious viral infection causing an itchy, blister-like rash.","Itchy, blister-like rash, fever, tiredness, loss of appetite","Infection with varicella-zoster virus, spread by respiratory droplets or contact with lesions.","Antihistamines, calamine lotion, antiviral drugs (acyclovir) in severe cases",Escherichia coli,Herpes simplex
672,Cholera,Bacterial,An acute diarrheal illness caused by infection of the intestine with Vibrio cholerae.,"Severe diarrhea, dehydration, vomiting, rapid heart rate",Ingestion of water or food contaminated with Vibrio cholerae bacteria.,"Rehydration therapy, antibiotics in severe cases",Bacillus anthracis,Hepatitis B
673,Tuberculosis,Genetic,"A potentially serious infectious disease that mainly affects the lungs, caused by Mycobacterium tuberculosis.","Cough (sometimes blood-tinged), weight loss, night sweats, fever","Infection by Mycobacterium tuberculosis, transmitted via airborne droplets from coughs or sneezes.","Antibiotic therapy (isoniazid, rifampin, ethambutol, pyrazinamide)",Enterococcus faecalis,Zika
674,HIV/AIDS,Bacterial,A virus that attacks the immune system and can lead to acquired immunodeficiency syndrome (AIDS).,"Fever, fatigue, swollen lymph nodes, weight loss, recurrent infections","Infection with the human immunodeficiency virus (HIV), spread through blood, sexual contact, or from mother to child.",Antiretroviral therapy (ART),Listeria monocytogenes,Varicella-zoster
675,Measles,Genetic,"A highly contagious viral disease causing fever, cough, and a characteristic rash.","Fever, cough, runny nose, inflamed eyes, red rash","Infection with measles virus, spread by respiratory droplets.","Supportive care, vitamin A supplementation",Streptococcus pneumoniae,Cytomegalovirus
676,Meningitis,Viral,"An inflammation of the membranes (meninges) surrounding the brain and spinal cord, caused by infection.","Sudden high fever, stiff neck, headache, nausea, sensitivity to light","Infection of the meninges by bacteria, viruses, fungi, or parasites.","Antibiotics (if bacterial), antiviral or antifungal medications, corticosteroids",Klebsiella pneumoniae,Measles
677,Measles,Metabolic,"A highly contagious viral disease causing fever, cough, and a characteristic rash.","Fever, cough, runny nose, inflamed eyes, red rash","Infection with measles virus, spread by respiratory droplets.","Supportive care, vitamin A supplementation",Escherichia coli,Herpes simplex
678,Measles,Genetic,"A highly contagious viral disease causing fever, cough, and a characteristic rash.","Fever, cough, runny nose, inflamed eyes, red rash","Infection with measles virus, spread by respiratory droplets.","Supportive care, vitamin A supplementation",Mycobacterium tuberculosis,HPV
679,Polio,Bacterial,A viral disease that can affect nerves and can lead to partial or full paralysis.,"Fever, sore throat, headache, vomiting, back pain, neck stiffness, paralysis","Infection with poliovirus, spread by fecal-oral route.","Supportive care, physical therapy, ventilatory support if needed",Staphylococcus aureus,HIV
680,Hepatitis B,Bacterial,A viral infection that attacks the liver and can cause both acute and chronic disease.,"Jaundice, fatigue, abdominal pain, loss of appetite, nausea","Infection with hepatitis B virus, transmitted through blood, sexual contact, or from mother to child.","Antiviral medications (tenofovir, entecavir), supportive care",Proteus mirabilis,Rabies
681,COVID-19,Parasitic,"A contagious respiratory illness caused by the SARS-CoV-2 virus, leading to symptoms ranging from mild cold-like illness to severe pneumonia.","Fever, cough, shortness of breath, fatigue, loss of taste or smell","Infection with the SARS-CoV-2 coronavirus, primarily spread via respiratory droplets.","Supportive care, oxygen therapy, antiviral medications (e.g., remdesivir)",Klebsiella pneumoniae,Polio
682,Leprosy,Metabolic,"A chronic infectious disease caused by Mycobacterium leprae, affecting the skin, nerves, and mucous membranes.","Skin lesions, numbness, muscle weakness, eye problems","Chronic infection with Mycobacterium leprae, spread via respiratory droplets.","Multidrug therapy (dapsone, rifampicin, clofazimine)",Escherichia coli,Norovirus
683,Influenza,Viral,A disease affecting humans. Further research may be required for specific details about Influenza.,"number, these, air, simple, economy","Varies: may include infections, genetics, environment, or lifestyle factors. Further research may be required for specific details about Influenza.","Supportive care, consult a healthcare professional",Clostridium tetani,Influenza
684,Rabies,Genetic,A deadly viral infection that is transmitted to humans through the bite of infected animals.,"Fever, headache, excess salivation, muscle spasms, paralysis, mental confusion","Bite or scratch from an infected animal, usually a dog or bat.","Post-exposure prophylaxis (PEP), rabies immunoglobulin, supportive care",Treponema pallidum,Polio
685,Hypertension,Viral,A chronic condition characterized by elevated blood pressure levels.,"Often asymptomatic, but may cause headaches, shortness of breath, nosebleeds","Combination of genetic, environmental, and lifestyle factors, including high salt intake, obesity, and stress.","Lifestyle modification, antihypertensive medications",Streptococcus pneumoniae,HPV
686,Malaria,Metabolic,"A mosquito-borne infectious disease caused by Plasmodium parasites, leading to fever, chills, and flu-like illness.","Fever, chills, headache, nausea, vomiting, muscle pain","Infection by Plasmodium parasites, transmitted by the bite of infected Anopheles mosquitoes.","Antimalarial drugs (artemisinin-based combination therapies, chloroquine)",Enterococcus faecalis,Rotavirus
687,Chickenpox,Genetic,"A highly contagious viral infection causing an itchy, blister-like rash.","Itchy, blister-like rash, fever, tiredness, loss of appetite","Infection with varicella-zoster virus, spread by respiratory droplets or contact with lesions.","Antihistamines, calamine lotion, antiviral drugs (acyclovir) in severe cases",Escherichia coli,Ebola
688,COVID-19,Parasitic,"A contagious respiratory illness caused by the SARS-CoV-2 virus, leading to symptoms ranging from mild cold-like illness to severe pneumonia.","Fever, cough, shortness of breath, fatigue, loss of taste or smell","Infection with the SARS-CoV-2 coronavirus, primarily spread via respiratory droplets.","Supportive care, oxygen therapy, antiviral medications (e.g., remdesivir)",Clostridium tetani,Rotavirus
689,Tuberculosis,Genetic,"A potentially serious infectious disease that mainly affects the lungs, caused by Mycobacterium tuberculosis.","Cough (sometimes blood-tinged), weight loss, night sweats, fever","Infection by Mycobacterium tuberculosis, transmitted via airborne droplets from coughs or sneezes.","Antibiotic therapy (isoniazid, rifampin, ethambutol, pyrazinamide)",Yersinia pestis,Mumps
690,Influenza,Bacterial,A disease affecting humans. Further research may be required for specific details about Influenza.,"sit, point","Varies: may include infections, genetics, environment, or lifestyle factors. Further research may be required for specific details about Influenza.","Supportive care, consult a healthcare professional",Yersinia pestis,Rabies
691,HIV/AIDS,Genetic,A virus that attacks the immune system and can lead to acquired immunodeficiency syndrome (AIDS).,"Fever, fatigue, swollen lymph nodes, weight loss, recurrent infections","Infection with the human immunodeficiency virus (HIV), spread through blood, sexual contact, or from mother to child.",Antiretroviral therapy (ART),Treponema pallidum,Marburg
692,Meningitis,Bacterial,"An inflammation of the membranes (meninges) surrounding the brain and spinal cord, caused by infection.","Sudden high fever, stiff neck, headache, nausea, sensitivity to light","Infection of the meninges by bacteria, viruses, fungi, or parasites.","Antibiotics (if bacterial), antiviral or antifungal medications, corticosteroids",Helicobacter pylori,Ebola
693,Leprosy,Parasitic,"A chronic infectious disease caused by Mycobacterium leprae, affecting the skin, nerves, and mucous membranes.","Skin lesions, numbness, muscle weakness, eye problems","Chronic infection with Mycobacterium leprae, spread via respiratory droplets.","Multidrug therapy (dapsone, rifampicin, clofazimine)",Corynebacterium diphtheriae,SARS-CoV-2
694,Meningitis,Metabolic,"An inflammation of the membranes (meninges) surrounding the brain and spinal cord, caused by infection.","Sudden high fever, stiff neck, headache, nausea, sensitivity to light","Infection of the meninges by bacteria, viruses, fungi, or parasites.","Antibiotics (if bacterial), antiviral or antifungal medications, corticosteroids",Escherichia coli,Varicella-zoster
695,Hepatitis B,Parasitic,A viral infection that attacks the liver and can cause both acute and chronic disease.,"Jaundice, fatigue, abdominal pain, loss of appetite, nausea","Infection with hepatitis B virus, transmitted through blood, sexual contact, or from mother to child.","Antiviral medications (tenofovir, entecavir), supportive care",Listeria monocytogenes,Varicella-zoster
696,Rabies,Genetic,A deadly viral infection that is transmitted to humans through the bite of infected animals.,"Fever, headache, excess salivation, muscle spasms, paralysis, mental confusion","Bite or scratch from an infected animal, usually a dog or bat.","Post-exposure prophylaxis (PEP), rabies immunoglobulin, supportive care",Helicobacter pylori,Dengue
697,Cholera,Parasitic,An acute diarrheal illness caused by infection of the intestine with Vibrio cholerae.,"Severe diarrhea, dehydration, vomiting, rapid heart rate",Ingestion of water or food contaminated with Vibrio cholerae bacteria.,"Rehydration therapy, antibiotics in severe cases",Salmonella enterica,Rotavirus
698,Hypertension,Parasitic,A chronic condition characterized by elevated blood pressure levels.,"Often asymptomatic, but may cause headaches, shortness of breath, nosebleeds","Combination of genetic, environmental, and lifestyle factors, including high salt intake, obesity, and stress.","Lifestyle modification, antihypertensive medications",Klebsiella pneumoniae,Ebola
699,Dengue,Viral,"A mosquito-borne viral infection causing high fever, rash, and muscle and joint pain.","High fever, headache, pain behind the eyes, joint and muscle pain, rash","Infection with dengue virus, transmitted by Aedes mosquitoes.","Supportive care, fluid replacement, pain relievers (acetaminophen)",Treponema pallidum,SARS-CoV-2
700,Chickenpox,Metabolic,"A highly contagious viral infection causing an itchy, blister-like rash.","Itchy, blister-like rash, fever, tiredness, loss of appetite","Infection with varicella-zoster virus, spread by respiratory droplets or contact with lesions.","Antihistamines, calamine lotion, antiviral drugs (acyclovir) in severe cases",Proteus mirabilis,Norovirus
701,Chickenpox,Viral,"A highly contagious viral infection causing an itchy, blister-like rash.","Itchy, blister-like rash, fever, tiredness, loss of appetite","Infection with varicella-zoster virus, spread by respiratory droplets or contact with lesions.","Antihistamines, calamine lotion, antiviral drugs (acyclovir) in severe cases",Corynebacterium diphtheriae,Norovirus
702,Pneumonia,Genetic,"An infection that inflames the air sacs in one or both lungs, which may fill with fluid.","Cough with phlegm, fever, chills, difficulty breathing","Infection of the lungs by bacteria, viruses, or fungi, often following a cold or flu.","Antibiotics (if bacterial), antiviral or antifungal medications, supportive care",Listeria monocytogenes,SARS-CoV-2
703,Chickenpox,Bacterial,"A highly contagious viral infection causing an itchy, blister-like rash.","Itchy, blister-like rash, fever, tiredness, loss of appetite","Infection with varicella-zoster virus, spread by respiratory droplets or contact with lesions.","Antihistamines, calamine lotion, antiviral drugs (acyclovir) in severe cases",Streptococcus pneumoniae,Rabies
704,Asthma,Parasitic,"A chronic inflammatory disease of the airways that causes periodic attacks of wheezing, shortness of breath, and coughing.","Shortness of breath, wheezing, coughing, chest tightness","Chronic inflammation of the airways, triggered by allergens, pollution, respiratory infections, or exercise.","Inhaled corticosteroids, bronchodilators, avoiding triggers",Helicobacter pylori,Epstein-Barr
705,Chickenpox,Metabolic,"A highly contagious viral infection causing an itchy, blister-like rash.","Itchy, blister-like rash, fever, tiredness, loss of appetite","Infection with varicella-zoster virus, spread by respiratory droplets or contact with lesions.","Antihistamines, calamine lotion, antiviral drugs (acyclovir) in severe cases",Helicobacter pylori,Herpes simplex
706,Zika,Viral,"A disease caused by Zika virus, spread mainly by mosquitoes, associated with birth defects when contracted during pregnancy.","Fever, rash, joint pain, red eyes, muscle pain","Infection with Zika virus, transmitted by Aedes mosquitoes or sexual contact.","Supportive care, rest, fluids, pain relievers",Bacillus anthracis,HPV
707,Dengue,Bacterial,"A mosquito-borne viral infection causing high fever, rash, and muscle and joint pain.","High fever, headache, pain behind the eyes, joint and muscle pain, rash","Infection with dengue virus, transmitted by Aedes mosquitoes.","Supportive care, fluid replacement, pain relievers (acetaminophen)",Corynebacterium diphtheriae,Dengue
708,Measles,Bacterial,"A highly contagious viral disease causing fever, cough, and a characteristic rash.","Fever, cough, runny nose, inflamed eyes, red rash","Infection with measles virus, spread by respiratory droplets.","Supportive care, vitamin A supplementation",Helicobacter pylori,Cytomegalovirus
709,Chickenpox,Viral,"A highly contagious viral infection causing an itchy, blister-like rash.","Itchy, blister-like rash, fever, tiredness, loss of appetite","Infection with varicella-zoster virus, spread by respiratory droplets or contact with lesions.","Antihistamines, calamine lotion, antiviral drugs (acyclovir) in severe cases",Yersinia pestis,Ebola
710,HIV/AIDS,Bacterial,A virus that attacks the immune system and can lead to acquired immunodeficiency syndrome (AIDS).,"Fever, fatigue, swollen lymph nodes, weight loss, recurrent infections","Infection with the human immunodeficiency virus (HIV), spread through blood, sexual contact, or from mother to child.",Antiretroviral therapy (ART),Listeria monocytogenes,SARS-CoV-2
711,Rabies,Genetic,A deadly viral infection that is transmitted to humans through the bite of infected animals.,"Fever, headache, excess salivation, muscle spasms, paralysis, mental confusion","Bite or scratch from an infected animal, usually a dog or bat.","Post-exposure prophylaxis (PEP), rabies immunoglobulin, supportive care",Bacillus anthracis,Rubella
712,Tuberculosis,Parasitic,"A potentially serious infectious disease that mainly affects the lungs, caused by Mycobacterium tuberculosis.","Cough (sometimes blood-tinged), weight loss, night sweats, fever","Infection by Mycobacterium tuberculosis, transmitted via airborne droplets from coughs or sneezes.","Antibiotic therapy (isoniazid, rifampin, ethambutol, pyrazinamide)",Enterococcus faecalis,Herpes simplex
713,HIV/AIDS,Parasitic,A virus that attacks the immune system and can lead to acquired immunodeficiency syndrome (AIDS).,"Fever, fatigue, swollen lymph nodes, weight loss, recurrent infections","Infection with the human immunodeficiency virus (HIV), spread through blood, sexual contact, or from mother to child.",Antiretroviral therapy (ART),Streptococcus pneumoniae,Marburg
714,Pneumonia,Genetic,"An infection that inflames the air sacs in one or both lungs, which may fill with fluid.","Cough with phlegm, fever, chills, difficulty breathing","Infection of the lungs by bacteria, viruses, or fungi, often following a cold or flu.","Antibiotics (if bacterial), antiviral or antifungal medications, supportive care",Corynebacterium diphtheriae,HPV
715,Malaria,Parasitic,"A mosquito-borne infectious disease caused by Plasmodium parasites, leading to fever, chills, and flu-like illness.","Fever, chills, headache, nausea, vomiting, muscle pain","Infection by Plasmodium parasites, transmitted by the bite of infected Anopheles mosquitoes.","Antimalarial drugs (artemisinin-based combination therapies, chloroquine)",Yersinia pestis,Mumps
716,Hypertension,Metabolic,A chronic condition characterized by elevated blood pressure levels.,"Often asymptomatic, but may cause headaches, shortness of breath, nosebleeds","Combination of genetic, environmental, and lifestyle factors, including high salt intake, obesity, and stress.","Lifestyle modification, antihypertensive medications",Corynebacterium diphtheriae,Rubella
717,Influenza,Viral,A disease affecting humans. Further research may be required for specific details about Influenza.,"onto, consumer, look","Varies: may include infections, genetics, environment, or lifestyle factors. Further research may be required for specific details about Influenza.","Supportive care, consult a healthcare professional",Yersinia pestis,Herpes simplex
718,Dengue,Metabolic,"A mosquito-borne viral infection causing high fever, rash, and muscle and joint pain.","High fever, headache, pain behind the eyes, joint and muscle pain, rash","Infection with dengue virus, transmitted by Aedes mosquitoes.","Supportive care, fluid replacement, pain relievers (acetaminophen)",Treponema pallidum,Rabies
719,Leprosy,Parasitic,"A chronic infectious disease caused by Mycobacterium leprae, affecting the skin, nerves, and mucous membranes.","Skin lesions, numbness, muscle weakness, eye problems","Chronic infection with Mycobacterium leprae, spread via respiratory droplets.","Multidrug therapy (dapsone, rifampicin, clofazimine)",Listeria monocytogenes,Rabies
720,Rabies,Viral,A deadly viral infection that is transmitted to humans through the bite of infected animals.,"Fever, headache, excess salivation, muscle spasms, paralysis, mental confusion","Bite or scratch from an infected animal, usually a dog or bat.","Post-exposure prophylaxis (PEP), rabies immunoglobulin, supportive care",Escherichia coli,SARS-CoV-2
721,Chickenpox,Bacterial,"A highly contagious viral infection causing an itchy, blister-like rash.","Itchy, blister-like rash, fever, tiredness, loss of appetite","Infection with varicella-zoster virus, spread by respiratory droplets or contact with lesions.","Antihistamines, calamine lotion, antiviral drugs (acyclovir) in severe cases",Neisseria meningitidis,Dengue
722,COVID-19,Parasitic,"A contagious respiratory illness caused by the SARS-CoV-2 virus, leading to symptoms ranging from mild cold-like illness to severe pneumonia.","Fever, cough, shortness of breath, fatigue, loss of taste or smell","Infection with the SARS-CoV-2 coronavirus, primarily spread via respiratory droplets.","Supportive care, oxygen therapy, antiviral medications (e.g., remdesivir)",Clostridium tetani,Hepatitis B
723,Meningitis,Genetic,"An inflammation of the membranes (meninges) surrounding the brain and spinal cord, caused by infection.","Sudden high fever, stiff neck, headache, nausea, sensitivity to light","Infection of the meninges by bacteria, viruses, fungi, or parasites.","Antibiotics (if bacterial), antiviral or antifungal medications, corticosteroids",Borrelia burgdorferi,Varicella-zoster
724,COVID-19,Metabolic,"A contagious respiratory illness caused by the SARS-CoV-2 virus, leading to symptoms ranging from mild cold-like illness to severe pneumonia.","Fever, cough, shortness of breath, fatigue, loss of taste or smell","Infection with the SARS-CoV-2 coronavirus, primarily spread via respiratory droplets.","Supportive care, oxygen therapy, antiviral medications (e.g., remdesivir)",Neisseria meningitidis,Varicella-zoster
725,Ebola,Parasitic,"A severe, often fatal illness in humans caused by the Ebola virus.","Fever, severe headache, muscle pain, vomiting, diarrhea, bleeding","Infection with Ebola virus, transmitted by contact with bodily fluids of infected persons or animals.","Supportive care, intravenous fluids, experimental antiviral drugs",Neisseria meningitidis,HPV
726,Cholera,Viral,An acute diarrheal illness caused by infection of the intestine with Vibrio cholerae.,"Severe diarrhea, dehydration, vomiting, rapid heart rate",Ingestion of water or food contaminated with Vibrio cholerae bacteria.,"Rehydration therapy, antibiotics in severe cases",Treponema pallidum,Mumps
727,Malaria,Parasitic,"A mosquito-borne infectious disease caused by Plasmodium parasites, leading to fever, chills, and flu-like illness.","Fever, chills, headache, nausea, vomiting, muscle pain","Infection by Plasmodium parasites, transmitted by the bite of infected Anopheles mosquitoes.","Antimalarial drugs (artemisinin-based combination therapies, chloroquine)",Neisseria meningitidis,HIV
728,Cholera,Bacterial,An acute diarrheal illness caused by infection of the intestine with Vibrio cholerae.,"Severe diarrhea, dehydration, vomiting, rapid heart rate",Ingestion of water or food contaminated with Vibrio cholerae bacteria.,"Rehydration therapy, antibiotics in severe cases",Treponema pallidum,Cytomegalovirus
729,Cholera,Bacterial,An acute diarrheal illness caused by infection of the intestine with Vibrio cholerae.,"Severe diarrhea, dehydration, vomiting, rapid heart rate",Ingestion of water or food contaminated with Vibrio cholerae bacteria.,"Rehydration therapy, antibiotics in severe cases",Staphylococcus aureus,Ebola
730,COVID-19,Genetic,"A contagious respiratory illness caused by the SARS-CoV-2 virus, leading to symptoms ranging from mild cold-like illness to severe pneumonia.","Fever, cough, shortness of breath, fatigue, loss of taste or smell","Infection with the SARS-CoV-2 coronavirus, primarily spread via respiratory droplets.","Supportive care, oxygen therapy, antiviral medications (e.g., remdesivir)",Yersinia pestis,HIV
731,Diabetes Mellitus,Parasitic,A group of metabolic diseases characterized by high blood sugar levels over a prolonged period.,"Increased thirst, frequent urination, hunger, fatigue, blurred vision","Insufficient insulin production or insulin resistance, influenced by genetics, lifestyle, and obesity.","Insulin therapy, oral hypoglycemic agents, diet, exercise",Salmonella enterica,Influenza
732,Asthma,Viral,"A chronic inflammatory disease of the airways that causes periodic attacks of wheezing, shortness of breath, and coughing.","Shortness of breath, wheezing, coughing, chest tightness","Chronic inflammation of the airways, triggered by allergens, pollution, respiratory infections, or exercise.","Inhaled corticosteroids, bronchodilators, avoiding triggers",Vibrio cholerae,Herpes simplex
733,Malaria,Metabolic,"A mosquito-borne infectious disease caused by Plasmodium parasites, leading to fever, chills, and flu-like illness.","Fever, chills, headache, nausea, vomiting, muscle pain","Infection by Plasmodium parasites, transmitted by the bite of infected Anopheles mosquitoes.","Antimalarial drugs (artemisinin-based combination therapies, chloroquine)",Corynebacterium diphtheriae,Marburg
734,Hepatitis B,Viral,A viral infection that attacks the liver and can cause both acute and chronic disease.,"Jaundice, fatigue, abdominal pain, loss of appetite, nausea","Infection with hepatitis B virus, transmitted through blood, sexual contact, or from mother to child.","Antiviral medications (tenofovir, entecavir), supportive care",Helicobacter pylori,Zika
735,Influenza,Genetic,A disease affecting humans. Further research may be required for specific details about Influenza.,"possible, American, debate","Varies: may include infections, genetics, environment, or lifestyle factors. Further research may be required for specific details about Influenza.","Supportive care, consult a healthcare professional",Listeria monocytogenes,Influenza
736,Leprosy,Metabolic,"A chronic infectious disease caused by Mycobacterium leprae, affecting the skin, nerves, and mucous membranes.","Skin lesions, numbness, muscle weakness, eye problems","Chronic infection with Mycobacterium leprae, spread via respiratory droplets.","Multidrug therapy (dapsone, rifampicin, clofazimine)",Pseudomonas aeruginosa,Rabies
737,Hypertension,Metabolic,A chronic condition characterized by elevated blood pressure levels.,"Often asymptomatic, but may cause headaches, shortness of breath, nosebleeds","Combination of genetic, environmental, and lifestyle factors, including high salt intake, obesity, and stress.","Lifestyle modification, antihypertensive medications",Staphylococcus aureus,Cytomegalovirus
738,Asthma,Metabolic,"A chronic inflammatory disease of the airways that causes periodic attacks of wheezing, shortness of breath, and coughing.","Shortness of breath, wheezing, coughing, chest tightness","Chronic inflammation of the airways, triggered by allergens, pollution, respiratory infections, or exercise.","Inhaled corticosteroids, bronchodilators, avoiding triggers",Proteus mirabilis,Polio
739,Pneumonia,Parasitic,"An infection that inflames the air sacs in one or both lungs, which may fill with fluid.","Cough with phlegm, fever, chills, difficulty breathing","Infection of the lungs by bacteria, viruses, or fungi, often following a cold or flu.","Antibiotics (if bacterial), antiviral or antifungal medications, supportive care",Yersinia pestis,Hepatitis B
740,Rabies,Bacterial,A deadly viral infection that is transmitted to humans through the bite of infected animals.,"Fever, headache, excess salivation, muscle spasms, paralysis, mental confusion","Bite or scratch from an infected animal, usually a dog or bat.","Post-exposure prophylaxis (PEP), rabies immunoglobulin, supportive care",Neisseria meningitidis,Influenza
741,Pneumonia,Viral,"An infection that inflames the air sacs in one or both lungs, which may fill with fluid.","Cough with phlegm, fever, chills, difficulty breathing","Infection of the lungs by bacteria, viruses, or fungi, often following a cold or flu.","Antibiotics (if bacterial), antiviral or antifungal medications, supportive care",Proteus mirabilis,Measles
742,Zika,Viral,"A disease caused by Zika virus, spread mainly by mosquitoes, associated with birth defects when contracted during pregnancy.","Fever, rash, joint pain, red eyes, muscle pain","Infection with Zika virus, transmitted by Aedes mosquitoes or sexual contact.","Supportive care, rest, fluids, pain relievers",Corynebacterium diphtheriae,Hepatitis B
743,Influenza,Genetic,A disease affecting humans. Further research may be required for specific details about Influenza.,"say, think","Varies: may include infections, genetics, environment, or lifestyle factors. Further research may be required for specific details about Influenza.","Supportive care, consult a healthcare professional",Yersinia pestis,Hepatitis B
744,Chickenpox,Parasitic,"A highly contagious viral infection causing an itchy, blister-like rash.","Itchy, blister-like rash, fever, tiredness, loss of appetite","Infection with varicella-zoster virus, spread by respiratory droplets or contact with lesions.","Antihistamines, calamine lotion, antiviral drugs (acyclovir) in severe cases",Treponema pallidum,HPV
745,Chickenpox,Bacterial,"A highly contagious viral infection causing an itchy, blister-like rash.","Itchy, blister-like rash, fever, tiredness, loss of appetite","Infection with varicella-zoster virus, spread by respiratory droplets or contact with lesions.","Antihistamines, calamine lotion, antiviral drugs (acyclovir) in severe cases",Corynebacterium diphtheriae,Measles
746,COVID-19,Bacterial,"A contagious respiratory illness caused by the SARS-CoV-2 virus, leading to symptoms ranging from mild cold-like illness to severe pneumonia.","Fever, cough, shortness of breath, fatigue, loss of taste or smell","Infection with the SARS-CoV-2 coronavirus, primarily spread via respiratory droplets.","Supportive care, oxygen therapy, antiviral medications (e.g., remdesivir)",Helicobacter pylori,HIV
747,Pneumonia,Metabolic,"An infection that inflames the air sacs in one or both lungs, which may fill with fluid.","Cough with phlegm, fever, chills, difficulty breathing","Infection of the lungs by bacteria, viruses, or fungi, often following a cold or flu.","Antibiotics (if bacterial), antiviral or antifungal medications, supportive care",Enterococcus faecalis,Rotavirus
748,Influenza,Bacterial,A disease affecting humans. Further research may be required for specific details about Influenza.,"stay, father, modern, subject","Varies: may include infections, genetics, environment, or lifestyle factors. Further research may be required for specific details about Influenza.","Supportive care, consult a healthcare professional",Proteus mirabilis,Rotavirus
749,Malaria,Genetic,"A mosquito-borne infectious disease caused by Plasmodium parasites, leading to fever, chills, and flu-like illness.","Fever, chills, headache, nausea, vomiting, muscle pain","Infection by Plasmodium parasites, transmitted by the bite of infected Anopheles mosquitoes.","Antimalarial drugs (artemisinin-based combination therapies, chloroquine)",Staphylococcus aureus,SARS-CoV-2
750,HIV/AIDS,Metabolic,A virus that attacks the immune system and can lead to acquired immunodeficiency syndrome (AIDS).,"Fever, fatigue, swollen lymph nodes, weight loss, recurrent infections","Infection with the human immunodeficiency virus (HIV), spread through blood, sexual contact, or from mother to child.",Antiretroviral therapy (ART),Proteus mirabilis,Rubella
751,Leprosy,Metabolic,"A chronic infectious disease caused by Mycobacterium leprae, affecting the skin, nerves, and mucous membranes.","Skin lesions, numbness, muscle weakness, eye problems","Chronic infection with Mycobacterium leprae, spread via respiratory droplets.","Multidrug therapy (dapsone, rifampicin, clofazimine)",Enterococcus faecalis,Ebola
752,Leprosy,Bacterial,"A chronic infectious disease caused by Mycobacterium leprae, affecting the skin, nerves, and mucous membranes.","Skin lesions, numbness, muscle weakness, eye problems","Chronic infection with Mycobacterium leprae, spread via respiratory droplets.","Multidrug therapy (dapsone, rifampicin, clofazimine)",Treponema pallidum,Influenza
753,Asthma,Genetic,"A chronic inflammatory disease of the airways that causes periodic attacks of wheezing, shortness of breath, and coughing.","Shortness of breath, wheezing, coughing, chest tightness","Chronic inflammation of the airways, triggered by allergens, pollution, respiratory infections, or exercise.","Inhaled corticosteroids, bronchodilators, avoiding triggers",Mycobacterium tuberculosis,SARS-CoV-2
754,Leprosy,Parasitic,"A chronic infectious disease caused by Mycobacterium leprae, affecting the skin, nerves, and mucous membranes.","Skin lesions, numbness, muscle weakness, eye problems","Chronic infection with Mycobacterium leprae, spread via respiratory droplets.","Multidrug therapy (dapsone, rifampicin, clofazimine)",Listeria monocytogenes,Varicella-zoster
755,Diabetes Mellitus,Bacterial,A group of metabolic diseases characterized by high blood sugar levels over a prolonged period.,"Increased thirst, frequent urination, hunger, fatigue, blurred vision","Insufficient insulin production or insulin resistance, influenced by genetics, lifestyle, and obesity.","Insulin therapy, oral hypoglycemic agents, diet, exercise",Mycobacterium tuberculosis,Dengue
756,Malaria,Parasitic,"A mosquito-borne infectious disease caused by Plasmodium parasites, leading to fever, chills, and flu-like illness.","Fever, chills, headache, nausea, vomiting, muscle pain","Infection by Plasmodium parasites, transmitted by the bite of infected Anopheles mosquitoes.","Antimalarial drugs (artemisinin-based combination therapies, chloroquine)",Enterococcus faecalis,Varicella-zoster
757,Pneumonia,Bacterial,"An infection that inflames the air sacs in one or both lungs, which may fill with fluid.","Cough with phlegm, fever, chills, difficulty breathing","Infection of the lungs by bacteria, viruses, or fungi, often following a cold or flu.","Antibiotics (if bacterial), antiviral or antifungal medications, supportive care",Vibrio cholerae,Marburg
758,Leprosy,Genetic,"A chronic infectious disease caused by Mycobacterium leprae, affecting the skin, nerves, and mucous membranes.","Skin lesions, numbness, muscle weakness, eye problems","Chronic infection with Mycobacterium leprae, spread via respiratory droplets.","Multidrug therapy (dapsone, rifampicin, clofazimine)",Mycobacterium tuberculosis,Zika
759,Rabies,Metabolic,A deadly viral infection that is transmitted to humans through the bite of infected animals.,"Fever, headache, excess salivation, muscle spasms, paralysis, mental confusion","Bite or scratch from an infected animal, usually a dog or bat.","Post-exposure prophylaxis (PEP), rabies immunoglobulin, supportive care",Klebsiella pneumoniae,Varicella-zoster
760,Measles,Parasitic,"A highly contagious viral disease causing fever, cough, and a characteristic rash.","Fever, cough, runny nose, inflamed eyes, red rash","Infection with measles virus, spread by respiratory droplets.","Supportive care, vitamin A supplementation",Proteus mirabilis,Rabies
761,Tuberculosis,Bacterial,"A potentially serious infectious disease that mainly affects the lungs, caused by Mycobacterium tuberculosis.","Cough (sometimes blood-tinged), weight loss, night sweats, fever","Infection by Mycobacterium tuberculosis, transmitted via airborne droplets from coughs or sneezes.","Antibiotic therapy (isoniazid, rifampin, ethambutol, pyrazinamide)",Corynebacterium diphtheriae,SARS-CoV-2
762,Tuberculosis,Genetic,"A potentially serious infectious disease that mainly affects the lungs, caused by Mycobacterium tuberculosis.","Cough (sometimes blood-tinged), weight loss, night sweats, fever","Infection by Mycobacterium tuberculosis, transmitted via airborne droplets from coughs or sneezes.","Antibiotic therapy (isoniazid, rifampin, ethambutol, pyrazinamide)",Bacillus anthracis,Dengue
763,Hepatitis B,Parasitic,A viral infection that attacks the liver and can cause both acute and chronic disease.,"Jaundice, fatigue, abdominal pain, loss of appetite, nausea","Infection with hepatitis B virus, transmitted through blood, sexual contact, or from mother to child.","Antiviral medications (tenofovir, entecavir), supportive care",Shigella dysenteriae,Cytomegalovirus
764,Chickenpox,Genetic,"A highly contagious viral infection causing an itchy, blister-like rash.","Itchy, blister-like rash, fever, tiredness, loss of appetite","Infection with varicella-zoster virus, spread by respiratory droplets or contact with lesions.","Antihistamines, calamine lotion, antiviral drugs (acyclovir) in severe cases",Proteus mirabilis,SARS-CoV-2
765,HIV/AIDS,Genetic,A virus that attacks the immune system and can lead to acquired immunodeficiency syndrome (AIDS).,"Fever, fatigue, swollen lymph nodes, weight loss, recurrent infections","Infection with the human immunodeficiency virus (HIV), spread through blood, sexual contact, or from mother to child.",Antiretroviral therapy (ART),Helicobacter pylori,Norovirus
766,Hepatitis B,Genetic,A viral infection that attacks the liver and can cause both acute and chronic disease.,"Jaundice, fatigue, abdominal pain, loss of appetite, nausea","Infection with hepatitis B virus, transmitted through blood, sexual contact, or from mother to child.","Antiviral medications (tenofovir, entecavir), supportive care",Proteus mirabilis,HIV
767,Hypertension,Bacterial,A chronic condition characterized by elevated blood pressure levels.,"Often asymptomatic, but may cause headaches, shortness of breath, nosebleeds","Combination of genetic, environmental, and lifestyle factors, including high salt intake, obesity, and stress.","Lifestyle modification, antihypertensive medications",Shigella dysenteriae,HPV
768,Diabetes Mellitus,Bacterial,A group of metabolic diseases characterized by high blood sugar levels over a prolonged period.,"Increased thirst, frequent urination, hunger, fatigue, blurred vision","Insufficient insulin production or insulin resistance, influenced by genetics, lifestyle, and obesity.","Insulin therapy, oral hypoglycemic agents, diet, exercise",Shigella dysenteriae,Rubella
769,Malaria,Metabolic,"A mosquito-borne infectious disease caused by Plasmodium parasites, leading to fever, chills, and flu-like illness.","Fever, chills, headache, nausea, vomiting, muscle pain","Infection by Plasmodium parasites, transmitted by the bite of infected Anopheles mosquitoes.","Antimalarial drugs (artemisinin-based combination therapies, chloroquine)",Treponema pallidum,Dengue
770,Influenza,Genetic,A disease affecting humans. Further research may be required for specific details about Influenza.,"add, anyone, study","Varies: may include infections, genetics, environment, or lifestyle factors. Further research may be required for specific details about Influenza.","Supportive care, consult a healthcare professional",Borrelia burgdorferi,Hepatitis B
771,Polio,Genetic,A viral disease that can affect nerves and can lead to partial or full paralysis.,"Fever, sore throat, headache, vomiting, back pain, neck stiffness, paralysis","Infection with poliovirus, spread by fecal-oral route.","Supportive care, physical therapy, ventilatory support if needed",Borrelia burgdorferi,Influenza
772,Asthma,Bacterial,"A chronic inflammatory disease of the airways that causes periodic attacks of wheezing, shortness of breath, and coughing.","Shortness of breath, wheezing, coughing, chest tightness","Chronic inflammation of the airways, triggered by allergens, pollution, respiratory infections, or exercise.","Inhaled corticosteroids, bronchodilators, avoiding triggers",Klebsiella pneumoniae,Rabies
773,Asthma,Genetic,"A chronic inflammatory disease of the airways that causes periodic attacks of wheezing, shortness of breath, and coughing.","Shortness of breath, wheezing, coughing, chest tightness","Chronic inflammation of the airways, triggered by allergens, pollution, respiratory infections, or exercise.","Inhaled corticosteroids, bronchodilators, avoiding triggers",Shigella dysenteriae,Polio
774,Malaria,Genetic,"A mosquito-borne infectious disease caused by Plasmodium parasites, leading to fever, chills, and flu-like illness.","Fever, chills, headache, nausea, vomiting, muscle pain","Infection by Plasmodium parasites, transmitted by the bite of infected Anopheles mosquitoes.","Antimalarial drugs (artemisinin-based combination therapies, chloroquine)",Helicobacter pylori,HPV
775,Hypertension,Bacterial,A chronic condition characterized by elevated blood pressure levels.,"Often asymptomatic, but may cause headaches, shortness of breath, nosebleeds","Combination of genetic, environmental, and lifestyle factors, including high salt intake, obesity, and stress.","Lifestyle modification, antihypertensive medications",Neisseria meningitidis,Norovirus
776,Meningitis,Metabolic,"An inflammation of the membranes (meninges) surrounding the brain and spinal cord, caused by infection.","Sudden high fever, stiff neck, headache, nausea, sensitivity to light","Infection of the meninges by bacteria, viruses, fungi, or parasites.","Antibiotics (if bacterial), antiviral or antifungal medications, corticosteroids",Staphylococcus aureus,Measles
777,Hypertension,Genetic,A chronic condition characterized by elevated blood pressure levels.,"Often asymptomatic, but may cause headaches, shortness of breath, nosebleeds","Combination of genetic, environmental, and lifestyle factors, including high salt intake, obesity, and stress.","Lifestyle modification, antihypertensive medications",Bacillus anthracis,Rubella
778,Chickenpox,Genetic,"A highly contagious viral infection causing an itchy, blister-like rash.","Itchy, blister-like rash, fever, tiredness, loss of appetite","Infection with varicella-zoster virus, spread by respiratory droplets or contact with lesions.","Antihistamines, calamine lotion, antiviral drugs (acyclovir) in severe cases",Streptococcus pneumoniae,Rabies
779,Cholera,Genetic,An acute diarrheal illness caused by infection of the intestine with Vibrio cholerae.,"Severe diarrhea, dehydration, vomiting, rapid heart rate",Ingestion of water or food contaminated with Vibrio cholerae bacteria.,"Rehydration therapy, antibiotics in severe cases",Helicobacter pylori,Influenza
780,Ebola,Viral,"A severe, often fatal illness in humans caused by the Ebola virus.","Fever, severe headache, muscle pain, vomiting, diarrhea, bleeding","Infection with Ebola virus, transmitted by contact with bodily fluids of infected persons or animals.","Supportive care, intravenous fluids, experimental antiviral drugs",Treponema pallidum,HIV
781,Influenza,Genetic,A disease affecting humans. Further research may be required for specific details about Influenza.,"defense, director, hot, marriage, together","Varies: may include infections, genetics, environment, or lifestyle factors. Further research may be required for specific details about Influenza.","Supportive care, consult a healthcare professional",Yersinia pestis,Rubella
782,Tuberculosis,Parasitic,"A potentially serious infectious disease that mainly affects the lungs, caused by Mycobacterium tuberculosis.","Cough (sometimes blood-tinged), weight loss, night sweats, fever","Infection by Mycobacterium tuberculosis, transmitted via airborne droplets from coughs or sneezes.","Antibiotic therapy (isoniazid, rifampin, ethambutol, pyrazinamide)",Listeria monocytogenes,Rabies
783,Rabies,Parasitic,A deadly viral infection that is transmitted to humans through the bite of infected animals.,"Fever, headache, excess salivation, muscle spasms, paralysis, mental confusion","Bite or scratch from an infected animal, usually a dog or bat.","Post-exposure prophylaxis (PEP), rabies immunoglobulin, supportive care",Helicobacter pylori,Epstein-Barr
784,Malaria,Viral,"A mosquito-borne infectious disease caused by Plasmodium parasites, leading to fever, chills, and flu-like illness.","Fever, chills, headache, nausea, vomiting, muscle pain","Infection by Plasmodium parasites, transmitted by the bite of infected Anopheles mosquitoes.","Antimalarial drugs (artemisinin-based combination therapies, chloroquine)",Bacillus anthracis,SARS-CoV-2
785,Hepatitis B,Bacterial,A viral infection that attacks the liver and can cause both acute and chronic disease.,"Jaundice, fatigue, abdominal pain, loss of appetite, nausea","Infection with hepatitis B virus, transmitted through blood, sexual contact, or from mother to child.","Antiviral medications (tenofovir, entecavir), supportive care",Corynebacterium diphtheriae,Zika
786,Asthma,Bacterial,"A chronic inflammatory disease of the airways that causes periodic attacks of wheezing, shortness of breath, and coughing.","Shortness of breath, wheezing, coughing, chest tightness","Chronic inflammation of the airways, triggered by allergens, pollution, respiratory infections, or exercise.","Inhaled corticosteroids, bronchodilators, avoiding triggers",Bacillus anthracis,HPV
787,Asthma,Viral,"A chronic inflammatory disease of the airways that causes periodic attacks of wheezing, shortness of breath, and coughing.","Shortness of breath, wheezing, coughing, chest tightness","Chronic inflammation of the airways, triggered by allergens, pollution, respiratory infections, or exercise.","Inhaled corticosteroids, bronchodilators, avoiding triggers",Salmonella enterica,Herpes simplex
788,HIV/AIDS,Genetic,A virus that attacks the immune system and can lead to acquired immunodeficiency syndrome (AIDS).,"Fever, fatigue, swollen lymph nodes, weight loss, recurrent infections","Infection with the human immunodeficiency virus (HIV), spread through blood, sexual contact, or from mother to child.",Antiretroviral therapy (ART),Staphylococcus aureus,Influenza
789,Malaria,Metabolic,"A mosquito-borne infectious disease caused by Plasmodium parasites, leading to fever, chills, and flu-like illness.","Fever, chills, headache, nausea, vomiting, muscle pain","Infection by Plasmodium parasites, transmitted by the bite of infected Anopheles mosquitoes.","Antimalarial drugs (artemisinin-based combination therapies, chloroquine)",Borrelia burgdorferi,Dengue
790,Pneumonia,Metabolic,"An infection that inflames the air sacs in one or both lungs, which may fill with fluid.","Cough with phlegm, fever, chills, difficulty breathing","Infection of the lungs by bacteria, viruses, or fungi, often following a cold or flu.","Antibiotics (if bacterial), antiviral or antifungal medications, supportive care",Helicobacter pylori,Epstein-Barr
791,Polio,Genetic,A viral disease that can affect nerves and can lead to partial or full paralysis.,"Fever, sore throat, headache, vomiting, back pain, neck stiffness, paralysis","Infection with poliovirus, spread by fecal-oral route.","Supportive care, physical therapy, ventilatory support if needed",Shigella dysenteriae,Cytomegalovirus
792,Hepatitis B,Parasitic,A viral infection that attacks the liver and can cause both acute and chronic disease.,"Jaundice, fatigue, abdominal pain, loss of appetite, nausea","Infection with hepatitis B virus, transmitted through blood, sexual contact, or from mother to child.","Antiviral medications (tenofovir, entecavir), supportive care",Vibrio cholerae,Norovirus
793,Dengue,Genetic,"A mosquito-borne viral infection causing high fever, rash, and muscle and joint pain.","High fever, headache, pain behind the eyes, joint and muscle pain, rash","Infection with dengue virus, transmitted by Aedes mosquitoes.","Supportive care, fluid replacement, pain relievers (acetaminophen)",Corynebacterium diphtheriae,Marburg
794,Polio,Metabolic,A viral disease that can affect nerves and can lead to partial or full paralysis.,"Fever, sore throat, headache, vomiting, back pain, neck stiffness, paralysis","Infection with poliovirus, spread by fecal-oral route.","Supportive care, physical therapy, ventilatory support if needed",Bacillus anthracis,Dengue
795,Meningitis,Viral,"An inflammation of the membranes (meninges) surrounding the brain and spinal cord, caused by infection.","Sudden high fever, stiff neck, headache, nausea, sensitivity to light","Infection of the meninges by bacteria, viruses, fungi, or parasites.","Antibiotics (if bacterial), antiviral or antifungal medications, corticosteroids",Vibrio cholerae,Rabies
796,Measles,Bacterial,"A highly contagious viral disease causing fever, cough, and a characteristic rash.","Fever, cough, runny nose, inflamed eyes, red rash","Infection with measles virus, spread by respiratory droplets.","Supportive care, vitamin A supplementation",Enterococcus faecalis,Ebola
797,Leprosy,Metabolic,"A chronic infectious disease caused by Mycobacterium leprae, affecting the skin, nerves, and mucous membranes.","Skin lesions, numbness, muscle weakness, eye problems","Chronic infection with Mycobacterium leprae, spread via respiratory droplets.","Multidrug therapy (dapsone, rifampicin, clofazimine)",Helicobacter pylori,Varicella-zoster
798,Rabies,Genetic,A deadly viral infection that is transmitted to humans through the bite of infected animals.,"Fever, headache, excess salivation, muscle spasms, paralysis, mental confusion","Bite or scratch from an infected animal, usually a dog or bat.","Post-exposure prophylaxis (PEP), rabies immunoglobulin, supportive care",Enterococcus faecalis,Herpes simplex
799,Measles,Metabolic,"A highly contagious viral disease causing fever, cough, and a characteristic rash.","Fever, cough, runny nose, inflamed eyes, red rash","Infection with measles virus, spread by respiratory droplets.","Supportive care, vitamin A supplementation",Treponema pallidum,Varicella-zoster
800,Ebola,Viral,"A severe, often fatal illness in humans caused by the Ebola virus.","Fever, severe headache, muscle pain, vomiting, diarrhea, bleeding","Infection with Ebola virus, transmitted by contact with bodily fluids of infected persons or animals.","Supportive care, intravenous fluids, experimental antiviral drugs",Bacillus anthracis,Herpes simplex
801,Asthma,Genetic,"A chronic inflammatory disease of the airways that causes periodic attacks of wheezing, shortness of breath, and coughing.","Shortness of breath, wheezing, coughing, chest tightness","Chronic inflammation of the airways, triggered by allergens, pollution, respiratory infections, or exercise.","Inhaled corticosteroids, bronchodilators, avoiding triggers",Helicobacter pylori,Rabies
802,Tuberculosis,Genetic,"A potentially serious infectious disease that mainly affects the lungs, caused by Mycobacterium tuberculosis.","Cough (sometimes blood-tinged), weight loss, night sweats, fever","Infection by Mycobacterium tuberculosis, transmitted via airborne droplets from coughs or sneezes.","Antibiotic therapy (isoniazid, rifampin, ethambutol, pyrazinamide)",Proteus mirabilis,Varicella-zoster
803,Malaria,Bacterial,"A mosquito-borne infectious disease caused by Plasmodium parasites, leading to fever, chills, and flu-like illness.","Fever, chills, headache, nausea, vomiting, muscle pain","Infection by Plasmodium parasites, transmitted by the bite of infected Anopheles mosquitoes.","Antimalarial drugs (artemisinin-based combination therapies, chloroquine)",Listeria monocytogenes,Rotavirus
804,Dengue,Bacterial,"A mosquito-borne viral infection causing high fever, rash, and muscle and joint pain.","High fever, headache, pain behind the eyes, joint and muscle pain, rash","Infection with dengue virus, transmitted by Aedes mosquitoes.","Supportive care, fluid replacement, pain relievers (acetaminophen)",Salmonella enterica,Ebola
805,Hypertension,Viral,A chronic condition characterized by elevated blood pressure levels.,"Often asymptomatic, but may cause headaches, shortness of breath, nosebleeds","Combination of genetic, environmental, and lifestyle factors, including high salt intake, obesity, and stress.","Lifestyle modification, antihypertensive medications",Helicobacter pylori,Rabies
806,Zika,Parasitic,"A disease caused by Zika virus, spread mainly by mosquitoes, associated with birth defects when contracted during pregnancy.","Fever, rash, joint pain, red eyes, muscle pain","Infection with Zika virus, transmitted by Aedes mosquitoes or sexual contact.","Supportive care, rest, fluids, pain relievers",Helicobacter pylori,HPV
807,Cholera,Metabolic,An acute diarrheal illness caused by infection of the intestine with Vibrio cholerae.,"Severe diarrhea, dehydration, vomiting, rapid heart rate",Ingestion of water or food contaminated with Vibrio cholerae bacteria.,"Rehydration therapy, antibiotics in severe cases",Helicobacter pylori,Polio
808,Polio,Metabolic,A viral disease that can affect nerves and can lead to partial or full paralysis.,"Fever, sore throat, headache, vomiting, back pain, neck stiffness, paralysis","Infection with poliovirus, spread by fecal-oral route.","Supportive care, physical therapy, ventilatory support if needed",Neisseria meningitidis,Measles
809,Hepatitis B,Parasitic,A viral infection that attacks the liver and can cause both acute and chronic disease.,"Jaundice, fatigue, abdominal pain, loss of appetite, nausea","Infection with hepatitis B virus, transmitted through blood, sexual contact, or from mother to child.","Antiviral medications (tenofovir, entecavir), supportive care",Bacillus anthracis,Dengue
810,COVID-19,Metabolic,"A contagious respiratory illness caused by the SARS-CoV-2 virus, leading to symptoms ranging from mild cold-like illness to severe pneumonia.","Fever, cough, shortness of breath, fatigue, loss of taste or smell","Infection with the SARS-CoV-2 coronavirus, primarily spread via respiratory droplets.","Supportive care, oxygen therapy, antiviral medications (e.g., remdesivir)",Corynebacterium diphtheriae,Herpes simplex
811,Hepatitis B,Parasitic,A viral infection that attacks the liver and can cause both acute and chronic disease.,"Jaundice, fatigue, abdominal pain, loss of appetite, nausea","Infection with hepatitis B virus, transmitted through blood, sexual contact, or from mother to child.","Antiviral medications (tenofovir, entecavir), supportive care",Shigella dysenteriae,Herpes simplex
812,Pneumonia,Bacterial,"An infection that inflames the air sacs in one or both lungs, which may fill with fluid.","Cough with phlegm, fever, chills, difficulty breathing","Infection of the lungs by bacteria, viruses, or fungi, often following a cold or flu.","Antibiotics (if bacterial), antiviral or antifungal medications, supportive care",Shigella dysenteriae,HPV
813,HIV/AIDS,Parasitic,A virus that attacks the immune system and can lead to acquired immunodeficiency syndrome (AIDS).,"Fever, fatigue, swollen lymph nodes, weight loss, recurrent infections","Infection with the human immunodeficiency virus (HIV), spread through blood, sexual contact, or from mother to child.",Antiretroviral therapy (ART),Helicobacter pylori,Cytomegalovirus
814,Asthma,Metabolic,"A chronic inflammatory disease of the airways that causes periodic attacks of wheezing, shortness of breath, and coughing.","Shortness of breath, wheezing, coughing, chest tightness","Chronic inflammation of the airways, triggered by allergens, pollution, respiratory infections, or exercise.","Inhaled corticosteroids, bronchodilators, avoiding triggers",Borrelia burgdorferi,Rabies
815,Hypertension,Viral,A chronic condition characterized by elevated blood pressure levels.,"Often asymptomatic, but may cause headaches, shortness of breath, nosebleeds","Combination of genetic, environmental, and lifestyle factors, including high salt intake, obesity, and stress.","Lifestyle modification, antihypertensive medications",Proteus mirabilis,SARS-CoV-2
816,Diabetes Mellitus,Metabolic,A group of metabolic diseases characterized by high blood sugar levels over a prolonged period.,"Increased thirst, frequent urination, hunger, fatigue, blurred vision","Insufficient insulin production or insulin resistance, influenced by genetics, lifestyle, and obesity.","Insulin therapy, oral hypoglycemic agents, diet, exercise",Klebsiella pneumoniae,Herpes simplex
817,Zika,Bacterial,"A disease caused by Zika virus, spread mainly by mosquitoes, associated with birth defects when contracted during pregnancy.","Fever, rash, joint pain, red eyes, muscle pain","Infection with Zika virus, transmitted by Aedes mosquitoes or sexual contact.","Supportive care, rest, fluids, pain relievers",Escherichia coli,Herpes simplex
818,Cholera,Metabolic,An acute diarrheal illness caused by infection of the intestine with Vibrio cholerae.,"Severe diarrhea, dehydration, vomiting, rapid heart rate",Ingestion of water or food contaminated with Vibrio cholerae bacteria.,"Rehydration therapy, antibiotics in severe cases",Streptococcus pneumoniae,Hepatitis B
819,Diabetes Mellitus,Viral,A group of metabolic diseases characterized by high blood sugar levels over a prolonged period.,"Increased thirst, frequent urination, hunger, fatigue, blurred vision","Insufficient insulin production or insulin resistance, influenced by genetics, lifestyle, and obesity.","Insulin therapy, oral hypoglycemic agents, diet, exercise",Vibrio cholerae,HIV
820,Rabies,Metabolic,A deadly viral infection that is transmitted to humans through the bite of infected animals.,"Fever, headache, excess salivation, muscle spasms, paralysis, mental confusion","Bite or scratch from an infected animal, usually a dog or bat.","Post-exposure prophylaxis (PEP), rabies immunoglobulin, supportive care",Salmonella enterica,Polio
821,Influenza,Bacterial,A disease affecting humans. Further research may be required for specific details about Influenza.,"letter, year","Varies: may include infections, genetics, environment, or lifestyle factors. Further research may be required for specific details about Influenza.","Supportive care, consult a healthcare professional",Helicobacter pylori,HIV
822,Meningitis,Viral,"An inflammation of the membranes (meninges) surrounding the brain and spinal cord, caused by infection.","Sudden high fever, stiff neck, headache, nausea, sensitivity to light","Infection of the meninges by bacteria, viruses, fungi, or parasites.","Antibiotics (if bacterial), antiviral or antifungal medications, corticosteroids",Listeria monocytogenes,Norovirus
823,Chickenpox,Parasitic,"A highly contagious viral infection causing an itchy, blister-like rash.","Itchy, blister-like rash, fever, tiredness, loss of appetite","Infection with varicella-zoster virus, spread by respiratory droplets or contact with lesions.","Antihistamines, calamine lotion, antiviral drugs (acyclovir) in severe cases",Mycobacterium tuberculosis,Ebola
824,Zika,Parasitic,"A disease caused by Zika virus, spread mainly by mosquitoes, associated with birth defects when contracted during pregnancy.","Fever, rash, joint pain, red eyes, muscle pain","Infection with Zika virus, transmitted by Aedes mosquitoes or sexual contact.","Supportive care, rest, fluids, pain relievers",Enterococcus faecalis,HIV
825,Hepatitis B,Parasitic,A viral infection that attacks the liver and can cause both acute and chronic disease.,"Jaundice, fatigue, abdominal pain, loss of appetite, nausea","Infection with hepatitis B virus, transmitted through blood, sexual contact, or from mother to child.","Antiviral medications (tenofovir, entecavir), supportive care",Vibrio cholerae,Measles
826,Hypertension,Metabolic,A chronic condition characterized by elevated blood pressure levels.,"Often asymptomatic, but may cause headaches, shortness of breath, nosebleeds","Combination of genetic, environmental, and lifestyle factors, including high salt intake, obesity, and stress.","Lifestyle modification, antihypertensive medications",Yersinia pestis,Cytomegalovirus
827,Polio,Parasitic,A viral disease that can affect nerves and can lead to partial or full paralysis.,"Fever, sore throat, headache, vomiting, back pain, neck stiffness, paralysis","Infection with poliovirus, spread by fecal-oral route.","Supportive care, physical therapy, ventilatory support if needed",Listeria monocytogenes,Herpes simplex
828,Zika,Metabolic,"A disease caused by Zika virus, spread mainly by mosquitoes, associated with birth defects when contracted during pregnancy.","Fever, rash, joint pain, red eyes, muscle pain","Infection with Zika virus, transmitted by Aedes mosquitoes or sexual contact.","Supportive care, rest, fluids, pain relievers",Corynebacterium diphtheriae,Ebola
829,Rabies,Bacterial,A deadly viral infection that is transmitted to humans through the bite of infected animals.,"Fever, headache, excess salivation, muscle spasms, paralysis, mental confusion","Bite or scratch from an infected animal, usually a dog or bat.","Post-exposure prophylaxis (PEP), rabies immunoglobulin, supportive care",Proteus mirabilis,Hepatitis B
830,Polio,Genetic,A viral disease that can affect nerves and can lead to partial or full paralysis.,"Fever, sore throat, headache, vomiting, back pain, neck stiffness, paralysis","Infection with poliovirus, spread by fecal-oral route.","Supportive care, physical therapy, ventilatory support if needed",Enterococcus faecalis,Rubella
831,Meningitis,Viral,"An inflammation of the membranes (meninges) surrounding the brain and spinal cord, caused by infection.","Sudden high fever, stiff neck, headache, nausea, sensitivity to light","Infection of the meninges by bacteria, viruses, fungi, or parasites.","Antibiotics (if bacterial), antiviral or antifungal medications, corticosteroids",Treponema pallidum,Marburg
832,Polio,Viral,A viral disease that can affect nerves and can lead to partial or full paralysis.,"Fever, sore throat, headache, vomiting, back pain, neck stiffness, paralysis","Infection with poliovirus, spread by fecal-oral route.","Supportive care, physical therapy, ventilatory support if needed",Listeria monocytogenes,Dengue
833,Ebola,Viral,"A severe, often fatal illness in humans caused by the Ebola virus.","Fever, severe headache, muscle pain, vomiting, diarrhea, bleeding","Infection with Ebola virus, transmitted by contact with bodily fluids of infected persons or animals.","Supportive care, intravenous fluids, experimental antiviral drugs",Corynebacterium diphtheriae,Measles
834,Leprosy,Bacterial,"A chronic infectious disease caused by Mycobacterium leprae, affecting the skin, nerves, and mucous membranes.","Skin lesions, numbness, muscle weakness, eye problems","Chronic infection with Mycobacterium leprae, spread via respiratory droplets.","Multidrug therapy (dapsone, rifampicin, clofazimine)",Bacillus anthracis,Dengue
835,Hypertension,Viral,A chronic condition characterized by elevated blood pressure levels.,"Often asymptomatic, but may cause headaches, shortness of breath, nosebleeds","Combination of genetic, environmental, and lifestyle factors, including high salt intake, obesity, and stress.","Lifestyle modification, antihypertensive medications",Helicobacter pylori,Measles
836,Polio,Genetic,A viral disease that can affect nerves and can lead to partial or full paralysis.,"Fever, sore throat, headache, vomiting, back pain, neck stiffness, paralysis","Infection with poliovirus, spread by fecal-oral route.","Supportive care, physical therapy, ventilatory support if needed",Vibrio cholerae,Rotavirus
837,Rabies,Viral,A deadly viral infection that is transmitted to humans through the bite of infected animals.,"Fever, headache, excess salivation, muscle spasms, paralysis, mental confusion","Bite or scratch from an infected animal, usually a dog or bat.","Post-exposure prophylaxis (PEP), rabies immunoglobulin, supportive care",Enterococcus faecalis,HIV
838,Dengue,Genetic,"A mosquito-borne viral infection causing high fever, rash, and muscle and joint pain.","High fever, headache, pain behind the eyes, joint and muscle pain, rash","Infection with dengue virus, transmitted by Aedes mosquitoes.","Supportive care, fluid replacement, pain relievers (acetaminophen)",Escherichia coli,Zika
839,Ebola,Parasitic,"A severe, often fatal illness in humans caused by the Ebola virus.","Fever, severe headache, muscle pain, vomiting, diarrhea, bleeding","Infection with Ebola virus, transmitted by contact with bodily fluids of infected persons or animals.","Supportive care, intravenous fluids, experimental antiviral drugs",Escherichia coli,Rubella
840,Asthma,Viral,"A chronic inflammatory disease of the airways that causes periodic attacks of wheezing, shortness of breath, and coughing.","Shortness of breath, wheezing, coughing, chest tightness","Chronic inflammation of the airways, triggered by allergens, pollution, respiratory infections, or exercise.","Inhaled corticosteroids, bronchodilators, avoiding triggers",Neisseria meningitidis,Influenza
841,Ebola,Viral,"A severe, often fatal illness in humans caused by the Ebola virus.","Fever, severe headache, muscle pain, vomiting, diarrhea, bleeding","Infection with Ebola virus, transmitted by contact with bodily fluids of infected persons or animals.","Supportive care, intravenous fluids, experimental antiviral drugs",Salmonella enterica,Rubella
842,Diabetes Mellitus,Viral,A group of metabolic diseases characterized by high blood sugar levels over a prolonged period.,"Increased thirst, frequent urination, hunger, fatigue, blurred vision","Insufficient insulin production or insulin resistance, influenced by genetics, lifestyle, and obesity.","Insulin therapy, oral hypoglycemic agents, diet, exercise",Staphylococcus aureus,Mumps
843,HIV/AIDS,Viral,A virus that attacks the immune system and can lead to acquired immunodeficiency syndrome (AIDS).,"Fever, fatigue, swollen lymph nodes, weight loss, recurrent infections","Infection with the human immunodeficiency virus (HIV), spread through blood, sexual contact, or from mother to child.",Antiretroviral therapy (ART),Enterococcus faecalis,Epstein-Barr
844,Tuberculosis,Parasitic,"A potentially serious infectious disease that mainly affects the lungs, caused by Mycobacterium tuberculosis.","Cough (sometimes blood-tinged), weight loss, night sweats, fever","Infection by Mycobacterium tuberculosis, transmitted via airborne droplets from coughs or sneezes.","Antibiotic therapy (isoniazid, rifampin, ethambutol, pyrazinamide)",Pseudomonas aeruginosa,HPV
845,Pneumonia,Parasitic,"An infection that inflames the air sacs in one or both lungs, which may fill with fluid.","Cough with phlegm, fever, chills, difficulty breathing","Infection of the lungs by bacteria, viruses, or fungi, often following a cold or flu.","Antibiotics (if bacterial), antiviral or antifungal medications, supportive care",Treponema pallidum,Marburg
846,Influenza,Metabolic,A disease affecting humans. Further research may be required for specific details about Influenza.,"sing, event, standard","Varies: may include infections, genetics, environment, or lifestyle factors. Further research may be required for specific details about Influenza.","Supportive care, consult a healthcare professional",Treponema pallidum,Polio
847,Dengue,Metabolic,"A mosquito-borne viral infection causing high fever, rash, and muscle and joint pain.","High fever, headache, pain behind the eyes, joint and muscle pain, rash","Infection with dengue virus, transmitted by Aedes mosquitoes.","Supportive care, fluid replacement, pain relievers (acetaminophen)",Yersinia pestis,Rotavirus
848,Dengue,Bacterial,"A mosquito-borne viral infection causing high fever, rash, and muscle and joint pain.","High fever, headache, pain behind the eyes, joint and muscle pain, rash","Infection with dengue virus, transmitted by Aedes mosquitoes.","Supportive care, fluid replacement, pain relievers (acetaminophen)",Listeria monocytogenes,Marburg
849,Hepatitis B,Viral,A viral infection that attacks the liver and can cause both acute and chronic disease.,"Jaundice, fatigue, abdominal pain, loss of appetite, nausea","Infection with hepatitis B virus, transmitted through blood, sexual contact, or from mother to child.","Antiviral medications (tenofovir, entecavir), supportive care",Staphylococcus aureus,HIV
850,Hypertension,Genetic,A chronic condition characterized by elevated blood pressure levels.,"Often asymptomatic, but may cause headaches, shortness of breath, nosebleeds","Combination of genetic, environmental, and lifestyle factors, including high salt intake, obesity, and stress.","Lifestyle modification, antihypertensive medications",Pseudomonas aeruginosa,HIV
851,COVID-19,Genetic,"A contagious respiratory illness caused by the SARS-CoV-2 virus, leading to symptoms ranging from mild cold-like illness to severe pneumonia.","Fever, cough, shortness of breath, fatigue, loss of taste or smell","Infection with the SARS-CoV-2 coronavirus, primarily spread via respiratory droplets.","Supportive care, oxygen therapy, antiviral medications (e.g., remdesivir)",Yersinia pestis,Cytomegalovirus
852,Asthma,Bacterial,"A chronic inflammatory disease of the airways that causes periodic attacks of wheezing, shortness of breath, and coughing.","Shortness of breath, wheezing, coughing, chest tightness","Chronic inflammation of the airways, triggered by allergens, pollution, respiratory infections, or exercise.","Inhaled corticosteroids, bronchodilators, avoiding triggers",Treponema pallidum,Zika
853,Hypertension,Viral,A chronic condition characterized by elevated blood pressure levels.,"Often asymptomatic, but may cause headaches, shortness of breath, nosebleeds","Combination of genetic, environmental, and lifestyle factors, including high salt intake, obesity, and stress.","Lifestyle modification, antihypertensive medications",Neisseria meningitidis,Norovirus
854,HIV/AIDS,Bacterial,A virus that attacks the immune system and can lead to acquired immunodeficiency syndrome (AIDS).,"Fever, fatigue, swollen lymph nodes, weight loss, recurrent infections","Infection with the human immunodeficiency virus (HIV), spread through blood, sexual contact, or from mother to child.",Antiretroviral therapy (ART),Clostridium tetani,Rabies
855,Dengue,Bacterial,"A mosquito-borne viral infection causing high fever, rash, and muscle and joint pain.","High fever, headache, pain behind the eyes, joint and muscle pain, rash","Infection with dengue virus, transmitted by Aedes mosquitoes.","Supportive care, fluid replacement, pain relievers (acetaminophen)",Borrelia burgdorferi,Rotavirus
856,Measles,Metabolic,"A highly contagious viral disease causing fever, cough, and a characteristic rash.","Fever, cough, runny nose, inflamed eyes, red rash","Infection with measles virus, spread by respiratory droplets.","Supportive care, vitamin A supplementation",Shigella dysenteriae,Measles
857,Zika,Genetic,"A disease caused by Zika virus, spread mainly by mosquitoes, associated with birth defects when contracted during pregnancy.","Fever, rash, joint pain, red eyes, muscle pain","Infection with Zika virus, transmitted by Aedes mosquitoes or sexual contact.","Supportive care, rest, fluids, pain relievers",Listeria monocytogenes,Hepatitis B
858,Leprosy,Metabolic,"A chronic infectious disease caused by Mycobacterium leprae, affecting the skin, nerves, and mucous membranes.","Skin lesions, numbness, muscle weakness, eye problems","Chronic infection with Mycobacterium leprae, spread via respiratory droplets.","Multidrug therapy (dapsone, rifampicin, clofazimine)",Corynebacterium diphtheriae,Varicella-zoster
859,Rabies,Viral,A deadly viral infection that is transmitted to humans through the bite of infected animals.,"Fever, headache, excess salivation, muscle spasms, paralysis, mental confusion","Bite or scratch from an infected animal, usually a dog or bat.","Post-exposure prophylaxis (PEP), rabies immunoglobulin, supportive care",Streptococcus pneumoniae,Rubella
860,Ebola,Metabolic,"A severe, often fatal illness in humans caused by the Ebola virus.","Fever, severe headache, muscle pain, vomiting, diarrhea, bleeding","Infection with Ebola virus, transmitted by contact with bodily fluids of infected persons or animals.","Supportive care, intravenous fluids, experimental antiviral drugs",Escherichia coli,Dengue
861,Asthma,Parasitic,"A chronic inflammatory disease of the airways that causes periodic attacks of wheezing, shortness of breath, and coughing.","Shortness of breath, wheezing, coughing, chest tightness","Chronic inflammation of the airways, triggered by allergens, pollution, respiratory infections, or exercise.","Inhaled corticosteroids, bronchodilators, avoiding triggers",Treponema pallidum,Rotavirus
862,Leprosy,Genetic,"A chronic infectious disease caused by Mycobacterium leprae, affecting the skin, nerves, and mucous membranes.","Skin lesions, numbness, muscle weakness, eye problems","Chronic infection with Mycobacterium leprae, spread via respiratory droplets.","Multidrug therapy (dapsone, rifampicin, clofazimine)",Treponema pallidum,Norovirus
863,Diabetes Mellitus,Parasitic,A group of metabolic diseases characterized by high blood sugar levels over a prolonged period.,"Increased thirst, frequent urination, hunger, fatigue, blurred vision","Insufficient insulin production or insulin resistance, influenced by genetics, lifestyle, and obesity.","Insulin therapy, oral hypoglycemic agents, diet, exercise",Salmonella enterica,Varicella-zoster
864,Influenza,Genetic,A disease affecting humans. Further research may be required for specific details about Influenza.,"recent, other","Varies: may include infections, genetics, environment, or lifestyle factors. Further research may be required for specific details about Influenza.","Supportive care, consult a healthcare professional",Bacillus anthracis,Dengue
865,Pneumonia,Viral,"An infection that inflames the air sacs in one or both lungs, which may fill with fluid.","Cough with phlegm, fever, chills, difficulty breathing","Infection of the lungs by bacteria, viruses, or fungi, often following a cold or flu.","Antibiotics (if bacterial), antiviral or antifungal medications, supportive care",Clostridium tetani,Ebola
866,Hepatitis B,Viral,A viral infection that attacks the liver and can cause both acute and chronic disease.,"Jaundice, fatigue, abdominal pain, loss of appetite, nausea","Infection with hepatitis B virus, transmitted through blood, sexual contact, or from mother to child.","Antiviral medications (tenofovir, entecavir), supportive care",Treponema pallidum,Ebola
867,Measles,Genetic,"A highly contagious viral disease causing fever, cough, and a characteristic rash.","Fever, cough, runny nose, inflamed eyes, red rash","Infection with measles virus, spread by respiratory droplets.","Supportive care, vitamin A supplementation",Treponema pallidum,Varicella-zoster
868,Meningitis,Viral,"An inflammation of the membranes (meninges) surrounding the brain and spinal cord, caused by infection.","Sudden high fever, stiff neck, headache, nausea, sensitivity to light","Infection of the meninges by bacteria, viruses, fungi, or parasites.","Antibiotics (if bacterial), antiviral or antifungal medications, corticosteroids",Klebsiella pneumoniae,Mumps
869,COVID-19,Metabolic,"A contagious respiratory illness caused by the SARS-CoV-2 virus, leading to symptoms ranging from mild cold-like illness to severe pneumonia.","Fever, cough, shortness of breath, fatigue, loss of taste or smell","Infection with the SARS-CoV-2 coronavirus, primarily spread via respiratory droplets.","Supportive care, oxygen therapy, antiviral medications (e.g., remdesivir)",Neisseria meningitidis,Measles
870,Measles,Parasitic,"A highly contagious viral disease causing fever, cough, and a characteristic rash.","Fever, cough, runny nose, inflamed eyes, red rash","Infection with measles virus, spread by respiratory droplets.","Supportive care, vitamin A supplementation",Vibrio cholerae,HIV
871,COVID-19,Viral,"A contagious respiratory illness caused by the SARS-CoV-2 virus, leading to symptoms ranging from mild cold-like illness to severe pneumonia.","Fever, cough, shortness of breath, fatigue, loss of taste or smell","Infection with the SARS-CoV-2 coronavirus, primarily spread via respiratory droplets.","Supportive care, oxygen therapy, antiviral medications (e.g., remdesivir)",Clostridium tetani,Cytomegalovirus
872,Zika,Bacterial,"A disease caused by Zika virus, spread mainly by mosquitoes, associated with birth defects when contracted during pregnancy.","Fever, rash, joint pain, red eyes, muscle pain","Infection with Zika virus, transmitted by Aedes mosquitoes or sexual contact.","Supportive care, rest, fluids, pain relievers",Proteus mirabilis,HIV
873,Asthma,Viral,"A chronic inflammatory disease of the airways that causes periodic attacks of wheezing, shortness of breath, and coughing.","Shortness of breath, wheezing, coughing, chest tightness","Chronic inflammation of the airways, triggered by allergens, pollution, respiratory infections, or exercise.","Inhaled corticosteroids, bronchodilators, avoiding triggers",Proteus mirabilis,Hepatitis B
874,Ebola,Viral,"A severe, often fatal illness in humans caused by the Ebola virus.","Fever, severe headache, muscle pain, vomiting, diarrhea, bleeding","Infection with Ebola virus, transmitted by contact with bodily fluids of infected persons or animals.","Supportive care, intravenous fluids, experimental antiviral drugs",Staphylococcus aureus,HPV
875,Zika,Viral,"A disease caused by Zika virus, spread mainly by mosquitoes, associated with birth defects when contracted during pregnancy.","Fever, rash, joint pain, red eyes, muscle pain","Infection with Zika virus, transmitted by Aedes mosquitoes or sexual contact.","Supportive care, rest, fluids, pain relievers",Klebsiella pneumoniae,SARS-CoV-2
876,Ebola,Parasitic,"A severe, often fatal illness in humans caused by the Ebola virus.","Fever, severe headache, muscle pain, vomiting, diarrhea, bleeding","Infection with Ebola virus, transmitted by contact with bodily fluids of infected persons or animals.","Supportive care, intravenous fluids, experimental antiviral drugs",Staphylococcus aureus,Zika
877,Rabies,Viral,A deadly viral infection that is transmitted to humans through the bite of infected animals.,"Fever, headache, excess salivation, muscle spasms, paralysis, mental confusion","Bite or scratch from an infected animal, usually a dog or bat.","Post-exposure prophylaxis (PEP), rabies immunoglobulin, supportive care",Clostridium tetani,Hepatitis B
878,Rabies,Parasitic,A deadly viral infection that is transmitted to humans through the bite of infected animals.,"Fever, headache, excess salivation, muscle spasms, paralysis, mental confusion","Bite or scratch from an infected animal, usually a dog or bat.","Post-exposure prophylaxis (PEP), rabies immunoglobulin, supportive care",Bacillus anthracis,Rabies
879,Rabies,Viral,A deadly viral infection that is transmitted to humans through the bite of infected animals.,"Fever, headache, excess salivation, muscle spasms, paralysis, mental confusion","Bite or scratch from an infected animal, usually a dog or bat.","Post-exposure prophylaxis (PEP), rabies immunoglobulin, supportive care",Proteus mirabilis,Polio
880,Tuberculosis,Parasitic,"A potentially serious infectious disease that mainly affects the lungs, caused by Mycobacterium tuberculosis.","Cough (sometimes blood-tinged), weight loss, night sweats, fever","Infection by Mycobacterium tuberculosis, transmitted via airborne droplets from coughs or sneezes.","Antibiotic therapy (isoniazid, rifampin, ethambutol, pyrazinamide)",Streptococcus pneumoniae,Hepatitis B
881,Ebola,Metabolic,"A severe, often fatal illness in humans caused by the Ebola virus.","Fever, severe headache, muscle pain, vomiting, diarrhea, bleeding","Infection with Ebola virus, transmitted by contact with bodily fluids of infected persons or animals.","Supportive care, intravenous fluids, experimental antiviral drugs",Clostridium tetani,Zika
882,Ebola,Genetic,"A severe, often fatal illness in humans caused by the Ebola virus.","Fever, severe headache, muscle pain, vomiting, diarrhea, bleeding","Infection with Ebola virus, transmitted by contact with bodily fluids of infected persons or animals.","Supportive care, intravenous fluids, experimental antiviral drugs",Clostridium tetani,Dengue
883,Hypertension,Metabolic,A chronic condition characterized by elevated blood pressure levels.,"Often asymptomatic, but may cause headaches, shortness of breath, nosebleeds","Combination of genetic, environmental, and lifestyle factors, including high salt intake, obesity, and stress.","Lifestyle modification, antihypertensive medications",Enterococcus faecalis,Zika
884,HIV/AIDS,Genetic,A virus that attacks the immune system and can lead to acquired immunodeficiency syndrome (AIDS).,"Fever, fatigue, swollen lymph nodes, weight loss, recurrent infections","Infection with the human immunodeficiency virus (HIV), spread through blood, sexual contact, or from mother to child.",Antiretroviral therapy (ART),Bacillus anthracis,Measles
885,Rabies,Genetic,A deadly viral infection that is transmitted to humans through the bite of infected animals.,"Fever, headache, excess salivation, muscle spasms, paralysis, mental confusion","Bite or scratch from an infected animal, usually a dog or bat.","Post-exposure prophylaxis (PEP), rabies immunoglobulin, supportive care",Vibrio cholerae,SARS-CoV-2
886,Asthma,Metabolic,"A chronic inflammatory disease of the airways that causes periodic attacks of wheezing, shortness of breath, and coughing.","Shortness of breath, wheezing, coughing, chest tightness","Chronic inflammation of the airways, triggered by allergens, pollution, respiratory infections, or exercise.","Inhaled corticosteroids, bronchodilators, avoiding triggers",Salmonella enterica,Mumps
887,Hypertension,Parasitic,A chronic condition characterized by elevated blood pressure levels.,"Often asymptomatic, but may cause headaches, shortness of breath, nosebleeds","Combination of genetic, environmental, and lifestyle factors, including high salt intake, obesity, and stress.","Lifestyle modification, antihypertensive medications",Listeria monocytogenes,Measles
888,Leprosy,Viral,"A chronic infectious disease caused by Mycobacterium leprae, affecting the skin, nerves, and mucous membranes.","Skin lesions, numbness, muscle weakness, eye problems","Chronic infection with Mycobacterium leprae, spread via respiratory droplets.","Multidrug therapy (dapsone, rifampicin, clofazimine)",Streptococcus pneumoniae,Norovirus
889,Zika,Genetic,"A disease caused by Zika virus, spread mainly by mosquitoes, associated with birth defects when contracted during pregnancy.","Fever, rash, joint pain, red eyes, muscle pain","Infection with Zika virus, transmitted by Aedes mosquitoes or sexual contact.","Supportive care, rest, fluids, pain relievers",Helicobacter pylori,Norovirus
890,Chickenpox,Genetic,"A highly contagious viral infection causing an itchy, blister-like rash.","Itchy, blister-like rash, fever, tiredness, loss of appetite","Infection with varicella-zoster virus, spread by respiratory droplets or contact with lesions.","Antihistamines, calamine lotion, antiviral drugs (acyclovir) in severe cases",Pseudomonas aeruginosa,Varicella-zoster
891,Zika,Viral,"A disease caused by Zika virus, spread mainly by mosquitoes, associated with birth defects when contracted during pregnancy.","Fever, rash, joint pain, red eyes, muscle pain","Infection with Zika virus, transmitted by Aedes mosquitoes or sexual contact.","Supportive care, rest, fluids, pain relievers",Neisseria meningitidis,Hepatitis B
892,HIV/AIDS,Genetic,A virus that attacks the immune system and can lead to acquired immunodeficiency syndrome (AIDS).,"Fever, fatigue, swollen lymph nodes, weight loss, recurrent infections","Infection with the human immunodeficiency virus (HIV), spread through blood, sexual contact, or from mother to child.",Antiretroviral therapy (ART),Helicobacter pylori,Herpes simplex
893,Malaria,Parasitic,"A mosquito-borne infectious disease caused by Plasmodium parasites, leading to fever, chills, and flu-like illness.","Fever, chills, headache, nausea, vomiting, muscle pain","Infection by Plasmodium parasites, transmitted by the bite of infected Anopheles mosquitoes.","Antimalarial drugs (artemisinin-based combination therapies, chloroquine)",Shigella dysenteriae,Mumps
894,Hypertension,Genetic,A chronic condition characterized by elevated blood pressure levels.,"Often asymptomatic, but may cause headaches, shortness of breath, nosebleeds","Combination of genetic, environmental, and lifestyle factors, including high salt intake, obesity, and stress.","Lifestyle modification, antihypertensive medications",Helicobacter pylori,Influenza
895,HIV/AIDS,Viral,A virus that attacks the immune system and can lead to acquired immunodeficiency syndrome (AIDS).,"Fever, fatigue, swollen lymph nodes, weight loss, recurrent infections","Infection with the human immunodeficiency virus (HIV), spread through blood, sexual contact, or from mother to child.",Antiretroviral therapy (ART),Vibrio cholerae,SARS-CoV-2
896,Influenza,Viral,A disease affecting humans. Further research may be required for specific details about Influenza.,"state, issue, section, wind","Varies: may include infections, genetics, environment, or lifestyle factors. Further research may be required for specific details about Influenza.","Supportive care, consult a healthcare professional",Clostridium tetani,Dengue
897,Chickenpox,Parasitic,"A highly contagious viral infection causing an itchy, blister-like rash.","Itchy, blister-like rash, fever, tiredness, loss of appetite","Infection with varicella-zoster virus, spread by respiratory droplets or contact with lesions.","Antihistamines, calamine lotion, antiviral drugs (acyclovir) in severe cases",Staphylococcus aureus,Rubella
898,Influenza,Viral,A disease affecting humans. Further research may be required for specific details about Influenza.,"building, to","Varies: may include infections, genetics, environment, or lifestyle factors. Further research may be required for specific details about Influenza.","Supportive care, consult a healthcare professional",Corynebacterium diphtheriae,SARS-CoV-2
899,Zika,Bacterial,"A disease caused by Zika virus, spread mainly by mosquitoes, associated with birth defects when contracted during pregnancy.","Fever, rash, joint pain, red eyes, muscle pain","Infection with Zika virus, transmitted by Aedes mosquitoes or sexual contact.","Supportive care, rest, fluids, pain relievers",Vibrio cholerae,Epstein-Barr
900,Rabies,Viral,A deadly viral infection that is transmitted to humans through the bite of infected animals.,"Fever, headache, excess salivation, muscle spasms, paralysis, mental confusion","Bite or scratch from an infected animal, usually a dog or bat.","Post-exposure prophylaxis (PEP), rabies immunoglobulin, supportive care",Corynebacterium diphtheriae,Dengue
901,Diabetes Mellitus,Bacterial,A group of metabolic diseases characterized by high blood sugar levels over a prolonged period.,"Increased thirst, frequent urination, hunger, fatigue, blurred vision","Insufficient insulin production or insulin resistance, influenced by genetics, lifestyle, and obesity.","Insulin therapy, oral hypoglycemic agents, diet, exercise",Shigella dysenteriae,SARS-CoV-2
902,Chickenpox,Parasitic,"A highly contagious viral infection causing an itchy, blister-like rash.","Itchy, blister-like rash, fever, tiredness, loss of appetite","Infection with varicella-zoster virus, spread by respiratory droplets or contact with lesions.","Antihistamines, calamine lotion, antiviral drugs (acyclovir) in severe cases",Corynebacterium diphtheriae,HPV
903,Pneumonia,Parasitic,"An infection that inflames the air sacs in one or both lungs, which may fill with fluid.","Cough with phlegm, fever, chills, difficulty breathing","Infection of the lungs by bacteria, viruses, or fungi, often following a cold or flu.","Antibiotics (if bacterial), antiviral or antifungal medications, supportive care",Neisseria meningitidis,HPV
904,Influenza,Bacterial,A disease affecting humans. Further research may be required for specific details about Influenza.,"expect, staff, floor","Varies: may include infections, genetics, environment, or lifestyle factors. Further research may be required for specific details about Influenza.","Supportive care, consult a healthcare professional",Shigella dysenteriae,Varicella-zoster
905,Diabetes Mellitus,Metabolic,A group of metabolic diseases characterized by high blood sugar levels over a prolonged period.,"Increased thirst, frequent urination, hunger, fatigue, blurred vision","Insufficient insulin production or insulin resistance, influenced by genetics, lifestyle, and obesity.","Insulin therapy, oral hypoglycemic agents, diet, exercise",Mycobacterium tuberculosis,SARS-CoV-2
906,Polio,Bacterial,A viral disease that can affect nerves and can lead to partial or full paralysis.,"Fever, sore throat, headache, vomiting, back pain, neck stiffness, paralysis","Infection with poliovirus, spread by fecal-oral route.","Supportive care, physical therapy, ventilatory support if needed",Proteus mirabilis,HPV
907,HIV/AIDS,Parasitic,A virus that attacks the immune system and can lead to acquired immunodeficiency syndrome (AIDS).,"Fever, fatigue, swollen lymph nodes, weight loss, recurrent infections","Infection with the human immunodeficiency virus (HIV), spread through blood, sexual contact, or from mother to child.",Antiretroviral therapy (ART),Mycobacterium tuberculosis,Varicella-zoster
908,Pneumonia,Parasitic,"An infection that inflames the air sacs in one or both lungs, which may fill with fluid.","Cough with phlegm, fever, chills, difficulty breathing","Infection of the lungs by bacteria, viruses, or fungi, often following a cold or flu.","Antibiotics (if bacterial), antiviral or antifungal medications, supportive care",Mycobacterium tuberculosis,Zika
909,Pneumonia,Parasitic,"An infection that inflames the air sacs in one or both lungs, which may fill with fluid.","Cough with phlegm, fever, chills, difficulty breathing","Infection of the lungs by bacteria, viruses, or fungi, often following a cold or flu.","Antibiotics (if bacterial), antiviral or antifungal medications, supportive care",Proteus mirabilis,Varicella-zoster
910,Ebola,Bacterial,"A severe, often fatal illness in humans caused by the Ebola virus.","Fever, severe headache, muscle pain, vomiting, diarrhea, bleeding","Infection with Ebola virus, transmitted by contact with bodily fluids of infected persons or animals.","Supportive care, intravenous fluids, experimental antiviral drugs",Shigella dysenteriae,Varicella-zoster
911,Leprosy,Genetic,"A chronic infectious disease caused by Mycobacterium leprae, affecting the skin, nerves, and mucous membranes.","Skin lesions, numbness, muscle weakness, eye problems","Chronic infection with Mycobacterium leprae, spread via respiratory droplets.","Multidrug therapy (dapsone, rifampicin, clofazimine)",Helicobacter pylori,Influenza
912,Hypertension,Bacterial,A chronic condition characterized by elevated blood pressure levels.,"Often asymptomatic, but may cause headaches, shortness of breath, nosebleeds","Combination of genetic, environmental, and lifestyle factors, including high salt intake, obesity, and stress.","Lifestyle modification, antihypertensive medications",Enterococcus faecalis,Herpes simplex
913,Hypertension,Viral,A chronic condition characterized by elevated blood pressure levels.,"Often asymptomatic, but may cause headaches, shortness of breath, nosebleeds","Combination of genetic, environmental, and lifestyle factors, including high salt intake, obesity, and stress.","Lifestyle modification, antihypertensive medications",Neisseria meningitidis,Varicella-zoster
914,Polio,Bacterial,A viral disease that can affect nerves and can lead to partial or full paralysis.,"Fever, sore throat, headache, vomiting, back pain, neck stiffness, paralysis","Infection with poliovirus, spread by fecal-oral route.","Supportive care, physical therapy, ventilatory support if needed",Treponema pallidum,HIV
915,Meningitis,Parasitic,"An inflammation of the membranes (meninges) surrounding the brain and spinal cord, caused by infection.","Sudden high fever, stiff neck, headache, nausea, sensitivity to light","Infection of the meninges by bacteria, viruses, fungi, or parasites.","Antibiotics (if bacterial), antiviral or antifungal medications, corticosteroids",Streptococcus pneumoniae,Measles
916,Chickenpox,Bacterial,"A highly contagious viral infection causing an itchy, blister-like rash.","Itchy, blister-like rash, fever, tiredness, loss of appetite","Infection with varicella-zoster virus, spread by respiratory droplets or contact with lesions.","Antihistamines, calamine lotion, antiviral drugs (acyclovir) in severe cases",Streptococcus pneumoniae,Herpes simplex
917,HIV/AIDS,Parasitic,A virus that attacks the immune system and can lead to acquired immunodeficiency syndrome (AIDS).,"Fever, fatigue, swollen lymph nodes, weight loss, recurrent infections","Infection with the human immunodeficiency virus (HIV), spread through blood, sexual contact, or from mother to child.",Antiretroviral therapy (ART),Borrelia burgdorferi,Herpes simplex
918,Hepatitis B,Genetic,A viral infection that attacks the liver and can cause both acute and chronic disease.,"Jaundice, fatigue, abdominal pain, loss of appetite, nausea","Infection with hepatitis B virus, transmitted through blood, sexual contact, or from mother to child.","Antiviral medications (tenofovir, entecavir), supportive care",Listeria monocytogenes,Hepatitis B
919,Influenza,Parasitic,A disease affecting humans. Further research may be required for specific details about Influenza.,"throw, interesting","Varies: may include infections, genetics, environment, or lifestyle factors. Further research may be required for specific details about Influenza.","Supportive care, consult a healthcare professional",Streptococcus pneumoniae,Hepatitis B
920,Dengue,Metabolic,"A mosquito-borne viral infection causing high fever, rash, and muscle and joint pain.","High fever, headache, pain behind the eyes, joint and muscle pain, rash","Infection with dengue virus, transmitted by Aedes mosquitoes.","Supportive care, fluid replacement, pain relievers (acetaminophen)",Mycobacterium tuberculosis,Varicella-zoster
921,Rabies,Genetic,A deadly viral infection that is transmitted to humans through the bite of infected animals.,"Fever, headache, excess salivation, muscle spasms, paralysis, mental confusion","Bite or scratch from an infected animal, usually a dog or bat.","Post-exposure prophylaxis (PEP), rabies immunoglobulin, supportive care",Vibrio cholerae,HPV
922,Cholera,Bacterial,An acute diarrheal illness caused by infection of the intestine with Vibrio cholerae.,"Severe diarrhea, dehydration, vomiting, rapid heart rate",Ingestion of water or food contaminated with Vibrio cholerae bacteria.,"Rehydration therapy, antibiotics in severe cases",Klebsiella pneumoniae,Varicella-zoster
923,Diabetes Mellitus,Genetic,A group of metabolic diseases characterized by high blood sugar levels over a prolonged period.,"Increased thirst, frequent urination, hunger, fatigue, blurred vision","Insufficient insulin production or insulin resistance, influenced by genetics, lifestyle, and obesity.","Insulin therapy, oral hypoglycemic agents, diet, exercise",Salmonella enterica,Influenza
924,Meningitis,Metabolic,"An inflammation of the membranes (meninges) surrounding the brain and spinal cord, caused by infection.","Sudden high fever, stiff neck, headache, nausea, sensitivity to light","Infection of the meninges by bacteria, viruses, fungi, or parasites.","Antibiotics (if bacterial), antiviral or antifungal medications, corticosteroids",Pseudomonas aeruginosa,Marburg
925,Measles,Bacterial,"A highly contagious viral disease causing fever, cough, and a characteristic rash.","Fever, cough, runny nose, inflamed eyes, red rash","Infection with measles virus, spread by respiratory droplets.","Supportive care, vitamin A supplementation",Shigella dysenteriae,Dengue
926,Measles,Bacterial,"A highly contagious viral disease causing fever, cough, and a characteristic rash.","Fever, cough, runny nose, inflamed eyes, red rash","Infection with measles virus, spread by respiratory droplets.","Supportive care, vitamin A supplementation",Escherichia coli,Influenza
927,Hepatitis B,Viral,A viral infection that attacks the liver and can cause both acute and chronic disease.,"Jaundice, fatigue, abdominal pain, loss of appetite, nausea","Infection with hepatitis B virus, transmitted through blood, sexual contact, or from mother to child.","Antiviral medications (tenofovir, entecavir), supportive care",Treponema pallidum,HIV
928,COVID-19,Genetic,"A contagious respiratory illness caused by the SARS-CoV-2 virus, leading to symptoms ranging from mild cold-like illness to severe pneumonia.","Fever, cough, shortness of breath, fatigue, loss of taste or smell","Infection with the SARS-CoV-2 coronavirus, primarily spread via respiratory droplets.","Supportive care, oxygen therapy, antiviral medications (e.g., remdesivir)",Mycobacterium tuberculosis,Rubella
929,Zika,Bacterial,"A disease caused by Zika virus, spread mainly by mosquitoes, associated with birth defects when contracted during pregnancy.","Fever, rash, joint pain, red eyes, muscle pain","Infection with Zika virus, transmitted by Aedes mosquitoes or sexual contact.","Supportive care, rest, fluids, pain relievers",Escherichia coli,Mumps
930,Diabetes Mellitus,Genetic,A group of metabolic diseases characterized by high blood sugar levels over a prolonged period.,"Increased thirst, frequent urination, hunger, fatigue, blurred vision","Insufficient insulin production or insulin resistance, influenced by genetics, lifestyle, and obesity.","Insulin therapy, oral hypoglycemic agents, diet, exercise",Proteus mirabilis,SARS-CoV-2
931,Measles,Viral,"A highly contagious viral disease causing fever, cough, and a characteristic rash.","Fever, cough, runny nose, inflamed eyes, red rash","Infection with measles virus, spread by respiratory droplets.","Supportive care, vitamin A supplementation",Salmonella enterica,Varicella-zoster
932,Zika,Metabolic,"A disease caused by Zika virus, spread mainly by mosquitoes, associated with birth defects when contracted during pregnancy.","Fever, rash, joint pain, red eyes, muscle pain","Infection with Zika virus, transmitted by Aedes mosquitoes or sexual contact.","Supportive care, rest, fluids, pain relievers",Helicobacter pylori,Polio
933,Influenza,Parasitic,A disease affecting humans. Further research may be required for specific details about Influenza.,"share, director, individual, quality","Varies: may include infections, genetics, environment, or lifestyle factors. Further research may be required for specific details about Influenza.","Supportive care, consult a healthcare professional",Listeria monocytogenes,Influenza
934,HIV/AIDS,Metabolic,A virus that attacks the immune system and can lead to acquired immunodeficiency syndrome (AIDS).,"Fever, fatigue, swollen lymph nodes, weight loss, recurrent infections","Infection with the human immunodeficiency virus (HIV), spread through blood, sexual contact, or from mother to child.",Antiretroviral therapy (ART),Salmonella enterica,Rabies
935,Influenza,Metabolic,A disease affecting humans. Further research may be required for specific details about Influenza.,"look, operation","Varies: may include infections, genetics, environment, or lifestyle factors. Further research may be required for specific details about Influenza.","Supportive care, consult a healthcare professional",Treponema pallidum,Hepatitis B
936,Asthma,Metabolic,"A chronic inflammatory disease of the airways that causes periodic attacks of wheezing, shortness of breath, and coughing.","Shortness of breath, wheezing, coughing, chest tightness","Chronic inflammation of the airways, triggered by allergens, pollution, respiratory infections, or exercise.","Inhaled corticosteroids, bronchodilators, avoiding triggers",Mycobacterium tuberculosis,Measles
937,Tuberculosis,Genetic,"A potentially serious infectious disease that mainly affects the lungs, caused by Mycobacterium tuberculosis.","Cough (sometimes blood-tinged), weight loss, night sweats, fever","Infection by Mycobacterium tuberculosis, transmitted via airborne droplets from coughs or sneezes.","Antibiotic therapy (isoniazid, rifampin, ethambutol, pyrazinamide)",Mycobacterium tuberculosis,Marburg
938,Tuberculosis,Viral,"A potentially serious infectious disease that mainly affects the lungs, caused by Mycobacterium tuberculosis.","Cough (sometimes blood-tinged), weight loss, night sweats, fever","Infection by Mycobacterium tuberculosis, transmitted via airborne droplets from coughs or sneezes.","Antibiotic therapy (isoniazid, rifampin, ethambutol, pyrazinamide)",Escherichia coli,Hepatitis B
939,Rabies,Metabolic,A deadly viral infection that is transmitted to humans through the bite of infected animals.,"Fever, headache, excess salivation, muscle spasms, paralysis, mental confusion","Bite or scratch from an infected animal, usually a dog or bat.","Post-exposure prophylaxis (PEP), rabies immunoglobulin, supportive care",Treponema pallidum,HPV
940,Dengue,Parasitic,"A mosquito-borne viral infection causing high fever, rash, and muscle and joint pain.","High fever, headache, pain behind the eyes, joint and muscle pain, rash","Infection with dengue virus, transmitted by Aedes mosquitoes.","Supportive care, fluid replacement, pain relievers (acetaminophen)",Treponema pallidum,HPV
941,Diabetes Mellitus,Viral,A group of metabolic diseases characterized by high blood sugar levels over a prolonged period.,"Increased thirst, frequent urination, hunger, fatigue, blurred vision","Insufficient insulin production or insulin resistance, influenced by genetics, lifestyle, and obesity.","Insulin therapy, oral hypoglycemic agents, diet, exercise",Pseudomonas aeruginosa,Hepatitis B
942,Meningitis,Parasitic,"An inflammation of the membranes (meninges) surrounding the brain and spinal cord, caused by infection.","Sudden high fever, stiff neck, headache, nausea, sensitivity to light","Infection of the meninges by bacteria, viruses, fungi, or parasites.","Antibiotics (if bacterial), antiviral or antifungal medications, corticosteroids",Salmonella enterica,Influenza
943,Diabetes Mellitus,Metabolic,A group of metabolic diseases characterized by high blood sugar levels over a prolonged period.,"Increased thirst, frequent urination, hunger, fatigue, blurred vision","Insufficient insulin production or insulin resistance, influenced by genetics, lifestyle, and obesity.","Insulin therapy, oral hypoglycemic agents, diet, exercise",Mycobacterium tuberculosis,Varicella-zoster
944,Asthma,Bacterial,"A chronic inflammatory disease of the airways that causes periodic attacks of wheezing, shortness of breath, and coughing.","Shortness of breath, wheezing, coughing, chest tightness","Chronic inflammation of the airways, triggered by allergens, pollution, respiratory infections, or exercise.","Inhaled corticosteroids, bronchodilators, avoiding triggers",Yersinia pestis,Epstein-Barr
945,Cholera,Viral,An acute diarrheal illness caused by infection of the intestine with Vibrio cholerae.,"Severe diarrhea, dehydration, vomiting, rapid heart rate",Ingestion of water or food contaminated with Vibrio cholerae bacteria.,"Rehydration therapy, antibiotics in severe cases",Helicobacter pylori,Dengue
946,Leprosy,Parasitic,"A chronic infectious disease caused by Mycobacterium leprae, affecting the skin, nerves, and mucous membranes.","Skin lesions, numbness, muscle weakness, eye problems","Chronic infection with Mycobacterium leprae, spread via respiratory droplets.","Multidrug therapy (dapsone, rifampicin, clofazimine)",Enterococcus faecalis,Hepatitis B
947,COVID-19,Genetic,"A contagious respiratory illness caused by the SARS-CoV-2 virus, leading to symptoms ranging from mild cold-like illness to severe pneumonia.","Fever, cough, shortness of breath, fatigue, loss of taste or smell","Infection with the SARS-CoV-2 coronavirus, primarily spread via respiratory droplets.","Supportive care, oxygen therapy, antiviral medications (e.g., remdesivir)",Treponema pallidum,SARS-CoV-2
948,Leprosy,Viral,"A chronic infectious disease caused by Mycobacterium leprae, affecting the skin, nerves, and mucous membranes.","Skin lesions, numbness, muscle weakness, eye problems","Chronic infection with Mycobacterium leprae, spread via respiratory droplets.","Multidrug therapy (dapsone, rifampicin, clofazimine)",Streptococcus pneumoniae,Rabies
949,Meningitis,Bacterial,"An inflammation of the membranes (meninges) surrounding the brain and spinal cord, caused by infection.","Sudden high fever, stiff neck, headache, nausea, sensitivity to light","Infection of the meninges by bacteria, viruses, fungi, or parasites.","Antibiotics (if bacterial), antiviral or antifungal medications, corticosteroids",Treponema pallidum,Ebola
950,Polio,Viral,A viral disease that can affect nerves and can lead to partial or full paralysis.,"Fever, sore throat, headache, vomiting, back pain, neck stiffness, paralysis","Infection with poliovirus, spread by fecal-oral route.","Supportive care, physical therapy, ventilatory support if needed",Pseudomonas aeruginosa,Influenza
951,Polio,Viral,A viral disease that can affect nerves and can lead to partial or full paralysis.,"Fever, sore throat, headache, vomiting, back pain, neck stiffness, paralysis","Infection with poliovirus, spread by fecal-oral route.","Supportive care, physical therapy, ventilatory support if needed",Borrelia burgdorferi,Herpes simplex
952,Ebola,Metabolic,"A severe, often fatal illness in humans caused by the Ebola virus.","Fever, severe headache, muscle pain, vomiting, diarrhea, bleeding","Infection with Ebola virus, transmitted by contact with bodily fluids of infected persons or animals.","Supportive care, intravenous fluids, experimental antiviral drugs",Listeria monocytogenes,Norovirus
953,COVID-19,Genetic,"A contagious respiratory illness caused by the SARS-CoV-2 virus, leading to symptoms ranging from mild cold-like illness to severe pneumonia.","Fever, cough, shortness of breath, fatigue, loss of taste or smell","Infection with the SARS-CoV-2 coronavirus, primarily spread via respiratory droplets.","Supportive care, oxygen therapy, antiviral medications (e.g., remdesivir)",Treponema pallidum,Rabies
954,Zika,Viral,"A disease caused by Zika virus, spread mainly by mosquitoes, associated with birth defects when contracted during pregnancy.","Fever, rash, joint pain, red eyes, muscle pain","Infection with Zika virus, transmitted by Aedes mosquitoes or sexual contact.","Supportive care, rest, fluids, pain relievers",Staphylococcus aureus,Cytomegalovirus
955,Meningitis,Genetic,"An inflammation of the membranes (meninges) surrounding the brain and spinal cord, caused by infection.","Sudden high fever, stiff neck, headache, nausea, sensitivity to light","Infection of the meninges by bacteria, viruses, fungi, or parasites.","Antibiotics (if bacterial), antiviral or antifungal medications, corticosteroids",Streptococcus pneumoniae,Rotavirus
956,Tuberculosis,Bacterial,"A potentially serious infectious disease that mainly affects the lungs, caused by Mycobacterium tuberculosis.","Cough (sometimes blood-tinged), weight loss, night sweats, fever","Infection by Mycobacterium tuberculosis, transmitted via airborne droplets from coughs or sneezes.","Antibiotic therapy (isoniazid, rifampin, ethambutol, pyrazinamide)",Mycobacterium tuberculosis,Marburg
957,Diabetes Mellitus,Bacterial,A group of metabolic diseases characterized by high blood sugar levels over a prolonged period.,"Increased thirst, frequent urination, hunger, fatigue, blurred vision","Insufficient insulin production or insulin resistance, influenced by genetics, lifestyle, and obesity.","Insulin therapy, oral hypoglycemic agents, diet, exercise",Streptococcus pneumoniae,Ebola
958,Measles,Parasitic,"A highly contagious viral disease causing fever, cough, and a characteristic rash.","Fever, cough, runny nose, inflamed eyes, red rash","Infection with measles virus, spread by respiratory droplets.","Supportive care, vitamin A supplementation",Treponema pallidum,Measles
959,Dengue,Bacterial,"A mosquito-borne viral infection causing high fever, rash, and muscle and joint pain.","High fever, headache, pain behind the eyes, joint and muscle pain, rash","Infection with dengue virus, transmitted by Aedes mosquitoes.","Supportive care, fluid replacement, pain relievers (acetaminophen)",Pseudomonas aeruginosa,Dengue
960,Tuberculosis,Genetic,"A potentially serious infectious disease that mainly affects the lungs, caused by Mycobacterium tuberculosis.","Cough (sometimes blood-tinged), weight loss, night sweats, fever","Infection by Mycobacterium tuberculosis, transmitted via airborne droplets from coughs or sneezes.","Antibiotic therapy (isoniazid, rifampin, ethambutol, pyrazinamide)",Listeria monocytogenes,Herpes simplex
961,Diabetes Mellitus,Parasitic,A group of metabolic diseases characterized by high blood sugar levels over a prolonged period.,"Increased thirst, frequent urination, hunger, fatigue, blurred vision","Insufficient insulin production or insulin resistance, influenced by genetics, lifestyle, and obesity.","Insulin therapy, oral hypoglycemic agents, diet, exercise",Borrelia burgdorferi,Rubella
962,Dengue,Metabolic,"A mosquito-borne viral infection causing high fever, rash, and muscle and joint pain.","High fever, headache, pain behind the eyes, joint and muscle pain, rash","Infection with dengue virus, transmitted by Aedes mosquitoes.","Supportive care, fluid replacement, pain relievers (acetaminophen)",Mycobacterium tuberculosis,Measles
963,COVID-19,Bacterial,"A contagious respiratory illness caused by the SARS-CoV-2 virus, leading to symptoms ranging from mild cold-like illness to severe pneumonia.","Fever, cough, shortness of breath, fatigue, loss of taste or smell","Infection with the SARS-CoV-2 coronavirus, primarily spread via respiratory droplets.","Supportive care, oxygen therapy, antiviral medications (e.g., remdesivir)",Neisseria meningitidis,Norovirus
964,Chickenpox,Metabolic,"A highly contagious viral infection causing an itchy, blister-like rash.","Itchy, blister-like rash, fever, tiredness, loss of appetite","Infection with varicella-zoster virus, spread by respiratory droplets or contact with lesions.","Antihistamines, calamine lotion, antiviral drugs (acyclovir) in severe cases",Neisseria meningitidis,Norovirus
965,Malaria,Metabolic,"A mosquito-borne infectious disease caused by Plasmodium parasites, leading to fever, chills, and flu-like illness.","Fever, chills, headache, nausea, vomiting, muscle pain","Infection by Plasmodium parasites, transmitted by the bite of infected Anopheles mosquitoes.","Antimalarial drugs (artemisinin-based combination therapies, chloroquine)",Bacillus anthracis,Hepatitis B
966,Meningitis,Parasitic,"An inflammation of the membranes (meninges) surrounding the brain and spinal cord, caused by infection.","Sudden high fever, stiff neck, headache, nausea, sensitivity to light","Infection of the meninges by bacteria, viruses, fungi, or parasites.","Antibiotics (if bacterial), antiviral or antifungal medications, corticosteroids",Helicobacter pylori,SARS-CoV-2
967,Meningitis,Metabolic,"An inflammation of the membranes (meninges) surrounding the brain and spinal cord, caused by infection.","Sudden high fever, stiff neck, headache, nausea, sensitivity to light","Infection of the meninges by bacteria, viruses, fungi, or parasites.","Antibiotics (if bacterial), antiviral or antifungal medications, corticosteroids",Streptococcus pneumoniae,Measles
968,Hypertension,Viral,A chronic condition characterized by elevated blood pressure levels.,"Often asymptomatic, but may cause headaches, shortness of breath, nosebleeds","Combination of genetic, environmental, and lifestyle factors, including high salt intake, obesity, and stress.","Lifestyle modification, antihypertensive medications",Yersinia pestis,Mumps
969,Hepatitis B,Metabolic,A viral infection that attacks the liver and can cause both acute and chronic disease.,"Jaundice, fatigue, abdominal pain, loss of appetite, nausea","Infection with hepatitis B virus, transmitted through blood, sexual contact, or from mother to child.","Antiviral medications (tenofovir, entecavir), supportive care",Shigella dysenteriae,Cytomegalovirus
970,Malaria,Bacterial,"A mosquito-borne infectious disease caused by Plasmodium parasites, leading to fever, chills, and flu-like illness.","Fever, chills, headache, nausea, vomiting, muscle pain","Infection by Plasmodium parasites, transmitted by the bite of infected Anopheles mosquitoes.","Antimalarial drugs (artemisinin-based combination therapies, chloroquine)",Escherichia coli,SARS-CoV-2
971,Ebola,Bacterial,"A severe, often fatal illness in humans caused by the Ebola virus.","Fever, severe headache, muscle pain, vomiting, diarrhea, bleeding","Infection with Ebola virus, transmitted by contact with bodily fluids of infected persons or animals.","Supportive care, intravenous fluids, experimental antiviral drugs",Vibrio cholerae,Rubella
972,HIV/AIDS,Metabolic,A virus that attacks the immune system and can lead to acquired immunodeficiency syndrome (AIDS).,"Fever, fatigue, swollen lymph nodes, weight loss, recurrent infections","Infection with the human immunodeficiency virus (HIV), spread through blood, sexual contact, or from mother to child.",Antiretroviral therapy (ART),Treponema pallidum,Ebola
973,Meningitis,Bacterial,"An inflammation of the membranes (meninges) surrounding the brain and spinal cord, caused by infection.","Sudden high fever, stiff neck, headache, nausea, sensitivity to light","Infection of the meninges by bacteria, viruses, fungi, or parasites.","Antibiotics (if bacterial), antiviral or antifungal medications, corticosteroids",Mycobacterium tuberculosis,Rotavirus
974,Leprosy,Parasitic,"A chronic infectious disease caused by Mycobacterium leprae, affecting the skin, nerves, and mucous membranes.","Skin lesions, numbness, muscle weakness, eye problems","Chronic infection with Mycobacterium leprae, spread via respiratory droplets.","Multidrug therapy (dapsone, rifampicin, clofazimine)",Borrelia burgdorferi,Hepatitis B
975,Dengue,Genetic,"A mosquito-borne viral infection causing high fever, rash, and muscle and joint pain.","High fever, headache, pain behind the eyes, joint and muscle pain, rash","Infection with dengue virus, transmitted by Aedes mosquitoes.","Supportive care, fluid replacement, pain relievers (acetaminophen)",Bacillus anthracis,Rabies
976,Hypertension,Viral,A chronic condition characterized by elevated blood pressure levels.,"Often asymptomatic, but may cause headaches, shortness of breath, nosebleeds","Combination of genetic, environmental, and lifestyle factors, including high salt intake, obesity, and stress.","Lifestyle modification, antihypertensive medications",Borrelia burgdorferi,HIV
977,Cholera,Viral,An acute diarrheal illness caused by infection of the intestine with Vibrio cholerae.,"Severe diarrhea, dehydration, vomiting, rapid heart rate",Ingestion of water or food contaminated with Vibrio cholerae bacteria.,"Rehydration therapy, antibiotics in severe cases",Proteus mirabilis,Cytomegalovirus
978,Measles,Metabolic,"A highly contagious viral disease causing fever, cough, and a characteristic rash.","Fever, cough, runny nose, inflamed eyes, red rash","Infection with measles virus, spread by respiratory droplets.","Supportive care, vitamin A supplementation",Streptococcus pneumoniae,Varicella-zoster
979,Cholera,Genetic,An acute diarrheal illness caused by infection of the intestine with Vibrio cholerae.,"Severe diarrhea, dehydration, vomiting, rapid heart rate",Ingestion of water or food contaminated with Vibrio cholerae bacteria.,"Rehydration therapy, antibiotics in severe cases",Helicobacter pylori,Rotavirus
980,Leprosy,Genetic,"A chronic infectious disease caused by Mycobacterium leprae, affecting the skin, nerves, and mucous membranes.","Skin lesions, numbness, muscle weakness, eye problems","Chronic infection with Mycobacterium leprae, spread via respiratory droplets.","Multidrug therapy (dapsone, rifampicin, clofazimine)",Klebsiella pneumoniae,Marburg
981,Zika,Bacterial,"A disease caused by Zika virus, spread mainly by mosquitoes, associated with birth defects when contracted during pregnancy.","Fever, rash, joint pain, red eyes, muscle pain","Infection with Zika virus, transmitted by Aedes mosquitoes or sexual contact.","Supportive care, rest, fluids, pain relievers",Proteus mirabilis,Epstein-Barr
982,Zika,Genetic,"A disease caused by Zika virus, spread mainly by mosquitoes, associated with birth defects when contracted during pregnancy.","Fever, rash, joint pain, red eyes, muscle pain","Infection with Zika virus, transmitted by Aedes mosquitoes or sexual contact.","Supportive care, rest, fluids, pain relievers",Treponema pallidum,Dengue
983,Zika,Metabolic,"A disease caused by Zika virus, spread mainly by mosquitoes, associated with birth defects when contracted during pregnancy.","Fever, rash, joint pain, red eyes, muscle pain","Infection with Zika virus, transmitted by Aedes mosquitoes or sexual contact.","Supportive care, rest, fluids, pain relievers",Proteus mirabilis,Zika
984,Cholera,Metabolic,An acute diarrheal illness caused by infection of the intestine with Vibrio cholerae.,"Severe diarrhea, dehydration, vomiting, rapid heart rate",Ingestion of water or food contaminated with Vibrio cholerae bacteria.,"Rehydration therapy, antibiotics in severe cases",Corynebacterium diphtheriae,Rotavirus
985,HIV/AIDS,Genetic,A virus that attacks the immune system and can lead to acquired immunodeficiency syndrome (AIDS).,"Fever, fatigue, swollen lymph nodes, weight loss, recurrent infections","Infection with the human immunodeficiency virus (HIV), spread through blood, sexual contact, or from mother to child.",Antiretroviral therapy (ART),Vibrio cholerae,Zika
986,Meningitis,Genetic,"An inflammation of the membranes (meninges) surrounding the brain and spinal cord, caused by infection.","Sudden high fever, stiff neck, headache, nausea, sensitivity to light","Infection of the meninges by bacteria, viruses, fungi, or parasites.","Antibiotics (if bacterial), antiviral or antifungal medications, corticosteroids",Pseudomonas aeruginosa,Influenza
987,Leprosy,Bacterial,"A chronic infectious disease caused by Mycobacterium leprae, affecting the skin, nerves, and mucous membranes.","Skin lesions, numbness, muscle weakness, eye problems","Chronic infection with Mycobacterium leprae, spread via respiratory droplets.","Multidrug therapy (dapsone, rifampicin, clofazimine)",Vibrio cholerae,SARS-CoV-2
988,Chickenpox,Parasitic,"A highly contagious viral infection causing an itchy, blister-like rash.","Itchy, blister-like rash, fever, tiredness, loss of appetite","Infection with varicella-zoster virus, spread by respiratory droplets or contact with lesions.","Antihistamines, calamine lotion, antiviral drugs (acyclovir) in severe cases",Salmonella enterica,Ebola
989,Pneumonia,Viral,"An infection that inflames the air sacs in one or both lungs, which may fill with fluid.","Cough with phlegm, fever, chills, difficulty breathing","Infection of the lungs by bacteria, viruses, or fungi, often following a cold or flu.","Antibiotics (if bacterial), antiviral or antifungal medications, supportive care",Salmonella enterica,Rotavirus
990,Influenza,Genetic,A disease affecting humans. Further research may be required for specific details about Influenza.,"participant, ok, beyond, bed","Varies: may include infections, genetics, environment, or lifestyle factors. Further research may be required for specific details about Influenza.","Supportive care, consult a healthcare professional",Listeria monocytogenes,Mumps
991,Chickenpox,Metabolic,"A highly contagious viral infection causing an itchy, blister-like rash.","Itchy, blister-like rash, fever, tiredness, loss of appetite","Infection with varicella-zoster virus, spread by respiratory droplets or contact with lesions.","Antihistamines, calamine lotion, antiviral drugs (acyclovir) in severe cases",Staphylococcus aureus,Polio
992,Zika,Parasitic,"A disease caused by Zika virus, spread mainly by mosquitoes, associated with birth defects when contracted during pregnancy.","Fever, rash, joint pain, red eyes, muscle pain","Infection with Zika virus, transmitted by Aedes mosquitoes or sexual contact.","Supportive care, rest, fluids, pain relievers",Mycobacterium tuberculosis,Dengue
993,Measles,Bacterial,"A highly contagious viral disease causing fever, cough, and a characteristic rash.","Fever, cough, runny nose, inflamed eyes, red rash","Infection with measles virus, spread by respiratory droplets.","Supportive care, vitamin A supplementation",Escherichia coli,Cytomegalovirus
994,Meningitis,Viral,"An inflammation of the membranes (meninges) surrounding the brain and spinal cord, caused by infection.","Sudden high fever, stiff neck, headache, nausea, sensitivity to light","Infection of the meninges by bacteria, viruses, fungi, or parasites.","Antibiotics (if bacterial), antiviral or antifungal medications, corticosteroids",Staphylococcus aureus,Varicella-zoster
995,Measles,Genetic,"A highly contagious viral disease causing fever, cough, and a characteristic rash.","Fever, cough, runny nose, inflamed eyes, red rash","Infection with measles virus, spread by respiratory droplets.","Supportive care, vitamin A supplementation",Helicobacter pylori,Polio
996,Dengue,Viral,"A mosquito-borne viral infection causing high fever, rash, and muscle and joint pain.","High fever, headache, pain behind the eyes, joint and muscle pain, rash","Infection with dengue virus, transmitted by Aedes mosquitoes.","Supportive care, fluid replacement, pain relievers (acetaminophen)",Treponema pallidum,Measles
997,Diabetes Mellitus,Parasitic,A group of metabolic diseases characterized by high blood sugar levels over a prolonged period.,"Increased thirst, frequent urination, hunger, fatigue, blurred vision","Insufficient insulin production or insulin resistance, influenced by genetics, lifestyle, and obesity.","Insulin therapy, oral hypoglycemic agents, diet, exercise",Bacillus anthracis,Zika
998,Hypertension,Parasitic,A chronic condition characterized by elevated blood pressure levels.,"Often asymptomatic, but may cause headaches, shortness of breath, nosebleeds","Combination of genetic, environmental, and lifestyle factors, including high salt intake, obesity, and stress.","Lifestyle modification, antihypertensive medications",Vibrio cholerae,Epstein-Barr
999,Leprosy,Parasitic,"A chronic infectious disease caused by Mycobacterium leprae, affecting the skin, nerves, and mucous membranes.","Skin lesions, numbness, muscle weakness, eye problems","Chronic infection with Mycobacterium leprae, spread via respiratory droplets.","Multidrug therapy (dapsone, rifampicin, clofazimine)",Bacillus anthracis,Rotavirus
1000,HIV/AIDS,Metabolic,A virus that attacks the immune system and can lead to acquired immunodeficiency syndrome (AIDS).,"Fever, fatigue, swollen lymph nodes, weight loss, recurrent infections","Infection with the human immunodeficiency virus (HIV), spread through blood, sexual contact, or from mother to child.",Antiretroviral therapy (ART),Helicobacter pylori,Rubella
