code,component,property,time_aspect,system,scale_type,method_type,long_common_name,short_name
69049-5,Coagulation specialist review,Imp,Pt,XXX,Nar,,"Factor X Inhibitor Profile, Professional Interpretation","Factor X Inhibitor Profile, Professional Interpretation"
96457-7,Coagulation factor X activity & inhibitor panel,-,Pt,PPP,-,Coag,"Factor X Inhibitor Evaluation, Plasma","Factor X Inhibitor Evaluation, Plasma"
39556-6,Coagulation factor X inhibitor,PrThr,Pt,PPP,Ord,Coag,"Factor X Inhibitor Screen, Plasma","Factor X Inhibitor Screen, Plasma"
96453-6,Coagulation factor XI activity & inhibitor panel,-,Pt,PPP,-,Coag,"Factor XI Inhibitor Evaluation, Plasma","Factor XI Inhibitor Evaluation, Plasma"
80603-4,Coagulation factor XI inhibitor,PrThr,Pt,PPP,Ord,Coag,"Factor XI Inhibitor Screen, Plasma","Factor XI Inhibitor Screen, Plasma"
26801-1,Protein,MRat,12H,Urine,Qn,,"Protein, Total, 12 Hour, Urine","Protein, Total, 12 Hour, Urine"
6765-2,17-Hydroxypregnenolone,MCnc,Pt,Ser/Plas,Qn,,"17-Hydroxypregnenolone, Serum","17-Hydroxypregnenolone, Serum"
97750-4,Cancer Ag 19-9,ACnc,Pt,Asp,Qn,,"Carbohydrate Antigen 19-9 (CA 19-9), Pancreatic Cyst Fluid","Carbohydrate Antigen 19-9 (CA 19-9), Pancreatic Cyst Fluid"
50781-4,Cancer Ag 19-9,ACnc,Pt,Periton fld,Qn,,"Carbohydrate Antigen 19-9 (CA 19-9), Peritoneal Fluid","Carbohydrate Antigen 19-9 (CA 19-9), Peritoneal Fluid"
80687-7,CYP1A2 gene targeted mutation analysis,Find,Pt,Bld/Tiss,Doc,Molgen,"Cytochrome P450 1A2 Genotype, Varies","Cytochrome P450 1A2 Genotype, Varies"
96629-1,HLA-A & B & C (class I) typing panel,-,Pt,Bld/Tiss,-,Low resolution,"Human Leukocyte Antigens (HLA) A-B-C Disease Association Typing Low Resolution, Blood","Human Leukocyte Antigens (HLA) A-B-C Disease Association Typing Low Resolution, Blood"
74872-3,21-Deoxycortisol,MCnc,Pt,Ser/Plas,Qn,,"21-Deoxycortisol, Serum","21-Deoxycortisol, Serum"
85363-0,21-Hydroxylase Ab,PrThr,Pt,Ser,Ord,,"21-Hydroxylase Antibodies, Serum","21-Hydroxylase Antibodies, Serum"
85147-7,Programmed cell death ligand 1 by clone 22C3,Find,Pt,Tiss,Doc,Immune stain,"Programmed Death-Ligand 1 (PD-L1) (22C3), Semi-Quantitative Immunohistochemistry, Manual","Programmed Death-Ligand 1 (PD-L1) (22C3), Semi-Quantitative Immunohistochemistry, Manual"
97658-9,"2,3-dinor 11 beta-Prostaglandin F2 alpha/Creatinine",MRto,Pt,Urine,Qn,,"2,3-Dinor 11 Beta-Prostaglandin F2 Alpha, Random, Urine","2,3-Dinor 11 Beta-Prostaglandin F2 Alpha, Random, Urine"
94381-1,"2,3-dinor 11 beta-Prostaglandin F2 alpha/Creatinine",MRto,24H,Urine,Qn,,"2,3-Dinor 11 Beta-Prostaglandin F2 Alpha, 24 Hour, Urine","2,3-Dinor 11 Beta-Prostaglandin F2 Alpha, 24 Hour, Urine"
104259-7,Fibroblast growth factor 23,PrThr,Pt,Tiss,Ord,FISH,"Fibroblast Growth Factor-23 (FGF23), In Situ Hybridization","Fibroblast Growth Factor-23 (FGF23), In Situ Hybridization"
94674-9,Calcidiol+ercalcidiol/24r-Hydroxycalcidiol+24r-Hydroxyercalcidiol ratio panel,-,Pt,Ser/Plas,-,,"25-Hydroxyvitamin D:24,25-Dihydroxyvitamin D Ratio, Serum","25-Hydroxyvitamin D:24,25-Dihydroxyvitamin D Ratio, Serum"
49590-3,Calcidiol & Calciferol panel,-,Pt,Ser/Plas,-,,"25-Hydroxyvitamin D2 and D3, Serum","25-Hydroxyvitamin D2 and D3, Serum"
85148-5,Programmed cell death ligand 1 by clone 28-8,Find,Pt,Tiss,Doc,Immune stain,"Programmed Death-Ligand 1 (PD-L1) (28-8), Semi-Quantitative Immunohistochemistry, Manual","Programmed Death-Ligand 1 (PD-L1) (28-8), Semi-Quantitative Immunohistochemistry, Manual"
72511-9,CYP2B6 gene targeted mutation analysis,Find,Pt,Bld/Tiss,Doc,Molgen,"Cytochrome P450 2B6 Genotype, Varies","Cytochrome P450 2B6 Genotype, Varies"
57132-3,CYP2C19 gene allele,Geno,Pt,Bld/Tiss,Nom,Molgen,"Cytochrome P450 2C19 Genotype, Varies","Cytochrome P450 2C19 Genotype, Varies"
46724-1,CYP2C9 gene allele,Geno,Pt,Bld/Tiss,Nom,Molgen,"Cytochrome P450 2C9 Genotype, Varies","Cytochrome P450 2C9 Genotype, Varies"
47403-1,CYP2D6 gene targeted mutation analysis,Find,Pt,Bld/Tiss,Doc,Molgen,"Cytochrome P450 2D6 Comprehensive Cascade, Varies","Cytochrome P450 2D6 Comprehensive Cascade, Varies"
96640-8,HLA-DP & DQ & DR (class II) typing panel,-,Pt,Bld/Tiss,-,Low resolution,"Human Leukocyte Antigens (HLA)-DR-DQ Disease Association Typing Low Resolution, Blood","Human Leukocyte Antigens (HLA)-DR-DQ Disease Association Typing Low Resolution, Blood"
79297-8,D- & L-2-hydroxyglutarate panel,-,Pt,Urine,-,,"2-Hydroxyglutaric Acid Chiral Analysis, Quantitative, Random, Urine","2-Hydroxyglutaric Acid Chiral Analysis, Quantitative, Random, Urine"
96455-1,Coagulation factor II activity & inhibitor panel,-,Pt,PPP,-,Coag,"Factor II Inhibitor Evaluation, Plasma","Factor II Inhibitor Evaluation, Plasma"
105341-2,2-Hydroxyglutarate aciduria multigene analysis,Find,Pt,Bld/Tiss,Doc,Molgen,"2-Hydroxyglutaric Aciduria Gene Panel, Varies","2-Hydroxyglutaric Aciduria Gene Panel, Varies"
74007-6,CYP3A4 gene targeted mutation analysis,Find,Pt,Bld/Tiss,Doc,Molgen,"Cytochrome P450 3A4 Genotype, Varies","Cytochrome P450 3A4 Genotype, Varies"
81140-6,CYP3A5 gene allele,Geno,Pt,Bld/Tiss,Nom,Molgen,"Cytochrome P450 3A5 Genotype, Varies","Cytochrome P450 3A5 Genotype, Varies"
105342-0,3-Methylglutaconate aciduria multigene analysis,Find,Pt,Bld/Tiss,Doc,Molgen,"3-Methylglutaconic Aciduria Panel, Varies","3-Methylglutaconic Aciduria Panel, Varies"
32618-1,3-Methoxytyramine,MRat,24H,Urine,Qn,,"3-Methoxytyramine, 24 Hour, Urine","3-Methoxytyramine, 24 Hour, Urine"
3191-4,Coagulation factor V inhibitor,ACnc,Pt,PPP,Qn,Coag,"Factor V Bethesda Units, Plasma","Factor V Bethesda Units, Plasma"
96458-5,Coagulation factor V activity & inhibitor panel,-,Pt,PPP,-,Coag,"Factor V Inhibitor Evaluation, Plasma","Factor V Inhibitor Evaluation, Plasma"
1690-7,5'-Nucleotidase,CCnc,Pt,Ser/Plas,Qn,,"5'-Nucleotidase, Serum","5'-Nucleotidase, Serum"
29345-6,6-Monoacetylmorphine,MCnt,Pt,Meconium,Qn,,"6-Monoacetylmorphine (6-MAM), Confirmation, Meconium","6-Monoacetylmorphine (6-MAM), Confirmation, Meconium"
19593-3,6-Monoacetylmorphine,MCnc,Pt,Urine,Qn,Confirm,"6-Monoacetylmorphine Confirmation, Random, Urine","6-Monoacetylmorphine Confirmation, Random, Urine"
94866-1,7-Alpha hydroxy-4-cholesten-3-one,MCnc,Pt,Ser/Plas,Qn,,"7AC4, Bile Acid Synthesis, Serum","7AC4, Bile Acid Synthesis, Serum"
90225-4,Coagulation factor VII activity & inhibitor panel,-,Pt,PPP,-,Coag,"Factor VII Inhibitor Evaluation, Plasma","Factor VII Inhibitor Evaluation, Plasma"
96456-9,Coagulation factor VIII activity & inhibitor panel,-,Pt,PPP,-,Coag,"Factor VIII Inhibitor Evaluation, Plasma","Factor VIII Inhibitor Evaluation, Plasma"
96459-3,Coagulation factor IX activity & inhibitor panel,-,Pt,PPP,-,Coag,"Factor IX Inhibitor Evaluation, Plasma","Factor IX Inhibitor Evaluation, Plasma"
99075-4,Alpha-1-Microglobulin/Creatinine,MRto,24H,Urine,Qn,,"Alpha-1-Microglobulin, 24 Hour, Urine","Alpha-1-Microglobulin, 24 Hour, Urine"
9407-8,Alpha 1 antitrypsin,MCnc,Pt,Stool,Qn,,"Alpha-1-Antitrypsin, Random, Feces","Alpha-1-Antitrypsin, Random, Feces"
93419-0,Alpha 1 antitrypsin fecal clearance panel,-,Pt,Ser,,,"Alpha-1-Antitrypsin Clearance, Feces and Serum","Alpha-1-Antitrypsin Clearance, Feces and Serum"
102082-5,Alpha-1-Antitrypsin Proteotype panel,-,Pt,Ser/Plas,-,,"Alpha-1-Antitrypsin Proteotype S/Z, LC-MS/MS, Serum","Alpha-1-Antitrypsin Proteotype S/Z, LC-MS/MS, Serum"
32769-2,Alpha 1 antitrypsin phenotype,Imp,Pt,Ser/Plas,Nom,,"Alpha-1-Antitrypsin Phenotype, Serum","Alpha-1-Antitrypsin Phenotype, Serum"
55399-0,Diabetes tracking panel,-,Pt,^Patient,-,,"Hemoglobin A1c, Blood","Hemoglobin A1c, Blood"
844-1,A1 Ag,PrThr,Pt,RBC,Ord,,"A1 Antigen Subtype, Blood","A1 Antigen Subtype, Blood"
1835-8,Alpha-2-Macroglobulin,MCnc,Pt,Ser/Plas,Qn,,"Alpha-2-Macroglobulin, Serum","Alpha-2-Macroglobulin, Serum"
27810-1,Plasmin inhibitor actual/Normal,RelCCnc,Pt,PPP,Qn,Chromo,"Alpha-2 Plasmin Inhibitor, Plasma","Alpha-2 Plasmin Inhibitor, Plasma"
35507-3,Amino acids panel,SCnc,Pt,CSF,Qn,,"Amino Acids, Quantitative, Spinal Fluid","Amino Acids, Quantitative, Spinal Fluid"
104695-2,Aminoacylase-1 deficiency panel,-,Pt,Urine,-,,"Aminoacylase-1 Deficiency, Urine","Aminoacylase-1 Deficiency, Urine"
Order only;no result,,,,,,,"Amyloid A (Hepatic) Immunostain, Technical Component Only","Amyloid A (Hepatic) Immunostain, Technical Component Only"
94566-7,Maple syrup urine disease therapy monitoring panel,-,Pt,Ser/Plas,Qn,,"Amino Acids, Maple Syrup Urine Disease Panel, Plasma","Amino Acids, Maple Syrup Urine Disease Panel, Plasma"
7073-0,Amylase Ab.IgE,ACnc,Pt,Ser,Qn,,"Alpha-Amylase, IgE, Serum","Alpha-Amylase, IgE, Serum"
35087-6,Amino acids panel,-,Pt,Urine,Qn,,"Amino Acids, Quantitative, Random, Urine","Amino Acids, Quantitative, Random, Urine"
35083-5,Amino acids panel,SCnc,Pt,Ser/Plas,Qn,,"Amino Acids, Quantitative, Plasma","Amino Acids, Quantitative, Plasma"
6771-0,Alpha 1 antitrypsin,MCnc,Pt,Ser/Plas,Qn,Nephelometry,"Alpha-1-Antitrypsin, Serum","Alpha-1-Antitrypsin, Serum"
98125-8,Intravascular coagulation and fibrinolysis panel,-,Pt,^Patient,-,,"Thrombophilia Profile, Plasma and Whole Blood","Thrombophilia Profile, Plasma and Whole Blood"
27811-9,Antithrombin actual/Normal,RelCCnc,Pt,PPP,Qn,Chromo,"Antithrombin Activity, with Reflex to Antithrombin Antigen, Plasma","Antithrombin Activity, with Reflex to Antithrombin Antigen, Plasma"
100368-0,Amino Acids Urea Cycle Panel,-,Pt,Ser/Plas,-,LC/MS/MS,"Amino Acids, Urea Cycle Disorders Panel, Plasma","Amino Acids, Urea Cycle Disorders Panel, Plasma"
44447-1,Beta 2 glycoprotein 1 Ab.IgA,ACnc,Pt,Ser/Plas,Qn,IA,"Beta-2 Glycoprotein 1 Antibodies, IgA, Serum","Beta-2 Glycoprotein 1 Antibodies, IgA, Serum"
95782-9,ABCD1 gene full mutation analysis,Find,Pt,Bld/Tiss,Doc,Sequencing,"X-Linked Adrenoleukodystrophy (XALD), ABCD1 Gene Sequencing with Deletion/Duplication, Varies","X-Linked Adrenoleukodystrophy (XALD), ABCD1 Gene Sequencing with Deletion/Duplication, Varies"
888-8,Blood group antibodies,Prid,Pt,Ser/Plas,Nom,,"Antibody Identification, Blood and Serum","Antibody Identification, Blood and Serum"
882-1,ABO & Rh group,Type,Pt,Bld,Nom,,"ABO/Rh, Blood","ABO/Rh, Blood"
19057-9,ABO & Rh group,Type,Pt,Bld^Newborn,Nom,,"ABO/Rh Newborn, Blood","ABO/Rh Newborn, Blood"
49094-6,Arbovirus Ab.IgG & IgM panel,-,Pt,CSF,-,IF,"Arbovirus Antibody Panel, IgG and IgM, Spinal Fluid","Arbovirus Antibody Panel, IgG and IgM, Spinal Fluid"
50962-0,XXX blood group Ab.IgG,Titr,Pt,Ser/Plas,SemiQn,,"Antibody Titer, Blood and Serum","Antibody Titer, Blood and Serum"
101678-1,Blood group antibody,PrThr,Pt,Bld^Newborn,Ord,Blood group antibody screen,"Antibody Screen with Reflexed Antibody Identification, Blood","Antibody Screen with Reflexed Antibody Identification, Blood"
44702-9,Complement C1q Ab,ACnc,Pt,Ser,Qn,,"Anti-C1q Antibodies, IgG, Serum","Anti-C1q Antibodies, IgG, Serum"
6015-2,Acacia longifolia Ab.IgE,ACnc,Pt,Ser,Qn,,"Acacia, IgE, Serum","Acacia, IgE, Serum"
95773-8,ACADM gene full mutation analysis,Find,Pt,Bld/Tiss,Doc,Sequencing,"Medium-Chain Acyl-CoA Dehydrogenase Deficiency (MCAD), ACADM Gene Sequencing with Deletion/Duplication, Varies","Medium-Chain Acyl-CoA Dehydrogenase Deficiency (MCAD), ACADM Gene Sequencing with Deletion/Duplicati"
73735-3,ACADVL gene full mutation analysis,Prid,Pt,Bld/Tiss,Nom,Sequencing,"Very Long-Chain Acyl-CoA Dehydrogenase (VLCAD) Deficiency, ACADVL Gene Sequencing with Deletion/Duplication, Varies","Very Long-Chain Acyl-CoA Dehydrogenase (VLCAD) Deficiency, ACADVL Gene Sequencing with Deletion/Dupl"
6254-7,Acarus siro Ab.IgE,ACnc,Pt,Ser,Qn,,"Acarus siro, IgE, Serum","Acarus siro, IgE, Serum"
41429-2,Acanthamoeba sp DNA,PrThr,Pt,XXX,Ord,Probe.amp.tar,"Acanthamoeba species, Molecular Detection, PCR, Ocular","Acanthamoeba species, Molecular Detection, PCR, Ocular"
2132-9,Cobalamins,MCnc,Pt,Ser/Plas,Qn,,"Pernicious Anemia Cascade, Serum","Pernicious Anemia Cascade, Serum"
95556-7,Adrenal cancer risk assessment & urine steroid fractions panel,-,-,^Patient,-,,"Adrenal Mass Panel, 24 Hour, Urine","Adrenal Mass Panel, 24 Hour, Urine"
2742-5,Angiotensin converting enzyme,CCnc,Pt,Ser/Plas,Qn,,"Angiotensin Converting Enzyme, Serum","Angiotensin Converting Enzyme, Serum"
30106-9,Acetylcholinesterase,PrThr,Pt,Amnio fld,Ord,,"Acetylcholinesterase, Amniotic Fluid","Acetylcholinesterase, Amniotic Fluid"
5076-5,Cardiolipin Ab.IgA,ACnc,Pt,Ser,Qn,IA,"Phospholipid (Cardiolipin) Antibodies, IgA, Serum","Phospholipid (Cardiolipin) Antibodies, IgA, Serum"
3298-7,Acetaminophen,MCnc,Pt,Ser/Plas,Qn,,"Acetaminophen, Serum","Acetaminophen, Serum"
99062-2,Acetylcholine receptor modulation Ab,PrThr,Pt,Ser,Ord,Flow cytometry,"Acetylcholine Receptor Modulating Antibody, Flow Cytometry Assay, Serum","Acetylcholine Receptor Modulating Antibody, Flow Cytometry Assay, Serum"
43433-2,Acylcarnitine panel,-,Pt,Ser/Plas,-,,"Acylcarnitines, Quantitative, Plasma","Acylcarnitines, Quantitative, Plasma"
9816-0,Actinomyces sp,Prid,Pt,XXX,Nom,Organism specific culture,"Actinomyces Culture, Varies","Actinomyces Culture, Varies"
2141-0,Corticotropin,MCnc,Pt,Plas,Qn,,"Adrenocorticotropic Hormone, Plasma","Adrenocorticotropic Hormone, Plasma"
Not Provided,,,,,,,"PrecivityAD2, Reflex to Apolipoprotein E, Plasma","PrecivityAD2, Reflex to Apolipoprotein E, Plasma"
99781-7,Adalimumab & Adalimumab Ab panel,-,Pt,Ser/Plas,-,IA,"Adalimumab Quantitative with Antibody, Serum","Adalimumab Quantitative with Antibody, Serum"
86894-3,Adalimumab,MCnc,Pt,Ser/Plas,Qn,IA,"Adalimumab Quantitative with Reflex to Antibody, Serum","Adalimumab Quantitative with Reflex to Antibody, Serum"
53622-7,von Willebrand factor cleaving protease actual/normal,RelCCnc,Pt,PPP,Qn,Chromo,"ADAMTS13 Activity with Reflex Inhibitor Profile, Plasma","ADAMTS13 Activity with Reflex Inhibitor Profile, Plasma"
104134-2,Dementia evaluation panel,-,Pt,CSF,-,,"Alzheimer Disease Evaluation, Spinal Fluid","Alzheimer Disease Evaluation, Spinal Fluid"
58715-4,Adulterants panel,-,Pt,Urine,-,,"Adulterants Survey, Chain of Custody, Random, Urine","Adulterants Survey, Chain of Custody, Random, Urine"
80981-4,"N,N-dimethylarginine",MCnc,Pt,Ser/Plas,Qn,,"Asymmetric Dimethylarginine, Plasma","Asymmetric Dimethylarginine, Plasma"
40824-5,von Willebrand factor cleaving protease inhibitor,ACnc,Pt,PPP,Qn,,"ADAMTS 13 Antibody, Plasma","ADAMTS 13 Antibody, Plasma"
12286-1,Drugs,Prid,Pt,Urine,Nom,Screen,"Addiction Medicine Profile with Reflex, 22 Drug Classes, High Resolution Mass Spectrometry and Immunoassay Screen, Random, Urine","Addiction Medicine Profile with Reflex, 22 Drug Classes, High Resolution Mass Spectrometry and Immun"
33799-8,DNA double strand Ab.IgG,ACnc,Pt,Ser/Plas,Qn,IA,"Double-Stranded DNA (dsDNA) Antibodies, IgG, Serum","Double-Stranded DNA (dsDNA) Antibodies, IgG, Serum"
5133-4,DNAse B Ab.Streptococcal,ACnc,Pt,Ser,Qn,,"Anti-DNase B Titer, Serum","Anti-DNase B Titer, Serum"
51966-0,Genetic disease DNA analysis panel,-,Pt,Bld/Tiss,-,Molgen,"Focused Autosomal Dominant Polycystic Kidney Disease Gene Panel, Varies","Focused Autosomal Dominant Polycystic Kidney Disease Gene Panel, Varies"
58714-7,Oxidants,PrThr,Pt,Urine,Ord,,"Adulterants Survey, Random, Urine","Adulterants Survey, Random, Urine"
106727-1,Adenovirus DNA,ACnc,Pt,Ser/Plas,Qn,Probe.amp.tar,"Adenovirus DNA Detection and Quantification, Plasma","Adenovirus DNA Detection and Quantification, Plasma"
105329-7,Hereditary angioedema multigene analysis,Find,Pt,Bld,Doc,Molgen,"Angioedema and Complement Disorders Gene Panel, Varies","Angioedema and Complement Disorders Gene Panel, Varies"
30122-6,Aeromonas sp,PrThr,Pt,XXX,Ord,Organism specific culture,"Aeromonas Culture, Feces","Aeromonas Culture, Feces"
101863-9,Complement factor H Ab,ACnc,Pt,Ser/Plas,Qn,IA,"Factor H Autoantibody, Serum","Factor H Autoantibody, Serum"
105010-3,Folate receptor alpha Ag,Imp,Pt,Tiss,Nar,Immune stain,"Folate Receptor Alpha (FOLR1), Semi-Quantitative Immunohistochemistry, Manual","Folate Receptor Alpha (FOLR1), Semi-Quantitative Immunohistochemistry, Manual"
53962-7,Alpha-1-Fetoprotein.tumor marker,MCnc,Pt,Ser/Plas,Qn,,"Alpha-Fetoprotein (AFP) Tumor Marker, Serum","Alpha-Fetoprotein (AFP) Tumor Marker, Serum"
58735-2,Alpha-1-fetoprotein panel,-,Pt,Amnio fld,-,,"Alpha-Fetoprotein, Amniotic Fluid","Alpha-Fetoprotein, Amniotic Fluid"
49761-0,Alpha-1-Fetoprotein,MCnc,Pt,Periton fld,Qn,,"Alpha-Fetoprotein (AFP), Peritoneal Fluid","Alpha-Fetoprotein (AFP), Peritoneal Fluid"
1833-3,Alpha-1-Fetoprotein,MCnc,Pt,CSF,Qn,,"Alpha-Fetoprotein (AFP), Spinal Fluid","Alpha-Fetoprotein (AFP), Spinal Fluid"
21762-0,FXN gene.GAA repeats,PrThr,Pt,Bld/Tiss,Ord,Molgen,"Friedreich Ataxia, Repeat Expansion Analysis, Varies","Friedreich Ataxia, Repeat Expansion Analysis, Varies"
1813-5,Alpha galactosidase A,CCnc,Pt,Ser/Plas,Qn,,"Alpha-Galactosidase, Serum","Alpha-Galactosidase, Serum"
24049-9,Alpha galactosidase A,CCnt,Pt,WBC,Qn,,"Alpha-Galactosidase, Leukocytes","Alpha-Galactosidase, Leukocytes"
90040-7,Alpha globin gene cluster & HS-40 region deletion+duplication,Find,Pt,Bld/Tiss,Doc,Molgen,"Alpha Globin Cluster Locus Deletion/Duplication, Varies","Alpha Globin Cluster Locus Deletion/Duplication, Varies"
93455-5,Glial nuclear type 1 Ab.IgG,Titr,Pt,CSF,Qn,IF,"Anti-Glial/Neuronal Nuclear Antibody-Type 1 (AGNA-1) Titer, Spinal Fluid","Anti-Glial/Neuronal Nuclear Antibody-Type 1 (AGNA-1) Titer, Spinal Fluid"
94341-5,Glial nuclear type 1 Ab.IgG,Titr,Pt,Ser,SemiQn,IF,"Anti-Glial/Neuronal Nuclear Antibody-Type 1 (AGNA-1) Titer, Serum","Anti-Glial/Neuronal Nuclear Antibody-Type 1 (AGNA-1) Titer, Serum"
50334-2,Acylglycines panel,MRto,Pt,Urine,-,,"Acylglycines, Quantitative, Random, Urine","Acylglycines, Quantitative, Random, Urine"
74520-8,Complement alternate pathway AH50 actual/normal,RelACnc,Pt,Ser,Qn,IA,"Alternative Complement Pathway, Functional, Serum","Alternative Complement Pathway, Functional, Serum"
40727-0,Hepatitis D virus Ab,PrThr,Pt,Ser,Ord,IA,"Hepatitis D Virus (HDV) Total Antibodies with Reflex to HDV RNA Detection and Quantitation, PCR, Serum","Hepatitis D Virus (HDV) Total Antibodies with Reflex to HDV RNA Detection and Quantitation, PCR, Ser"
24363-4,Acute hepatitis 2000 panel,-,Pt,Ser,-,,"Acute Viral Hepatitis Profile, Serum","Acute Viral Hepatitis Profile, Serum"
99972-2,Hearing loss multigene analysis,Find,Pt,Bld/Tiss,Doc,Molgen,"AudioloGene Hearing Loss Panel, Varies","AudioloGene Hearing Loss Panel, Varies"
107229-7,Anti-hypertensive drug panel,-,Pt,Urine,-,,"Antihypertension Panel, Random, Urine","Antihypertension Panel, Random, Urine"
77376-2,Human papilloma virus 16 & 18 & 31+33+35+39+45+51+52+56+58+59+66+68 DNA panel,-,Pt,Anorectal,-,,"Anal Pap Human Papillomavirus (HPV) with Genotyping, High-Risk Types, PCR, Varies","Anal Pap Human Papillomavirus (HPV) with Genotyping, High-Risk Types, PCR, Varies"
99967-2,Atypical hemolytic uremic syndrome multigene analysis,Find,Pt,Bld/Tiss,Doc,Molgen,"Atypical Hemolytic Uremic Syndrome (aHUS)/Thrombotic Microangiopathy (TMA) /Complement 3 Glomerulopathy (C3G) Gene Panel, Varies",Atypical Hemolytic Uremic Syndrome (aHUS)/Thrombotic Microangiopathy (TMA) /Complement 3 Glomerulopa
34547-0,Complement profile panel,MCnc,Pt,Ser/Plas,Qn,,"Atypical Hemolytic Uremic Syndrome Complement Panel, Serum and Plasma","Atypical Hemolytic Uremic Syndrome Complement Panel, Serum and Plasma"
94695-4,Axonal autoimmune Ab panel,-,Pt,Ser/Plas,-,,"Axonal Neuropathy, Autoimmune/Paraneoplastic Evaluation, Serum","Axonal Neuropathy, Autoimmune/Paraneoplastic Evaluation, Serum"
101633-6,MT-RNR1 gene targeted mutation analysis,Find,Pt,Bld/Tiss,Doc,Molgen,"Aminoglycoside-Induced Hearing Loss, Targeted Variant Testing, Droplet Digital PCR, Varies","Aminoglycoside-Induced Hearing Loss, Targeted Variant Testing, Droplet Digital PCR, Varies"
1763-2,Aldosterone,MCnc,Pt,Ser/Plas,Qn,,"Aldosterone, Inferior Vena Cava, Serum","Aldosterone, Inferior Vena Cava, Serum"
44051-1,Adenylate kinase,CCnt,Pt,RBC,Qn,,"Adenylate Kinase Enzyme Activity, Blood","Adenylate Kinase Enzyme Activity, Blood"
5574-9,Aluminum,MCnc,Pt,Ser/Plas,Qn,,"Aluminum, Serum","Aluminum, Serum"
12916-3,Porphobilinogen synthase,CCnc,Pt,Bld,Qn,,"Aminolevulinic Acid Dehydratase, Whole Blood","Aminolevulinic Acid Dehydratase, Whole Blood"
2813-4,Porphobilinogen synthase,CCnc,Pt,RBC,Qn,,"Aminolevulinic Acid Dehydratase, Washed Erythrocytes","Aminolevulinic Acid Dehydratase, Washed Erythrocytes"
39782-8,Delta aminolevulinate/Creatinine,SRto,Pt,Urine,Qn,,"Aminolevulinic Acid, Urine","Aminolevulinic Acid, Urine"
1751-7,Albumin,MCnc,Pt,Ser/Plas,Qn,,"Albumin, Serum","Albumin, Serum"
1755-8,Albumin,MRat,24H,Urine,Qn,,"Albumin, 24 Hour, Urine","Albumin, 24 Hour, Urine"
1747-5,Albumin,MCnc,Pt,Body fld,Qn,,"Albumin, Body Fluid","Albumin, Body Fluid"
9318-7,Albumin/Creatinine,MRto,Pt,Urine,Qn,,"Albumin, Random, Urine","Albumin, Random, Urine"
1746-7,Albumin,MCnc,Pt,CSF,Qn,,"Albumin, Spinal Fluid","Albumin, Spinal Fluid"
13470-0,Aluminum/Creatinine,MRto,Pt,Urine,Qn,,"Aluminum/Creatinine Ratio, Urine","Aluminum/Creatinine Ratio, Urine"
94718-4,Alpha defensins 1+2+3,PrThr,Pt,Synv fld,Ord,IA,"Alpha Defensin, Lateral Flow Assay, Synovial Fluid","Alpha Defensin, Lateral Flow Assay, Synovial Fluid"
94700-2,Liver diseases autoimmune Ab panel,-,Pt,Ser/Plas,-,,"Autoimmune Liver Disease Panel, Serum","Autoimmune Liver Disease Panel, Serum"
94871-1,Aldosterone & sodium panel,-,24H,Urine,Qn,,"Aldosterone with Sodium, 24 Hour, Urine","Aldosterone with Sodium, 24 Hour, Urine"
15284-3,Alnus incana Ab.IgE,ACnc,Pt,Ser,Qn,,"Grey Alder, IgE, Serum","Grey Alder, IgE, Serum"
1765-7,Aldosterone,MRat,24H,Urine,Qn,,"Aldosterone, 24 Hour, Urine","Aldosterone, 24 Hour, Urine"
7445-0,Lactalbumin alpha Ab.IgE,ACnc,Pt,Ser,Qn,,"Alpha-Lactalbumin, IgE, Serum","Alpha-Lactalbumin, IgE, Serum"
73837-7,"Galactose-alpha-1,3-galactose Ab.IgE",ACnc,Pt,Ser,Qn,,"Galactose-Alpha-1,3-Galactose (Alpha-Gal), IgE, Serum","Galactose-Alpha-1,3-Galactose (Alpha-Gal), IgE, Serum"
47303-3,Anaplastic lymphoma kinase Ag,PrThr,Pt,Tiss,Ord,Immune stain,"Anaplastic Lymphoma Kinase for Lung Cancer, Immunohistochemistry","Anaplastic Lymphoma Kinase for Lung Cancer, Immunohistochemistry"
24332-9,Alkaline phosphatase isoenz panel,-,Pt,Ser/Plas,-,,"Alkaline Phosphatase, Total and Isoenzymes, Serum","Alkaline Phosphatase, Total and Isoenzymes, Serum"
94571-7,Branched chain amino acid panel,-,Pt,Bld.dot,Qn,,"Allo-isoleucine, Blood Spot","Allo-isoleucine, Blood Spot"
6019-4,Prunus dulcis Ab.IgE,ACnc,Pt,Ser,Qn,,"Almond, IgE, Serum","Almond, IgE, Serum"
6768-6,Alkaline phosphatase,CCnc,Pt,Ser/Plas,Qn,,"Alkaline Phosphatase, Serum","Alkaline Phosphatase, Serum"
12805-8,Alkaline phosphatase isoenzyme,ACnc,Pt,Ser/Plas,Qn,,"Alkaline Phosphatase Isoenzymes, Serum","Alkaline Phosphatase Isoenzymes, Serum"
101414-1,Lymphocyte TCR alpha beta double negative subsets panel,-,Pt,Bld,-,,"Alpha Beta Double-Negative T Cells for Autoimmune Lymphoproliferative Syndrome, Blood","Alpha Beta Double-Negative T Cells for Autoimmune Lymphoproliferative Syndrome, Blood"
103743-1,Autoimmune lymphoproliferative syndrome multigene analysis,Find,Pt,XXX,Doc,Molgen,"Autoimmune Lymphoproliferative Syndrome (ALPS) Gene Panel, Varies","Autoimmune Lymphoproliferative Syndrome (ALPS) Gene Panel, Varies"
1761-6,Aldolase,CCnc,Pt,Ser/Plas,Qn,,"Aldolase, Serum","Aldolase, Serum"
1743-4,Alanine aminotransferase,CCnc,Pt,Ser/Plas,Qn,With P-5'-P,"Alanine Aminotransferase (ALT) (GPT), Serum","Alanine Aminotransferase (ALT) (GPT), Serum"
6020-2,Alternaria alternata Ab.IgE,ACnc,Pt,Ser,Qn,,"Alternaria tenuis, IgE, Serum","Alternaria tenuis, IgE, Serum"
26707-0,Aluminum,MRat,24H,Urine,Qn,,"Aluminum, 24 Hour, Urine","Aluminum, 24 Hour, Urine"
75882-1,Lupus anticoagulant three screening tests W Reflex,Imp,Pt,PPP,Nom,Coag,"Lupus Anticoagulant Profile, Technical Interpretation","Lupus Anticoagulant Profile, Technical Interpretation"
75881-3,Lupus anticoagulant three screening tests W Reflex panel,-,Pt,PPP,-,Coag,"Lupus Anticoagulant Profile, Plasma","Lupus Anticoagulant Profile, Plasma"
5575-6,Aluminum	MCnc,Pt,RBC,Qn,,,"Aluminum, Blood","Aluminum, Blood"
51715-1,Mitochondria M2 Ab,ACnc,Pt,Ser,Qn,IA,"Mitochondrial Antibodies (M2), Serum","Mitochondrial Antibodies (M2), Serum"
1795-4,Amylase,CCnc,Pt,Body fld,Qn,,"Amylase, Body Fluid","Amylase, Body Fluid"
100706-1,Mycoplasma genitalium,rRNA,PrThr,Pt,XXX,Ord,"Mycoplasma genitalium, Transcription-Mediated Amplification, Urine or Urogenital Swab","Mycoplasma genitalium, Transcription-Mediated Amplification, Urine or Urogenital Swab"
83104-0,Mullerian inhibiting substance,MCnc,Pt,Ser/Plas,Qn,IA,"Antimullerian Hormone, Serum","Antimullerian Hormone, Serum"
55152-3,Amiodarone & Desethylamiodarone panel,MCnc,Pt,Ser/Plas,Qn,,"Amiodarone, Serum","Amiodarone, Serum"
24333-7,Amylase isoenz 3 panel,-,Pt,Ser/Plas,Qn,,"Amylase, Isoenzymes, Serum","Amylase, Isoenzymes, Serum"
102101-3,Acute myeloid leukemia,Find,Pt,Bld/Tiss,Doc,FISH,"Adult Acute Myeloid Leukemia Panel, FISH, Varies","Adult Acute Myeloid Leukemia Panel, FISH, Varies"
102103-9,Acute myeloid leukemia panel,-,Pt,Bld/Tiss,-,FISH,"Acute Myeloid Leukemia (AML), Specified FISH, Varies","Acute Myeloid Leukemia (AML), Specified FISH, Varies"
48996-3,Amylase.pancreatic,CCnc,Pt,Body fld,Qn,,"Amylase, Pancreatic Cyst Fluid","Amylase, Pancreatic Cyst Fluid"
25308-8,Ammonia,SRat,24H,Urine,Qn,,"Ammonium, 24 Hour, Urine","Ammonium, 24 Hour, Urine"
3338-1,Amobarbital,MCnc,Pt,Ser/Plas,Qn,,"Amobarbital, Serum","Amobarbital, Serum"
6829-6,Amoxicillin Ab.IgE,ACnc,Pt,Ser,Qn,,"Amoxicillin, IgE, Serum","Amoxicillin, IgE, Serum"
6712-4,Ampicillin Ab.IgE,ACnc,Pt,Ser,Qn,,"Ampicillin, IgE, Serum","Ampicillin, IgE, Serum"
69021-4,Amphetamines panel,-,Pt,Meconium,-,Confirm,"Amphetamine-Type Stimulants Confirmation, Meconium","Amphetamine-Type Stimulants Confirmation, Meconium"
97161-4,Amphetamines panel,-,Pt,Urine,-,Confirm,"Amphetamines Confirmation, Random, Urine","Amphetamines Confirmation, Random, Urine"
101405-9,Amyloid protein,Find,Pt,Tiss,Doc,Congo red stain+LC/MS/MS,"Amyloid Protein Identification, Paraffin, Mass Spectrometry","Amyloid Protein Identification, Paraffin, Mass Spectrometry"
1798-8,Amylase,CCnc,Pt,Ser/Plas,Qn,,"Amylase, Total, Serum","Amylase, Total, Serum"
43106-4,Amitriptyline & Nortriptyline panel,-,Pt,Ser/Plas,Qn,,"Amitriptyline and Nortriptyline, Serum","Amitriptyline and Nortriptyline, Serum"
98485-6,Amyloid beta 42 peptide/Amyloid beta 40 peptide,MRto,Pt,CSF,Qn,,"Beta-Amyloid Ratio (1-42/1-40), Spinal Fluid","Beta-Amyloid Ratio (1-42/1-40), Spinal Fluid"
94356-3,Neuronal nuclear type 1 Ab.IgG,Titr,Pt,CSF,SemiQn,IF,"Antineuronal Nuclear Antibody-Type 1 (ANNA-1) Titer, Spinal Fluid","Antineuronal Nuclear Antibody-Type 1 (ANNA-1) Titer, Spinal Fluid"
94342-3,Neuronal nuclear type 1 Ab.IgG,Titr,Pt,Ser,SemiQn,IF,"Antineuronal Nuclear Antibody-Type 1 (ANNA-1) Titer, Serum","Antineuronal Nuclear Antibody-Type 1 (ANNA-1) Titer, Serum"
94357-1,Neuronal nuclear type 2 Ab.IgG,Titr,Pt,CSF,SemiQn,IF,"Antineuronal Nuclear Antibody Type 2 (ANNA-2) Titer, Spinal Fluid","Antineuronal Nuclear Antibody Type 2 (ANNA-2) Titer, Spinal Fluid"
94343-1,Neuronal nuclear type 2 Ab.IgG,Titr,Pt,Ser,SemiQn,IF,"Antineuronal Nuclear Antibody Type 2 (ANNA-2) Titer, Serum","Antineuronal Nuclear Antibody Type 2 (ANNA-2) Titer, Serum"
94358-9,Neuronal nuclear type 3 Ab.IgG,Titr,Pt,CSF,SemiQn,IF,"Antineuronal Nuclear Antibody Type 3 (ANNA-3) Titer, Spinal Fluid","Antineuronal Nuclear Antibody Type 3 (ANNA-3) Titer, Spinal Fluid"
94344-9,Neuronal nuclear type 3 Ab.IgG,Titr,Pt,Ser,SemiQn,IF,"Antineuronal Nuclear Antibody Type 3 (ANNA-3) Titer, Serum","Antineuronal Nuclear Antibody Type 3 (ANNA-3) Titer, Serum"
94875-2,Nuclear Ab.IgG,ACnc,Pt,Ser/Plas,Qn,IA,"Antinuclear Antibodies (ANA), Serum","Antinuclear Antibodies (ANA), Serum"
635-3,Bacteria,Prid,Pt,XXX,Nom,Anaerobic culture,"Bacterial Culture, Anaerobic, Varies","Bacterial Culture, Anaerobic, Varies"
23877-4,Anaplasma phagocytophilum Ab.IgG,Titr,Pt,Ser,SemiQn,IF,"Anaplasma phagocytophilum (Human Granulocytic Ehrlichiosis) Antibody, Serum","Anaplasma phagocytophilum (Human Granulocytic Ehrlichiosis) Antibody, Serum"
87427-1,Neutrophil cytoplasmic Ab panel,-,Pt,Ser,-,IF,"Cytoplasmic Neutrophil Antibodies, Serum","Cytoplasmic Neutrophil Antibodies, Serum"
17355-9,Neutrophil cytoplasmic Ab.IgG,PrThr,Pt,Ser,Ord,,"Cytoplasmic Neutrophil Antibodies, Inflammatory Bowel Disease Panel, Serum","Cytoplasmic Neutrophil Antibodies, Inflammatory Bowel Disease Panel, Serum"
7079-7,Engraulis encrasicolus Ab.IgE,ACnc,Pt,Ser,Qn,,"Anchovy, IgE, Serum","Anchovy, IgE, Serum"
20878-5,Bacteria,Prid,Pt,Isolate,Nom,Anaerobic culture,"Organism Referred for Identification, Anaerobic Bacteria","Organism Referred for Identification, Anaerobic Bacteria"
10919-9,Anisakis Ab.IgE,ACnc,Pt,Ser,Qn,,"Anisakis, Parasite, IgE, Serum","Anisakis, Parasite, IgE, Serum"
60570-9,Consultation note,Find,Pt,{Setting},Doc,Pathology,"Anatomic Pathology Consultation, Wet Tissue","Anatomic Pathology Consultation, Wet Tissue"
7081-3,Pimpinella anisum Ab.IgE,ACnc,Pt,Ser,Qn,,"Anise, IgE, Serum","Anise, IgE, Serum"
1854-9,Androstenedione,MCnc,Pt,Ser/Plas,Qn,,"Androstenedione, Serum","Androstenedione, Serum"
101907-4,Adaptor Protein 3 Beta2 Ab.IgG,PrThr,Pt,XXX,Ord,,"Adaptor Protein 3 Beta2 (AP3B2) Antibody, Cell-Binding Assay, Spinal Fluid","Adaptor Protein 3 Beta2 (AP3B2) Antibody, Cell-Binding Assay, Spinal Fluid"
101908-2,Adaptor Protein 3 Beta2 Ab,Titr,Pt,XXX,SemiQn,,"Adaptor Protein 3 Beta2 (AP3B2) Antibody, Tissue Immunofluorescence Titer, Spinal Fluid","Adaptor Protein 3 Beta2 (AP3B2) Antibody, Tissue Immunofluorescence Titer, Spinal Fluid"
13590-5,Activated protein C resistance,TRto,Pt,PPP,Qn,Coag,"Activated Protein C Resistance V, with Reflex to Factor V Leiden, Blood and Plasma","Activated Protein C Resistance V, with Reflex to Factor V Leiden, Blood and Plasma"
100751-7,"Galactose-alpha-1,3-galactose panel",-,Pt,Ser/Plas,-,,"Galactose-Alpha-1,3-Galactose (Alpha-Gal) Mammalian Meat Allergy Profile, Serum","Galactose-Alpha-1,3-Galactose (Alpha-Gal) Mammalian Meat Allergy Profile, Serum"
14170-5,Pituitary glycoprotein hormone.alpha subunit,MCnc,Pt,Ser,Qn,,"Alpha-Subunit Pituitary Tumor Marker, Serum","Alpha-Subunit Pituitary Tumor Marker, Serum"
105344-6,Acute porphyria multigene analysis,Find,Pt,Bld/Tiss,Doc,Molgen,"Acute Porphyria Gene Panel, Varies","Acute Porphyria Gene Panel, Varies"
94354-8,Amphiphysin Ab.IgG	Titr,Pt,CSF,SemiQn,IF,,"Amphiphysin Antibody Titer Assay, Spinal Fluid","Amphiphysin Antibody Titer Assay, Spinal Fluid"
94340-7,Amphiphysin Ab.IgG	Titr,Pt,Ser,SemiQn,IF,,"Amphiphysin Antibody Titer Assay, Serum","Amphiphysin Antibody Titer Assay, Serum"
6032-7,Casuarina equisetifolia Ab.IgE,ACnc,Pt,Ser,Qn,,"Australian Pine, IgE, Serum","Australian Pine, IgE, Serum"
74214-8,Apixaban,MCnc,Pt,PPP,Qn,Chromo,"Apixaban, Anti-Xa, Plasma","Apixaban, Anti-Xa, Plasma"
77031-3,"t(15;17)(q24.1;q21.1)(PML,RARA) fusion transcript",Find,Pt,Bld/Tiss,Doc,FISH,"Acute Promyelocytic Leukemia-PML::RARA fusion, Expedited Diagnostic FISH, Varies","Acute Promyelocytic Leukemia-PML::RARA fusion, Expedited Diagnostic FISH, Varies"
5946-9,Coagulation,Time,Pt,PPP,Qn,Coag.surface induced.factor substitution.immediately after addition of normal plasma,"Activated Partial Thromboplastin Time (APTT) Mix 1:1, Plasma","Activated Partial Thromboplastin Time (APTT) Mix 1:1, Plasma"
1869-7,Apolipoprotein A-I,MCnc,Pt,Ser/Plas,Qn,,"Apolipoprotein A1, Serum","Apolipoprotein A1, Serum"
55724-9,Apolipoprotein A-I & A-II & B & C panel,MCnc,Pt,Ser/Plas,Qn,,"Apolipoprotein A1 and B, Serum","Apolipoprotein A1 and B, Serum"
42315-2,APOE gene alleles e2 & e3 & e4,Prid,Pt,Bld/Tiss,Nom,Molgen,"Apolipoprotein E Genotyping, Blood","Apolipoprotein E Genotyping, Blood"
104664-8,APOL1,Geno,Pt,Bld/Tiss/Sal,Nom,Molgen,"APOL1 Genotype, Varies","APOL1 Genotype, Varies"
1884-6,Apolipoprotein B,MCnc,Pt,Ser/Plas,Qn,,"Apolipoprotein B, Serum","Apolipoprotein B, Serum"
6021-0,Malus sylvestris Ab.IgE,ACnc,Pt,Ser,Qn,,"Apple, IgE, Serum","Apple, IgE, Serum"
7091-2,Prunus armeniaca Ab.IgE,ACnc,Pt,Ser,Qn,,"Apricot, IgE, Serum","Apricot, IgE, Serum"
14979-9,Coagulation,Time,Pt,PPP,Qn,Coag.surface induced,"Activated Partial Thromboplastin Time (APTT), Plasma","Activated Partial Thromboplastin Time (APTT), Plasma"
97558-1,Acetylcholine receptor binding Ab.IgG+IgM,SCnc,Pt,Ser,Qn,IA,"Acetylcholine Receptor (Muscle AChR) Binding Antibody, Serum","Acetylcholine Receptor (Muscle AChR) Binding Antibody, Serum"
49093-8,Arbovirus Ab.IgG & IgM panel,-,Pt,Ser,-,IF,"Arbovirus Antibody Panel, IgG and IgM, Serum","Arbovirus Antibody Panel, IgG and IgM, Serum"
55912-0,Arylsulfatase,CCnc,Pt,Bld.dot,Qn,,"Arylsulfatase A, Blood Spot","Arylsulfatase A, Blood Spot"
24078-8,Cerebroside sulfatase,CCnt,Pt,WBC,Qn,,"Arylsulfatase A, Leukocytes","Arylsulfatase A, Leukocytes"
24094-5,N-Acetylgalactosamine-4-Sulfatase,CCnt,Pt,WBC,Qn,,"Arylsulfatase B, Leukocytes","Arylsulfatase B, Leukocytes"
42726-0,Cerebroside sulfatase,CCnc,24H,Urine,Qn,,"Arylsulfatase A, 24 Hour, Urine","Arylsulfatase A, 24 Hour, Urine"
107549-8,Arrhythmogenic cardiomyopathy multigene analysis,Find,Pt,Bld/Tiss,Doc,Molgen,"Arrhythmogenic Cardiomyopathy Gene Panel, Varies","Arrhythmogenic Cardiomyopathy Gene Panel, Varies"
5583-0,Arsenic,MCnc,Pt,Bld,Qn,,"Arsenic, Blood","Arsenic, Blood"
6022-8,Ascaris sp Ab.IgE,ACnc,Pt,Ser,Qn,,"Ascaris, IgE, Serum","Ascaris, IgE, Serum"
13463-5,Arsenic/Creatinine,MRto,Pt,Urine,Qn,,"Arsenic/Creatinine Ratio, Urine","Arsenic/Creatinine Ratio, Urine"
5584-8,Arsenic,MCnt,Pt,Hair,Qn,,"Arsenic, Hair","Arsenic, Hair"
6278-6,Fraxinus americana Ab.IgE,ACnc,Pt,Ser,Qn,,"White Ash, IgE, Serum","White Ash, IgE, Serum"
24101-8,Acid sphingomyelinase,CCnt,Pt,WBC,Qn,,"Acid Sphingomyelinase, Leukocytes","Acid Sphingomyelinase, Leukocytes"
8157-0,Arsenic,MCnt,Pt,Nail,Qn,,"Arsenic, Nails","Arsenic, Nails"
5370-2,Streptolysin O Ab,ACnc,Pt,Ser/Plas,Qn,,"Antistrep-O Titer, Serum","Antistrep-O Titer, Serum"
6025-1,Aspergillus fumigatus Ab.IgE,ACnc,Pt,Ser,Qn,,"Aspergillus fumigatus, IgE, Serum","Aspergillus fumigatus, IgE, Serum"
44357-2,Galactomannan Ag,ACnc,Pt,Ser/Plas,Qn,IA,"Aspergillus (Galactomannan) Antigen, Serum","Aspergillus (Galactomannan) Antigen, Serum"
7099-5,Asparagus officinalis Ab.IgE,ACnc,Pt,Ser,Qn,,"Asparagus, IgE, Serum","Asparagus, IgE, Serum"
62467-6,Galactomannan Ag,ACnc,Pt,XXX,Qn,IA,"Aspergillus Antigen, Bronchoalveolar Lavage","Aspergillus Antigen, Bronchoalveolar Lavage"
6830-4,Aspergillus niger Ab.IgE,ACnc,Pt,Ser,Qn,,"Aspergillus niger, IgE, Serum","Aspergillus niger, IgE, Serum"
30239-8,Aspartate aminotransferase,CCnc,Pt,Ser/Plas,Qn,With P-5'-P,"Aspartate Aminotransferase (AST) (GOT), Serum","Aspartate Aminotransferase (AST) (GOT), Serum"
5587-1,Arsenic,MRat,24H,Urine,Qn,,"Arsenic with Reflex, 24 Hour, Urine","Arsenic with Reflex, 24 Hour, Urine"
77653-4,Observation,Prid,Pt,Anorectal,Nom,Cyto stain.thin prep,"Anal ThinPrep Cytology with Human Papillomavirus (HPV) Co-Test, Varies","Anal ThinPrep Cytology with Human Papillomavirus (HPV) Co-Test, Varies"
38358-8,A Ab,Titr,Pt,Ser/Plas,SemiQn,Antihuman globulin,"Isoagglutinin Titer, Anti-A, Serum","Isoagglutinin Titer, Anti-A, Serum"
27812-7,Antithrombin Ag actual/Normal,RelMCnc,Pt,PPP,Qn,IA,"Antithrombin Antigen, Plasma","Antithrombin Antigen, Plasma"
6029-3,Aureobasidium pullulans Ab.IgE,ACnc,Pt,Ser,Qn,,"Aureobasidium pullulans, IgE, Serum","Aureobasidium pullulans, IgE, Serum"
107548-0,Autoinflammatory disorders multigene analysis,Find,Pt,Bld/Tiss,Doc,Molgen,"Autoinflammatory Disorders Gene Panel, Varies","Autoinflammatory Disorders Gene Panel, Varies"
6033-5,Persea americana Ab.IgE,ACnc,Pt,Ser,Qn,,"Avocado, IgE, Serum","Avocado, IgE, Serum"
48595-3,von Willebrand evaluation,Imp,Pt,PPP,Nom,,von Willebrand Disease Profile Technical Interpretation,von Willebrand Disease Profile Technical Interpretation
48593-8,von Willebrand panel,-,Pt,PPP,-,,"von Willebrand Disease Profile, Plasma","von Willebrand Disease Profile, Plasma"
72488-0,Beta 2 glycoprotein 1 Ab.IgG & IgM panel,-,Pt,Ser,-,,"Beta-2 Glycoprotein 1 Antibodies, IgG and IgM, Serum","Beta-2 Glycoprotein 1 Antibodies, IgG and IgM, Serum"
1952-1,Beta-2-Microglobulin,MCnc,Pt,Ser/Plas,Qn,,"Beta-2-Microglobulin, Serum","Beta-2-Microglobulin, Serum"
1951-3,Beta-2-Microglobulin,MCnc,Pt,CSF,Qn,,"Beta-2-Microglobulin (Beta-2-M), Spinal Fluid","Beta-2-Microglobulin (Beta-2-M), Spinal Fluid"
1953-9,Beta-2-Microglobulin,MCnc,Pt,Urine,Qn,,"Beta-2 Microglobulin, Random, Urine","Beta-2 Microglobulin, Random, Urine"
1688-1,4-Pyridoxate,MCnc,Pt,Ser/Plas,Qn,,"Pyridoxic Acid, Plasma","Pyridoxic Acid, Plasma"
95266-3,Vitamin B6 & metabolites panel,-,Pt,Ser/Plas,Qn,,"Vitamin B6 Profile (Pyridoxal 5-Phosphate and Pyridoxic Acid), Plasma","Vitamin B6 Profile (Pyridoxal 5-Phosphate and Pyridoxic Acid), Plasma"
21823-0,"t(9;22)(q34.1;q11)(ABL1,BCR) fusion transcript minor break points",Arb,Pt,Bld/Tiss,Ord,Molgen,"BCR::ABL1, p190, mRNA Detection, Reverse Transcription-PCR (RT-PCR), Quantitative, Monitoring Assay, Varies","BCR::ABL1, p190, mRNA Detection, Reverse Transcription-PCR (RT-PCR), Quantitative, Monitoring Assay,"
93338-2,Bile acid panel,-,48H,Stool,-,,"Bile Acids, Bowel Dysfunction, 48 Hour, Feces","Bile Acids, Bowel Dysfunction, 48 Hour, Feces"
16117-4,Babesia microti Ab.IgG,Titr,Pt,Ser,SemiQn,,"Babesia microti IgG Antibodies, Serum","Babesia microti IgG Antibodies, Serum"
88461-9,Babesia microti & divergens+MO-1 strain & duncani 18S rRNA gene panel,-,Pt,Bld,-,Non-probe.amp.tar,"Babesia species, Molecular Detection, PCR, Blood","Babesia species, Molecular Detection, PCR, Blood"
55135-8,BCR-ABL1 kinase domain targeted mutation analysis,Prid,Pt,Bld/Tiss,Nom,Molgen,"BCR::ABL1, Qualitative, Diagnostic Assay, Varies","BCR::ABL1, Qualitative, Diagnostic Assay, Varies"
43130-4,Bile acid fractions panel,SCnc,Pt,Ser/Plas,Qn,,"Bile Acids, Fractionated and Total, Serum","Bile Acids, Fractionated and Total, Serum"
6034-3,Paspalum notatum Ab.IgE,ACnc,Pt,Ser,Qn,,"Bahia Grass, IgE, Serum","Bahia Grass, IgE, Serum"
102099-9,B-cell acute lymphocytic leukemia,Find,Pt,Bld/Tiss,Doc,FISH,"B-Cell Acute Lymphoblastic Leukemia/Lymphoma (ALL), FISH, Adult, Varies","B-Cell Acute Lymphoblastic Leukemia/Lymphoma (ALL), FISH, Adult, Varies"
102100-5,B-cell acute lymphoblastic leukemia,Find,Pt,Bld/Tiss,Doc,FISH,"Pediatric B-Lymphoblastic Leukemia/Lymphoma Panel, FISH, Varies","Pediatric B-Lymphoblastic Leukemia/Lymphoma Panel, FISH, Varies"
102084-1,B-Cell lymphoblastic leukemia monitoring minimal residual disease detection,-,Pt,Bld/Bone mar,-,Flow cytometry,"B-Cell Lymphoblastic Leukemia Monitoring, Measurable/Minimal Residual Disease Detection, Flow Cytometry, Varies","B-Cell Lymphoblastic Leukemia Monitoring, Measurable/Minimal Residual Disease Detection, Flow Cytome"
10920-7,Phyllostachys pubescens Ab.IgE,ACnc,Pt,Ser,Qn,,"Bamboo Shoot, IgE, Serum","Bamboo Shoot, IgE, Serum"
104027-8,Bile acid malabsorption panel,-,Pt,^Patient,-,,"Bile Acids Malabsorption Panel, Serum and Feces","Bile Acids Malabsorption Panel, Serum and Feces"
6035-0,Musa spp Ab.IgE,ACnc,Pt,Ser,Qn,,"Banana, IgE, Serum","Banana, IgE, Serum"
17838-4,Alkaline phosphatase.bone,MCnc,Pt,Ser/Plas,Qn,,"Bone Alkaline Phosphatase, Serum","Bone Alkaline Phosphatase, Serum"
101381-2,BAP1 gene deletion+duplication & full mutation analysis,Find,Pt,Bld/Tiss,Doc,Molgen,"BAP1-Tumor Predisposition Syndrome, BAP1 Full Gene Analysis, Varies","BAP1-Tumor Predisposition Syndrome, BAP1 Full Gene Analysis, Varies"
53746-4,Barbiturates panel,-,Pt,Urine,-,,"Barbiturates Confirmation, Random, Urine","Barbiturates Confirmation, Random, Urine"
75892-0,"t(9;22)(q34.1;q11)(ABL1,BCR) fusion transcript break points",Prid,Pt,Bld/Tiss,Nom,Molgen,"BCR::ABL1, Rare Fusion Monitoring, Quantitative, Varies","BCR::ABL1, Rare Fusion Monitoring, Quantitative, Varies"
48864-3,Bartonella sp DNA,PrThr,Pt,XXX,Ord,Probe.amp.tar,"Bartonella, Molecular Detection, PCR, Varies","Bartonella, Molecular Detection, PCR, Varies"
90251-0,Bartonella henselae & Bartonella quintana Ab.IgG & IgM panel,Titr,Pt,Ser,SemiQn,,"Bartonella Antibody Panel, IgG and IgM, Serum","Bartonella Antibody Panel, IgG and IgM, Serum"
16275-0,Bartonella sp DNA,PrThr,Pt,Bld,Ord,Probe.amp.tar,"Bartonella, Molecular Detection, PCR, Blood","Bartonella, Molecular Detection, PCR, Blood"
7118-3,Ocimum basilicum Ab.IgE,ACnc,Pt,Ser,Qn,,"Basil, IgE, Serum","Basil, IgE, Serum"
7125-8,Laurus nobilis Ab.IgE,ACnc,Pt,Ser,Qn,,"Bay Leaf, IgE, Serum","Bay Leaf, IgE, Serum"
15339-5,Trogoderma angustum Ab.IgE,ACnc,Pt,Ser,Qn,,"Berlin Beetle, IgE, Serum","Berlin Beetle, IgE, Serum"
97565-6,B-cell primary immunodeficiency multigene analysis	Find,Pt,Bld/Tiss,Doc,Molgen,,"B-Cell and Antibody Deficiency Gene Panel, Varies","B-Cell and Antibody Deficiency Gene Panel, Varies"
61113-7,Immunoglobulin gene rearrangements,Find,Pt,Bld/Tiss,Nar,Molgen,"Immunoglobulin Gene Rearrangement, PCR, Bone Marrow","Immunoglobulin Gene Rearrangement, PCR, Bone Marrow"
50627-9,Immunoglobulin heavy chain gene rearrangements,Find,Pt,Bld/Tiss,Nar,Molgen,"IGH Somatic Hypermutation Analysis, B-Cell Chronic Lymphocytic Leukemia (B-CLL), Varies","IGH Somatic Hypermutation Analysis, B-Cell Chronic Lymphocytic Leukemia (B-CLL), Varies"
7272-8,Taxodium distichum Ab.IgE,ACnc,Pt,Ser,Qn,,"Bald Cypress, IgE, Serum","Bald Cypress, IgE, Serum"
6304-0,Budgerigar droppings Ab.IgE,ACnc,Pt,Ser,Qn,,"Budgerigar Droppings, IgE, Serum","Budgerigar Droppings, IgE, Serum"
6038-4,Fagus grandifolia Ab.IgE,ACnc,Pt,Ser,Qn,,"Beech, IgE, Serum","Beech, IgE, Serum"
6039-2,Beef Ab.IgE,ACnc,Pt,Ser,Qn,,"Beef, IgE, Serum","Beef, IgE, Serum"
19728-5,Beet Ab.IgE,ACnc,Pt,Ser,Qn,,"Beets (Beetroot), IgE, Serum","Beets (Beetroot), IgE, Serum"
6279-4,Bean white Ab.IgE,ACnc,Pt,Ser,Qn,,"White Bean, IgE, Serum","White Bean, IgE, Serum"
6041-8,Cynodon dactylon Ab.IgE,ACnc,Pt,Ser,Qn,,"Bermuda Grass, IgE, Serum","Bermuda Grass, IgE, Serum"
30985-6,Betula verrucosa recombinant (rBet v) 2 Ab.IgE,ACnc,Pt,Ser,Qn,,"BET v2 (Profilin), IgE, Serum","BET v2 (Profilin), IgE, Serum"
1974-5,Bilirubin,MCnc,Pt,Body fld,Qn,,"Bilirubin, Body Fluid","Bilirubin, Body Fluid"
34557-9,Cell count & Differential panel,-,Pt,Body fld,Qn,,"Cell Count and Differential, Body Fluid","Cell Count and Differential, Body Fluid"
94872-9,Cholesterol & triglyceride panel,-,Pt,Body fld,Qn,,"Lipid Analysis, Body Fluid","Lipid Analysis, Body Fluid"
6030-1,Budgerigar feather Ab.IgE,ACnc,Pt,Ser,Qn,,"Budgerigar Feathers, IgE, Serum","Budgerigar Feathers, IgE, Serum"
24061-4,Beta galactosidase,CCnt,Pt,WBC,Qn,,"Beta-Galactosidase, Leukocytes","Beta-Galactosidase, Leukocytes"
6037-6,Hordeum vulgare Ab.IgE,ACnc,Pt,Ser,Qn,,"Barley Grass, IgE, Serum","Barley Grass, IgE, Serum"
21198-7,Choriogonadotropin.beta subunit,ACnc,Pt,Ser/Plas,Qn,,"Beta-Human Chorionic Gonadotropin, Quantitative, Serum","Beta-Human Chorionic Gonadotropin, Quantitative, Serum"
94232-6,FLCN gene deletion+duplication & full mutation analysis,Find,Pt,Bld/Tiss,Doc,Molgen,"Birt-Hogg-Dube Syndrome, FLCN, Full Gene Analysis, Varies","Birt-Hogg-Dube Syndrome, FLCN, Full Gene Analysis, Varies"
14041-8,Choriogonadotropin.beta subunit,ACnc,Pt,CSF,Qn,,"Beta-Human Chorionic Gonadotropin, Quantitative, Spinal Fluid","Beta-Human Chorionic Gonadotropin, Quantitative, Spinal Fluid"
6873-4,Beta hydroxybutyrate,SCnc,Pt,Ser/Plas,Qn,,"Beta-Hydroxybutyrate, Serum","Beta-Hydroxybutyrate, Serum"
35577-6,Hypersensitivity pneumonitis panel,-,Pt,Ser,-,,"Hypersensitivity Pneumonitis Panel, Immunoglobulin G, Serum","Hypersensitivity Pneumonitis Panel, Immunoglobulin G, Serum"
95229-1,Biliary tract neoplasm chromosome analysis,Find,Pt,Tiss,Doc,,"Biliary Tract Malignancy, FISH, Varies","Biliary Tract Malignancy, FISH, Varies"
14628-2,Bile acid,SCnc,Pt,Ser/Plas,Qn,,"Bile Acids, Total, Serum","Bile Acids, Total, Serum"
33317-9,Schistosoma sp Ab.IgG,PrThr,Pt,Ser,Ord,,"Schistosoma species Antibody, IgG, Serum","Schistosoma species Antibody, IgG, Serum"
34543-9,Bilirubin direct & total panel,MCnc,Pt,Ser/Plas,Qn,,"Bilirubin, Serum","Bilirubin, Serum"
1968-7,Bilirubin.glucuronidated+Bilirubin.albumin bound,MCnc,Pt,Ser/Plas,Qn,,"Bilirubin, Direct, Serum","Bilirubin, Direct, Serum"
1975-2,Bilirubin,MCnc,Pt,Ser/Plas,Qn,,"Bilirubin, Total, Serum","Bilirubin, Total, Serum"
1980-2,Biotin,MCnc,Pt,Ser/Plas,Qn,,"Biotin, Serum","Biotin, Serum"
1982-8,Biotinidase,CCnc,Pt,Ser/Plas,Qn,,"Biotinidase, Serum","Biotinidase, Serum"
15283-5,Betula verrucosa Ab.IgE,ACnc,Pt,Ser,Qn,,"Silver Birch, IgE, Serum","Silver Birch, IgE, Serum"
104690-3,Bivalirudin,MCnc,Pt,PPP,Qn,Chromo,"Bivalirudin, Ecarin, Plasma","Bivalirudin, Ecarin, Plasma"
8161-2,Bismuth,MCnc,Pt,Bld,Qn,,"Bismuth, Blood","Bismuth, Blood"
11177-3,Beta lactoglobulin Ab.IgE,ACnc,Pt,Ser,Qn,,"Beta-Lactoglobulin, IgE, Serum","Beta-Lactoglobulin, IgE, Serum"
7151-4,Rubus fruticosus Ab.IgE,ACnc,Pt,Ser,Qn,,"Blackberry, IgE, Serum","Blackberry, IgE, Serum"
7816-2,Blastomyces dermatitidis Ab,PrThr,Pt,Ser,Ord,,"Blastomyces Antibody, Enzyme Immunoassay, Serum","Blastomyces Antibody, Enzyme Immunoassay, Serum"
24159-6,Pepper white+Pepper black Ab.IgE,ACnc,Pt,Ser,Qn,,"Black/White Pepper, IgE, Serum","Black/White Pepper, IgE, Serum"
101920-7,Chronic lymphocytic leukemia gene targeted rearrangements,Find,Pt,Bld/Bone mar,Doc,FISH,"B-Cell Lymphoma, Specified FISH, Varies","B-Cell Lymphoma, Specified FISH, Varies"
7152-2,Vaccinium myrtillus Ab.IgE,ACnc,Pt,Ser,Qn,,"Blueberry, IgE, Serum","Blueberry, IgE, Serum"
6273-7,Juglans spp Ab.IgE,ACnc,Pt,Ser,Qn,,"Walnut-Food, IgE, Serum","Walnut-Food, IgE, Serum"
63486-5,Nut allergen panel,-,Pt,Ser,-,,"Walnut-Food Components, IgE, Serum","Walnut-Food Components, IgE, Serum"
101651-8,MYC and BCL2 rearrangements,Find,Pt,Tiss,Doc,FISH,"B-Cell Lymphoma, FISH, Tissue","B-Cell Lymphoma, FISH, Tissue"
24321-2,Basic metabolic 2000 panel,-,Pt,Ser/Plas,Qn,,"Basic Metabolic Panel, Serum","Basic Metabolic Panel, Serum"
112328-0,Bone marrow failure multigene analysis,Find,Pt,Bld/Tiss,Doc,Molgen,"Inherited Bone Marrow Failure Gene Panel, Varies","Inherited Bone Marrow Failure Gene Panel, Varies"
82475-5,Borrelia miyamotoi glpQ gene,PrThr,Pt,Bld,Ord,Non-probe.amp.tar,"Borrelia miyamotoi Detection, PCR, Blood","Borrelia miyamotoi Detection, PCR, Blood"
82476-3,Borrelia miyamotoi glpQ gene,PrThr,Pt,CSF,Ord,Non-probe.amp.tar,"Borrelia miyamotoi Detection PCR, Spinal Fluid","Borrelia miyamotoi Detection PCR, Spinal Fluid"
30934-4,Natriuretic peptide.B,MCnc,Pt,Ser/Plas,Qn,,"B-Type Natriuretic Peptide, Plasma","B-Type Natriuretic Peptide, Plasma"
90890-5,Benzodiazepines panel,-,Pt,Urine,-,Confirm,"Benzodiazepines Confirmation, Random, Urine","Benzodiazepines Confirmation, Random, Urine"
5607-7,Boron,MCnc,Pt,Ser/Plas,Qn,,"Boron, Serum/Plasma","Boron, Serum/Plasma"
42330-1,Bordetella pertussis Ab.IgG,ACnc,Pt,Ser,Qn,IA,"Bordetella pertussis Antibody, IgG, Serum","Bordetella pertussis Antibody, IgG, Serum"
6049-1,Botrytis cinerea Ab.IgE,ACnc,Pt,Ser,Qn,,"Botrytis cinerea, IgE, Serum","Botrytis cinerea, IgE, Serum"
10922-3,Bovine serum albumin Ab.IgE,ACnc,Pt,Ser,Qn,,"Bovine Serum Albumin, IgE, Serum","Bovine Serum Albumin, IgE, Serum"
92671-7,Basement membrane zone BP180 & BP230 Ab.IgG panel,-,Pt,Ser/Plas,Qn,,"Bullous Pemphigoid, BP180 and BP230, IgG Antibodies, Serum","Bullous Pemphigoid, BP180 and BP230, IgG Antibodies, Serum"
90441-7,Bordetella pertussis & Bordetella parapertussis DNA panel,-,Pt,Nph,-,,"Bordetella pertussis and Bordetella parapertussis, Molecular Detection, PCR, Varies","Bordetella pertussis and Bordetella parapertussis, Molecular Detection, PCR, Varies"
93690-6,BRAF gene.p.Val600 mutations,Prid,Pt,Plas.cfDNA,Nom,Molgen,"Cell-Free DNA BRAF V600, Blood","Cell-Free DNA BRAF V600, Blood"
97025-1,BRAF gene.p.Val600 mutations,Prid,Pt,Tiss,Nom,Molgen,"BRAF V600E/V600K Somatic Mutation Analysis, Tumor","BRAF V600E/V600K Somatic Mutation Analysis, Tumor"
6050-9,Bertholletia excelsa Ab.IgE,ACnc,Pt,Ser,Qn,,"Brazil Nut, IgE, Serum","Brazil Nut, IgE, Serum"
64963-2,Bertholletia excelsa recombinant (rBer e) 1 Ab.IgE,ACnc,Pt,Ser,Qn,,"Brazil Nut Component, IgE, Serum","Brazil Nut Component, IgE, Serum"
76575-0,Bacterial 16S rRNA,PrThr,Pt,XXX,Ord,Probe.amp.tar,"Broad Range Bacterial PCR and Sequencing, Varies","Broad Range Bacterial PCR and Sequencing, Varies"
59041-4,BRCA1+BRCA2 gene mutations tested for,Prid,Pt,Bld/Tiss,Nom,Molgen,"BRCA1/2 Mutation Analysis, Next-Generation Sequencing, Tumor","BRCA1/2 Mutation Analysis, Next-Generation Sequencing, Tumor"
91140-4,Brucella sp Ab.IgG & IgM panel,-,Pt,Ser,Ord,,"Brucella Antibody Screen, IgM and IgG, ELISA, Serum","Brucella Antibody Screen, IgM and IgG, ELISA, Serum"
36908-2,Gene mutations tested for,Prid,Pt,Bld/Tiss,Nom,Molgen,"BRAF and KIT Mutation Analysis, Next-Generation Sequencing, Tumor","BRAF and KIT Mutation Analysis, Next-Generation Sequencing, Tumor"
97655-5,Hereditary breast & gynecologic cancer multigene analysis,Find,Pt,Bld/Tiss,Doc,Molgen,"Hereditary Breast/Gynecologic Cancer Panel, Varies","Hereditary Breast/Gynecologic Cancer Panel, Varies"
88894-1,Brivaracetam,MCnc,Pt,Ser/Plas,Qn,,"Brivaracetam, Plasma","Brivaracetam, Plasma"
97761-1,MLH1 gene methylation analysis,Find,Pt,Tumor,Doc,Molgen,"MLH1 Hypermethylation and BRAF Mutation Analysis, Tumor","MLH1 Hypermethylation and BRAF Mutation Analysis, Tumor"
6052-5,Brassica oleracea var italica Ab.IgE,ACnc,Pt,Ser,Qn,,"Broccoli, IgE, Serum","Broccoli, IgE, Serum"
6053-3,Bromus inermis Ab.IgE,ACnc,Pt,Ser,Qn,,"Brome Grass, IgE, Serum","Brome Grass, IgE, Serum"
97656-3,Hereditary cancer multigene analysis,Find,Pt,Bld/Tiss,Doc,Molgen,"Rapid Hereditary Breast Cancer Treatment Decision Panel, Varies","Rapid Hereditary Breast Cancer Treatment Decision Panel, Varies"
19053-8,Brucella sp Ab,Titr,Pt,Ser,SemiQn,Aggl,"Brucella Total Antibody Confirmation, Agglutination, Serum","Brucella Total Antibody Confirmation, Agglutination, Serum"
7160-5,Brassica oleracea var gemmifera Ab.IgE,ACnc,Pt,Ser,Qn,,"Brussels Sprouts, IgE, Serum","Brussels Sprouts, IgE, Serum"
16236-2,Butabarbital,MCnc,Pt,Urine,Qn,Confirm,"Butabarbital, Serum","Butabarbital, Serum"
94242-5,BTD gene full mutation analysis,Find,Pt,Bld/Tiss,Doc,Sequencing,"Biotinidase Deficiency, BTD Gene Sequencing with Deletion/Duplication, Varies","Biotinidase Deficiency, BTD Gene Sequencing with Deletion/Duplication, Varies"
75708-8,Bruton tyrosine kinase,Imp,Pt,B cells+monocytes,Nar,Flow cytometry,"Bruton Tyrosine Kinase, Protein Expression, Flow Cytometry, Blood","Bruton Tyrosine Kinase, Protein Expression, Flow Cytometry, Blood"
94241-7,BTK gene full mutation analysis,Find,Pt,Bld/Tiss,Doc,Sequencing,"Bruton Tyrosine Kinase, BTK Full Gene Analysis, Varies","Bruton Tyrosine Kinase, BTK Full Gene Analysis, Varies"
57733-8,Beta-trace protein,MCnc,Pt,Body fld,Qn,,"Beta-Trace Protein, Body Fluid","Beta-Trace Protein, Body Fluid"
34464-8,B Ab,Titr,Pt,Ser/Plas,SemiQn,Antihuman globulin,"Isoagglutinin Titer, Anti-B, Serum","Isoagglutinin Titer, Anti-B, Serum"
10921-5,Blomia tropicalis Ab.IgE,ACnc,Pt,Ser,Qn,,"Blomia tropicalis, IgE, Serum","Blomia tropicalis, IgE, Serum"
90246-0,Bacterial whole genome,Seq,Pt,Isolate,Nom,Sequencing,"Bacterial Typing, Whole Genome Sequencing, Varies","Bacterial Typing, Whole Genome Sequencing, Varies"
93478-6,Busulfan area under the curve panel,-,Stdy,Plas,Qn,,"Busulfan, Intravenous Dose, Area Under the Curve, Plasma","Busulfan, Intravenous Dose, Area Under the Curve, Plasma"
6054-1,Fagopyrum esculentum Ab.IgE,ACnc,Pt,Ser,Qn,,"Buckwheat, IgE, Serum","Buckwheat, IgE, Serum"
3094-0,Urea nitrogen,MCnc,Pt,Ser/Plas,Qn,,"Blood Urea Nitrogen (BUN), Serum","Blood Urea Nitrogen (BUN), Serum"
69033-9,Buprenorphine & Norbuprenorphine panel,-,Pt,Urine,-,,"Buprenorphine and Norbuprenorphine, Random, Urine","Buprenorphine and Norbuprenorphine, Random, Urine"
93494-3,Buprenorphine,PrThr,Pt,Urine,Ord,Screen,"Buprenorphine Screen with Reflex, Random, Urine","Buprenorphine Screen with Reflex, Random, Urine"
6895-7,Butalbital,MCnc,Pt,Ser/Plas,Qn,,"Butalbital, Serum","Butalbital, Serum"
103590-6,Bacterial vaginosis RNA,PrThr,Pt,Vagina,Ord,Probe.amp,"Bacterial Vaginosis, Nucleic Acid Amplification, Vaginal","Bacterial Vaginosis, Nucleic Acid Amplification, Vaginal"
6047-5,Chironomus thummi Ab.IgE,ACnc,Pt,Ser,Qn,,"Blood Worm, IgE, Serum","Blood Worm, IgE, Serum"
7155-5,Acer negundo Ab.IgE,ACnc,Pt,Ser,Qn,,"Box Elder/Maple, IgE, Serum","Box Elder/Maple, IgE, Serum"
6287-7,Saccharomyces cerevisiae Ab.IgE,ACnc,Pt,Ser,Qn,,"Baker's Yeast, IgE, Serum","Baker's Yeast, IgE, Serum"
4477-6,Complement C1 esterase inhibitor,MCnc,Pt,Ser/Plas,Qn,,"C1 Esterase Inhibitor Antigen, Serum","C1 Esterase Inhibitor Antigen, Serum"
48494-9,Complement C1 esterase inhibitor actual/Normal,RelCCnc,Pt,Ser/Plas,Qn,,"C1 Esterase Inhibitor, Functional, Serum","C1 Esterase Inhibitor, Functional, Serum"
4478-4,Complement C1q,MCnc,Pt,Ser/Plas,Qn,,"Complement C1q, Serum","Complement C1q, Serum"
87722-5,Complement C1q.functional,ACnc,Pt,Ser/Plas,Qn,,"C1q Complement, Functional, Serum","C1q Complement, Functional, Serum"
93977-7,Complement C2.functional,ACnc,Pt,Ser/Plas,Qn,,"C2 Complement, Functional, with Reflex, Serum","C2 Complement, Functional, with Reflex, Serum"
17842-6,Cancer Ag 27-29,ACnc,Pt,Ser/Plas,Qn,,"Breast Carcinoma-Associated Antigen, Serum","Breast Carcinoma-Associated Antigen, Serum"
4485-9,Complement C3,MCnc,Pt,Ser/Plas,Qn,,"Complement C3, Serum","Complement C3, Serum"
107555-5,Complement C3 & C4 & C1q Ab.IgG panel,-,Pt,Ser/Plas,-,,"Complement C3 and C4 with Anti-C1q Antibodies, Serum","Complement C3 and C4 with Anti-C1q Antibodies, Serum"
87723-3,Complement C3.functional,ACnc,Pt,Ser/Plas,Qn,,"C3 Complement, Functional, Serum","C3 Complement, Functional, Serum"
4498-2,Complement C4,MCnc,Pt,Ser/Plas,Qn,,"Complement C4, Serum","Complement C4, Serum"
93978-5,Complement C4.functional,ACnc,Pt,Ser/Plas,Qn,,"C4 Complement, Functional, Serum","C4 Complement, Functional, Serum"
53111-1,Butyrylcarnitine (C4)/Creatinine,SRto,Pt,Urine,Qn,,"C4 Acylcarnitine, Quantitative, Random, Urine","C4 Acylcarnitine, Quantitative, Random, Urine"
4505-4,Complement C5,MCnc,Pt,Ser/Plas,Qn,,"C5 Complement, Antigen, Serum","C5 Complement, Antigen, Serum"
93244-2,Complement Sc5b-9,MCnc,Pt,Ser/Plas,Qn,IA,"SC5b-9 Level Terminal Complement Complex, Plasma","SC5b-9 Level Terminal Complement Complex, Plasma"
54279-5,Glutarylcarnitine (C5-DC)/Creatinine,SRto,Pt,Urine,Qn,,"C5-DC Acylcarnitine, Quantitative, Random, Urine","C5-DC Acylcarnitine, Quantitative, Random, Urine"
60472-8,Complement C5.functional,ACnc,Pt,Ser/Plas,Qn,,"C5 Complement, Functional, Serum","C5 Complement, Functional, Serum"
50091-8,2-methyl-3-hydroxybutyrylcarnitine (C5-OH)/Creatinine,SRto,Pt,Urine,Qn,,"C5-OH Acylcarnitine, Quantitative, Random, Urine","C5-OH Acylcarnitine, Quantitative, Random, Urine"
60459-5,Complement C6.functional,ACnc,Pt,Ser/Plas,Qn,,"C6 Complement, Functional, Serum","C6 Complement, Functional, Serum"
87724-1,Complement C7.functional,ACnc,Pt,Ser/Plas,Qn,,"C7 Complement, Functional, Serum","C7 Complement, Functional, Serum"
50997-6,Complement C8.functional,ACnc,Pt,Ser/Plas,Qn,,"C8 Complement, Functional, Serum","C8 Complement, Functional, Serum"
87727-4,Complement C9.functional,ACnc,Pt,Ser/Plas,Qn,,"C9 Complement, Functional, Serum","C9 Complement, Functional, Serum"
81846-8,C9orf72 gene GGGGCC repeat analysis,Find,Pt,Bld/Tiss,Doc,Molgen,"C9orf72 Hexanucleotide Repeat, Molecular Analysis, Varies","C9orf72 Hexanucleotide Repeat, Molecular Analysis, Varies"
17861-6,Calcium,MCnc,Pt,Ser/Plas,Qn,,"Calcium, Total, Serum","Calcium, Total, Serum"
83083-6,Cancer Ag 15-3,ACnc,Pt,Ser/Plas,Qn,IA,"Cancer Antigen 15-3 (CA 15-3), Serum","Cancer Antigen 15-3 (CA 15-3), Serum"
83084-4,Cancer Ag 19-9,ACnc,Pt,Ser/Plas,Qn,IA,"Carbohydrate Antigen 19-9 (CA 19-9), Serum","Carbohydrate Antigen 19-9 (CA 19-9), Serum"
83082-8,Cancer Ag 125,ACnc,Pt,Ser/Plas,Qn,IA,"Cancer Antigen 125 (CA 125), Serum","Cancer Antigen 125 (CA 125), Serum"
7169-6,Brassica oleracea var capitata Ab.IgE,ACnc,Pt,Ser,Qn,,"Cabbage, IgE, Serum","Cabbage, IgE, Serum"
9321-1,Calcium/Creatinine,MRto,Pt,Urine,Qn,,"Calcium/Creatinine Ratio, Random, Urine","Calcium/Creatinine Ratio, Random, Urine"
6058-2,Phalaris arundinacea Ab.IgE,ACnc,Pt,Ser,Qn,,"Canary Grass, IgE, Serum","Canary Grass, IgE, Serum"
79221-8,Steroid fractions panel,-,Pt,Ser/Plas,-,,"Congenital Adrenal Hyperplasia (CAH) Profile for 21-Hydroxylase Deficiency, Serum","Congenital Adrenal Hyperplasia (CAH) Profile for 21-Hydroxylase Deficiency, Serum"
57086-1,Congenital adrenal hyperplasia newborn screening panel,-,Pt,Bld.dot,-,,"Congenital Adrenal Hyperplasia Newborn Screen, Blood Spot","Congenital Adrenal Hyperplasia Newborn Screen, Blood Spot"
57333-7,Calcium.ionized^^adjusted to pH 7.4,MCnc,Pt,Ser/Plas,Qn,ISE,"Calcium, Ionized, Serum","Calcium, Ionized, Serum"
17862-4,Calcium,MCnc,Pt,Urine,Qn,,"Calcium, Random, Urine","Calcium, Random, Urine"
6835-3,Brassica oleracea var botrytis Ab.IgE,ACnc,Pt,Ser,Qn,,"Cauliflower, IgE, Serum","Cauliflower, IgE, Serum"
77174-1,CALR gene exon 9 targeted mutation analysis,Prid,Pt,Bld/Tiss,Nom,Molgen,"CALR Mutation Analysis, Myeloproliferative Neoplasm (MPN), Bone Marrow","CALR Mutation Analysis, Myeloproliferative Neoplasm (MPN), Bone Marrow"
38445-3,Calprotectin,MCnt,Pt,Stool,Qn,,"Calprotectin, Feces","Calprotectin, Feces"
6874-2,Calcium,MRat,24H,Urine,Qn,,"Calcium, 24 Hour, Urine","Calcium, 24 Hour, Urine"
6331-3,Campylobacter sp,Prid,Pt,Stool,Nom,Organism specific culture,"Campylobacter Culture, Feces","Campylobacter Culture, Feces"
50337-5,carBAMazepine & metabolites panel,-,Pt,Ser/Plas,-,,"Carbamazepine-10,11-Epoxide, Serum","Carbamazepine-10,11-Epoxide, Serum"
85502-3,Bacterial carbapenem resistance genes panel,-,Pt,Isolate/Specimen,-,Molgen,"Carbapenem Resistance Genes, Molecular Detection, PCR, Varies","Carbapenem Resistance Genes, Molecular Detection, PCR, Varies"
94855-4,Carbamazepine hypersensitivity genotype panel,-,Pt,Bld/Tiss,-,,"Carbamazepine Hypersensitivity Pharmacogenomics, Varies","Carbamazepine Hypersensitivity Pharmacogenomics, Varies"
3433-0,carBAMazepine.free,MCnc,Pt,Ser/Plas,Qn,,"Carbamazepine, Free, Serum","Carbamazepine, Free, Serum"
34545-4,carBAMazepine free & total panel,MCnc,Pt,Ser/Plas,Qn,,"Carbamazepine, Free and Total, Serum","Carbamazepine, Free and Total, Serum"
97182-0,Carnitine free & total & acylcarnitine panel,-,Pt,Ser/Plas,-,,"Carnitine, Plasma","Carnitine, Plasma"
74676-8,Carbapenemase,Type,Pt,Isolate,Nom,Carbapenemase Nordmann-Poirel,"Carbapenemase Detection-Carba NP Test, Varies","Carbapenemase Detection-Carba NP Test, Varies"
100428-2,Carnitine Free & Total & Acylcarnitine Panel,-,Pt,Urine,-,,"Carnitine, Random, Urine","Carnitine, Random, Urine"
7179-5,Ceratonia siliqua Ab.IgE,ACnc,Pt,Ser,Qn,,"Carob, IgE, Serum","Carob, IgE, Serum"
3432-2,carBAMazepine,MCnc,Pt,Ser/Plas,Qn,,"Carbamazepine, Total, Serum","Carbamazepine, Total, Serum"
21052-6,Adenosine monophosphate.cyclic.nephrogenous,SCnc,Pt,Urine+Ser/Plas,Qn,,"Cyclic Adenosine Monophosphate (cAMP), Urinary Excretion, Serum and Urine","Cyclic Adenosine Monophosphate (cAMP), Urinary Excretion, Serum and Urine"
6062-4,Casein Ab.IgE,ACnc,Pt,Ser,Qn,,"Casein, IgE, Serum","Casein, IgE, Serum"
2470-3,IgG/Albumin,MRto,Pt,CSF,Qn,,"IgG/Albumin Ratio, Spinal Fluid","IgG/Albumin Ratio, Spinal Fluid"
6718-1,Anacardium occidentale Ab.IgE,ACnc,Pt,Ser,Qn,,"Cashew, IgE, Serum","Cashew, IgE, Serum"
82534-9,CASR gene full mutation analysis,Find,Pt,Bld/Tiss,Doc,Sequencing,"CASR Full Gene Sequencing with Deletion/Duplication, Varies","CASR Full Gene Sequencing with Deletion/Duplication, Varies"
6833-8,Cat dander Ab.IgE,ACnc,Pt,Ser,Qn,,"Cat Epithelium, IgE, Serum","Cat Epithelium, IgE, Serum"
75709-6,Calcitonin,MCnc,Pt,Lymph node.FNA,Qn,,"Calcitonin, Fine-Needle Aspiration Biopsy Needle Wash, Lymph Node","Calcitonin, Fine-Needle Aspiration Biopsy Needle Wash, Lymph Node"
1992-7,Calcitonin,MCnc,Pt,Ser/Plas,Qn,,"Calcitonin, Serum","Calcitonin, Serum"
34551-2,Catecholamines 3 panel,MCnc,Pt,Plas,Qn,,"Catecholamine Fractionation, Free, Plasma","Catecholamine Fractionation, Free, Plasma"
95056-8,Catecholamines supine and standing panel,-,Pt,Plas,Qn,,"Catecholamine, Endocrine Study, Plasma","Catecholamine, Endocrine Study, Plasma"
14658-9,Cold agglutinin,Titr,Pt,Ser/Plas,SemiQn,,"Cold Agglutinin Titer, Serum","Cold Agglutinin Titer, Serum"
92938-0,Catecholamines 3 panel,-,-,Urine,Qn,,"Catecholamine Fractionation, Free, 24 Hour, Urine","Catecholamine Fractionation, Free, 24 Hour, Urine"
95765-4,Candida auris DNA,PrThr,Pt,XXX,Ord,Non-probe.amp.tar,"Candida auris Surveillance, Molecular Detection, PCR, Varies","Candida auris Surveillance, Molecular Detection, PCR, Varies"
90443-3,Coxiella burnetii aroE gene,PrThr,Pt,Ser/Plas/Bld,Ord,Non-probe.amp.tar,"Coxiella burnetii (Q Fever), Molecular Detection, PCR, Blood","Coxiella burnetii (Q Fever), Molecular Detection, PCR, Blood"
57021-8,Complete blood count W Auto Differential panel,-,Pt,Bld,Qn,,"Complete Blood Cell Count (CBC) with Differential, Blood","Complete Blood Cell Count (CBC) with Differential, Blood"
51741-7,Blastomyces dermatitidis Ab,PrThr,Pt,CSF,Ord,Immune diffusion,"Blastomyces Antibody Immunodiffusion, Spinal Fluid","Blastomyces Antibody Immunodiffusion, Spinal Fluid"
90442-5,Coxiella burnetii aroE gene,PrThr,Pt,Tiss,Ord,Non-probe.amp.tar,"Coxiella burnetii (Q Fever), Molecular Detection, PCR, Varies","Coxiella burnetii (Q Fever), Molecular Detection, PCR, Varies"
6077-2,Xanthium commune Ab.IgE,ACnc,Pt,Ser,Qn,,"Cocklebur, IgE, Serum","Cocklebur, IgE, Serum"
6067-3,Cheese cheddar type Ab.IgE,ACnc,Pt,Ser,Qn,,"Cheese, Cheddar, IgE, Serum","Cheese, Cheddar, IgE, Serum"
107547-2,Comprehensive cardiomyopathy multigene analysis,Find,Pt,Bld/Tiss,Doc,Molgen,"Comprehensive Cardiomyopathy Gene Panel, Varies","Comprehensive Cardiomyopathy Gene Panel, Varies"
83065-3,Cytomegalovirus DNA,PrThr,Pt,Saliva,Ord,Probe.amp.tar,"Congenital Cytomegalovirus (cCMV), Molecular Detection, PCR, Saliva","Congenital Cytomegalovirus (cCMV), Molecular Detection, PCR, Saliva"
4999-9,Cytomegalovirus DNA,PrThr,Pt,Urine,Ord,Probe.amp.tar,"Congenital Cytomegalovirus (cCMV), Molecular Detection, PCR, Urine","Congenital Cytomegalovirus (cCMV), Molecular Detection, PCR, Urine"
6081-4,Cocos nucifera Ab.IgE,ACnc,Pt,Ser,Qn,,"Coconut, IgE, Serum","Coconut, IgE, Serum"
88745-5,Coccidioides immitis Ab.IgG & IgM panel,-,Pt,CSF,-,,"Coccidioides Antibody, Complement Fixation and Immunodiffusion, Spinal Fluid","Coccidioides Antibody, Complement Fixation and Immunodiffusion, Spinal Fluid"
33935-8,Cyclic citrullinated peptide Ab.IgG,ACnc,Pt,Ser/Plas,Qn,,"Cyclic Citrullinated Peptide Antibodies, IgG, Serum","Cyclic Citrullinated Peptide Antibodies, IgG, Serum"
94705-1,Voltage-gated calcium channel PQ type binding Ab,SCnc,Pt,Ser,Qn,IA,"P/Q-Type Calcium Channel Antibody, Serum","P/Q-Type Calcium Channel Antibody, Serum"
100994-3,B-cell CD19 & CD20 subsets panel,-,Pt,XXX,-,Flow cytometry,"CD20 on B Cells, Blood","CD20 on B Cells, Blood"
104694-5,Cells.CD40,PrThr,Pt,Bld,Ord,Flow cytometry,"B-Cell CD40 Expression by Flow Cytometry, Blood","B-Cell CD40 Expression by Flow Cytometry, Blood"
65759-3,T-cell subsets CD4 & CD8 panel,-,Pt,Bld,-,,"CD4 Count for Monitoring, New York, Blood","CD4 Count for Monitoring, New York, Blood"
65758-5,T-cell helper (CD4) subset panel,-,Pt,Bld,-,,"CD4 T-Cell Recent Thymic Emigrants, Blood","CD4 T-Cell Recent Thymic Emigrants, Blood"
87428-9,Drugs of abuse screen W Reflex confirm panel,-,Pt,Urine,-,,"Drug Abuse Survey with Confirmation, Panel 9, Chain of Custody, Random, Urine","Drug Abuse Survey with Confirmation, Panel 9, Chain of Custody, Random, Urine"
6059-0,Candida albicans Ab.IgE,ACnc,Pt,Ser,Qn,,"Candida albicans (Monilia), IgE, Serum","Candida albicans (Monilia), IgE, Serum"
5609-3,Cadmium,MCnc,Pt,Bld,Qn,,"Cadmium, Blood","Cadmium, Blood"
94493-4,Celiac disease IgA & HLA typing & serology panel,-,Pt,Bld/Tiss,-,,"Celiac Disease Comprehensive Cascade, Serum and Whole Blood","Celiac Disease Comprehensive Cascade, Serum and Whole Blood"
13471-8,Cadmium/Creatinine,MRto,Pt,Urine,Qn,,"Cadmium/Creatinine Ratio, Urine","Cadmium/Creatinine Ratio, Urine"
90417-7,Transferrin.carbohydrate deficient & Apolipoprotein CIII panel,-,Pt,Ser/Plas,-,,"Carbohydrate Deficient Transferrin for Congenital Disorders of Glycosylation, Serum","Carbohydrate Deficient Transferrin for Congenital Disorders of Glycosylation, Serum"
105346-1,Glycosylation congenital disorders multigene analysis,Find,Pt,Bld/Tiss,Doc,Molgen,"Congenital Disorders of Glycosylation Gene Panel, Varies","Congenital Disorders of Glycosylation Gene Panel, Varies"
94240-9,CDH1 gene deletion+duplication & full mutation analysis,Find,Pt,Bld/Tiss,Doc,Molgen,"Hereditary Diffuse Gastric Cancer Syndrome, CDH1, Full Gene Analysis, Varies","Hereditary Diffuse Gastric Cancer Syndrome, CDH1, Full Gene Analysis, Varies"
562-9,Clostridioides difficile,PrThr,Pt,Stool,Ord,Organism specific culture,"Clostridioides difficile Culture, Varies","Clostridioides difficile Culture, Varies"
105047-5,Clostridioides difficile presence and susceptibility,Find,Pt,XXX,Doc,Organism specific culture,"Clostridioides difficile Culture with Antimicrobial Susceptibilities, Varies","Clostridioides difficile Culture with Antimicrobial Susceptibilities, Varies"
94193-0,CDKN1C gene full mutation analysis,Find,Pt,Bld/Tiss,Doc,Sequencing,"CDKN1C Gene, Full Gene Analysis, Varies","CDKN1C Gene, Full Gene Analysis, Varies"
33060-5,chlordiazePOXIDE+Metabolites,MCnc,Pt,Ser/Plas,Qn,,"Chlordiazepoxide and Metabolites, Serum","Chlordiazepoxide and Metabolites, Serum"
54067-4,Clostridioides difficile toxin genes,PrThr,Pt,Stool,Ord,Probe.amp.tar,"Clostridioides difficile Toxin, PCR, Feces","Clostridioides difficile Toxin, PCR, Feces"
19734-3,Chicken droppings Ab.IgE,ACnc,Pt,Ser,Qn,,"Chicken Droppings, IgE, Serum","Chicken Droppings, IgE, Serum"
102085-8,CNS demyelinating disease panel,-,Pt,Ser/Plas,-,Flow cytometry,"CNS Demyelinating Disease Evaluation, Serum","CNS Demyelinating Disease Evaluation, Serum"
94494-2,Celiac disease serology panel,-,Pt,Ser,-,,"Celiac Disease Serology Cascade, Serum","Celiac Disease Serology Cascade, Serum"
53803-3,Transferrin.carbohydrate deficient panel,-,-,Ser/Plas,-,,"Carbohydrate Deficient Transferrin, Adult, Serum","Carbohydrate Deficient Transferrin, Adult, Serum"
5612-7,Cadmium,MRat,24H,Urine,Qn,,"Cadmium, 24 Hour, Urine","Cadmium, 24 Hour, Urine"
83085-1,Carcinoembryonic Ag,MCnc,Pt,Ser/Plas,Qn,IA,"Carcinoembryonic Antigen (CEA), Serum","Carcinoembryonic Antigen (CEA), Serum"
6066-5,Acremonium sp Ab.IgE,ACnc,Pt,Ser,Qn,,"Cephalosporium acremonium, IgE, Serum","Cephalosporium acremonium, IgE, Serum"
97747-0,Carcinoembryonic Ag,MCnc,Pt,Asp,Qn,,"Carcinoembryonic Antigen (CEA), Pancreatic Cyst Fluid","Carcinoembryonic Antigen (CEA), Pancreatic Cyst Fluid"
40622-3,Carcinoembryonic Ag,MCnc,Pt,Periton fld,Qn,,"Carcinoembryonic Antigen (CEA), Peritoneal Fluid","Carcinoembryonic Antigen (CEA), Peritoneal Fluid"
2037-0,Carcinoembryonic Ag,MCnc,Pt,CSF,Qn,,"Carcinoembryonic Antigen (CEA), Spinal Fluid","Carcinoembryonic Antigen (CEA), Spinal Fluid"
6178-8,Juniperus sabinoides Ab.IgE,ACnc,Pt,Ser,Qn,,"Mountain Cedar, IgE, Serum","Mountain Cedar, IgE, Serum"
26049-7,Libocedrus decurrens Ab.IgE,ACnc,Pt,Ser,Qn,,"Cedar, IgE, Serum","Cedar, IgE, Serum"
100992-7,CD20 cell expression evaluation,Find,Pt,XXX,Doc,Flow cytometry,"CD20 Cell Expression Evaluation, Varies","CD20 Cell Expression Evaluation, Varies"
100993-5,CD49d cell expression evaluation,Find,Pt,XXX,Doc,Flow cytometry,"CD49d Cell Expression Evaluation, Varies","CD49d Cell Expression Evaluation, Varies"
100991-9,CD52 cell expression evaluation,Find,Pt,XXX,Doc,Flow cytometry,"CD52 Cell Expression Evaluation, Varies","CD52 Cell Expression Evaluation, Varies"
94492-6,HLA-DQA1 & HLA-DQB1 typing panel,-,Pt,Bld/Tiss,-,Molgen,"Celiac Associated HLA-DQ Alpha 1 and DQ Beta 1 DNA Typing, Blood","Celiac Associated HLA-DQ Alpha 1 and DQ Beta 1 DNA Typing, Blood"
6065-7,Apium graveolens Ab.IgE,ACnc,Pt,Ser,Qn,,"Celery, IgE, Serum","Celery, IgE, Serum"
93883-7,Ceramide panel,-,Pt,Plas,Qn,,"MI-Heart Ceramides, Plasma","MI-Heart Ceramides, Plasma"
2064-4,Ceruloplasmin,MCnc,Pt,Ser/Plas,Qn,,"Ceruloplasmin, Serum","Ceruloplasmin, Serum"
543-9,Mycobacterium sp,Prid,Pt,XXX,Nom,Organism specific culture,"Mycobacteria and Nocardia Culture, Cystic Fibrosis, Varies","Mycobacteria and Nocardia Culture, Cystic Fibrosis, Varies"
38404-0,CFTR gene targeted mutation analysis,Find,Pt,Bld/Tiss,Doc,Molgen,"Cystic Fibrosis, CFTR Gene, Variant Panel, Varies","Cystic Fibrosis, CFTR Gene, Variant Panel, Varies"
33718-8,Cytology report,Find,Pt,Tiss.FNA,Doc,Cyto stain,Cytology FNA (Bill Only),Cytology FNA (Bill Only)
44798-7,Burkholderia sp,Prid,Pt,XXX,Nom,Organism specific culture,"Bacterial Culture, Cystic Fibrosis, Respiratory","Bacterial Culture, Cystic Fibrosis, Respiratory"
98039-1,Preconception &or prenatal carrier screening multigene analysis,Find,Pt,Bld/Tiss,Doc,Molgen,"Cystic Fibrosis and Spinal Muscular Atrophy Carrier Screen Panel, Varies","Cystic Fibrosis and Spinal Muscular Atrophy Carrier Screen Panel, Varies"
7171-2,Canary feather Ab.IgE,ACnc,Pt,Ser,Qn,,"Canary Feathers, IgE, Serum","Canary Feathers, IgE, Serum"
90256-9,CFTR gene full mutation analysis,Find,Pt,Bld/Tiss,Doc,Sequencing,"Cystic Fibrosis Transmembrane Conductance Regulator, CFTR, Full Gene Analysis, Varies","Cystic Fibrosis Transmembrane Conductance Regulator, CFTR, Full Gene Analysis, Varies"
27818-4,Protein C actual/Normal,RelCCnc,Pt,PPP,Qn,Chromo,"Protein C Activity, Plasma","Protein C Activity, Plasma"
9811-1,Chromogranin A,MCnc,Pt,Ser/Plas,Qn,,"Chromogranin A, Serum","Chromogranin A, Serum"
105259-6,Hereditary multigene analysis,Find,Pt,Bld/Tiss,Doc,Molgen,"Custom Gene Panel, Hereditary, Next-Generation Sequencing, Varies","Custom Gene Panel, Hereditary, Next-Generation Sequencing, Varies"
64017-7,Chlamydia trachomatis & Neisseria gonorrhoeae rRNA panel,-,Pt,XXX,-,Probe.amp.tar,"Chlamydia trachomatis and Neisseria gonorrhoeae, Nucleic Acid Amplification, Varies","Chlamydia trachomatis and Neisseria gonorrhoeae, Nucleic Acid Amplification, Varies"
93450-5,Coagulation factor VIII Inhibitor,ACnc,Pt,PPP,Qn,Chromo,"Chromogenic Factor VIII Inhibitor Bethesda Titer, Plasma","Chromogenic Factor VIII Inhibitor Bethesda Titer, Plasma"
95122-8,Coagulation factor VIII inhibitor,Imp,Pt,PPP,Nom,Chromo,Chromogenic Factor VIII Inhibitor Bethesda Profile Interpretation,Chromogenic Factor VIII Inhibitor Bethesda Profile Interpretation
88449-4,Coagulation factor IX activity actual/Normal,RelCCnc,Pt,PPP,Qn,Chromo,"Chromogenic Factor IX Activity Assay, Plasma","Chromogenic Factor IX Activity Assay, Plasma"
87994-0,Trypanosoma cruzi Ab.IgG,PrThr,Pt,Ser,Ord,IA,"Trypanosoma cruzi IgG, Lateral Flow Assay, Serum","Trypanosoma cruzi IgG, Lateral Flow Assay, Serum"
57320-4,Trypanosoma cruzi Ab,PrThr,Pt,Ser/Plas,Ord,IA,"Trypanosoma cruzi Total Antibody, Enzyme-Linked Immunosorbent Assay, Serum","Trypanosoma cruzi Total Antibody, Enzyme-Linked Immunosorbent Assay, Serum"
5196-1,Hepatitis B virus surface Ag,PrThr,Pt,Ser/Plas,Ord,IA,"Chronic Hepatitis B Screen, Serum","Chronic Hepatitis B Screen, Serum"
6070-7,Chicken feather Ab.IgE,ACnc,Pt,Ser,Qn,,"Chicken Feathers, IgE, Serum","Chicken Feathers, IgE, Serum"
6719-9,Prunus avium Ab.IgE,ACnc,Pt,Ser,Qn,,"Cherry, IgE, Serum","Cherry, IgE, Serum"
49865-9,Coagulation factor VIII activity actual/Normal,RelACnc,Pt,PPP,Qn,Chromo,"Chromogenic Factor VIII Activity Assay, Plasma","Chromogenic Factor VIII Activity Assay, Plasma"
95121-0,Coagulation factor VIII activity & inhibitor panel,-,Pt,PPP,-,Chromo,"Chromogenic Factor VIII Inhibitor Bethesda Profile, Plasma","Chromogenic Factor VIII Inhibitor Bethesda Profile, Plasma"
7200-9,Chaetomium globosum Ab.IgE,ACnc,Pt,Ser,Qn,,"Chaetomium globosum, IgE, Serum","Chaetomium globosum, IgE, Serum"
40879-9,Chicken Ab.IgE,ACnc,Pt,Ser,Qn,,"Chicken, IgE, Serum","Chicken, IgE, Serum"
31208-2,Specimen,Source,Pt,XXX,Nom,,"Chimerism-Donor, Varies","Chimerism-Donor, Varies"
81153-9,Chikungunya virus non-structural protein 1 (nsP1) RNA,PrThr,Pt,CSF,Ord,Probe.amp.tar,"Chikungunya Virus, PCR, Molecular Detection, Spinal Fluid","Chikungunya Virus, PCR, Molecular Detection, Spinal Fluid"
88630-9,Chikungunya virus Ab.IgG,PrThr,Pt,Ser/Plas,Ord,IA,"Chikungunya IgG, Antibody, Serum","Chikungunya IgG, Antibody, Serum"
69048-7,Immunologist review,Imp,Pt,XXX,Nar,,Chikungunya Interpretation,Chikungunya Interpretation
88629-1,Chikungunya virus Ab.IgM,PrThr,Pt,Ser/Plas,Ord,IA,"Chikungunya IgM, Antibody, Serum","Chikungunya IgM, Antibody, Serum"
81152-1,Chikungunya virus non-structural protein 1 (nsP1) RNA,PrThr,Pt,Ser,Ord,Probe.amp.tar,"Chikungunya Virus, PCR, Molecular Detection, Serum","Chikungunya Virus, PCR, Molecular Detection, Serum"
93976-9,Chikungunya virus Ab.IgM & IgG panel,-,Pt,Ser/Plas,Ord,,"Chikungunya IgM and IgG, Antibody, Serum","Chikungunya IgM and IgG, Antibody, Serum"
34574-4,Path report.final diagnosis,Imp,Pt,Specimen,Nom,,"Chimerism Transplant Sorted Cells, Varies","Chimerism Transplant Sorted Cells, Varies"
77166-7,Chlamydia sp Ab.IgG & IgM panel,Titr,Pt,Ser,SemiQn,IF,"Chlamydia IgM and IgG Panel, Immunofluorescence, Serum","Chlamydia IgM and IgG Panel, Immunofluorescence, Serum"
12183-0,Cholesterol,MCnc,Pt,Body fld,Qn,,"Cholesterol, Body Fluid","Cholesterol, Body Fluid"
21197-9,Cholesterol esters/Cholesterol.total,MFr,Pt,Ser/Plas,Qn,,"Cholesteryl Esters, Serum","Cholesteryl Esters, Serum"
10848-0,Chlamydia sp Ab.IgG,Titr,Pt,Ser,SemiQn,IF,"Chlamydia IgG, Immunofluorescence, Serum","Chlamydia IgG, Immunofluorescence, Serum"
105345-3,Cholestasis multigene analysis,Find,Pt,Bld/Tiss,Doc,Molgen,"Cholestasis Gene Panel, Varies","Cholestasis Gene Panel, Varies"
10849-8,Chlamydia sp Ab.IgM,Titr,Pt,Ser,SemiQn,IF,"Chlamydia IgM, Immunofluorescence, Serum","Chlamydia IgM, Immunofluorescence, Serum"
2093-3,Cholesterol,MCnc,Pt,Ser/Plas,Qn,,"Cholesterol, Total, Serum","Cholesterol, Total, Serum"
74447-4,Sugars and polyols panel,SRto,Pt,Urine,-,,"Carbohydrate, Urine","Carbohydrate, Urine"
62351-2,Chromosome analysis panel,-,Pt,Amnio fld,-,G-banded,"Chromosome Analysis, Amniotic Fluid","Chromosome Analysis, Amniotic Fluid"
81861-7,Karyotype,Find,Pt,Bone mar,Doc,,"Chromosome Analysis, Hematologic Disorders, Bone Marrow","Chromosome Analysis, Hematologic Disorders, Bone Marrow"
81862-5,Karyotype^post mitogen stimulation,Find,Pt,Bld/Tiss,Doc,,"Chromosome Analysis, Congenital Disorders, Blood","Chromosome Analysis, Congenital Disorders, Blood"
62350-4,Chromosome analysis panel,-,Pt,CVS,-,G-banded,"Chromosome Analysis, Chorionic Villus Sampling","Chromosome Analysis, Chorionic Villus Sampling"
62348-8,Chromosome analysis panel,-,Pt,Bld,-,G-banded,"Chromosome Analysis, Hematologic Disorders, Blood","Chromosome Analysis, Hematologic Disorders, Blood"
62353-8,Chromosome analysis panel,-,Pt,Skin,-,G-banded,"Chromosome Analysis, Skin Biopsy","Chromosome Analysis, Skin Biopsy"
95148-3,Hepatitis B virus surface Ag & little e Ab & Ag panel,-,Pt,Ser/Plas,-,,"Chronic Hepatitis B Monitoring Profile, Serum","Chronic Hepatitis B Monitoring Profile, Serum"
10925-6,Scomber japonicus Ab.IgE,ACnc,Pt,Ser,Qn,,"Chub Mackerel, IgE, Serum","Chub Mackerel, IgE, Serum"
7573-9,Cicer arientinum Ab.IgE,ACnc,Pt,Ser,Qn,,"Chick Pea, IgE, Serum","Chick Pea, IgE, Serum"
101447-1,Contactin-associated protein 1 Ab.IgG & Neurofascin155 Ab.IgG4 panel,-,Pt,Ser/Plas,-,,"Chronic Inflammatory Demyelinating Polyradiculoneuropathy/Nodopathy Evaluation, Serum","Chronic Inflammatory Demyelinating Polyradiculoneuropathy/Nodopathy Evaluation, Serum"
104828-9,Intercellular substance & basement membrane Ab.IgA panel,-,Pt,Ser,-,,"Cutaneous Immunofluorescence Antibodies, IgA, Serum","Cutaneous Immunofluorescence Antibodies, IgA, Serum"
104835-4,Intercellular substance & basement membrane Ab.IgG panel,-,Pt,Ser,-,,"Cutaneous Immunofluorescence Antibodies Titer, IgG, Serum","Cutaneous Immunofluorescence Antibodies Titer, IgG, Serum"
97916-1,Coccidioides sp DNA,PrThr,Pt,XXX,Ord,Probe.amp.tar,"Coccidioides immitis/posadasii, Molecular Detection, PCR, Varies","Coccidioides immitis/posadasii, Molecular Detection, PCR, Varies"
95913-0,Coccidioides sp DNA,PrThr,Pt,Tiss,Ord,Probe.amp.tar,"Coccidioides immitis/posadasii, Molecular Detection, PCR, Paraffin, Tissue","Coccidioides immitis/posadasii, Molecular Detection, PCR, Paraffin, Tissue"
6837-9,Cinnamomum spp Ab.IgE,ACnc,Pt,Ser,Qn,,"Cinnamon, IgE, Serum","Cinnamon, IgE, Serum"
87429-7,Cortisol AM & PM panel,-,Pt,Ser/Plas,-,,"Cortisol, Mass Spectrometry, Serum","Cortisol, Mass Spectrometry, Serum"
Bill only; no result,,,,,,,"CINtec IHC Multiplex, PC (Bill Only)","CINtec IHC Multiplex, PC (Bill Only)"
6687-8,Citrate,MRat,24H,Urine,Qn,,"Citrate Excretion, 24 Hour, Urine","Citrate Excretion, 24 Hour, Urine"
2128-7,Citrate,MCnc,Pt,Urine,Qn,,"Citrate Concentration, Random, Urine","Citrate Concentration, Random, Urine"
13722-4,Citrate/Creatinine,MRto,Pt,Urine,Qn,,"Citrate Excretion, Random, Urine","Citrate Excretion, Random, Urine"
2143-6,Cortisol,MCnc,Pt,Ser/Plas,Qn,,"Cortisol, Inferior Vena Cava, Serum","Cortisol, Inferior Vena Cava, Serum"
97502-9,Prion disease biomarker panel,-,Pt,CSF,-,,"Creutzfeldt-Jakob Disease Evaluation, Spinal Fluid","Creutzfeldt-Jakob Disease Evaluation, Spinal Fluid"
2157-6,Creatine kinase,CCnc,Pt,Ser/Plas,Qn,,"Creatine Kinase (CK), Serum","Creatine Kinase (CK), Serum"
2075-0,Chloride,SCnc,Pt,Ser/Plas,Qn,,"Chloride, Serum","Chloride, Serum"
53760-5,Cladosporium sp Ab.IgE,ACnc,Pt,Ser,Qn,,"Cladosporium, IgE, Serum","Cladosporium, IgE, Serum"
105352-9,Congenital lactic acidosis multigene analysis,Find,Pt,Bld/Tiss,Doc,Molgen,"Congenital Lactic Acidosis Panel, Varies","Congenital Lactic Acidosis Panel, Varies"
6076-4,Ruditapes spp Ab.IgE,ACnc,Pt,Ser,Qn,,"Clam, IgE, Serum","Clam, IgE, Serum"
105011-1,Claudin 18 Ag,Imp,Pt,Tiss,Nar,Immune stain,"Claudin 18 (CLDN18) (43-14A), Semi-Quantitative Immunohistochemistry, Manual","Claudin 18 (CLDN18) (43-14A), Semi-Quantitative Immunohistochemistry, Manual"
29896-8,Cryptococcus sp Ag,PrThr,Pt,CSF,Ord,IA,"Cryptococcus Antigen Screen with Titer, Spinal Fluid","Cryptococcus Antigen Screen with Titer, Spinal Fluid"
9817-8,Cryptococcus sp Ag,Titr,Pt,CSF,SemiQn,IA,"Cryptococcus Antigen Titer, Lateral Flow Assay, Spinal Fluid","Cryptococcus Antigen Titer, Lateral Flow Assay, Spinal Fluid"
48664-7,Fibrinogen,MCnc,Pt,PPP,Qn,Coag.derived,"Fibrinogen, Clauss, Plasma","Fibrinogen, Clauss, Plasma"
55107-7,Addendum,Find,Pt,^Patient,Doc,,CLIR Supplemental Report,CLIR Supplemental Report
101788-8,Chronic lymphocytic leukemia gene rearrangements,Find,Pt,Bld/Bone mar,Doc,FISH,"Chronic Lymphocytic Leukemia, Diagnostic FISH, Varies","Chronic Lymphocytic Leukemia, Diagnostic FISH, Varies"
79408-1,Clobazam & norclobazam panel,-,Pt,Ser/Plas,Qn,,"Clobazam and Metabolite, Serum","Clobazam and Metabolite, Serum"
43127-0,clomiPRAMINE & Norclomipramine panel,-,Pt,Ser/Plas,Qn,,"Clomipramine, Serum","Clomipramine, Serum"
7234-8,Syzygium aromaticum Ab.IgE,ACnc,Pt,Ser,Qn,,"Clove, IgE, Serum","Clove, IgE, Serum"
24319-6,Cardiolipin Ab.IgG & IgM panel,-,Pt,Ser,Qn,,"Phospholipid (Cardiolipin) Antibodies, IgG and IgM, Serum","Phospholipid (Cardiolipin) Antibodies, IgG and IgM, Serum"
43128-8,Chloride panel,-,24H,Urine,Qn,,"Chloride, 24 Hour, Urine","Chloride, 24 Hour, Urine"
65632-2,Clozapine & Norclozapine panel,-,Pt,Ser/Plas,-,,"Clozapine, Serum","Clozapine, Serum"
31290-0,Centromere Ab.IgG,ACnc,Pt,Ser,Qn,,"Centromere Antibodies, IgG, Serum","Centromere Antibodies, IgG, Serum"
62343-9,Chromosome analysis copy number change panel,-,Pt,Bld/Tiss,-,Microarray,"Chromosomal Microarray, Congenital, Blood","Chromosomal Microarray, Congenital, Blood"
94087-4,Chromosome analysis,Find,Pt,Bld/Tiss,Doc,Microarray,"Chromosomal Microarray, Hematologic Disorders, Varies","Chromosomal Microarray, Hematologic Disorders, Varies"
24323-8,Comprehensive metabolic 2000 panel,-,Pt,Ser/Plas,Qn,,"Comprehensive Metabolic Panel, Serum","Comprehensive Metabolic Panel, Serum"
86611-1,Chromosome analysis,Find,Pt,Amnio fld/CVS,Doc,Microarray,"Chromosomal Microarray, Prenatal, Amniotic Fluid/Chorionic Villus Sampling","Chromosomal Microarray, Prenatal, Amniotic Fluid/Chorionic Villus Sampling"
6175-4,Panicum milliaceum Ab.IgE,ACnc,Pt,Ser,Qn,,"Common Millet, IgE, Serum","Common Millet, IgE, Serum"
86206-0,Whole genome sequence analysis,Find,Pt,Bld/Tiss,Doc,Molgen,"Combined Mitochondrial Full Genome and Nuclear Gene Panel, Varies","Combined Mitochondrial Full Genome and Nuclear Gene Panel, Varies"
104535-0,"Cobalamin, Methionine & Methylmalonic Acid Pathways Panel",-,Pt,Ser/Plas,-,,"Cobalamin, Methionine, and Methylmalonic Acid Pathways, Plasma","Cobalamin, Methionine, and Methylmalonic Acid Pathways, Plasma"
86205-2,Whole exome sequence analysis,Find,Pt,Bld/Tiss,Doc,Molgen,"Family Member Comparator Specimen for Exome Sequencing, Varies","Family Member Comparator Specimen for Exome Sequencing, Varies"
103732-4,Hereditary congenital myasthenic syndrome multigene analysis,Find,Pt,Bld/Tiss,Doc,Molgen,"Inherited Congenital Myasthenic Syndrome Gene Panel, Varies","Inherited Congenital Myasthenic Syndrome Gene Panel, Varies"
88458-5,Mumps virus Ab.IgG & IgM panel,-,Pt,CSF,-,IF,"Mumps Virus Antibodies, IgG and IgM, Spinal Fluid","Mumps Virus Antibodies, IgG and IgM, Spinal Fluid"
87424-8,Cytomegalovirus Ab.IgG & IgM Panel,-,Pt,Ser/Plas,Ord,,"Cytomegalovirus Antibody, IgM and IgG, Serum","Cytomegalovirus Antibody, IgM and IgG, Serum"
95184-8,Cytomegalovirus T-cell immunodeficiency panel,-,Pt,Bld,Qn,Flow cytometry,"Cytomegalovirus (CMV) CD8 T-Cell Immune Competence, Quantitative Assessment by Flow Cytometry, Blood","Cytomegalovirus (CMV) CD8 T-Cell Immune Competence, Quantitative Assessment by Flow Cytometry, Blood"
13949-3,Cytomegalovirus Ab.IgG,PrThr,Pt,Ser/Plas,Ord,IA,"Cytomegalovirus (CMV) Antibodies, IgG, Serum","Cytomegalovirus (CMV) Antibodies, IgG, Serum"
22244-8,Cytomegalovirus Ab.IgG,PrThr,Pt,Ser/Plas,Ord,,"Cytomegalovirus Antibody, IgG, Serum","Cytomegalovirus Antibody, IgG, Serum"
104760-4,Cytomegalovirus DNA,PrThr,Pt,XXX,Ord,Molgen,"Cytomegalovirus (CMV) Molecular Detection, PCR, Lower Respiratory","Cytomegalovirus (CMV) Molecular Detection, PCR, Lower Respiratory"
24119-0,Cytomegalovirus Ab.IgM,PrThr,Pt,Ser/Plas,Ord,IA,"Cytomegalovirus (CMV) Antibodies, IgM, Serum","Cytomegalovirus (CMV) Antibodies, IgM, Serum"
30325-5,Cytomegalovirus Ab.IgM,PrThr,Pt,Ser/Plas,Ord,,"Cytomegalovirus Antibody, IgM, Serum","Cytomegalovirus Antibody, IgM, Serum"
5000-5,Cytomegalovirus DNA,PrThr,Pt,XXX,Ord,Probe.amp.tar,"Cytomegalovirus (CMV) Molecular Detection, PCR, Varies","Cytomegalovirus (CMV) Molecular Detection, PCR, Varies"
72493-0,Cytomegalovirus DNA,ACnc,Pt,Ser/Plas,Qn,Probe.amp.tar,"Cytomegalovirus (CMV) DNA Detection and Quantification by Real-Time PCR, Plasma","Cytomegalovirus (CMV) DNA Detection and Quantification by Real-Time PCR, Plasma"
18743-5,Autopsy report,Find,Pt,{Setting},Doc,{Role},"Central Nervous System Consultation, Autopsy, Varies","Central Nervous System Consultation, Autopsy, Varies"
6259-6,Castanea sativa Ab.IgE,ACnc,Pt,Ser,Qn,,"Chestnut, Sweet, IgE, Serum","Chestnut, Sweet, IgE, Serum"
13468-4,Cobalt/Creatinine,MRto,Pt,Urine,Qn,,"Cobalt/Creatinine Ratio, Random, Urine","Cobalt/Creatinine Ratio, Random, Urine"
6080-6,Theobroma cacao Ab.IgE,ACnc,Pt,Ser,Qn,,"Cacao/Cocoa, IgE, Serum","Cacao/Cocoa, IgE, Serum"
101319-2,Cortisol & Cortisone panel,-,24H,Urine,-,,"Cortisol/Cortisone, Free, 24 Hour, Urine","Cortisol/Cortisone, Free, 24 Hour, Urine"
6078-0,Blatella germanica Ab.IgE,ACnc,Pt,Ser,Qn,,"Cockroach, IgE, Serum","Cockroach, IgE, Serum"
6082-2,Gadus morhua Ab.IgE,ACnc,Pt,Ser,Qn,,"Codfish, IgE, Serum","Codfish, IgE, Serum"
62386-8,Chromosome analysis summary panel,-,Pt,Bld/Tiss,-,Molgen,"Chromosome Analysis, Hematologic Disorders, Children's Oncology Group Enrollment Testing, Blood","Chromosome Analysis, Hematologic Disorders, Children's Oncology Group Enrollment Testing, Blood"
101663-3,T-cell acute lymphoblastic leukemia,Find,Pt,BldTiss,Doc,FISH,"T-Cell Acute Lymphoblastic Leukemia/Lymphoma (ALL), Children's Oncology Group Enrollment Testing, FISH, Varies","T-Cell Acute Lymphoblastic Leukemia/Lymphoma (ALL), Children's Oncology Group Enrollment Testing, FI"
69008-1,Cocaine panel,-,Pt,Meconium,-,Confirm,"Cocaine and Metabolites Confirmation, Meconium","Cocaine and Metabolites Confirmation, Meconium"
53747-2,Cocaine panel,-,Pt,Urine,-,,"Cocaine and Metabolite Confirmation, Random, Urine","Cocaine and Metabolite Confirmation, Random, Urine"
4532-8,Complement total hemolytic CH50,ACnc,Pt,Ser/Plas,Qn,,"Complement, Total, Serum","Complement, Total, Serum"
112329-8,Combined humoral and cell-mediated immunodeficiency multigene analysis,Find,Pt,Bld/Tiss,Doc,Molgen,"Combined Humoral and Cell-Mediated Immunodeficiency Gene Panel, Varies","Combined Humoral and Cell-Mediated Immunodeficiency Gene Panel, Varies"
74511-7,COMT gene.c.1947G>A,Geno,Pt,Bld/Tiss,Nom,Molgen,"Catechol-O-Methyltransferase (COMT) Genotype, Varies","Catechol-O-Methyltransferase (COMT) Genotype, Varies"
101448-9,Contactin-associated protein 1 Ab.IgG,PrThr,Pt,Ser/Plas,Ord,CBA IFA,"Contactin-1 IgG Cell Binding Assay, Serum","Contactin-1 IgG Cell Binding Assay, Serum"
13952-7,Hepatitis B virus core Ab,PrThr,Pt,Ser/Plas,Ord,IA,"Hepatitis B Virus Core Total Antibodies, with Reflex to Hepatitis B Virus Core IgM Antibody, Serum","Hepatitis B Virus Core Total Antibodies, with Reflex to Hepatitis B Virus Core IgM Antibody, Serum"
16650-4,Coriandrum sativum Ab.IgE,ACnc,Pt,Ser,Qn,,"Coriander, IgE, Serum","Coriander, IgE, Serum"
6087-1,Zea mays Ab.IgE,ACnc,Pt,Ser,Qn,,"Corn-Food, IgE, Serum","Corn-Food, IgE, Serum"
2139-4,Corticosterone,MCnc,Pt,Ser/Plas,Qn,,"Corticosterone, Serum","Corticosterone, Serum"
2145-1,Cortisol.free,MCnc,Pt,Ser/Plas,Qn,,"Cortisol, Free, Serum","Cortisol, Free, Serum"
100662-6,Cortisol free & total panel,-,Pt,Ser/Plas,-,,"Cortisol, Free and Total, Serum","Cortisol, Free and Total, Serum"
43126-2,Cortisol.free panel,-,24H,Urine,Qn,,"Cortisol, Free, 24 Hour, Urine","Cortisol, Free, 24 Hour, Urine"
5627-5,Cobalt,MCnc,Pt,Ser/Plas,Qn,,"Cobalt, Serum","Cobalt, Serum"
23842-8,Cobalt,MCnc,Pt,Synv fld,Qn,,"Cobalt, Synovial Fluid","Cobalt, Synovial Fluid"
19737-6,Cotton fibers Ab.IgE,ACnc,Pt,Ser,Qn,,"Cotton Fiber, IgE, Serum","Cotton Fiber, IgE, Serum"
29916-4,Cobalt,MRat,24H,Urine,Qn,,"Cobalt, 24 Hour, Urine","Cobalt, 24 Hour, Urine"
94769-7,SARS coronavirus 2 Ab,ACnc,Pt,Ser/Plas,Qn,IA,"Severe Acute Respiratory Syndrome Coronavirus 2 (SARS-CoV-2), Spike Antibody, Semi-Quantitative, Serum","Severe Acute Respiratory Syndrome Coronavirus 2 (SARS-CoV-2), Spike Antibody, Semi-Quantitative, Ser"
94762-2,SARS coronavirus 2 Ab,PrThr,Pt,Ser/Plas,Ord,IA,"Severe Acute Respiratory Syndrome Coronavirus 2 (SARS-CoV-2), Nucleocapsid, Total Antibody, Serum","Severe Acute Respiratory Syndrome Coronavirus 2 (SARS-CoV-2), Nucleocapsid, Total Antibody, Serum"
7257-9,Cow epithelium Ab.IgE,ACnc,Pt,Ser,Qn,,"Cow Epithelium, IgE, Serum","Cow Epithelium, IgE, Serum"
5625-9,Cobalt,MCnc,Pt,Bld,Qn,,"Cobalt, Blood","Cobalt, Blood"
40712-2,Coccidioides immitis Ab,PrThr,Pt,Ser,Ord,IA,"Coccidioides Antibody Screen with Reflex, Serum","Coccidioides Antibody Screen with Reflex, Serum"
47528-5,Cytology report,Find,Pt,Cvx/Vag,Doc,Cyto stain,"Conventional Smear-Diagnostic, Varies","Conventional Smear-Diagnostic, Varies"
78987-5,Provasopressin.C-terminal,SCnc,Pt,Ser/Plas,Qn,IA,"Copeptin proAVP, Plasma","Copeptin proAVP, Plasma"
13037-7,C peptide^post CFst,MCnc,Pt,Ser/Plas,Qn,,"C-Peptide, Serum","C-Peptide, Serum"
6092-1,Cancer pagurus Ab.IgE,ACnc,Pt,Ser,Qn,,"Crab, IgE, Serum","Crab, IgE, Serum"
7262-9,Vaccinium oxycoccos Ab.IgE,ACnc,Pt,Ser,Qn,,"Cranberry, IgE, Serum","Cranberry, IgE, Serum"
7265-2,Astacus astacus Ab.IgE,ACnc,Pt,Ser,Qn,,"Crayfish, IgE, Serum","Crayfish, IgE, Serum"
12190-5,Creatinine,MCnc,Pt,Body fld,Qn,,"Creatinine, Body Fluid","Creatinine, Body Fluid"
107546-4,Hereditary gastrointestinal cancer multigene analysis,Find,Pt,Bld/Tiss,Doc,Molgen,"Hereditary Gastrointestinal Cancer Panel, Varies","Hereditary Gastrointestinal Cancer Panel, Varies"
58446-6,Creatinine renal clearance adjusted for body surface area panel,-,24H,Urine+Ser/Plas,Qn,,"Creatinine Clearance, Serum and 24-Hour Urine","Creatinine Clearance, Serum and 24-Hour Urine"
95525-2,Chromium & cobalt panel,MCnc,Pt,Synv fld,Qn,,"Chromium and Cobalt, Synovial Fluid","Chromium and Cobalt, Synovial Fluid"
13464-3,Chromium/Creatinine,MRto,Pt,Urine,Qn,,"Chromium/Creatinine Ratio, Random, Urine","Chromium/Creatinine Ratio, Random, Urine"
104537-6,"Creatine, guanidinoacetate & creatinine panel",-,Pt,Ser/Plas,-,,"Creatine Disorders Panel, Plasma","Creatine Disorders Panel, Plasma"
79290-3,"Creatine, guanidinoacetate & creatinine panel",-,Pt,Urine,Qn,,"Creatine Disorders Panel, Random, Urine","Creatine Disorders Panel, Random, Urine"
2161-8,Creatinine,MCnc,Pt,Urine,Qn,,"Creatinine, Urine","Creatinine, Urine"
74352-6,Cryoglobulin & cryofibrinogen panel,-,Pt,Ser+Plas,-,,"Cryoglobulin and Cryofibrinogen Panel, Serum and Plasma","Cryoglobulin and Cryofibrinogen Panel, Serum and Plasma"
92889-5,Chronic hepatitis differentiation between B & C virus panel,-,Pt,Ser/Plas,-,,"Chronic Viral Hepatitis (Unknown Type), Serum","Chronic Viral Hepatitis (Unknown Type), Serum"
58466-4,DNA double strand Ab.IgG,Titr,Pt,Ser,SemiQn,Crithidia luciliae IF,"DNA Double-Stranded (dsDNA) Antibodies by Crithidia luciliae IFA, IgG, Serum","DNA Double-Stranded (dsDNA) Antibodies by Crithidia luciliae IFA, IgG, Serum"
94706-9,CV2 Ab.IgG,Titr,Pt,CSF,SemiQn,IF,"Collapsin Response-Mediator Protein-5 (CRMP-5) Neuronal IgG Titer, Spinal Fluid","Collapsin Response-Mediator Protein-5 (CRMP-5) Neuronal IgG Titer, Spinal Fluid"
94815-8,CV2 Ab.IgG,Titr,Pt,Ser,SemiQn,IF,"Collapsin Response-Mediator Protein-5 (CRMP-5) Neuronal IgG Titer, Serum","Collapsin Response-Mediator Protein-5 (CRMP-5) Neuronal IgG Titer, Serum"
53707-6,CV2 Ab.IgG,PrThr,Pt,CSF,Ord,IB,"Collapsin Response-Mediator Protein-5-IgG, Western Blot, Spinal Fluid","Collapsin Response-Mediator Protein-5-IgG, Western Blot, Spinal Fluid"
47401-5,CV2 Ab.IgG,ACnc,Pt,Ser,Ord,IB,"Collapsin Response-Mediator Protein-5-IgG, Western Blot, Serum","Collapsin Response-Mediator Protein-5-IgG, Western Blot, Serum"
7248-8,Zea mays pollen Ab.IgE,ACnc,Pt,Ser,Qn,,"Corn Pollen, IgE, Serum","Corn Pollen, IgE, Serum"
6061-6,Daucus carota Ab.IgE,ACnc,Pt,Ser,Qn,,"Carrot, IgE, Serum","Carrot, IgE, Serum"
1988-5,C reactive protein,MCnc,Pt,Ser/Plas,Qn,,"C-Reactive Protein (CRP), Serum","C-Reactive Protein (CRP), Serum"
5622-6,Chromium,MCnc,Pt,Ser/Plas,Qn,,"Chromium, Serum","Chromium, Serum"
6825-4,Crystals,Prid,Pt,Body fld,Nom,Microscopy.light,"Crystal Identification, Body Fluid","Crystal Identification, Body Fluid"
95526-0,Chromium,MCnc,Pt,Synv fld,Qn,,"Chromium, Synovial Fluid","Chromium, Synovial Fluid"
65634-8,Creatinine 24 hour urine panel,-,24H,Urine,Qn,,"Creatinine, 24 Hour, Urine","Creatinine, 24 Hour, Urine"
45066-8,Creatinine & Glomerular filtration rate.predicted panel,-,Pt,Ser/Plas/Bld,Qn,,"Creatinine with Estimated Glomerular Filtration Rate (eGFR), Serum","Creatinine with Estimated Glomerular Filtration Rate (eGFR), Serum"
5624-2,Chromium,MRat,24H,Urine,Qn,,"Chromium, 24 Hour, Urine","Chromium, 24 Hour, Urine"
23785-9,Trypanosoma cruzi Ab,PrThr,Pt,Ser,Ord,,"Trypanosoma cruzi (Chagas) Antibody Panel, Serum","Trypanosoma cruzi (Chagas) Antibody Panel, Serum"
5619-2,Chromium,MCnc,Pt,Bld,Qn,,"Chromium, Blood","Chromium, Blood"
6236-4,Secale cereale pollen Ab.IgE,ACnc,Pt,Ser,Qn,,"Cultivated Rye, IgE, Serum","Cultivated Rye, IgE, Serum"
6371-9,Cryptosporidium sp Ag,PrThr,Pt,Stool,Ord,IA,"Cryptosporidium Antigen, Feces","Cryptosporidium Antigen, Feces"
12201-0,Cryoglobulin,PrThr,Pt,Ser,Ord,1D cold incubation,"Cryoglobulin, Serum","Cryoglobulin, Serum"
6089-7,Cottonseed Ab.IgE,ACnc,Pt,Ser,Qn,,"Cottonseed, IgE, Serum","Cottonseed, IgE, Serum"
82180-1,Meningitis+Encephalitis pathogens panel,-,Pt,CSF,-,Non-probe.amp.tar,"Meningitis/Encephalitis Pathogen Panel, PCR, Spinal Fluid","Meningitis/Encephalitis Pathogen Panel, PCR, Spinal Fluid"
69739-1,Drugs of abuse panel,-,Pt,Urine,-,Screen,"Controlled Substance Monitoring Enhanced Profile with Reflex, 21 Drug Classes, High Resolution Mass Spectrometry and Immunoassay Screen, Random, Urine","Controlled Substance Monitoring Enhanced Profile with Reflex, 21 Drug Classes, High Resolution Mass "
20787-8,Drugs,Prid,Pt,XXX,Nom,Screen,"Controlled Substance Monitoring Panel, 11 Drug Classes, Screen Only, Immunoassay, Oral Fluid","Controlled Substance Monitoring Panel, 11 Drug Classes, Screen Only, Immunoassay, Oral Fluid"
6836-1,Chicken serum proteins Ab.IgE,ACnc,Pt,Ser,Qn,,"Chicken Serum Proteins, IgE, Serum","Chicken Serum Proteins, IgE, Serum"
41110-8,CSTB gene targeted mutation analysis,Prid,Pt,Bld/Tiss,Nom,Molgen,"CSTB Gene, Repeat Expansion Analysis, Varies","CSTB Gene, Repeat Expansion Analysis, Varies"
87430-5,Cystatin C & Glomerular filtration rate by Cystatin C-based formula panel,-,Pt,Ser/Plas,-,,"Cystatin C with Estimated Glomerular Filtration Rate (eGFR), Serum","Cystatin C with Estimated Glomerular Filtration Rate (eGFR), Serum"
95808-2,Cholesterol & triglyceride & chylomicrons panel,-,Pt,Urine,-,,"Chyluria Screen, Random, Urine","Chyluria Screen, Random, Urine"
64412-0,Mycobacterium sp,PrThr,Pt,Bld,Ord,Organism specific culture,"Mycobacterial Culture, Blood","Mycobacterial Culture, Blood"
43304-5,Chlamydia trachomatis rRNA,PrThr,Pt,XXX,Ord,Probe.amp.tar,"Chlamydia trachomatis Confirmation, Nucleic Acid Amplification, Varies","Chlamydia trachomatis Confirmation, Nucleic Acid Amplification, Varies"
95267-1,Connective tissue autoimmune Ab.IgG panel,-,Pt,Ser/Plas,-,,"Connective Tissue Diseases Cascade, Serum","Connective Tissue Diseases Cascade, Serum"
103678-9,CTNNB1 gene targeted mutation analysis,Find,Pt,Tumor,Doc,Mogen,"B-Catenin Mutation Analysis, Next-Generation Sequencing, Tumor","B-Catenin Mutation Analysis, Next-Generation Sequencing, Tumor"
47527-7,Cytology report,Find,Pt,Cvx/Vag,Doc,Cyto stain.thin prep,"ThinPrep with Human Papillomavirus (HPV) Co-Test-Screen with p16/Ki67 Dual Stain Reflex, Varies","ThinPrep with Human Papillomavirus (HPV) Co-Test-Screen with p16/Ki67 Dual Stain Reflex, Varies"
6069-9,Castanea sativa pollen Ab.IgE,ACnc,Pt,Ser,Qn,,"Chestnut Tree, IgE, Serum","Chestnut Tree, IgE, Serum"
59462-2,Clinical biochemist review,Imp,Pt,XXX,Nar,,"Ceramide Trihexosides and Sulfatides, Random, Urine","Ceramide Trihexosides and Sulfatides, Random, Urine"
6090-5,Populus deltoides Ab.IgE,ACnc,Pt,Ser,Qn,,"Cottonwood, IgE, Serum","Cottonwood, IgE, Serum"
41171-0,Collagen crosslinked C-telopeptide,MCnc,Pt,Ser/Plas,Qn,,"Beta-CrossLaps, Serum","Beta-CrossLaps, Serum"
92739-2,"7-Alpha,12-alpha dihydroxycholest-4-en-3-one & 7-Alpha hydroxy-4-cholesten-3-one panel",-,Pt,Bld.dot,-,,"Cerebrotendinous Xanthomatosis, Blood Spot","Cerebrotendinous Xanthomatosis, Blood Spot"
92746-7,"7-Alpha,12-alpha dihydroxycholest-4-en-3-one & 7-Alpha hydroxy-4-cholesten-3-one panel",-,Pt,Ser/Plas,-,,"Cerebrotendinous Xanthomatosis, Plasma","Cerebrotendinous Xanthomatosis, Plasma"
92737-6,"7-Alpha,12-alpha dihydroxycholest-4-en-3-one & 7-Alpha hydroxy-4-cholesten-3-one panel",-,Pt,Bld,-,,"Cerebrotendinous Xanthomatosis, Blood","Cerebrotendinous Xanthomatosis, Blood"
6724-9,Cucumis sativus Ab.IgE,ACnc,Pt,Ser,Qn,,"Cucumber, IgE, Serum","Cucumber, IgE, Serum"
103593-0,Cell growth,PrThr,Pt,Amniocytes,Ord,Tissue culture,"Culture for Genetic Testing, Amniotic Fluid","Culture for Genetic Testing, Amniotic Fluid"
96300-9,Cell growth,PrThr,Pt,Fibroblasts,Ord,Tissue culture,"Fibroblast Culture for Biochemical or Molecular Testing, Chorionic Villi/Products of Conception/Tissue","Fibroblast Culture for Biochemical or Molecular Testing, Chorionic Villi/Products of Conception/Tiss"
13829-7,Copper/Creatinine,MRto,Pt,Urine,Qn,,"Copper/Creatinine Ratio, Urine","Copper/Creatinine Ratio, Urine"
6094-7,Curvularia lunata Ab.IgE,ACnc,Pt,Ser,Qn,,"Curvularia lunata, IgE, Serum","Curvularia lunata, IgE, Serum"
5631-7,Copper,MCnc,Pt,Ser/Plas,Qn,,"Copper, Serum","Copper, Serum"
8198-4,Copper,MCnt,Pt,Tiss,Qn,,"Copper, Liver Tissue","Copper, Liver Tissue"
5633-3,Copper,MRat,24H,Urine,Qn,,"Copper, 24 Hour, Urine","Copper, 24 Hour, Urine"
55232-3,Genetic analysis summary panel,-,Pt,Bld/Tiss,-,Molgen,"Comprehensive Cerebrovascular Gene Panel, Varies","Comprehensive Cerebrovascular Gene Panel, Varies"
92703-8,Vaginal pathogens panel,-,Pt,Vag,-,Probe.amp.tar,"Candida Vaginitis, Nucleic Acid Amplification RNA, Vaginal","Candida Vaginitis, Nucleic Acid Amplification RNA, Vaginal"
50595-8,Pathologist interpretation,Imp,Pt,XXX,Nom,,"Physician Interpretation Conventional, Varies","Physician Interpretation Conventional, Varies"
7178-7,Carum carvi Ab.IgE,ACnc,Pt,Ser,Qn,,"Caraway, IgE, Serum","Caraway, IgE, Serum"
50313-6,Cyclospora sp,Prid,Pt,Stool,Nom,Safranin stain,"Cyclospora Stain, Feces","Cyclospora Stain, Feces"
53834-8,cycloSPORINE^peak,MCnc,Pt,Bld,Qn,,"Cyclosporine, Peak, Blood","Cyclosporine, Peak, Blood"
82335-1,Cytokines panel,-,Pt,Ser/Plas,-,,"Cytokine Panel, Plasma","Cytokine Panel, Plasma"
94197-1,CYP21A2 gene deletion+duplication & full mutation analysis,Find,Pt,Bld/Tiss,Doc,Molgen,"21-Hydroxylase Gene, CYP21A2, Full Gene Analysis, Varies","21-Hydroxylase Gene, CYP21A2, Full Gene Analysis, Varies"
105260-4,Cystinuria multigene analysis,Find,Pt,Bld/Tiss,Doc,Molgen,"Cystinuria Gene Panel, Varies","Cystinuria Gene Panel, Varies"
3520-4,cycloSPORINE,MCnc,Pt,Bld,Qn,,"Cyclosporine, Blood","Cyclosporine, Blood"
90785-7,Cystinuria panel,-,24H,Urine,-,,"Cystinuria Profile, Quantitative, 24 Hour, Urine","Cystinuria Profile, Quantitative, 24 Hour, Urine"
90784-0,Cystinuria panel,-,Pt,Urine,-,,"Cystinuria Profile, Quantitative, Random, Urine","Cystinuria Profile, Quantitative, Random, Urine"
56485-6,Taenia solium Ab.IgG,PrThr,Pt,Ser,Ord,IA,"Cysticercosis (Taenia solium), IgG, Serum","Cysticercosis (Taenia solium), IgG, Serum"
32785-8,Observation,Prid,Pt,XXX,Nom,Cytology.non-gyn,"Cytology Non-Gynecologic, Varies","Cytology Non-Gynecologic, Varies"
104541-8,Clonazepam & 7-Aminoclonazepam panel,-,Pt,Ser,-,,"Clonazepam and 7-Aminoclonazepam, Serum","Clonazepam and 7-Aminoclonazepam, Serum"
47393-4,Gliadin peptide Ab.IgA,PrThr,Pt,Ser,Ord,IA,"Gliadin (Deamidated) Antibody, IgA, Serum","Gliadin (Deamidated) Antibody, IgA, Serum"
49222-3,Food allergen panel,-,Pt,Ser,-,,"Dairy and Grain Allergen Profile, Serum","Dairy and Grain Allergen Profile, Serum"
6097-0,Taraxacum vulgare Ab.IgE,ACnc,Pt,Ser,Qn,,"Dandelion, IgE, Serum","Dandelion, IgE, Serum"
49046-6,Drugs of abuse panel,-,Pt,Meconium,-,,"Drugs of Abuse Screen, Meconium 4","Drugs of Abuse Screen, Meconium 4"
7275-1,Phoenix canariensis pollen Ab.IgE,ACnc,Pt,Ser,Qn,,"Date, Fruit, IgE, Serum","Date, Fruit, IgE, Serum"
31002-9,Phoenix dactylifera Ab.IgE,ACnc,Pt,Ser,Qn,,"Date, Tree, IgE, Serum","Date, Tree, IgE, Serum"
75385-5,DMD gene deletion+duplication,Find,Pt,Bld/Tiss,Doc,MLPA,"Duchenne/Becker Muscular Dystrophy, DMD Gene, Large Deletion/Duplication Analysis, Varies","Duchenne/Becker Muscular Dystrophy, DMD Gene, Large Deletion/Duplication Analysis, Varies"
107545-6,Dilated Cardiomyopathy and Left Ventricular Noncompaction Cardiomyopathy multigene analysis,Find,Pt,Bld/Tiss,Doc,Molgen,"Dilated Cardiomyopathy and Left Ventricular Noncompaction Cardiomyopathy Gene Panel, Varies","Dilated Cardiomyopathy and Left Ventricular Noncompaction Cardiomyopathy Gene Panel, Varies"
104547-5,Monocyte and dendritic cell panel,-,Pt,Bld,-,Flow cytometry,"Dendritic Cell and Monocyte Enumeration, Blood","Dendritic Cell and Monocyte Enumeration, Blood"
1657-6,11-Deoxycortisol,MCnc,Pt,Ser/Plas,Qn,,"11-Deoxycortisol, Serum","11-Deoxycortisol, Serum"
34444-0,Acarboxyprothrombin,MCnc,Pt,Ser/Plas,Qn,,"Des-Gamma-Carboxy Prothrombin, Serum","Des-Gamma-Carboxy Prothrombin, Serum"
1007-4,Direct antiglobulin test.polyspecific reagent,PrThr,Pt,RBC,Ord,,"Direct Antiglobulin Test (Polyspecific), Blood","Direct Antiglobulin Test (Polyspecific), Blood"
82246-0,Chromosome region 22q11.2 deletion+duplication,Find,Pt,Bld/Tiss,Doc,FISH,"22q11.2 Deletion/Duplication, FISH, Varies","22q11.2 Deletion/Duplication, FISH, Varies"
101379-6,DDIT3 gene rearrangement,Find,Pt,Bld/Tiss,Doc,FISH,"Myxoid/Round Cell Liposarcoma, 12q13 (DDIT3 or CHOP) Rearrangement, FISH, Tissue","Myxoid/Round Cell Liposarcoma, 12q13 (DDIT3 or CHOP) Rearrangement, FISH, Tissue"
48067-3,Fibrin D-dimer,MCnc,Pt,PPP,Qn,IA.FEU,"D-Dimer, Plasma","D-Dimer, Plasma"
77958-7,Dengue virus 1 & 2 & 3 & 4 RNA,Prid,Pt,CSF,Nom,Probe.amp.tar,"Dengue Virus, Molecular Detection, PCR, Spinal Fluid","Dengue Virus, Molecular Detection, PCR, Spinal Fluid"
87546-8,Dengue virus Ab.IgG & IgM panel,-,Pt,Ser,Ord,,"Dengue Virus Antibody, IgG and IgM, Serum","Dengue Virus Antibody, IgG and IgM, Serum"
7855-0,Dengue virus 1+2+3+4 RNA,PrThr,Pt,Ser/Plas,Ord,Probe.amp.tar,"Dengue Virus, Molecular Detection, PCR, Serum","Dengue Virus, Molecular Detection, PCR, Serum"
104595-4,Dengue virus Ab.IgG & IgM & NS1 Ag panel,-,Pt,Ser/Plas,-,,"Dengue Virus Antibody/Antigen Panel, Serum","Dengue Virus Antibody/Antigen Panel, Serum"
3531-1,Desipramine,MCnc,Pt,Ser/Plas,Qn,,"Desipramine, Serum","Desipramine, Serum"
14062-4,Dexamethasone,MCnc,Pt,Ser/Plas,Qn,,"Dexamethasone, Serum","Dexamethasone, Serum"
6095-4,Dermatophagoides farinae Ab.IgE,ACnc,Pt,Ser,Qn,,"House Dust Mites/Dermatophagoides farinae, IgE, Serum","House Dust Mites/Dermatophagoides farinae, IgE, Serum"
47394-2,Gliadin peptide Ab.IgG,PrThr,Pt,Ser,Ord,IA,"Gliadin (Deamidated) Antibody, IgG, Serum","Gliadin (Deamidated) Antibody, IgG, Serum"
57776-7,Gliadin peptide Ab.IgA & IgG panel,-,Pt,Ser,-,,"Gliadin (Deamidated) Antibodies Evaluation, IgG and IgA, Serum","Gliadin (Deamidated) Antibodies Evaluation, IgG and IgA, Serum"
99058-0,DHCR7 gene full mutation analysis,Find,Pt,Bld/Tiss,Doc,Sequencing,"Smith Lemli Opitz Syndrome, DHCR7 Gene, Full Gene Analysis, Varies","Smith Lemli Opitz Syndrome, DHCR7 Gene, Full Gene Analysis, Varies"
2193-1,Dehydroepiandrosterone,MCnc,Pt,Ser/Plas,Qn,,"Dehydroepiandrosterone (DHEA), Serum","Dehydroepiandrosterone (DHEA), Serum"
2191-5,Dehydroepiandrosterone sulfate,MCnc,Pt,Ser/Plas,Qn,,"Dehydroepiandrosterone Sulfate, Serum","Dehydroepiandrosterone Sulfate, Serum"
112586-3,Human papilloma virus 16 panel,-,Pt,Plas.cfDNA,-,,"Human Papillomavirus (HPV) Type 16, Droplet Digital PCR, Blood","Human Papillomavirus (HPV) Type 16, Droplet Digital PCR, Blood"
112581-4,HPV 18+31+33+35 panel,-,Pt,Plas.cfDNA,-,,"Human Papillomavirus (HPV) Types 18, 31, 33, and 35, Droplet Digital PCR, Blood","Human Papillomavirus (HPV) Types 18, 31, 33, and 35, Droplet Digital PCR, Blood"
98122-5,Neutrophil.fMLP & PMA stimulated DHR panel,-,Pt,^Patient,-,Flow cytometry,"Dihydrorhodamine Flow Cytometric Test, Blood","Dihydrorhodamine Flow Cytometric Test, Blood"
98124-1,Neutrophil.PMA stimulated DHR panel,-,Pt,^Patient,-,Flow cytometry,"Dihydrorhodamine Flow Cytometric Phorbol Myristate Acetate Test, Blood","Dihydrorhodamine Flow Cytometric Phorbol Myristate Acetate Test, Blood"
1848-1,Androstanolone,MCnc,Pt,Ser/Plas,Qn,,"Dihydrotestosterone, Serum","Dihydrotestosterone, Serum"
62290-2,"1,25-Dihydroxyvitamin D",MCnc,Pt,Ser/Plas,Qn,,"1,25-Dihydroxyvitamin D, Serum","1,25-Dihydroxyvitamin D, Serum"
49044-1,Diazepam & Nordiazepam panel,-,Pt,Ser/Plas,Qn,,"Diazepam and Metabolites, Serum","Diazepam and Metabolites, Serum"
105585-4,DICER1 gene full mutation analysis,Find,Pt,Tiss,Doc,Molgen,"DICER1 Mutation Analysis, Next-Generation Sequencing, Tumor","DICER1 Mutation Analysis, Next-Generation Sequencing, Tumor"
83093-5,Digoxin,MCnc,Pt,Ser/Plas,Qn,IA,"Digoxin, Serum","Digoxin, Serum"
7280-1,Anethum graveolens Ab.IgE,ACnc,Pt,Ser,Qn,,"Dill, IgE, Serum","Dill, IgE, Serum"
48654-8,Corynebacterium diphtheriae toxin Ab.IgG,ACnc,Pt,Ser,Qn,IA,"Diphtheria Toxoid IgG Antibody, Serum","Diphtheria Toxoid IgG Antibody, Serum"
98005-2,HLA-A & B & C (class I) & HLA-DP & DQ & DR (class II),Type,Pt,Bld/Tiss,Nom,Low resolution,"Human Leukocyte Antigens (HLA) Class I and II Disease Association Typing, Low Resolution, Blood","Human Leukocyte Antigens (HLA) Class I and II Disease Association Typing, Low Resolution, Blood"
14045-9,D-lactate,SCnc,Pt,Ser/Plas,Qn,,"D-Lactate, Plasma","D-Lactate, Plasma"
14046-7,D-lactate,SCnc,Pt,Urine,Qn,,"D-Lactate, Urine","D-Lactate, Urine"
112278-7,Mycobacterium abscessus complex subspecies identification,PrThr,Pt,Isolate/Specimen,Ord,Molgen,"Mycobacterium abscessus Complex Subspecies Identification, Next-Generation Sequencing","Mycobacterium abscessus Complex Subspecies Identification, Next-Generation Sequencing"
94707-7,Dementia autoimmune Ab panel,-,Pt,CSF,-,,"Dementia, Autoimmune/Paraneoplastic Evaluation, Spinal Fluid","Dementia, Autoimmune/Paraneoplastic Evaluation, Spinal Fluid"
22075-6,DMD gene mutations tested for,Prid,Pt,Bld/Tiss,Nom,Molgen,"DMD Gene, Full Gene Analysis, Varies","DMD Gene, Full Gene Analysis, Varies"
14036-8,Dermatophagoides microceras Ab.IgE,ACnc,Pt,Ser,Qn,,"Dermatophagoides microceras, IgE, Serum","Dermatophagoides microceras, IgE, Serum"
35470-4,Mitochondria DNA deletion,Prid,Pt,Bld/Tiss,Nom,Molgen,"Mitochondrial DNA Deletion Heteroplasmy, ddPCR, Varies","Mitochondrial DNA Deletion Heteroplasmy, ddPCR, Varies"
82455-7,Ganglioside Ab panel,-,Pt,Ser,-,,"Peripheral Nervous System Demyelinating Neuropathy, Autoimmune Evaluation, Serum","Peripheral Nervous System Demyelinating Neuropathy, Autoimmune Evaluation, Serum"
94696-2,Dementia autoimmune Ab panel,-,Pt,Ser/Plas,-,,"Dementia, Autoimmune/Paraneoplastic Evaluation, Serum","Dementia, Autoimmune/Paraneoplastic Evaluation, Serum"
94053-6,Mycobacterium tuberculosis complex resistance panel,-,Pt,Isolate/Specimen,-,Molgen,"Mycobacterium tuberculosis Complex, Molecular Detection of Drug Resistance Markers, Next-Generation Sequencing","Mycobacterium tuberculosis Complex, Molecular Detection of Drug Resistance Markers, Next-Generation "
75377-2,Dengue virus NS1 Ag,PrThr,Pt,Ser/Plas/Bld,Ord,IA.rapid,"Dengue Virus NS1 Antigen, Serum","Dengue Virus NS1 Antigen, Serum"
96415-5,DOCK8 expression panel,-,Pt,Bld,-,Flow cytometry,"Dedicator of Cytokinesis 8 (DOCK8) Deficiency, Blood","Dedicator of Cytokinesis 8 (DOCK8) Deficiency, Blood"
1656-8,11-Deoxycorticosterone,MCnc,Pt,Ser/Plas,Qn,,"11-Deoxycorticosterone, Serum","11-Deoxycorticosterone, Serum"
6098-8,Dog dander Ab.IgE,ACnc,Pt,Ser,Qn,,"Dog Dander, IgE, Serum","Dog Dander, IgE, Serum"
47715-8,Oxalate,SCnc,Pt,Dial fld,Qn,,"Oxalate Analysis, Hemodialysate","Oxalate Analysis, Hemodialysate"
6096-2,Dermatophagoides pteronyssinus Ab.IgE,ACnc,Pt,Ser,Qn,,"House Dust Mites/Dermatophagoides pteronyssinus, IgE, Serum","House Dust Mites/Dermatophagoides pteronyssinus, IgE, Serum"
93199-8,DPYD gene targeted mutation analysis,Find,Pt,Bld/Tiss,Doc,Molgen,"Dihydropyrimidine Dehydrogenase Genotype, Varies","Dihydropyrimidine Dehydrogenase Genotype, Varies"
94198-9,DPYD gene full mutation analysis,Find,Pt,Bld/Tiss,Doc,Sequencing,"Dihydropyrimidine Dehydrogenase, DPYD Full Gene Sequencing, Varies","Dihydropyrimidine Dehydrogenase, DPYD Full Gene Sequencing, Varies"
49631-5,ATN1 gene allele 1.CAG repeats,EntNum,Pt,Bld/Tiss,Qn,Molgen,"Dentatorubral-Pallidoluysian Atrophy (DRPLA) Gene Analysis, Varies","Dentatorubral-Pallidoluysian Atrophy (DRPLA) Gene Analysis, Varies"
15359-3,Coagulation actual/normal,Pt,PPP,Qn,Coag.dilute Russell viper venom induced,,"Dilute Russell's Viper Venom Time (DRVVT), Plasma","Dilute Russell's Viper Venom Time (DRVVT), Plasma"
75512-4,Coagulation actual/Normal,RelTime,Pt,PPP,Qn,Coag.DRVVT1,"Dilute Russell's Viper Venom Time (DRVVT) Mix, Plasma","Dilute Russell's Viper Venom Time (DRVVT) Mix, Plasma"
50410-0,Coagulation dilute Russell viper venom induced/Coagulation dilute Russell viper venom induced.excess phospholipid,Ratio,Pt,PPP,Qn,Coag,"Dilute Russell's Viper Venom Time (DRVVT) Confirmation, Plasma","Dilute Russell's Viper Venom Time (DRVVT) Confirmation, Plasma"
50008-2,Mixing studies,Imp,Pt,PPP,Nar,,Dilute Russell's Viper Venom Time (DRVVT) Interpretation,Dilute Russell's Viper Venom Time (DRVVT) Interpretation
57765-0,Disaccharidases panel,-,Pt,Tsmi,Qn,,"Disaccharidase Activity Panel, Tissue","Disaccharidase Activity Panel, Tissue"
94335-7,Desmoglein 1 & Desmoglein 3 Ab.IgG panel,-,Pt,Ser,Qn,IA,"Desmoglein 1 (DSG1) and Desmoglein 3 (DSG3), IgG Antibodies, Serum","Desmoglein 1 (DSG1) and Desmoglein 3 (DSG3), IgG Antibodies, Serum"
20785-2,Drugs,Prid,Pt,Ser/Plas,Nom,Screen,"Drug Screen, Prescription/Over the Counter, Serum","Drug Screen, Prescription/Over the Counter, Serum"
101791-2,Clostridium tetani toxoid and corynebacterium diphtheriae Ab panel,-,Pt,Ser/Plas,-,,"Diphtheria/Tetanus Antibody  Panel, Serum","Diphtheria/Tetanus Antibody  Panel, Serum"
18500-9,Observation,Prid,Pt,Cvx,Nom,Cyto stain.thin prep,"ThinPrep Diagnostic with Human Papillomavirus (HPV) Reflex, Varies","ThinPrep Diagnostic with Human Papillomavirus (HPV) Reflex, Varies"
101822-5,Human papilloma virus cytology and high-risk genotypes panel,-,Pt,Cvx,-,,"ThinPrep with Human Papillomavirus (HPV) Co-Test-Diagnostic, Varies","ThinPrep with Human Papillomavirus (HPV) Co-Test-Diagnostic, Varies"
6100-2,Duck feather Ab.IgE,ACnc,Pt,Ser,Qn,,"Duck Feathers, IgE, Serum","Duck Feathers, IgE, Serum"
103731-6,Distal weakness multigene analysis,Find,Pt,Bld/Tiss,Doc,Molgen,"Comprehensive Distal Weakness Gene Panel, Varies","Comprehensive Distal Weakness Gene Panel, Varies"
43122-1,Doxepin & Nordoxepin panel,-,Pt,Ser/Plas,Qn,,"Doxepin and Nordoxepin, Serum","Doxepin and Nordoxepin, Serum"
99000-2,Dysautonomia autoimmune Ab panel,-,Pt,Ser,-,,"Dysautonomia, Autoimmune/Paraneoplastic Evaluation, Serum","Dysautonomia, Autoimmune/Paraneoplastic Evaluation, Serum"
2258-2,Estrone,MCnc,Pt,Ser/Plas,Qn,,"Estrone, Serum","Estrone, Serum"
10851-4,Escherichia coli O157,H7,PrThr,Pt,Stool,Ord,"Escherichia coli O157:H7 Culture, Feces","Escherichia coli O157:H7 Culture, Feces"
40752-8,Epstein Barr virus early Ab.IgG,PrThr,Pt,Ser,Ord,IA,"Epstein-Barr Virus Early Antigen, IgG, Serum","Epstein-Barr Virus Early Antigen, IgG, Serum"
13954-3,Hepatitis B virus little e Ag,PrThr,Pt,Ser/Plas,Ord,IA,"Hepatitis B Virus e Antigen, Serum","Hepatitis B Virus e Antigen, Serum"
103739-9,EBV Lymphoproliferation multigene analysis,Find,Pt,Bld/Tiss,Doc,Molgen,"Epstein Barr Virus (EBV) Susceptibility and Lymphoproliferative Disorders Gene Panel, Varies","Epstein Barr Virus (EBV) Susceptibility and Lymphoproliferative Disorders Gene Panel, Varies"
87554-2,Epstein Barr virus Ab panel,-,Pt,Ser,-,,"Epstein-Barr Virus Antibody Profile, Serum","Epstein-Barr Virus Antibody Profile, Serum"
5005-4,Epstein Barr virus DNA,PrThr,Pt,XXX,Ord,Probe.amp.tar,"Epstein-Barr Virus (EBV), Molecular Detection, PCR, Varies","Epstein-Barr Virus (EBV), Molecular Detection, PCR, Varies"
43730-1,Epstein Barr virus DNA,ACnc,Pt,Ser/Plas,Qn,Probe.amp.tar,"Epstein-Barr Virus DNA Detection and Quantification, Plasma","Epstein-Barr Virus DNA Detection and Quantification, Plasma"
32171-1,Echinococcus sp Ab.IgG,PrThr,Pt,Ser,Ord,,"Echinococcus Antibody, IgG, Serum","Echinococcus Antibody, IgG, Serum"
101922-3,Eculizumab Monitoring Panel,-,Pt,Ser/Plas,-,,"Eculizumab Monitoring Panel, Serum","Eculizumab Monitoring Panel, Serum"
90240-3,Eculizumab,MCnc,Pt,Ser,Qn,,"Eculizumab, Serum","Eculizumab, Serum"
103733-2,Hereditary emery dreifuss multigene analysis,Find,Pt,Bld/Tiss,Doc,Molgen,"Inherited Emery-Dreifuss Gene Panel, Varies","Inherited Emery-Dreifuss Gene Panel, Varies"
100976-0,Eosinophil derived neurotoxin,MCnc,Pt,Ser/Plas,Qn,,"Eosinophil Derived Neurotoxin, Serum","Eosinophil Derived Neurotoxin, Serum"
93200-4,Ehlers-Danlos syndrome multigene analysis,Find,Pt,Bld/Tiss,Doc,Molgen,"Ehlers-Danlos Syndrome Gene Panel, Varies","Ehlers-Danlos Syndrome Gene Panel, Varies"
72695-0,Erythrocyte enzyme panel,-,Pt,RBC,-,,"Red Blood Cell (RBC) Enzyme Evaluation, Blood","Red Blood Cell (RBC) Enzyme Evaluation, Blood"
59466-3,Hematologist review,Imp,Pt,XXX,Nar,,Red Blood Cell (RBC) Enzyme Interpretation,Red Blood Cell (RBC) Enzyme Interpretation
2243-4,Estradiol,MCnc,Pt,Ser/Plas,Qn,,"Estradiol, Serum","Estradiol, Serum"
21665-5,EGFR gene targeted mutation analysis,Prid,Pt,Bld/Tiss,Nom,Molgen,"EGFR Gene, Targeted Mutation Analysis, 51 Mutation Panel, Tumor","EGFR Gene, Targeted Mutation Analysis, 51 Mutation Panel, Tumor"
6106-9,Egg white Ab.IgE,ACnc,Pt,Ser,Qn,,"Egg White, IgE, Serum","Egg White, IgE, Serum"
7296-7,Solanum melongena Ab.IgE,ACnc,Pt,Ser,Qn,,"Eggplant, IgE, Serum","Eggplant, IgE, Serum"
104536-8,Egg Comprehensive Ab.IgE panel,-,Pt,Ser/Plas,-,,"Egg Comprehensive Profile, Serum","Egg Comprehensive Profile, Serum"
6110-1,Plantago lanceolata Ab.IgE,ACnc,Pt,Ser,Qn,,"English Plantain, IgE, Serum","English Plantain, IgE, Serum"
104689-5,Egg White IgE Panel,-,Pt,Ser,-,,"Egg White Component Profile, Serum","Egg White Component Profile, Serum"
101409-1,Anaplasma phagocytophilum & Babesia microti & Ehrlichia chaffeensis Ab.IgG panel,-,Pt,Ser,-,,"Ehrlichia/Babesia Antibody Panel, Immunofluorescence, Serum","Ehrlichia/Babesia Antibody Panel, Immunofluorescence, Serum"
22285-1,Entamoeba histolytica Ab,PrThr,Pt,Ser,Ord,,"Entamoeba histolytica Antibody, Serum","Entamoeba histolytica Antibody, Serum"
15342-9,Vespa crabro Ab.IgE,ACnc,Pt,Ser,Qn,,"European Hornet, IgE, Serum","European Hornet, IgE, Serum"
47405-6,Ehrlichia chaffeensis Ab.IgG,Titr,Pt,Ser,SemiQn,IF,"Ehrlichia chaffeensis (HME) Antibody, IgG, Serum","Ehrlichia chaffeensis (HME) Antibody, IgG, Serum"
77165-9,Anaplasma phagocytophilum & Ehrlichia chaffeensis IgG panel,Titr,Pt,Ser,SemiQn,,"Ehrlichia Antibody Panel, Serum","Ehrlichia Antibody Panel, Serum"
79177-2,Clostridioides difficile glutamate dehydrogenase & toxins A+B,PrThr,Pt,Stool,Ord,IA.rapid,"Clostridioides difficile Toxin, EIA, Feces","Clostridioides difficile Toxin, EIA, Feces"
25907-7,Elastase.pancreatic,MCnt,Pt,Stool,Qn,,"Pancreatic Elastase, Feces","Pancreatic Elastase, Feces"
6108-5,Sambucus nigra Ab.IgE,ACnc,Pt,Ser,Qn,,"Elder, IgE, Serum","Elder, IgE, Serum"
6109-3,Ulmus americana Ab.IgE,ACnc,Pt,Ser,Qn,,"Elm, IgE, Serum","Elm, IgE, Serum"
24326-1,Electrolytes 1998 panel,-,Pt,Ser/Plas,Qn,,"Electrolyte Panel, Serum","Electrolyte Panel, Serum"
34166-9,Observation,Prid,Pt,XXX,Nom,Microscopy.electron,"Electron Microscopy, Varies","Electron Microscopy, Varies"
46126-9,Endomysium Ab.IgA,PrThr,Pt,Ser,Ord,IF,"Endomysial Antibodies, IgA, Serum","Endomysial Antibodies, IgA, Serum"
39554-1,Endomysium Ab.IgG,PrThr,Pt,Ser,Ord,,"Endomysial Antibodies, IgG, Serum","Endomysial Antibodies, IgG, Serum"
27038-9,Endomysium Ab.IgA,Titr,Pt,Ser,SemiQn,IF,"Endomysial Antibodies, IgA, Titer, Serum","Endomysial Antibodies, IgA, Titer, Serum"
6114-3,Euroglyphus maynei Ab.IgE,ACnc,Pt,Ser,Qn,,"Euroglyphus maynei, IgE, Serum","Euroglyphus maynei, IgE, Serum"
99614-0,Emicizumab,MCnc,Pt,PPP,Qn,Coag,"Emicizumab, Modified One Stage Assay Factor VIII, Plasma","Emicizumab, Modified One Stage Assay Factor VIII, Plasma"
90228-8,Extractable nuclear antigen Ab.IgG panel,-,Pt,Ser,-,,"Antibody to Extractable Nuclear Antigen Evaluation, Serum","Antibody to Extractable Nuclear Antigen Evaluation, Serum"
94708-5,Encephalopathy autoimmune Ab panel,-,Pt,CSF,-,,"Encephalopathy, Autoimmune/Paraneoplastic Evaluation, Spinal Fluid","Encephalopathy, Autoimmune/Paraneoplastic Evaluation, Spinal Fluid"
94697-0,Encephalopathy autoimmune Ab panel,-,Pt,Ser/Plas,-,,"Encephalopathy, Autoimmune/Paraneoplastic Evaluation, Serum","Encephalopathy, Autoimmune/Paraneoplastic Evaluation, Serum"
97151-5,Enterovirus RNA,PrThr,Pt,Ser/Plas,Ord,Non-probe.amp.tar,"Enterovirus, Molecular Detection, PCR, Plasma","Enterovirus, Molecular Detection, PCR, Plasma"
105196-0,Inflammatory Bowel Disease multigene analysis,Find,Pt,Bld/Tiss,Doc,Molgen,"Early Onset Monogenic Inflammatory Bowel Disease (IBD) Gene Panel, Varies","Early Onset Monogenic Inflammatory Bowel Disease (IBD) Gene Panel, Varies"
107544-9,Chronic eosinophilia chromosome analysis,Find,Pt,Bld/Tiss,Doc,FISH,"Chronic Eosinophilia Panel, Diagnostic FISH, Varies","Chronic Eosinophilia Panel, Diagnostic FISH, Varies"
32014-3,Eosinophils/Leukocytes,NFr,Pt,Urine,Qn,Manual count,"Eosinophils, Random, Urine","Eosinophils, Random, Urine"
6112-7,Ethylene oxide Ab.IgE,ACnc,Pt,Ser,Qn,,"Ethylene Oxide, IgE, Serum","Ethylene Oxide, IgE, Serum"
94709-3,Epilepsy autoimmune Ab panel,-,Pt,CSF,-,,"Epilepsy, Autoimmune/Paraneoplastic Evaluation, Spinal Fluid","Epilepsy, Autoimmune/Paraneoplastic Evaluation, Spinal Fluid"
87548-4,Anaplasma phagocytophilum & Ehrlichia sp groEL gene panel,-,Pt,Bld,Ord,Non-probe.amp.tar,"Ehrlichia/Anaplasma, Molecular Detection, PCR, Blood","Ehrlichia/Anaplasma, Molecular Detection, PCR, Blood"
30185-3,(Cat dander+Cow dander+Dog dander+Horse dander) Ab.IgE,ACnc,Pt,Ser,Qn,Multidisk,"Epithelia Panel # 1, Serum","Epithelia Panel # 1, Serum"
71370-1,(Guinea pig epithelium+Hamster epithelium+Mouse+Rabbit epithelium+Rat) Ab.IgE,ACnc,Pt,Ser,Qn,Multidisk,"Epithelia Panel # 2, Serum","Epithelia Panel # 2, Serum"
15061-5,Erythropoietin,ACnc,Pt,Ser/Plas,Qn,,"Erythropoietin, Serum","Erythropoietin, Serum"
112706-7,Epilepsy and seizure multigene analysis,Find,Pt,Bld/Tiss,Doc,Molgen,"Comprehensive Epilepsy With or Without Encephalopathy Gene Panel, Varies","Comprehensive Epilepsy With or Without Encephalopathy Gene Panel, Varies"
94698-8,Epilepsy autoimmune Ab panel,-,Pt,Ser/Plas,-,,"Epilepsy, Autoimmune/Paraneoplastic Evaluation, Serum","Epilepsy, Autoimmune/Paraneoplastic Evaluation, Serum"
6111-9,Epicoccum purpurascens Ab.IgE,ACnc,Pt,Ser,Qn,,"Epicoccum purpurascens, IgE, Serum","Epicoccum purpurascens, IgE, Serum"
10480-2,Estrogen+Progesterone receptor Ag,PrThr,Pt,Tiss,Ord,Immune stain,"Estrogen/Progesterone Receptor, Semi-Quantitative Immunohistochemistry, Manual","Estrogen/Progesterone Receptor, Semi-Quantitative Immunohistochemistry, Manual"
102121-1,Extended-spectrum beta lactamase by ceftazidime to ceftazidime+clavulanate inhibitory concentration ratio,Imp,Pt,Stool,Ord,Based on lab data,"Extended-Spectrum Beta-Lactamase-Producing Gram-Negative Bacteria Surveillance Culture, Feces","Extended-Spectrum Beta-Lactamase-Producing Gram-Negative Bacteria Surveillance Culture, Feces"
102116-1,ESR1 gene mutation panel,-,Pt,Tiss,-,Molgen,"ESR1 Mutation Analysis, Next-Generation Sequencing, Tumor","ESR1 Mutation Analysis, Next-Generation Sequencing, Tumor"
53766-2,Estrogen fraction panel,-,Pt,Ser/Plas,-,,"Estrogens, Estrone (E1) and Estradiol (E2), Fractionated, Serum","Estrogens, Estrone (E1) and Estradiol (E2), Fractionated, Serum"
102086-6,Endometrial stromal tumor,Find,Pt,Tiss,Doc,FISH,"Endometrial Stromal Tumors (EST), 7p15 (JAZF1), 6p21.32 (PHF1), 17p13.3 (YWHAE) Rearrangement, FISH, Tissue","Endometrial Stromal Tumors (EST), 7p15 (JAZF1), 6p21.32 (PHF1), 17p13.3 (YWHAE) Rearrangement, FISH,"
6263-8,Platanus occidentalis Ab.IgE,ACnc,Pt,Ser,Qn,,"Eastern Sycamore, IgE, Serum","Eastern Sycamore, IgE, Serum"
93705-2,Ethyl sulfate & Ethyl glucuronide panel,-,Pt,Urine,-,,"Ethyl Glucuronide Confirmation, Random, Urine","Ethyl Glucuronide Confirmation, Random, Urine"
5646-5,Ethylene glycol,MCnc,Pt,Ser/Plas/Bld,Qn,,"Ethylene Glycol, Serum","Ethylene Glycol, Serum"
58375-7,Ethyl glucuronide,Threshold,Pt,Urine,Ord,Screen,"Ethyl Glucuronide Screen with Reflex, Random, Urine","Ethyl Glucuronide Screen with Reflex, Random, Urine"
101380-4,ETV6 gene rearrangements,Find,Pt,Tiss,Doc,FISH,"ETV6 (12p13.2) Rearrangement, FISH, Tissue","ETV6 (12p13.2) Rearrangement, FISH, Tissue"
3616-0,Ethosuximide,MCnc,Pt,Ser/Plas,Qn,,"Ethosuximide, Serum","Ethosuximide, Serum"
6113-5,Eucalyptus spp Ab.IgE,ACnc,Pt,Ser,Qn,,"Eucalyptus, IgE, Serum","Eucalyptus, IgE, Serum"
73737-9,Phospholipase A2 receptor Ab.IgG,ACnc,Pt,Ser,Qn,IA,"Phospholipase A2 Receptor, Enzyme Linked Immunosorbent Assay, Serum","Phospholipase A2 Receptor, Enzyme Linked Immunosorbent Assay, Serum"
50544-6,Everolimus,MCnc,Pt,Bld,Qn,,"Everolimus, Blood","Everolimus, Blood"
93806-8,EWSR1 gene rearrangements,Find,Pt,Tiss,Doc,FISH,"Ewing Sarcoma, 22q12 (EWSR1) Rearrangement, FISH, Tissue","Ewing Sarcoma, 22q12 (EWSR1) Rearrangement, FISH, Tissue"
76651-9,Zinc transporter 8 Ab,ACnc,Pt,Ser/Plas,Qn,IA,"Zinc Transporter 8 (ZnT8) Antibody, Serum","Zinc Transporter 8 (ZnT8) Antibody, Serum"
47275-3,S100 calcium binding protein B,MCnc,Pt,Ser,Qn,,"S-100B Protein, Serum","S-100B Protein, Serum"
90783-2,F2-Isoprostanes/Creatinine,MRto,Pt,Urine,Qn,,"F2-Isoprostanes, Random, Urine","F2-Isoprostanes, Random, Urine"
96454-4,Coagulation factor II inhibitor,PrThr,Pt,PPP,Ord,Coag,"Factor II Inhibitor Screen, Plasma","Factor II Inhibitor Screen, Plasma"
21668-9,F5 gene.p.Arg506Gln,PrThr,Pt,Bld/Tiss,Ord,Molgen,"Factor V Leiden (R506Q) Mutation, Blood","Factor V Leiden (R506Q) Mutation, Blood"
47547-5,5-Methyltetrahydrofolate,SCnc,Pt,CSF,Qn,,5-Methyltetrahydrofolate,5-Methyltetrahydrofolate
81124-0,Coagulation factor V inhibitor,PrThr,Pt,PPP,Ord,Coag,"Factor V Inhibitor Screen, Plasma","Factor V Inhibitor Screen, Plasma"
43597-4,Inner Ear 68kD Ab,PrThr,Pt,Ser/Plas,Ord,IB,68kD (hsp-70) antibodies by Line Blot,68kD (hsp-70) antibodies by Line Blot
81123-2,Coagulation factor VII inhibitor,PrThr,Pt,PPP,Ord,Coag,"Factor VII Inhibitor Screen, Plasma","Factor VII Inhibitor Screen, Plasma"
81762-7,F8 gene intron 1 inversion targeted mutation analysis,Find,Pt,Bld/Tiss,Doc,Molgen,"Hemophilia A F8 Gene, Intron 1 Inversion Known Mutation, Blood","Hemophilia A F8 Gene, Intron 1 Inversion Known Mutation, Blood"
82342-7,F8 gene intron 1 inversion targeted mutation analysis,Find,Pt,Amnio fld/CVS,Doc,Molgen,"Hemophilia A F8 Gene, Intron 1 Inversion Known Mutation Analysis, Prenatal","Hemophilia A F8 Gene, Intron 1 Inversion Known Mutation Analysis, Prenatal"
91679-1,F8 gene intron 22 inversion targeted mutation analysis,Find,Pt,Bld/Tiss,Doc,Molgen,"Hemophilia A F8 Gene, Intron 22 Inversion Known Mutation, Blood","Hemophilia A F8 Gene, Intron 22 Inversion Known Mutation, Blood"
91680-9,F8 gene intron 22 inversion targeted mutation analysis,Find,Pt,Amnio fld/CVS,Doc,Molgen,"Hemophilia A F8 Gene, Intron 22 Inversion Mutation Analysis, Prenatal","Hemophilia A F8 Gene, Intron 22 Inversion Mutation Analysis, Prenatal"
3209-4,Coagulation factor VIII activity actual/Normal,RelTime,Pt,PPP,Qn,Coag,"Coagulation Factor VIII Activity Assay, Plasma","Coagulation Factor VIII Activity Assay, Plasma"
82343-5,F8 gene intron 1 & 22 inversion targeted mutation analysis,Find,Pt,Amnio fld/CVS,Doc,Molgen,"Hemophilia A F8 Gene, Intron 1 and 22 Inversion Mutation Analysis, Prenatal","Hemophilia A F8 Gene, Intron 1 and 22 Inversion Mutation Analysis, Prenatal"
81761-9,F8 gene intron 1 & 22 inversion targeted mutation analysis,Find,Pt,Bld/Tiss,Doc,Molgen,"Hemophilia A F8 Gene, Intron 1 and 22 Inversion Mutation Analysis, Blood","Hemophilia A F8 Gene, Intron 1 and 22 Inversion Mutation Analysis, Blood"
3206-0,Coagulation factor VIII inhibitor,PrThr,Pt,PPP,Ord,Coag,"Coagulation Factor VIII Inhibitor Screen, Plasma","Coagulation Factor VIII Inhibitor Screen, Plasma"
30086-3,Coagulation factor IX inhibitor,PrThr,Pt,PPP,Ord,Coag,"Factor IX Inhibitor Screen, Plasma","Factor IX Inhibitor Screen, Plasma"
2685-6,Alpha-1-Acid glycoprotein,MCnc,Pt,Ser/Plas,Qn,,Alpha-1-Acid Glycoprotein,Alpha-1-Acid Glycoprotein
12480-0,Angiotensin converting enzyme,CCnc,Pt,CSF,Qn,,"Angiotensin Converting Enzyme, CSF","Angiotensin Converting Enzyme, CSF"
96562-4,Cytosolic 5'-nucleotidase 1A Ab,ACnc,Pt,Ser,Qn,IA,Anti-cN-1A Ab (NT5c1A) IBM,Anti-cN-1A Ab (NT5c1A) IBM
44706-0,Actin.smooth muscle Ab.IgG,ACnc,Pt,Ser,Qn,,"Filamentous-Actin (F-actin) Antibody, IgG, Serum","Filamentous-Actin (F-actin) Antibody, IgG, Serum"
3193-0,Coagulation factor V activity actual/Normal,RelTime,Pt,PPP,Qn,Coag,"Coagulation Factor V Activity Assay, Plasma","Coagulation Factor V Activity Assay, Plasma"
9416-9,Acyclovir,MCnc,Pt,Ser/Plas,Qn,,"Acyclovir, Plasma","Acyclovir, Plasma"
47549-1,Adenosine deaminase,CCnt,Pt,RBC,Qn,,"Adenosine Deaminase, RBC","Adenosine Deaminase, RBC"
35703-8,Adenosine deaminase,CCnc,Pt,CSF,Qn,,Adenosine Deaminase in CSF,Adenosine Deaminase in CSF
49760-2,Adenosine deaminase,CCnc,Pt,Pericard fld,Qn,,"Adenosine Deaminase, Pericardial Fluid","Adenosine Deaminase, Pericardial Fluid"
49759-4,Adenosine deaminase,CCnc,Pt,Periton fld,Qn,,Adenosine Deaminase in Peritoneal Fluid,Adenosine Deaminase in Peritoneal Fluid
35704-6,Adenosine deaminase,CCnc,Pt,Plr fld,Qn,,"Adenosine Deaminase, Pleural Fluid","Adenosine Deaminase, Pleural Fluid"
6024-4,Aspergillus flavus Ab.IgE,ACnc,Pt,Ser,Qn,,Aspergillus flavus IgE,Aspergillus flavus IgE
1680-8,3-Alpha-Androstanediol glucuronide,MCnc,Pt,Ser,Qn,,Androstanediol Glucuronide (Endocrine Sciences),Androstanediol Glucuronide (Endocrine Sciences)
9311-2,Albuterol,MCnc,Pt,Ser/Plas,Qn,,"Albuterol, Serum/Plasma","Albuterol, Serum/Plasma"
60348-0,Prunus dulcis Ab.IgG,MCnc,Pt,Ser,Qn,,Almond Food IgG,Almond Food IgG
63418-8,Lactalbumin alpha Ab.IgG,MCnc,Pt,Ser,Qn,,Alpha Lactalbumin IgG,Alpha Lactalbumin IgG
7065-6,Medicago sativa Ab.IgE,ACnc,Pt,Ser,Qn,,Alfalfa (Medicago sativa) IgE,Alfalfa (Medicago sativa) IgE
59611-4,ALPRAZolam,MCnc,Pt,Ser/Plas,Qn,Confirm,Alprazolam (Xanax),Alprazolam (Xanax)
3317-5,Amantadine,MCnc,Pt,Ser/Plas,Qn,,"Amantadine, Serum or Plasma","Amantadine, Serum or Plasma"
70073-2,Amyloid beta 40 peptide,MCnc,Pt,Plas,Qn,,Amyloid Beta-Protein,Amyloid Beta-Protein
7201-7,Cheese American Ab.IgE,ACnc,Pt,Ser,Qn,,Cheese American IgE,Cheese American IgE
1858-0,Angiotensin I,MCnc,Pt,Plas,Qn,,"Angiotensin I, Plasma","Angiotensin I, Plasma"
50638-6,Bixa orellana seed Ab.IgE,ACnc,Pt,Ser,Qn,,Annatto Seed (Bixa orellana) IgE,Annatto Seed (Bixa orellana) IgE
6117-6,Solenopsis invicta Ab.IgE,ACnc,Pt,Ser,Qn,,"Fire Ant, IgE, Serum","Fire Ant, IgE, Serum"
74533-1,Fatty acid oxidation panel,-,Pt,Fibroblasts,-,,"Fatty Acid Oxidation Probe Assay, Fibroblast Culture","Fatty Acid Oxidation Probe Assay, Fibroblast Culture"
43674-1,Fatty acid panel.comprehensive C8-C26,-,Pt,Ser/Plas,Qn,,"Fatty Acid Profile, Comprehensive (C8-C26), Serum","Fatty Acid Profile, Comprehensive (C8-C26), Serum"
43676-6,Fatty acid panel.essential C12-C22,-,Pt,Ser/Plas,Qn,,"Fatty Acid Profile, Essential, Serum","Fatty Acid Profile, Essential, Serum"
74218-9,Apixaban,MCnc,Pt,Ser/Plas,Qn,LC/MS/MS,"Apixaban, Plasma","Apixaban, Plasma"
60349-8,Malus sylvestris Ab.IgG,MCnc,Pt,Ser,Qn,,Apple IgG,Apple IgG
43675-8,Fatty acid panel.mitochondrial C8-C18,-,Pt,Ser/Plas,Qn,,"Fatty Acid Profile, Mitochondrial (C8-C18), Serum","Fatty Acid Profile, Mitochondrial (C8-C18), Serum"
101221-0,PM-SCL-100 extractable nuclear Ab,ACnc,Pt,Ser,Qn,IA,Anti-PM/Scl-100 Ab,Anti-PM/Scl-100 Ab
38893-4,ARIPiprazole,MCnc,Pt,Ser/Plas,Qn,,Aripiprazole,Aripiprazole
7094-6,Cynara scolymus Ab.IgE,ACnc,Pt,Ser,Qn,,Artichoke (Cynara scolymus) IgE,Artichoke (Cynara scolymus) IgE
101220-2,SUMO-activating enzyme subunit 1 Ab.IgG,ACnc,Pt,Ser,Qn,IA,"Anti-SAE1 Ab, IgG","Anti-SAE1 Ab, IgG"
7101-9,Populus tremula Ab.IgE,ACnc,Pt,Ser,Qn,,Aspen (Populus tremuloides) IgE,Aspen (Populus tremuloides) IgE
32136-4,Antidepressants,PrThr,Pt,Urine,Ord,,"Antidepressant Drug Screen, Ur, Quantitative","Antidepressant Drug Screen, Ur, Quantitative"
16142-2,Fat,MRat,24H,Stool,Qn,,"Fat, Feces","Fat, Feces"
81743-7,Th-To Ab,PrThr,Pt,Ser,Ord,Line blot,Anti-Th/To Ab,Anti-Th/To Ab
49963-2,Fibrillarin Ab,PrThr,Pt,Ser,Ord,,Anti-U3 RNP Antibodies (Fibrillarin),Anti-U3 RNP Antibodies (Fibrillarin)
60398-5,Persea americana Ab.IgG,MCnc,Pt,Ser,Qn,,Avocado IgG,Avocado IgG
16419-4,azaTHIOprine,MCnc,Pt,Ser/Plas,Qn,,Azathioprine (Imuran) as 6-Mercaptopurine,Azathioprine (Imuran) as 6-Mercaptopurine
96805-7,Cobalamins & folate panel,-,Pt,Ser,Qn,,"Vitamin B12 and Folate, Serum","Vitamin B12 and Folate, Serum"
49254-6,Bile acid pattern,Imp,Pt,Urine,Nar,,"Bile Acids, Urine","Bile Acids, Urine"
9353-4,Baclofen,MCnc,Pt,Ser/Plas,Qn,,"Baclofen, Serum","Baclofen, Serum"
60352-2,Musa spp Ab.IgG,MCnc,Pt,Ser,Qn,,Banana IgG,Banana IgG
51917-3,Hordeum vulgare Ab.IgG,MCnc,Pt,Ser,Qn,,Barley IgG,Barley IgG
5589-7,Barium,MCnc,Pt,Ser/Plas,Qn,,"Barium, Serum","Barium, Serum"
7120-9,Micropterus salmoides Ab.IgE,ACnc,Pt,Ser,Qn,,Bass Black (Sea Bass) (Centropristis striata) IgE,Bass Black (Sea Bass) (Centropristis striata) IgE
21096-3,Bean black Ab.IgE,ACnc,Pt,Ser,Qn,,Bean Black (Phaseolus spp) IgE,Bean Black (Phaseolus spp) IgE
35529-7,Beef Ab.IgG,MCnc,Pt,Ser,Qn,,Beef IgG,Beef IgG
9330-2,Benzene,MCnc,Pt,Bld,Qn,,"Benzene, Occupational Exposure, Blood","Benzene, Occupational Exposure, Blood"
9384-9,Benztropine,MCnc,Pt,Ser/Plas,Qn,,"Benztropine (Cogentin), Serum","Benztropine (Cogentin), Serum"
7571-3,Vigna sinensis Ab.IgE,ACnc,Pt,Ser,Qn,,Pea Black-Eyed/Cow Pea (Vigna sinensis) IgE,Pea Black-Eyed/Cow Pea (Vigna sinensis) IgE
8159-6,Beryllium,MCnc,Pt,Bld,Qn,,"Beryllium, Blood","Beryllium, Blood"
60353-0,Bean green Ab.IgG,MCnc,Pt,Ser,Qn,,Bean Green/String IgG,Bean Green/String IgG
95230-9,Biliary tract neoplasm chromosome aneuploidy & cytology analysis,Find,Pt,Tiss,Doc,,"Biliary Tract Malignancy-Cytology, FISH, Varies","Biliary Tract Malignancy-Cytology, FISH, Varies"
1964-6,Bicarbonate,SCnc,Pt,Urine,Qn,,"Bicarbonate, Urine","Bicarbonate, Urine"
60354-8,Bean kidney red Ab.IgG,MCnc,Pt,Ser,Qn,,Bean Kidney IgG,Bean Kidney IgG
601-5,Fungus,Prid,Pt,Bld,Nom,Culture,"Fungal Culture, Blood","Fungal Culture, Blood"
63090-5,Beta lactoglobulin Ab.IgG,MCnc,Pt,Ser,Qn,,Beta Lactoglobulin IgG,Beta Lactoglobulin IgG
7131-6,Phaseolus limensis Ab.IgE,ACnc,Pt,Ser,Qn,,Bean Lima (Phaseolus limensis) IgE,Bean Lima (Phaseolus limensis) IgE
58035-7,Vaccinium myrtillus Ab.IgG,MCnc,Pt,Ser,Qn,,Blueberry IgG,Blueberry IgG
6056-6,Bombus terrestris Ab.IgE,ACnc,Pt,Ser,Qn,,Venom Bumble Bee (Bombus terrestrus) IgE,Venom Bumble Bee (Bombus terrestrus) IgE
63079-8,Bean white Ab.IgG,MCnc,Pt,Ser,Qn,,Bean Navy/White IgG,Bean Navy/White IgG
42725-2,Bromide,MCnc,Pt,Bld,Qn,,"Bromine - Total, Blood","Bromine - Total, Blood"
6118-4,Kochia scoparia Ab.IgE,ACnc,Pt,Ser,Qn,,"Firebush (Kochia), IgE, Serum","Firebush (Kochia), IgE, Serum"
63124-2,Ocimum basilicum Ab.IgG,MCnc,Pt,Ser,Qn,,Basil IgG,Basil IgG
42584-3,Beet Ab.IgG,MCnc,Pt,Ser,Qn,,Beet Root IgG,Beet Root IgG
9356-7,busPIRone,MCnc,Pt,Ser/Plas,Qn,,Buspirone (Buspar),Buspirone (Buspar)
7123-3,Myrica spp Ab.IgE,ACnc,Pt,Ser,Qn,,Bayberry/Wax Myrtle (Myrica spp) IgE,Bayberry/Wax Myrtle (Myrica spp) IgE
4488-3,Complement C3a,MCnc,Pt,Ser/Plas,Qn,,C3a Level By RIA,C3a Level By RIA
60358-9,Brassica oleracea var capitata Ab.IgG,MCnc,Pt,Ser,Qn,,Cabbage IgG,Cabbage IgG
35391-2,Taenia solium larva Ab.IgG,ACnc,Pt,CSF,Qn,,"Cysticercus Antibody (IgG), ELISA, CSF","Cysticercus Antibody (IgG), ELISA, CSF"
60361-3,Brassica oleracea var botrytis Ab.IgG,MCnc,Pt,Ser,Qn,,Cauliflower IgG,Cauliflower IgG
30170-5,Periplaneta americana Ab.IgE,ACnc,Pt,Ser,Qn,,Cockroach American (Periplaneta americana) IgE,Cockroach American (Periplaneta americana) IgE
53829-8,Casein Ab.IgG,MCnc,Pt,Ser,Qn,,Casein IgG,Casein IgG
63109-3,Anacardium occidentale Ab.IgG,MCnc,Pt,Ser,Qn,,Cashew IgG,Cashew IgG
2053-7,Carotene,MCnc,Pt,Ser/Plas,Qn,,"Carotene, Beta","Carotene, Beta"
7187-8,Ictalurus punctatus Ab.IgE,ACnc,Pt,Ser,Qn,,Catfish (Siluriformes spp) IgE,Catfish (Siluriformes spp) IgE
82964-8,Cannabidiol,MCnc,Pt,Ser/Plas/Bld,Qn,Confirm,"Cannabidiol, Serum","Cannabidiol, Serum"
82539-8,Anacardium occidentale recombinant (rAna o) 3 Ab.IgE,ACnc,Pt,Ser,Qn,,Cashew Component rAna o 3,Cashew Component rAna o 3
63092-1,Cheese cheddar type Ab.IgG,MCnc,Pt,Ser,Qn,,Cheese Cheddar IgG,Cheese Cheddar IgG
97214-1,Acetyl Fentanyl,PrThr,Pt,TissCo,Ord,Screen,"Acetyl Fentanyl, Umbilical Cord Tissue","Acetyl Fentanyl, Umbilical Cord Tissue"
97588-8,Dextromethorphan+Levomethorphan,PrThr,Pt,TissCo,Ord,Screen,"Dextro/Levo Methorphan, Umbilical Cord Tissue","Dextro/Levo Methorphan, Umbilical Cord Tissue"
97298-4,Phencyclidine,PrThr,Pt,TissCo,Ord,Screen,"Phencyclidine, Umbilical Cord Tissue","Phencyclidine, Umbilical Cord Tissue"
97310-7,Zolpidem,PrThr,Pt,TissCo,Ord,Screen,"Zolpidem, Umbilical Cord Tissue","Zolpidem, Umbilical Cord Tissue"
35554-5,Chocolate Ab.IgG,MCnc,Pt,Ser,Qn,,Chocolate/Cacao IgG,Chocolate/Cacao IgG
3471-0,chlorproMAZINE,MCnc,Pt,Ser/Plas,Qn,,Chlorpromazine (Thorazine),Chlorpromazine (Thorazine)
35532-1,Chicken Ab.IgG,MCnc,Pt,Ser,Qn,,Chicken IgG,Chicken IgG
25375-7,Chymotrypsin,CCnt,Pt,Stool,Qn,,"Chymotrypsin, Stool","Chymotrypsin, Stool"
27831-7,Immune complex,ACnc,Pt,Ser/Plas,Qn,C1q binding assay,Circulating Immune Complexes (CIC),Circulating Immune Complexes (CIC)
60367-0,Cinnamomum spp Ab.IgG,MCnc,Pt,Ser,Qn,,Cinnamon IgG,Cinnamon IgG
11167-4,Cockatiel feather Ab.IgE,ACnc,Pt,Ser,Qn,,Cockatiel Feathers IgE,Cockatiel Feathers IgE
3495-9,cloNIDine,MCnc,Pt,Ser/Plas,Qn,,Clonidine (Catapres),Clonidine (Catapres)
20563-3,Carboxyhemoglobin/hemoglobin.total,MFr,Pt,Bld,Qn,,"Carbon Monoxide Exposure, Blood","Carbon Monoxide Exposure, Blood"
34720-3,Cytomegalovirus DNA,ACnc,Pt,XXX,Qn,Probe.amp.tar,CMV by PCR,CMV by PCR
34416-8,Nucleosome Ab,ACnc,Pt,Ser,Qn,IA,Chromatin (Nucleosomal) Antibody,Chromatin (Nucleosomal) Antibody
63084-8,Cocos nucifera Ab.IgG,MCnc,Pt,Ser,Qn,,Coconut IgG,Coconut IgG
6083-0,Coffea spp Ab.IgE,ACnc,Pt,Ser,Qn,,Coffee (Coffea spp) IgE,Coffee (Coffea spp) IgE
16633-0,Cocaine,PrThr,Pt,Bld,Ord,,Cocaine Analysis - Whole Blood,Cocaine Analysis - Whole Blood
5630-9,Copper,MCnc,Pt,RBC,Qn,,"Copper, RBCs","Copper, RBCs"
56231-4,Zea mays Ab.IgG4,MCnc,Pt,Ser,Qn,,Corn IgG4,Corn IgG4
35534-7,Zea mays Ab.IgG,MCnc,Pt,Ser,Qn,,Corn IgG,Corn IgG
60370-4,Cancer pagurus Ab.IgG,MCnc,Pt,Ser,Qn,,Crab IgG,Crab IgG
25609-9,Cochineal extract Ab.IgE,ACnc,Pt,Ser,Qn,,Carmine Dye/Red Dye Cochineal (Dactylopius coccus) IgE (Red # 4),Carmine Dye/Red Dye Cochineal (Dactylopius coccus) IgE (Red # 4)
7703-2,Ustilago maydis Ab.IgE,ACnc,Pt,Ser,Qn,,Smut Corn (Ustilago maydis) IgE,Smut Corn (Ustilago maydis) IgE
60360-5,Daucus carota Ab.IgG,MCnc,Pt,Ser,Qn,,Carrot IgG,Carrot IgG
30041-8,Curcuma longa Ab.IgE,ACnc,Pt,Ser,Qn,,Turmeric (Curcuma longa) IgE,Turmeric (Curcuma longa) IgE
69040-4,Chronic urticaria index panel,-,Pt,Ser/Plas,-,,CU (Chronic Urticaria) Index Panel,CU (Chronic Urticaria) Index Panel
63369-3,Chronic urticaria index,ACnc,Pt,Ser,Qn,,CU Index,CU Index
60371-2,Cucumis sativus Ab.IgG,MCnc,Pt,Ser,Qn,,Cucumber IgG,Cucumber IgG
42198-2,Curvularia specifera Ab.IgE,ACnc,Pt,Ser,Qn,,Curvularia spicifera/Bipolaris IgE,Curvularia spicifera/Bipolaris IgE
5634-1,Cyanide,MCnc,Pt,Bld,Qn,,"Cyanide, Blood Test","Cyanide, Blood Test"
52984-2,Cytomegalovirus Ab.IgG avidity,Ratio,Pt,Ser/Plas,Qn,IA,Cytomegalovirus IgG Avidity,Cytomegalovirus IgG Avidity
25095-1,Deoxypyridinoline/Creatinine,SRto,Pt,Urine,Qn,,"Deoxypyridinoline Crosslinks, Urine","Deoxypyridinoline Crosslinks, Urine"
580-1,Fungus,Prid,Pt,XXX,Nom,Culture,"Fungal Culture, Dermal","Fungal Culture, Dermal"
7287-6,Anthemis cotula Ab.IgE,ACnc,Pt,Ser,Qn,,Dog Fennel (Anthemis cotula) IgE,Dog Fennel (Anthemis cotula) IgE
3559-2,Digitoxin,MCnc,Pt,Ser/Plas,Qn,,"Digitoxin, Serum","Digitoxin, Serum"
6898-1,dilTIAZem,MCnc,Pt,Ser/Plas,Qn,,"Diltiazem (Cardizem, Dilacor)","Diltiazem (Cardizem, Dilacor)"
6738-9,Rumex crispus Ab.IgE,ACnc,Pt,Ser,Qn,,Dock Yellow (Rumex crispus) IgE,Dock Yellow (Rumex crispus) IgE
18287-3,Donath Landsteiner Ab,PrThr,Pt,Ser+RBC^Control,Ord,,Donath Landsteiner,Donath Landsteiner
13623-4,Dextromethorphan,MCnc,Pt,Ser/Plas,Qn,,"Dextromethorphan (DM), Serum","Dextromethorphan (DM), Serum"
6101-0,Duck meat Ab.IgE,ACnc,Pt,Ser,Qn,,Duck Meat IgE,Duck Meat IgE
75005-9,(Brassica oleracea var capitata+Capsicum annuum+Lycopersicon lycopersicum+Spinacia oleracea) Ab.IgE,ACnc,Pt,Ser,Qn,Multidisk,"Food Panel #2, Serum","Food Panel #2, Serum"
9814-5,Dextroamphetamine,MCnc,Pt,Ser/Plas,Qn,,Dexedrine (Dextroamphetamine),Dexedrine (Dextroamphetamine)
11172-4,Ferret epithelium Ab.IgE,ACnc,Pt,Ser,Qn,,"Ferret Epithelium, IgE, Serum","Ferret Epithelium, IgE, Serum"
35535-4,Egg white Ab.IgG,MCnc,Pt,Ser,Qn,,Egg White IgG,Egg White IgG
35536-2,Egg yolk Ab.IgG,MCnc,Pt,Ser,Qn,,Egg Yolk IgG,Egg Yolk IgG
29905-7,Entamoeba histolytica Ag,PrThr,Pt,Stool,Ord,IA,"Entamoeba histolytica Antigen, EIA","Entamoeba histolytica Antigen, EIA"
6899-9,Felbamate,MCnc,Pt,Ser/Plas,Qn,,"Felbamate (Felbatol), Serum","Felbamate (Felbatol), Serum"
59673-4,fentaNYL,PrThr,Pt,Urine,Ord,Screen,"Fentanyl Screen with Reflex, Random, Urine","Fentanyl Screen with Reflex, Random, Urine"
81275-0,Fentanyl & Norfentanyl panel,-,Pt,Ser/Plas,-,,"Fentanyl, Serum","Fentanyl, Serum"
67822-7,Fentanyl & Norfentanyl panel,-,Pt,Urine,-,,"Fentanyl with Metabolite Confirmation, Random, Urine","Fentanyl with Metabolite Confirmation, Random, Urine"
3591-5,ePHEDrine,MCnc,Pt,Ser/Plas,Qn,,"Ephedrine, Serum","Ephedrine, Serum"
7307-2,Epidermophyton floccosum Ab.IgE,ACnc,Pt,Ser,Qn,,Epidermophyton floccosum IgE,Epidermophyton floccosum IgE
54231-6,Semen analysis fertility panel,-,Pt,Semen,-,,"Semen Analysis, Semen","Semen Analysis, Semen"
20567-4,Ferritin,MCnc,Pt,Ser/Plas,Qn,IA,"Ferritin, Serum","Ferritin, Serum"
57028-3,Iron,MCnt,Pt,Liver,Qn,,"Iron, Liver Tissue","Iron, Liver Tissue"
72279-3,(Chicken feather+Duck feather+Goose feather+Turkey feather) Ab.IgE,ACnc,Pt,Ser,Qn,Multidisk,"Feather Panel # 2, Serum","Feather Panel # 2, Serum"
3244-1,Coagulum lysis,Time,Pt,PPP,Qn,Coag,Euglobulin Clot Lysis Time,Euglobulin Clot Lysis Time
56253-8,Egg white Ab.IgG4,MCnc,Pt,Ser,Qn,,Egg White IgG4,Egg White IgG4
45201-1,Egg whole Ab.IgG,MCnc,Pt,Ser,Qn,,Egg Whole IgG,Egg Whole IgG
14208-3,Filaria Ab.IgG4,ACnc,Pt,Ser,Qn,,Filaria Antibody (IgG4),Filaria Antibody (IgG4)
6797-5,Cyclobenzaprine,MCnc,Pt,Ser/Plas,Qn,,Cyclobenzaprine (Flexeril),Cyclobenzaprine (Flexeril)
73826-0,Flurazepam+N-desalkylflurazepam,MCnc,Pt,Ser/Plas/Bld,Qn,Confirm,Flurazepam (Dalmane) and Desalkylflurazepam,Flurazepam (Dalmane) and Desalkylflurazepam
18485-3,Mi-2 Ab,PrThr,Pt,Ser,Ord,,Anti-Mi-2 Ab,Anti-Mi-2 Ab
43595-8,Methadone,PrThr,Pt,Meconium,Ord,,Meconium Methadone Screen with Reflex Confirmation,Meconium Methadone Screen with Reflex Confirmation
80979-8,Frataxin,MCnc,Pt,Bld,Qn,,"Friedreich Ataxia, Frataxin, Quantitative, Blood","Friedreich Ataxia, Frataxin, Quantitative, Blood"
6892-4,Thyroxine.free,MCnc,Pt,Ser/Plas,Qn,Dialysis,"T4, Free, Direct Dialysis","T4, Free, Direct Dialysis"
80168-8,Pterins panel,-,Pt,CSF,-,,"Tetrahydrobiopterin and Neopterin Profile (BH4, N)","Tetrahydrobiopterin and Neopterin Profile (BH4, N)"
5747-1,Tin,MCnc,Pt,Bld,Qn,,"Tin, Blood","Tin, Blood"
5748-9,Tin,MCnc,Pt,Ser/Plas,Qn,,"Tin, Serum","Tin, Serum"
3002-3,Thiocyanate,MCnc,Pt,Ser/Plas,Qn,,"Thiocyanate, Serum","Thiocyanate, Serum"
9637-0,Toluene,MCnc,Pt,Bld,Qn,,"Toluene, Occupational Exposure, Blood","Toluene, Occupational Exposure, Blood"
43237-7,Thrombopoietin,MCnc,Pt,PPP,Qn,IA,Thrombopoietin (TPO),Thrombopoietin (TPO)
53923-9,HIV 1 tropism,Prid,Pt,Bld,Nar,,Trofile DNA Co-Receptor Tropism Assay,Trofile DNA Co-Receptor Tropism Assay
57182-8,HIV 1 RNA tropism,Prid,Pt,Plas,Nar,,Trofile Co-Receptor Tropism Assay,Trofile Co-Receptor Tropism Assay
4064-2,traZODone,MCnc,Pt,Ser/Plas,Qn,,Trazodone (Desyrel),Trazodone (Desyrel)
13879-2,Collagen type 2 Ab.IgG,ACnc,Pt,Ser,Qn,,Collagen Type II antibody,Collagen Type II antibody
3659-0,Furosemide,MCnc,Pt,Ser/Plas,Qn,,Furosemide (Lasix),Furosemide (Lasix)
10988-4,fluvoxaMINE,MCnc,Pt,Ser/Plas,Qn,,Fluvoxamine (Luvox),Fluvoxamine (Luvox)
81789-0,Juglans regia recombinant (rJug r) 3 Ab.IgE,ACnc,Pt,Ser,Qn,,Walnut Component rJug r 3,Walnut Component rJug r 3
59680-9,Gabapentin,MCnc,Pt,Urine,Qn,,"Gabapentin, Urine","Gabapentin, Urine"
15367-6,Ganciclovir,MCnc,Pt,Ser/Plas,Qn,,"Ganciclovir, Plasma","Ganciclovir, Plasma"
60374-6,Allium sativum Ab.IgG,MCnc,Pt,Ser,Qn,,Garlic IgG,Garlic IgG
12722-5,Insulin-like growth factor binding protein 1,MCnc,Pt,Ser/Plas,Qn,,Insulin-like Growth Factor-binding Protein-1 (IGFBP-1),Insulin-like Growth Factor-binding Protein-1 (IGFBP-1)
51723-5,Fungus,PrThr,Pt,XXX,Ord,Organism specific culture,"Fungal Culture, Routine","Fungal Culture, Routine"
78915-6,FGFR1 gene rearrangements,PrThr,Pt,Bld/Tiss,Ord,FISH,"FGFR1 (8p11.2) Amplification, FISH, Tissue","FGFR1 (8p11.2) Amplification, FISH, Tissue"
95784-5,FGFR2 gene rearrangements,Find,Pt,Tiss,Doc,FISH,"FGFR2 (10q26.1) Rearrangement, FISH, Tissue","FGFR2 (10q26.1) Rearrangement, FISH, Tissue"
46085-7,Gamma hydroxybutyrate,PrThr,Pt,Ser/Plas,Ord,,"Gamma-Hydroxybutyric Acid (GHB), Serum/Plasma","Gamma-Hydroxybutyric Acid (GHB), Serum/Plasma"
29868-7,Gamma hydroxybutyrate,PrThr,Pt,Urine,Ord,,"Gamma-Hydroxybutyric Acid (GHB), Urine","Gamma-Hydroxybutyric Acid (GHB), Urine"
76474-6,Ghrelin,MCnc,Pt,Ser/Plas,Qn,,Ghrelin Total (Plasma),Ghrelin Total (Plasma)
10539-5,glipiZIDE,MCnc,Pt,Ser/Plas,Qn,,Glipizide (Glucotrol),Glipizide (Glucotrol)
53835-5,"1,5-Anhydroglucitol",MCnc,Pt,Ser/Plas,Qn,,GlycoMark,GlycoMark
63091-3,Gluten Ab.IgG,MCnc,Pt,Ser,Qn,,Gluten IgG,Gluten IgG
60411-6,Turkey Ab.IgG,MCnc,Pt,Ser,Qn,,Turkey IgG,Turkey IgG
16103-4,Gelatin porcine Ab.IgE,ACnc,Pt,Ser,Qn,,Gelatin Porcine IgE,Gelatin Porcine IgE
60376-1,Vitis vinifera Ab.IgG,MCnc,Pt,Ser,Qn,,Grape IgG,Grape IgG
49723-0,Camellia sinensis Ab.IgG,MCnc,Pt,Ser,Qn,,Tea IgG,Tea IgG
21565-7,tiaGABine,MCnc,Pt,Ser/Plas,Qn,,"Tiagabine (Gabitril), Serum","Tiagabine (Gabitril), Serum"
41213-0,Xanthan gum Ab.IgE,ACnc,Pt,Ser,Qn,,Gum Xanthan IgE,Gum Xanthan IgE
7383-3,Celtis occidentalis Ab.IgE,ACnc,Pt,Ser,Qn,,Hackberry (Celtis occidentalis) IgE,Hackberry (Celtis occidentalis) IgE
7384-1,Melanogrammus aeglefinus Ab.IgE,ACnc,Pt,Ser,Qn,,Haddock (Melanogrammus aeglefinus) IgE,Haddock (Melanogrammus aeglefinus) IgE
60379-5,Hippoglossus hippoglossus Ab.IgG,MCnc,Pt,Ser,Qn,,Halibut IgG,Halibut IgG
14975-7,Human antimouse Ab,MCnc,Pt,Ser,Qn,,Human Anti-mouse Antibody (HAMA),Human Anti-mouse Antibody (HAMA)
32366-7,Hepatitis B virus genotype,Prid,Pt,Ser/Plas,Nom,Probe.amp.tar,Hepatitis B Virus Genotyping,Hepatitis B Virus Genotyping
1674-1,18-Hydroxycorticosterone,MCnc,Pt,Ser/Plas,Qn,,"18-Hydroxycorticosterone, Serum","18-Hydroxycorticosterone, Serum"
7744-6,Ailanthus altissima Ab.IgE,ACnc,Pt,Ser,Qn,,Tree of Heaven (Ailanthus spp) IgE,Tree of Heaven (Ailanthus spp) IgE
3282-1,Coagulation,Time,Pt,PPP,Qn,Coag.surface induced.hexagonal phase phospholipid,Hexagonal Phase Phospholipid (HPP),Hexagonal Phase Phospholipid (HPP)
77202-0,Laboratory comment,Txt,Pt,Report,Nar,,Comment,Comment
29495-9,Herpes virus 6 DNA,PrThr,Pt,XXX,Ord,Probe.amp.tar,"Herpes Virus 6 (HHV-6) DNA, Qualitative Real-Time PCR","Herpes Virus 6 (HHV-6) DNA, Qualitative Real-Time PCR"
57290-9,HLA-A,Type,Pt,Bld/Tiss,Nom,High resolution,HLA A High Resolution,HLA A High Resolution
45028-8,HLA-B SBT,Type,Pt,Bld/Tiss,Nom,High resolution,HLA B High Resolution,HLA B High Resolution
45031-2,HLA-C SBT,Type,Pt,Bld/Tiss,Nom,High resolution,HLA C High Resolution,HLA C High Resolution
74773-3,Immunoglobulin light chains & heavy chains panel,-,Pt,Ser/Plas,-,,"Immunoglobulin A (IgA) Heavy and Light Chain (HLC) Pairs, Kappa and Lambda with Ratio","Immunoglobulin A (IgA) Heavy and Light Chain (HLC) Pairs, Kappa and Lambda with Ratio"
49739-6,Apis mellifera Ab.IgG,MCnc,Pt,Ser,Qn,,Venom Honey Bee IgG,Venom Honey Bee IgG
7420-3,Armoracia rusticana Ab.IgE,ACnc,Pt,Ser,Qn,,Horseradish (Armoracia rusticana/A.lapathifolia) IgE,Horseradish (Armoracia rusticana/A.lapathifolia) IgE
2104-8,Choriomammotropin,MCnc,Pt,Ser,Qn,,Human Placental Lactogen (HPL),Human Placental Lactogen (HPL)
51754-0,Histoplasma capsulatum Ag,MCnc,Pt,CSF,Qn,IA,"MVista Histoplasma Ag Quantitative, Spinal Fluid","MVista Histoplasma Ag Quantitative, Spinal Fluid"
2416-6,Histamine,MCnc,Pt,Ser/Plas,Qn,,Histamine Plasma,Histamine Plasma
11175-7,Helminthosporium sativum Ab.IgE,ACnc,Pt,Ser,Qn,,Helminthosporium sativum/Drechslera IgE,Helminthosporium sativum/Drechslera IgE
57766-8,Histoplasma capsulatum Ag,MCnc,Pt,Body fld,Qn,,MVista Histoplasma Ag Quantitative EIA,MVista Histoplasma Ag Quantitative EIA
46436-2,Histamine,SCnc,Pt,Bld,Qn,,"Histamine, Whole Blood","Histamine, Whole Blood"
49397-3,Herpes virus 7 DNA,NCnc,Pt,Ser/Plas,Qn,Probe.amp.tar,"Herpesvirus 7 (HHV-7) DNA, Quantitative Real-Time PCR","Herpesvirus 7 (HHV-7) DNA, Quantitative Real-Time PCR"
49406-2,Herpes virus 8 DNA,NCnc,Pt,Bld,Qn,Probe.amp.tar,"Herpesvirus 8 (HHV-8) DNA, Quantitative Real-Time PCR","Herpesvirus 8 (HHV-8) DNA, Quantitative Real-Time PCR"
31209-0,Islet cell 512 Ab,ACnc,Pt,Ser,Qn,,IA2 Autoantibodies,IA2 Autoantibodies
3256-5,Fibrinogen Ag,MCnc,Pt,PPP,Qn,IA,"Fibrinogen Antigen, Plasma","Fibrinogen Antigen, Plasma"
48796-7,Hepatitis C virus FibroSURE panel,-,Pt,Ser/Plas,-,,"FibroTest-ActiTest, Serum","FibroTest-ActiTest, Serum"
3255-7,Fibrinogen,MCnc,Pt,PPP,Qn,Coag,"Fibrinogen, Plasma","Fibrinogen, Plasma"
3687-1,Ibuprofen,MCnc,Pt,Ser/Plas,Qn,,"Ibuprofen (Motrin, Advil, Nuprin), serum","Ibuprofen (Motrin, Advil, Nuprin), serum"
27415-9,Interferon.gamma,MCnc,Pt,Ser/Plas,Qn,,Interferon-gamma (IFN-y) Serum,Interferon-gamma (IFN-y) Serum
11173-2,Ficus carica Ab.IgE,ACnc,Pt,Ser,Qn,,Fig (Ficus carica) IgE,Fig (Ficus carica) IgE
10662-5,Filaria,Prid,Pt,Bld,Nom,Concentration,"Filaria, Blood","Filaria, Blood"
33939-0,Interleukin 2,MCnc,Pt,Ser/Plas,Qn,,"Interleukin 2, Serum","Interleukin 2, Serum"
27161-9,Interleukin 4,MCnc,Pt,Ser/Plas,Qn,,Interleukin-4 (IL-4) Serum,Interleukin-4 (IL-4) Serum
33211-4,Interleukin 8,MCnc,Pt,Ser/Plas,Qn,,Interleukin-8 (IL-8) Serum,Interleukin-8 (IL-8) Serum
33821-0,Interleukin 1 alpha,MCnc,Pt,Ser/Plas,Qn,,Interleukin 1-Alpha,Interleukin 1-Alpha
8072-1,Insulin Ab,ACnc,Pt,Ser,Qn,,Insulin Autoantibodies (IAA),Insulin Autoantibodies (IAA)
13833-9,Finch feather Ab.IgE,ACnc,Pt,Ser,Qn,,"Finch Feathers, IgE, Serum","Finch Feathers, IgE, Serum"
7733-9,Manihot esculenta crantz Ab.IgE,ACnc,Pt,Ser,Qn,,Tapioca IgE,Tapioca IgE
3697-0,Isoniazid,MCnc,Pt,Ser/Plas,Qn,,Isoniazid (INH),Isoniazid (INH)
13174-8,Interpretation,Imp,Pt,CSF,Nom,Immunofixation,"Immunofixation, CSF","Immunofixation, CSF"
11189-8,Pepper jalapeno Ab.IgE,ACnc,Pt,Ser,Qn,,Jalapeno/Chipotle (Capsicum annuum) IgE,Jalapeno/Chipotle (Capsicum annuum) IgE
14726-4,Fluoride,SCnc,Pt,Ser/Plas,Qn,,"Fluoride, Plasma","Fluoride, Plasma"
96910-5,Acanthamoeba sp & Naegleria fowleri & Balamuthia mandrillaris DNA panel,-,Pt,XXX,-,,"Free-Living Amebae, Molecular Detection, PCR, Varies","Free-Living Amebae, Molecular Detection, PCR, Varies"
50639-4,Harmonia axyridis Ab.IgE,ACnc,Pt,Ser,Qn,,Ladybeetle Multicolored Asian (Harmonia axyridis) IgE,Ladybeetle Multicolored Asian (Harmonia axyridis) IgE
104533-5,Immunoglobulin light chains.free panel,-,Pt,Ser/Plas,-,Turbidimetry,"Immunoglobulin Free Light Chains, Serum","Immunoglobulin Free Light Chains, Serum"
18262-6,Cholesterol.in LDL,MCnc,Pt,Ser/Plas,Qn,Direct assay,"LDL Cholesterol, Direct","LDL Cholesterol, Direct"
3638-4,Flecainide,MCnc,Pt,Ser/Plas,Qn,,"Flecainide, Serum","Flecainide, Serum"
60381-1,Citrus limon Ab.IgG,MCnc,Pt,Ser,Qn,,Lemon IgG,Lemon IgG
63118-4,Lens esculenta Ab.IgG,MCnc,Pt,Ser,Qn,,Lentil IgG,Lentil IgG
21365-2,Leptin,MCnc,Pt,Ser/Plas,Qn,,Leptin,Leptin
51919-9,Lactuca sativa Ab.IgG,MCnc,Pt,Ser,Qn,,Lettuce IgG,Lettuce IgG
59295-6,Levamisole,MCnc,Pt,Urine,Qn,,"Levamisole, Urine","Levamisole, Urine"
10888-6,Triacylglycerol lipase,CCnc,Pt,Urine,Qn,,"Lipase, Random Urine","Lipase, Random Urine"
19346-6,Amphetamine,MCnc,Pt,Urine,Qn,,"Lisdexamfetamine as Metabolite, Urine","Lisdexamfetamine as Metabolite, Urine"
33643-8,Limulus amebocyte lysate test,ACnc,Pt,Flu.nonbiological,Qn,,"Limulus Amebocyte Lysate, Endotoxin","Limulus Amebocyte Lysate, Endotoxin"
7316-3,Flounder Ab.IgE,ACnc,Pt,Ser,Qn,,Flounder (Bothidae/Pleuronectidae Fam) IgE,Flounder (Bothidae/Pleuronectidae Fam) IgE
12389-3,OLANZapine,MCnc,Pt,Ser/Plas,Qn,,Olanzapine (Zyprexa),Olanzapine (Zyprexa)
5679-6,Lysergate diethylamide,MCnc,Pt,Urine,Qn,,"LSD Trace Analysis, Urine","LSD Trace Analysis, Urine"
79210-1,FLT3 gene internal tandem duplication,PrThr,Pt,Bld/Tiss,Ord,Molgen,"FLT3 Mutation Analysis, Varies","FLT3 Mutation Analysis, Varies"
3639-2,5-Fluorocytosine,MCnc,Pt,Ser/Plas,Qn,,"5-Flucytosine, Serum","5-Flucytosine, Serum"
78922-2,Respiratory pathogens DNA & RNA panel,-,Pt,Nph,-,Probe.amp.tar,"Influenza Virus Type A and Type B, and Respiratory Syncytial Virus (RSV), Molecular Detection, PCR, Nasopharyngeal Swab","Influenza Virus Type A and Type B, and Respiratory Syncytial Virus (RSV), Molecular Detection, PCR, "
75515-7,Lupus anticoagulant two screening tests W Reflex panel,-,Pt,PPP,-,Coag,Lupus Anticoagulant Evaluation with Reflex,Lupus Anticoagulant Evaluation with Reflex
3728-3,Loxapine,MCnc,Pt,Ser/Plas,Qn,,"Loxapine, Plasma","Loxapine, Plasma"
15358-5,Macroamylase,PrThr,Pt,Ser/Plas,Ord,,Macroamylase,Macroamylase
3412-4,Bupivacaine,MCnc,Pt,Ser/Plas,Qn,,Bupivacaine (Marcaine),Bupivacaine (Marcaine)
42491-1,Cannabinoids,PrThr,Pt,Bld,Ord,Screen,"Cannabinoid Analysis, Whole Blood","Cannabinoid Analysis, Whole Blood"
35547-9,Lycopersicon lycopersicum Ab.IgG,MCnc,Pt,Ser,Qn,,Tomato IgG,Tomato IgG
75308-7,Fetal blood,Vol,Pt,Bld,Qn,Flow cytometry,"Fetomaternal Bleed, Flow Cytometry, Blood","Fetomaternal Bleed, Flow Cytometry, Blood"
56234-8,Cow milk Ab.IgG4,MCnc,Pt,Ser,Qn,,Milk Cow IgG4,Milk Cow IgG4
11055-1,Melatonin,MCnc,Pt,Ser/Plas,Qn,,"Melatonin, Plasma","Melatonin, Plasma"
63095-4,Cucumis melo spp Ab.IgG,MCnc,Pt,Ser,Qn,,Melons IgG,Melons IgG
68314-4,Meperidine & Normeperidine panel,-,Pt,Ser/Plas,-,,"Meperidine (Demerol) and Normeperidine, serum","Meperidine (Demerol) and Normeperidine, serum"
11242-5,Mercaptopurine,MCnc,Pt,Ser/Plas,Qn,,"Mercaptopurine (6-MP, Purinethol)","Mercaptopurine (6-MP, Purinethol)"
16244-6,Methaqualone,MCnc,Pt,Urine,Qn,Confirm,"Methaqualone Confirmation, Urine","Methaqualone Confirmation, Urine"
35698-0,metFORMIN,MCnc,Pt,Ser/Plas,Qn,,"Metformin, Plasma","Metformin, Plasma"
3801-8,Methsuximide,MCnc,Pt,Ser/Plas,Qn,,Methsuximide (Celontin) as Desmethylmethsuximide,Methsuximide (Celontin) as Desmethylmethsuximide
59711-2,Midazolam,MCnc,Pt,Ser/Plas,Qn,Confirm,"Midazolam (Versed), serum","Midazolam (Versed), serum"
11186-4,Setaria italica Ab.IgE,ACnc,Pt,Ser,Qn,,"Foxtail Millet, IgE, Serum","Foxtail Millet, IgE, Serum"
11190-6,Mentha piperita Ab.IgE,ACnc,Pt,Ser,Qn,,Mint (Mentha Piperita) IgE,Mint (Mentha Piperita) IgE
17283-3,Mirtazapine,MCnc,Pt,Ser/Plas,Qn,,Mirtazapine (Remeron),Mirtazapine (Remeron)
82570-3,Coryphaena hippurus Ab.IgE,ACnc,Pt,Ser,Qn,,Mahi Mahi IgE,Mahi Mahi IgE
87467-7,Manganese,MCnc,Pt,XXX,Qn,,"Manganese, RBC and Plasma","Manganese, RBC and Plasma"
7479-9,Acer rubrum Ab.IgE,ACnc,Pt,Ser,Qn,,Maple Red (Acer rubrum) IgE,Maple Red (Acer rubrum) IgE
5324-9,Rickettsia typhi Ab.IgG,Titr,Pt,Ser,SemiQn,IF,"Rickettsia typhi (murine typhus) Antibodies, IgG","Rickettsia typhi (murine typhus) Antibodies, IgG"
60384-5,Mustard Ab.IgG,MCnc,Pt,Ser,Qn,,Mustard Food IgG,Mustard Food IgG
35540-4,Agaricus hortensis Ab.IgG,MCnc,Pt,Ser,Qn,,Mushroom IgG,Mushroom IgG
12406-5,Nadolol,MCnc,Pt,Ser/Plas,Qn,,"Nadolol, Serum/Plasma","Nadolol, Serum/Plasma"
7523-4,Prunus persica var nucipersica Ab.IgE,ACnc,Pt,Ser,Qn,,Nectarine (Prunus spp) IgE,Nectarine (Prunus spp) IgE
34908-4,Neopterin,MCnc,Pt,Ser/Plas,Qn,,Neopterin,Neopterin
2655-9,Neurotensin,MCnc,Pt,Plas,Qn,,Neurotensin,Neurotensin
6164-8,Quercus virginiana Ab.IgE,ACnc,Pt,Ser,Qn,,Oak Live (Quercus virginiana) IgE,Oak Live (Quercus virginiana) IgE
51901-7,Avena sativa Ab.IgG,MCnc,Pt,Ser,Qn,,Oat IgG,Oat IgG
29771-3,Hemoglobin,PrThr,Pt,Stool^Patient.gastrointestinal.lower,Ord,IA,"Fecal Occult Blood, Colorectal Cancer Screen, Qualitative, Immunochemical, Feces","Fecal Occult Blood, Colorectal Cancer Screen, Qualitative, Immunochemical, Feces"
2284-8,Folate,MCnc,Pt,Ser/Plas,Qn,,"Folate, Serum","Folate, Serum"
78697-0,Olea europaea Ab.IgG,MCnc,Pt,Ser,Qn,,Olive Black IgG,Olive Black IgG
35541-2,Allium cepa Ab.IgG,MCnc,Pt,Ser,Qn,,Onion IgG,Onion IgG
46707-6,(Anacardium occidentale+Carya illinoinensis+Juglans spp+Pistacia vera) Ab.IgE,ACnc,Pt,Ser,Qn,Multidisk,"Food-Nut Panel # 2, Serum","Food-Nut Panel # 2, Serum"
46714-2,(Malus sylvestris+Musa spp+Prunus persica+Pyrus communis) Ab.IgE,ACnc,Pt,Ser,Qn,Multidisk,"Food-Fruit Panel, Serum","Food-Fruit Panel, Serum"
46713-4,(Hordeum vulgare+Oryza sativa+Secale cereale+Triticum aestivum) Ab.IgE,ACnc,Pt,Ser,Qn,Multidisk,"Food-Grain Panel, Serum","Food-Grain Panel, Serum"
30187-9,(Arachis hypogaea+Cow milk+Egg white+Gadus morhua+Glycine max+Triticum aestivum) Ab.IgE,ACnc,Pt,Ser,Qn,Multidisk,"Food Panel, Serum","Food Panel, Serum"
46712-6,(Gadus morhua+Mytilus edulis+Pandalus borealis+Salmo salar+Thunnus albacares) Ab.IgE,ACnc,Pt,Ser,Qn,Multidisk,"Food-Seafood Panel, Serum","Food-Seafood Panel, Serum"
46708-4,(Arachis hypogaea+Bertholletia excelsa+Cocos nucifera+Corylus avellana+Prunus dulcis) Ab.IgE,ACnc,Pt,Ser,Qn,Multidisk,"Food-Nut Panel # 1, Serum","Food-Nut Panel # 1, Serum"
2292-1,Formate,MCnc,Pt,Ser/Plas,Qn,,"Formic Acid, Serum","Formic Acid, Serum"
51904-1,Citrus sinensis Ab.IgG,MCnc,Pt,Ser,Qn,,Orange IgG,Orange IgG
7555-6,Iris germanica var florentina Ab.IgE,ACnc,Pt,Ser,Qn,,Orris Root (Iris florentina) IgE,Orris Root (Iris florentina) IgE
21436-1,Ovary Ab,PrThr,Pt,Ser,Ord,IF,"Ovarian Antibody Screen with Reflex to Titer, IFA","Ovarian Antibody Screen with Reflex to Titer, IFA"
93807-6,FOXO1 gene rearrangements,Find,Pt,Tiss,Doc,FISH,"Alveolar Rhabdomyosarcoma (ARMS), 13q14 (FOXO1 or FKHR) Rearrangement, FISH, Tissue","Alveolar Rhabdomyosarcoma (ARMS), 13q14 (FOXO1 or FKHR) Rearrangement, FISH, Tissue"
2722-7,Pantothenate,MCnc,Pt,Ser/Plas/Bld,Qn,,Vitamin B5 (Pantothenic Acid) Bioassay,Vitamin B5 (Pantothenic Acid) Bioassay
9383-1,9-Hydroxyrisperidone,MCnc,Pt,Ser/Plas,Qn,,"Paliperidone, Serum","Paliperidone, Serum"
63094-7,Petroselinum crispum Ab.IgG,MCnc,Pt,Ser,Qn,,Parsley IgG,Parsley IgG
60392-8,Piper nigrum Ab.IgG,MCnc,Pt,Ser,Qn,,Pepper Black IgG,Pepper Black IgG
63114-3,Capsicum annuum Ab.IgG,MCnc,Pt,Ser,Qn,,Pepper Bell/Paprika IgG,Pepper Bell/Paprika IgG
63108-5,Carya illinoinensis nut Ab.IgG,MCnc,Pt,Ser,Qn,,Pecan Food IgG,Pecan Food IgG
11188-0,Pepper cayenne Ab.IgE,ACnc,Pt,Ser,Qn,,Pepper Cayenne (Capsicum frutescens) IgE,Pepper Cayenne (Capsicum frutescens) IgE
24505-0,Pigeon droppings Ab,PrThr,Pt,Ser,Ord,Immune diffusion,Pigeon/Dove Droppings Gel Diffusion,Pigeon/Dove Droppings Gel Diffusion
60390-2,Prunus persica Ab.IgG,MCnc,Pt,Ser,Qn,,Peach IgG,Peach IgG
45182-3,HIV phenotype,Susc,Pt,Isolate,Nom,Phenotyping,Phenosense Entry HIV Drug Resistance Assay,Phenosense Entry HIV Drug Resistance Assay
60389-4,Pisum sativum Ab.IgG,MCnc,Pt,Ser,Qn,,Pea Green IgG,Pea Green IgG
57036-6,Phadiatop inhalant allergen Ab.IgE,ACnc,Pt,Ser,Qn,,Phadiatop (Allergy Screen),Phadiatop (Allergy Screen)
3988-3,Promethazine,MCnc,Pt,Ser/Plas,Qn,,Promethazine (Phenergan),Promethazine (Phenergan)
2755-7,pH,LsCnc,Pt,Stool,SemiQn,,"pH, Fecal","pH, Fecal"
49665-3,HIV susceptibility panel,-,Pt,Isolate,-,Phenotyping,Phenosense HIV Drug Resistance Replication Capacity,Phenosense HIV Drug Resistance Replication Capacity
60394-4,Ananas comosus Ab.IgG,MCnc,Pt,Ser,Qn,,Pineapple IgG,Pineapple IgG
58912-7,Pigeon feather Ab.IgG,MCnc,Pt,Ser,Qn,,Pigeon Feathers IgG,Pigeon Feathers IgG
7610-9,Pinus ponderosa Ab.IgE,ACnc,Pt,Ser,Qn,,Pine Ponderosa IgE,Pine Ponderosa IgE
5714-1,Platinum,MCnc,Pt,Ser/Plas,Qn,,"Platinum, Serum","Platinum, Serum"
56351-0,Arachis hypogaea Ab.IgG4,MCnc,Pt,Ser,Qn,,Peanut IgG4,Peanut IgG4
35542-0,Arachis hypogaea Ab.IgG,MCnc,Pt,Ser,Qn,,Peanut IgG,Peanut IgG
11191-4,Pollachius virens Ab.IgE,ACnc,Pt,Ser,Qn,,Pollock White (Pollachius virens) IgE,Pollock White (Pollachius virens) IgE
68320-1,Polio virus Ab panel,Titr,Pt,Ser,SemiQn,,"Poliovirus (Types 1, 3) Antibodies, Neutralization","Poliovirus (Types 1, 3) Antibodies, Neutralization"
21471-8,Punica granatum Ab.IgE,ACnc,Pt,Ser,Qn,,Pomegranate (Punica granatum) IgE,Pomegranate (Punica granatum) IgE
21473-4,Populus alba Ab.IgE,ACnc,Pt,Ser,Qn,,Poplar White (Populus alba) IgE,Poplar White (Populus alba) IgE
35543-8,Pork Ab.IgG,MCnc,Pt,Ser,Qn,,Pork IgG,Pork IgG
56442-7,Pork Ab.IgG4,MCnc,Pt,Ser,Qn,,Pork IgG4,Pork IgG4
12838-9,Prostaglandin D2,MCnc,Pt,Urine,Qn,,"Prostaglandin D2 (PG D2), Random Urine","Prostaglandin D2 (PG D2), Random Urine"
13928-7,Parathyrin Ab,PrThr,Pt,Ser,Ord,,PTH Antibody,PTH Antibody
35544-6,Solanum tuberosum Ab.IgG,MCnc,Pt,Ser,Qn,,Potato White IgG,Potato White IgG
7639-8,Chrysanthemum cinerariifolium Ab.IgE,ACnc,Pt,Ser,Qn,,Pyrethrum IgE,Pyrethrum IgE
94548-5,Porphyrin fractions panel,MRat,24H,Stool,Qn,,"Porphyrins, Feces","Porphyrins, Feces"
26776-5,QUEtiapine,MCnc,Pt,Ser/Plas,Qn,,Quetiapine (Seroquel),Quetiapine (Seroquel)
25743-6,Chenopodium quinoa Ab.IgE,ACnc,Pt,Ser,Qn,,Quinoa (Chenopodium quinoa) IgE,Quinoa (Chenopodium quinoa) IgE
7643-0,Raphanus sativus Ab.IgE,ACnc,Pt,Ser,Qn,,Radish (Raphanus sativus) IgE,Radish (Raphanus sativus) IgE
98904-6,Osmotic fragility panel,-,Pt,RBC,-,,"Osmotic Fragility, Erythrocytes","Osmotic Fragility, Erythrocytes"
7656-2,Rubus idaeus Ab.IgE,ACnc,Pt,Ser,Qn,,Raspberry IgG,Raspberry IgG
1836-6,Retinol binding protein,MCnc,Pt,Ser/Plas,Qn,,Retinol Binding Protein,Retinol Binding Protein
7195-1,Juniperus virginiana Ab.IgE,ACnc,Pt,Ser,Qn,,Cedar Red (Juniperus virginiana) IgE,Cedar Red (Juniperus virginiana) IgE
7665-3,Rhodotorula spp Ab.IgE,ACnc,Pt,Ser,Qn,,Rhodotorula IgE,Rhodotorula IgE
3562-6,Digoxin.free,MCnc,Pt,Ser/Plas,Qn,,"Digoxin, Free, Serum","Digoxin, Free, Serum"
6524-3,Rabies virus Ab.Neut,ACnc,Pt,Ser,Qn,Neut,Rabies Antibody Endpoint,Rabies Antibody Endpoint
51933-0,Secale cereale Ab.IgG,MCnc,Pt,Ser,Qn,,Rye Food IgG,Rye Food IgG
35545-3,Oryza sativa Ab.IgG,MCnc,Pt,Ser,Qn,,Rice IgG,Rice IgG
55157-2,Risperidone & 9-Hydroxyrisperidone panel,-,Pt,Ser/Plas,Qn,,Risperidone (Risperdal) and 9-Hydroxyrisperidone,Risperidone (Risperdal) and 9-Hydroxyrisperidone
6119-2,Formaldehyde Ab.IgE,ACnc,Pt,Ser,Qn,,"Formaldehyde, IgE, Serum","Formaldehyde, IgE, Serum"
7534-1,Quercus rubra Ab.IgE,ACnc,Pt,Ser,Qn,,Oak Red (Quercus rubra) IgE,Oak Red (Quercus rubra) IgE
51203-8,Ropivacaine,MCnc,Pt,Ser/Plas,Qn,,"Ropivacaine, Serum/Plasma","Ropivacaine, Serum/Plasma"
13943-6,Fructose,PrThr,Pt,Semen,Ord,,"Fructose, Qualitative, Semen","Fructose, Qualitative, Semen"
7661-2,Snapper red Ab.IgE,ACnc,Pt,Ser,Qn,,Red Snapper (Lutjanus spp) IgE,Red Snapper (Lutjanus spp) IgE
40988-8,Respiratory syncytial virus RNA,PrThr,Pt,XXX,Ord,Probe.amp.tar,"Respiratory Syncytial Virus (RSV) RNA, Qualitative Real-Time PCR","Respiratory Syncytial Virus (RSV) RNA, Qualitative Real-Time PCR"
3052-8,Triiodothyronine.reverse,MCnc,Pt,Ser/Plas,Qn,,"T3 Reverse, LC/MS/MS","T3 Reverse, LC/MS/MS"
83122-2,Thyroxine.free,MCnc,Pt,Ser/Plas,Qn,IA,"T4 (Thyroxine), Free, Serum","T4 (Thyroxine), Free, Serum"
32215-6,Thyroxine free index,MCnc,Pt,Ser/Plas,Qn,Calculated,"Free Thyroxine Index (FTI), Serum","Free Thyroxine Index (FTI), Serum"
7667-9,Rheum spp Ab.IgE,ACnc,Pt,Ser,Qn,,Rhubarb (Rheum rhaponticum) IgE,Rhubarb (Rheum rhaponticum) IgE
15069-8,Fructosamine,SCnc,Pt,Ser/Plas,Qn,,"Fructosamine, Serum","Fructosamine, Serum"
6115-0,Franseria acanthicarpa Ab.IgE,ACnc,Pt,Ser,Qn,,"False Ragweed, IgE, Serum","False Ragweed, IgE, Serum"
658-5,Observation,Prid,Pt,XXX,Nom,Calcofluor white preparation,"Fungal Smear, Varies","Fungal Smear, Varies"
49598-6,Natalizumab Ab,PrThr,Pt,Ser,Ord,IA,Tysabri (Natalizumab) Immunogenicity,Tysabri (Natalizumab) Immunogenicity
7678-6,Salvia officinalis Ab.IgE,ACnc,Pt,Ser,Qn,,Sage (Artemisia spp.) IgE,Sage (Artemisia spp.) IgE
60400-9,Salmo salar Ab.IgG,MCnc,Pt,Ser,Qn,,Salmon IgG,Salmon IgG
7215-7,Cheese swiss Ab.IgE,ACnc,Pt,Ser,Qn,,Cheese Swiss IgE,Cheese Swiss IgE
7723-0,Saccharum officinarum Ab.IgE,ACnc,Pt,Ser,Qn,,Sugar Cane (Saccharum officinarum) IgE,Sugar Cane (Saccharum officinarum) IgE
78438-9,Sertraline trough & Norsertraline panel,-,Pt,Ser/Plas,Qn,,Sertraline (Zoloft) and Desmethylsertraline,Sertraline (Zoloft) and Desmethylsertraline
60402-5,Sesamum indicum Ab.IgG,MCnc,Pt,Ser,Qn,,Sesame Seed IgG,Sesame Seed IgG
7676-0,Carthamus tinctorius Ab.IgE,ACnc,Pt,Ser,Qn,,Safflower (Carthamus tinctorius) IgE,Safflower (Carthamus tinctorius) IgE
40702-3,Fibrin monomer,PrThr,Pt,PPP,Ord,HA,Soluble Fibrin Monomer,Soluble Fibrin Monomer
15067-2,Follitropin,ACnc,Pt,Ser/Plas,Qn,,"Follicle-Stimulating Hormone (FSH), Serum","Follicle-Stimulating Hormone (FSH), Serum"
7404-7,Carya ovata Ab.IgE,ACnc,Pt,Ser,Qn,,Hickory Shagbark (Carya ovata) IgE,Hickory Shagbark (Carya ovata) IgE
60403-3,Pandalus borealis Ab.IgG,MCnc,Pt,Ser,Qn,,Shrimp IgG,Shrimp IgG
10829-0,Silicon,MCnc,Pt,Ser/Plas,Qn,,"Silicon, Serum","Silicon, Serum"
32219-8,Soluble liver Ab,ACnc,Pt,Ser,Qn,IA,Soluble Liver Antigen (SLA) Autoantibody,Soluble Liver Antigen (SLA) Autoantibody
2961-1,Somatostatin,MCnc,Pt,Plas,Qn,,"Somatostatin (Somatotropin Release-Inhibiting Factor, SRIF)","Somatostatin (Somatotropin Release-Inhibiting Factor, SRIF)"
12416-4,Sotalol,MCnc,Pt,Ser/Plas,Qn,,Sotalol (Betapace),Sotalol (Betapace)
35546-1,Glycine max Ab.IgG,MCnc,Pt,Ser,Qn,,Soybean IgG,Soybean IgG
60406-6,Spinacia oleracea Ab.IgG,MCnc,Pt,Ser,Qn,,Spinach IgG,Spinach IgG
29616-0,Stachybotrys chartarum Ab.IgE,ACnc,Pt,Ser,Qn,,Stachybotrys chartarum/atra IgE,Stachybotrys chartarum/atra IgE
40835-1,Fragaria vesca Ab.IgG,MCnc,Pt,Ser,Qn,,Strawberry IgG,Strawberry IgG
8243-8,Styrene,MCnc,Pt,Bld,Qn,,"Styrene, Occupational Exposure, Blood","Styrene, Occupational Exposure, Blood"
60407-4,Helianthus annuus seed Ab.IgG,MCnc,Pt,Ser,Qn,,Sunflower Seed IgG,Sunflower Seed IgG
56390-8,Glycine max Ab.IgG4,MCnc,Pt,Ser,Qn,,Soybean IgG4,Soybean IgG4
53612-8,Urate,MCnc,Pt,Body fld,Qn,,"Uric Acid, Body Fluid","Uric Acid, Body Fluid"
24047-3,Alpha fucosidase,CCnt,Pt,WBC,Qn,,"Alpha-Fucosidase, Leukocytes","Alpha-Fucosidase, Leukocytes"
42804-5,Fungus,Prid,Pt,Isolate,Nom,,"Culture Referred for Identification, Fungus","Culture Referred for Identification, Fungus"
5752-1,Uranium,MCnc,Pt,Urine,Qn,,"Uranium, Urine","Uranium, Urine"
82251-0,Chromosome 3 & 7 & 17 aneuploidy & chromosome region 9p21 deletion,Find,Pt,Urine,Doc,FISH,"UroVysion for Detection of Bladder Cancer, Urine","UroVysion for Detection of Bladder Cancer, Urine"
101383-8,FUS gene rearrangements,Find,Pt,Bld/Tiss,Doc,FISH,"Low-Grade Fibromyxoid Sarcoma (LGFMS), 16p11.2 (FUS or TLS) Rearrangement, FISH, Tissue","Low-Grade Fibromyxoid Sarcoma (LGFMS), 16p11.2 (FUS or TLS) Rearrangement, FISH, Tissue"
6121-8,Fusarium moniliforme Ab.IgE,ACnc,Pt,Ser,Qn,,"Fusarium moniliforme, IgE, Serum","Fusarium moniliforme, IgE, Serum"
60412-4,Vanilla planifolia Ab.IgG,MCnc,Pt,Ser,Qn,,Vanilla IgG,Vanilla IgG
7759-4,Venison Ab.IgE,ACnc,Pt,Ser,Qn,,Venison IgE,Venison IgE
3686-3,hydrOXYzine,MCnc,Pt,Ser/Plas,Qn,,"Hydroxyzine (Vistaril, Atarax), Serum","Hydroxyzine (Vistaril, Atarax), Serum"
104459-3,Varicella zoster virus Ab.IgG,PrThr,Pt,CSF,Ord,IA,"Varicella-Zoster Virus Antibody, IgG, CSF","Varicella-Zoster Virus Antibody, IgG, CSF"
63120-0,Juglans spp Ab.IgG,MCnc,Pt,Ser,Qn,,Walnut Food (Juglans spp) IgG,Walnut Food (Juglans spp) IgG
7761-0,Stizostedion vitreum Ab.IgE,ACnc,Pt,Ser,Qn,,Wall Eyed Pike (Sander vitreus)(Stizostedium vitreum) IgE,Wall Eyed Pike (Sander vitreus)(Stizostedium vitreum) IgE
4098-0,Warfarin,MCnc,Pt,Ser/Plas,Qn,,"Warfarin, Plasma","Warfarin, Plasma"
41205-6,Citrullus lanatus Ab.IgG,MCnc,Pt,Ser,Qn,,Watermelon IgG,Watermelon IgG
81790-8,Juglans regia recombinant (rJug r) 1 Ab.IgE,ACnc,Pt,Ser,Qn,,Walnut Component rJug r 1,Walnut Component rJug r 1
49745-3,Dolichovespula maculata Ab.IgG,MCnc,Pt,Ser,Qn,,Venom W-F Hornet IgG,Venom W-F Hornet IgG
7775-0,Whitefish Ab.IgE,ACnc,Pt,Ser,Qn,,Whitefish IgE,Whitefish IgE
56417-9,Triticum aestivum Ab.IgG4,MCnc,Pt,Ser,Qn,,Wheat IgG4,Wheat IgG4
59058-8,Cow whey Ab.IgG,MCnc,Pt,Ser,Qn,,Whey IgG,Whey IgG
35537-0,Triticum aestivum Ab.IgG,MCnc,Pt,Ser,Qn,,Wheat IgG,Wheat IgG
7779-2,Atriplex canescens Ab.IgE,ACnc,Pt,Ser,Qn,,Wingscale (Atriplex Canescens) IgE,Wingscale (Atriplex Canescens) IgE
7435-1,Juniperus occidentalis Ab.IgE,ACnc,Pt,Ser,Qn,,Juniper Western (Juniperus occidentalis) IgE,Juniper Western (Juniperus occidentalis) IgE
7400-5,Amaranthus tuberculatus Ab.IgE,ACnc,Pt,Ser,Qn,,Hemp Western Water (Acnida tamariscina) IgE,Hemp Western Water (Acnida tamariscina) IgE
33984-6,Coagulation factor X activity actual/Normal,RelCCnc,Pt,PPP,Qn,Chromo,"Coagulation Factor X Chromogenic Activity Assay, Plasma","Coagulation Factor X Chromogenic Activity Assay, Plasma"
3241-7,Coagulation factor XIII coagulum dissolution at 24H,PrThr,Pt,PPP,Ord,Coag,"Factor XIII (13), Screen, Plasma","Factor XIII (13), Screen, Plasma"
81856-7,FMR1 gene CGG repeat analysis,Find,Pt,Bld/Tiss,Doc,Molgen,"Fragile X Syndrome, Molecular Analysis, Varies","Fragile X Syndrome, Molecular Analysis, Varies"
7787-5,Yogurt Ab.IgE,ACnc,Pt,Ser,Qn,,Yogurt (Lactobacillus bulgaricus) IgE,Yogurt (Lactobacillus bulgaricus) IgE
7718-0,Squash zucchini Ab.IgE,ACnc,Pt,Ser,Qn,,Zucchini (Cucurbita spp) IgE,Zucchini (Cucurbita spp) IgE
33946-5,Ziprasidone,MCnc,Pt,Ser/Plas,Qn,,"Ziprasidone (Geodone, Zeldox)","Ziprasidone (Geodone, Zeldox)"
6953-4,Zolpidem,MCnc,Pt,Ser/Plas,Qn,,"Zolpidem (Ambien), serum or plasma","Zolpidem (Ambien), serum or plasma"
3218-5,Coagulation factor X activity actual/Normal,RelTime,Pt,PPP,Qn,Coag,"Coagulation Factor X Activity Assay, Plasma","Coagulation Factor X Activity Assay, Plasma"
3226-8,Coagulation factor XI activity actual/Normal,RelTime,Pt,PPP,Qn,Coag,"Coagulation Factor XI Activity Assay, Plasma","Coagulation Factor XI Activity Assay, Plasma"
3232-6,Coagulation factor XII activity actual/Normal,RelTime,Pt,PPP,Qn,Coag,"Coagulation Factor XII Activity Assay, Plasma","Coagulation Factor XII Activity Assay, Plasma"
3289-6,Prothrombin.activity actual/Normal,RelTime,Pt,PPP,Qn,Coag,"Coagulation Factor II Activity Assay, Plasma","Coagulation Factor II Activity Assay, Plasma"
3198-9,Coagulation factor VII activity actual/Normal,RelTime,Pt,PPP,Qn,Coag,"Coagulation Factor VII Activity Assay, Plasma","Coagulation Factor VII Activity Assay, Plasma"
3187-2,Coagulation factor IX activity actual/Normal,RelTime,Pt,PPP,Qn,Coag,"Coagulation Factor IX Activity Assay, Plasma","Coagulation Factor IX Activity Assay, Plasma"
32546-4,Glucose-6-Phosphate dehydrogenase,CCnt,Pt,RBC,Qn,,"Glucose 6-Phosphate Dehydrogenase Enzyme Activity, Blood","Glucose 6-Phosphate Dehydrogenase Enzyme Activity, Blood"
94231-8,G6PD gene full mutation analysis,Find,Pt,Bld/Tiss,Doc,Sequencing,"Glucose-6-Phosphate Dehydrogenase (G6PD) Full Gene Sequencing, Varies","Glucose-6-Phosphate Dehydrogenase (G6PD) Full Gene Sequencing, Varies"
105354-5,Glutarate aciduria 2 multigene analysis,Find,Pt,Bld/Tiss,Doc,Molgen,"Glutaric Aciduria Type II Gene Panel, Varies","Glutaric Aciduria Type II Gene Panel, Varies"
76034-8,GAA gene full mutation analysis,Find,Pt,Bld/Tiss,Doc,Sequencing,"Pompe Disease, GAA Gene Sequencing with Deletion/Duplication, Varies","Pompe Disease, GAA Gene Sequencing with Deletion/Duplication, Varies"
24051-5,Acid alpha glucosidase,CCnt,Pt,WBC,Qn,,"Acid Alpha-Glucosidase, Leukocytes","Acid Alpha-Glucosidase, Leukocytes"
9738-6,Gabapentin,MCnc,Pt,Ser/Plas/Bld,Qn,,"Gabapentin, Serum","Gabapentin, Serum"
96450-2,Hepatocellular carcinoma risk,Score,Pt,^Patient,Qn,GALAD,"GALAD Score, Serum","GALAD Score, Serum"
40842-7,Galactose 1 phosphate,MCnc,Pt,Bld.dot,Qn,,"Galactose-1-Phosphate, Blood Spot","Galactose-1-Phosphate, Blood Spot"
2312-7,Galactose 1 phosphate,MCnc,Pt,RBC,Qn,,"Galactose-1-Phosphate, Erythrocytes","Galactose-1-Phosphate, Erythrocytes"
96709-1,Probability of developing hepatocellular carcinoma,Likelihood,Pt,^Patient,Qn,,"Probability of Hepatocellular Carcinoma, Serum","Probability of Hepatocellular Carcinoma, Serum"
62419-7,Galectin 3,MCnc,Pt,Ser/Plas,Qn,,"Galectin-3, Serum","Galectin-3, Serum"
87738-1,GALC gene deletion+duplication & full mutation analysis,Find,Pt,Bld/Tiss,Doc,Molgen,"Krabbe Disease, GALC Gene Sequencing with Deletion/Duplication, Varies","Krabbe Disease, GALC Gene Sequencing with Deletion/Duplication, Varies"
24084-6,Galactosylceramidase,CCnt,Pt,WBC,Qn,,"Galactocerebrosidase, Leukocytes","Galactocerebrosidase, Leukocytes"
79469-3,Uridine diphosphate glucose-4-Epimerase,CCnt,Pt,RBC,Qn,,"Uridine Diphosphate-Galactose 4' Epimerase, Blood","Uridine Diphosphate-Galactose 4' Epimerase, Blood"
81143-0,Galactokinase,CCnt,Pt,RBC,Qn,,"Galactokinase, Blood","Galactokinase, Blood"
42318-6,GALT gene targeted mutation analysis,Prid,Pt,Bld/Tiss,Nom,Molgen,"Galactosemia, GALT Gene, Variant Panel, Varies","Galactosemia, GALT Gene, Variant Panel, Varies"
2308-5,Galactose,MCnc,Pt,Ser/Plas,Qn,,"Galactose, Quantitative, Plasma","Galactose, Quantitative, Plasma"
24082-0,Galactose 1 phosphate uridyl transferase,CCnt,Pt,RBC,Qn,,"Galactose-1-Phosphate Uridyltransferase, Blood","Galactose-1-Phosphate Uridyltransferase, Blood"
33780-8,Galactose 1 phosphate uridyl transferase phenotype,Type,Pt,Bld,Nom,,"Galactose-1-Phosphate Uridyltransferase Biochemical Phenotyping, Erythrocytes","Galactose-1-Phosphate Uridyltransferase Biochemical Phenotyping, Erythrocytes"
76037-1,GALT gene full mutation analysis,Find,Pt,Bld/Tiss,Doc,Sequencing,"Galactosemia, GALT Gene, Full Gene Analysis, Varies","Galactosemia, GALT Gene, Full Gene Analysis, Varies"
60489-2,Streptococcus pyogenes DNA,PrThr,Pt,Thrt,Ord,Probe.amp.tar,"Streptococcus Group A, Molecular Detection, PCR, Throat","Streptococcus Group A, Molecular Detection, PCR, Throat"
6122-6,Allium sativum Ab.IgE,ACnc,Pt,Ser,Qn,,"Garlic, IgE, Serum","Garlic, IgE, Serum"
2333-3,Gastrin,MCnc,Pt,Ser/Plas,Qn,,"Gastrin, Serum","Gastrin, Serum"
95771-2,GATA2 gene full mutation analysis,Find,Pt,Bld/Tiss,Doc,Sequencing,"GATA-Binding Protein 2, GATA2, Full Gene Analysis, Next-Generation Sequencing, Varies","GATA-Binding Protein 2, GATA2, Full Gene Analysis, Next-Generation Sequencing, Varies"
47857-8,Galactitol/Creatinine,SRto,Pt,Urine,Qn,,"Galactitol, Quantitative, Urine","Galactitol, Quantitative, Urine"
44448-9,Beta 2 glycoprotein 1 Ab.IgG,ACnc,Pt,Ser/Plas,Qn,IA,"Beta-2 Glycoprotein 1 Antibodies, IgG, Serum","Beta-2 Glycoprotein 1 Antibodies, IgG, Serum"
94230-2,GBA gene full mutation analysis,Find,Pt,Bld/Tiss,Doc,Sequencing,"Gaucher Disease, GBA1 Gene Sequencing with Deletion/Duplication, Varies","Gaucher Disease, GBA1 Gene Sequencing with Deletion/Duplication, Varies"
103715-9,Gamma aminobutyrate A receptor Ab.IgG,PrThr,Pt,CSF,Ord,CBA IFA,"Gamma-Amino Butyric Acid Type A (GABA-A) Receptor Antibody, Cell-Binding Assay, Spinal Fluid","Gamma-Amino Butyric Acid Type A (GABA-A) Receptor Antibody, Cell-Binding Assay, Spinal Fluid"
101874-6,Gamma aminobutyrate A receptor Ab.IgG,PrThr,Pt,Ser,Ord,CBA IFA,"Gamma-Amino Butyric Acid Type A (GABA-A) Receptor Antibody, Cell-Binding Assay, Serum","Gamma-Amino Butyric Acid Type A (GABA-A) Receptor Antibody, Cell-Binding Assay, Serum"
32540-7,Glucosylceramidase,CCnt,Pt,WBC,Qn,,"Beta-Glucosidase, Leukocytes","Beta-Glucosidase, Leukocytes"
13591-3,Factor inhibitor XXX,ACnc,Pt,PPP,Qn,Coag,"General Factor Bethesda Units, Plasma","General Factor Bethesda Units, Plasma"
31254-6,Basement membrane Ab.IgG,ACnc,Pt,Ser,Qn,,"Glomerular Basement Membrane Antibodies, IgG, Serum","Glomerular Basement Membrane Antibodies, IgG, Serum"
43305-2,Neisseria gonorrhoeae rRNA,PrThr,Pt,XXX,Ord,Probe.amp.tar,"Neisseria gonorrhoeae Confirmation, Nucleic Acid Amplification, Varies","Neisseria gonorrhoeae Confirmation, Nucleic Acid Amplification, Varies"
3181-5,Cardiolipin Ab.IgG,ACnc,Pt,Ser,Qn,IA,"Phospholipid (Cardiolipin) Antibodies, IgG, Serum","Phospholipid (Cardiolipin) Antibodies, IgG, Serum"
94359-7,Glutamate decarboxylase 65 Ab.IgG+IgM,SCnc,Pt,CSF,Qn,IA,"Glutamic Acid Decarboxylase (GAD65) Antibody Assay, Spinal Fluid","Glutamic Acid Decarboxylase (GAD65) Antibody Assay, Spinal Fluid"
94345-6,Glutamate decarboxylase 65 Ab.IgG+IgM,SCnc,Pt,Ser,Qn,IA,"Glutamic Acid Decarboxylase (GAD65) Antibody Assay, Serum","Glutamic Acid Decarboxylase (GAD65) Antibody Assay, Serum"
93854-8,Gadolinium/Creatinine,MRto,Pt,Urine,Qn,,"Gadolinium/Creatinine Ratio, Urine","Gadolinium/Creatinine Ratio, Urine"
92665-9,Growth and differentiation factor 15,MCnc,Pt,Ser/Plas,Qn,IA,"Growth Differentiation Factor 15, Plasma","Growth Differentiation Factor 15, Plasma"
6126-7,Glycyphagus domesticus Ab.IgE,ACnc,Pt,Ser,Qn,,"Glycyphagus domesticus, IgE, Serum","Glycyphagus domesticus, IgE, Serum"
80912-9,Gadolinium,MCnc,Pt,Ser/Plas,Qn,,"Gadolinium, Serum","Gadolinium, Serum"
8201-6,Gadolinium,MRat,24H,Urine,Qn,,"Gadolinium, 24 Hour, Urine","Gadolinium, 24 Hour, Urine"
7332-0,Gelatin Ab.IgE,ACnc,Pt,Ser,Qn,,"Gelatin, IgE, Serum","Gelatin, IgE, Serum"
3663-2,Gentamicin^peak,MCnc,Pt,Ser/Plas,Qn,,"Gentamicin, Peak, Serum","Gentamicin, Peak, Serum"
35668-3,Gentamicin,MCnc,Pt,Ser/Plas,Qn,,"Gentamicin, Random, Serum","Gentamicin, Random, Serum"
3665-7,Gentamicin^trough,MCnc,Pt,Ser/Plas,Qn,,"Gentamicin, Trough, Serum","Gentamicin, Trough, Serum"
7334-6,Gerbil epithelium Ab.IgE,ACnc,Pt,Ser,Qn,,"Gerbil Epithelium, IgE, Serum","Gerbil Epithelium, IgE, Serum"
97604-3,Glial fibrillary acidic protein,MCnc,Pt,Plas,Qn,IA,"Glial Fibrillary Acidic Protein (GFAP), Plasma","Glial Fibrillary Acidic Protein (GFAP), Plasma"
93421-6,Glial fibrillary acidic protein.alpha subunit Ab.IgG,Titr,Pt,CSF,SemiQn,IF,"Glial Fibrillary Acidic Protein Alpha Subunit Antibody, Immunofluorescence Titer Assay, Spinal Fluid","Glial Fibrillary Acidic Protein Alpha Subunit Antibody, Immunofluorescence Titer Assay, Spinal Fluid"
93423-2,Glial fibrillary acidic protein.alpha subunit Ab.IgG,Titr,Pt,Ser,SemiQn,IF,"Glial Fibrillary Acidic Protein Alpha Subunit Antibody, Immunofluorescence Titer Assay, Serum","Glial Fibrillary Acidic Protein Alpha Subunit Antibody, Immunofluorescence Titer Assay, Serum"
2324-2,Gamma glutamyl transferase,CCnc,Pt,Ser/Plas,Qn,,"Gamma-Glutamyltransferase (GGT), Serum","Gamma-Glutamyltransferase (GGT), Serum"
10933-0,Cyamopsis tetragonoloba Ab.IgE,ACnc,Pt,Ser,Qn,,"Guar Gum, IgE, Serum","Guar Gum, IgE, Serum"
6412-1,Giardia lamblia Ag,ACnc,Pt,Stool,Ord,EIA,"Giardia Antigen, Feces","Giardia Antigen, Feces"
97557-3,Gastrointestinal dysmotility autoimmune Ab panel,-,Pt,Ser,-,,"Gastrointestinal Dysmotility, Autoimmune/Paraneoplastic Evaluation, Serum","Gastrointestinal Dysmotility, Autoimmune/Paraneoplastic Evaluation, Serum"
7335-3,Zingiber officinale Ab.IgE,ACnc,Pt,Ser,Qn,,"Ginger, IgE","Ginger, IgE"
82195-9,Gastrointestinal pathogens DNA & RNA panel,-,Pt,Stool,-,Non-probe.amp.tar,"Gastrointestinal Pathogen Panel, PCR, Feces","Gastrointestinal Pathogen Panel, PCR, Feces"
76036-3,GLA gene full mutation analysis,Find,Pt,Bld/Tiss,Doc,Sequencing,"Fabry Disease, GLA Gene Sequencing with Deletion/Duplication, Varies","Fabry Disease, GLA Gene Sequencing with Deletion/Duplication, Varies"
2344-0,Glucose,MCnc,Pt,Body fld,Qn,,"Glucose, Body Fluid","Glucose, Body Fluid"
6128-3,Solidago virgaurea Ab.IgE,ACnc,Pt,Ser,Qn,,"Goldenrod, IgE, Serum","Goldenrod, IgE, Serum"
80222-3,Cells.CD8/lymphocytes,NFr,Pt,XXX,Qn,,"CD8 T-Cell Immune Competence, Global, Blood","CD8 T-Cell Immune Competence, Global, Blood"
80721-4,Lymphocyte T-cell & B-cell & Natural killer subsets panel,-,Pt,Bld,Qn,,"CD8 T-Cell Immune Competence Panel, Global, Whole Blood","CD8 T-Cell Immune Competence Panel, Global, Whole Blood"
107239-6,1p & 19q chromosome deletion,Find,Pt,Tiss,Doc,FISH,"1p/19q Deletion in Gliomas, FISH, Tissue","1p/19q Deletion in Gliomas, FISH, Tissue"
2338-2,Glucagon,MCnc,Pt,Ser/Plas,Qn,,"Glucagon, Plasma","Glucagon, Plasma"
2342-4,Glucose,MCnc,Pt,CSF,Qn,,"Glucose, Spinal Fluid","Glucose, Spinal Fluid"
6125-9,Gluten Ab.IgE,ACnc,Pt,Ser,Qn,,"Gluten, IgE, Serum","Gluten, IgE, Serum"
53328-1,Glucose,MCnc,Pt,Urine,SemiQn,Test strip.automated,"Glucose, Random, Urine","Glucose, Random, Urine"
2345-7,Glucose,MCnc,Pt,Ser/Plas,Qn,,"Glucose, Random, Serum","Glucose, Random, Serum"
96497-3,Glycine receptor alpha-1 subunit Ab.IgG,PrThr,Pt,CSF,Ord,CBA IFA,"Glycine Receptor Alpha1 IgG, Cell Binding Assay, Spinal Fluid","Glycine Receptor Alpha1 IgG, Cell Binding Assay, Spinal Fluid"
96496-5,Glycine receptor alpha-1 subunit Ab.IgG,PrThr,Pt,Ser,Ord,CBA IFA,"Glycine Receptor Alpha1 IgG, Cell Binding Assay, Serum","Glycine Receptor Alpha1 IgG, Cell Binding Assay, Serum"
7340-3,Goat milk Ab.IgE,ACnc,Pt,Ser,Qn,,"Goat's Milk, IgE, Serum","Goat's Milk, IgE, Serum"
99960-7,ADAMTS13 gene full mutation analysis,Find,Pt,Bld/Tiss,Doc,Sequencing,"Hereditary Thrombotic Thrombocytopenic Purpura, ADAMTS13 Gene, Next-Generation Sequencing, Varies","Hereditary Thrombotic Thrombocytopenic Purpura, ADAMTS13 Gene, Next-Generation Sequencing, Varies"
93814-2,SERPINC1 gene full mutation analysis,Find,Pt,Bld/Tiss,Doc,Sequencing,"Antithrombin Deficiency, SERPINC1 Gene, Next-Generation Sequencing, Varies","Antithrombin Deficiency, SERPINC1 Gene, Next-Generation Sequencing, Varies"
105330-5,Hereditary bleeding disorders multigene analysis,Find,Pt,XXX,Doc,Molgen,"Bleeding Disorders, Comprehensive Gene Panel, Next-Generation Sequencing, Varies","Bleeding Disorders, Comprehensive Gene Panel, Next-Generation Sequencing, Varies"
105331-3,Hereditary bleeding disorders factor and von Willebrand multigene analysis,Find,Pt,XXX,Doc,Molgen,"Bleeding Disorders, Focused Gene Panel, Next-Generation Sequencing, Varies","Bleeding Disorders, Focused Gene Panel, Next-Generation Sequencing, Varies"
94239-1,F11 gene full mutation analysis,Find,Pt,Bld/Tiss,Doc,Sequencing,"Hemophilia C (Factor XI Deficiency), F11 Gene, Next-Generation Sequencing, Varies","Hemophilia C (Factor XI Deficiency), F11 Gene, Next-Generation Sequencing, Varies"
92991-9,F13A1 gene & F13B gene full mutation analysis,Find,Pt,Bld/Tiss,Doc,Sequencing,"Factor XIII Deficiency, F13A1 and F13B Genes, Next-Generation Sequencing, Varies","Factor XIII Deficiency, F13A1 and F13B Genes, Next-Generation Sequencing, Varies"
94235-9,F7 gene full mutation analysis,Find,Pt,Bld/Tiss,Doc,Sequencing,"Factor VII Deficiency, F7 Gene, Next-Generation Sequencing, Varies","Factor VII Deficiency, F7 Gene, Next-Generation Sequencing, Varies"
92992-7,FGA gene & FGB gene & FGG gene full mutation analysis,Find,Pt,Bld/Tiss,Doc,Sequencing,"Congenital Fibrinogen Disorders, FGA, FGB, and FGG Genes, Next-Generation Sequencing, Varies","Congenital Fibrinogen Disorders, FGA, FGB, and FGG Genes, Next-Generation Sequencing, Varies"
94234-2,F8 gene full mutation analysis,Find,Pt,Bld/Tiss,Doc,Sequencing,"Hemophilia A, F8 Gene, Next-Generation Sequencing, Varies","Hemophilia A, F8 Gene, Next-Generation Sequencing, Varies"
93811-8,F9 gene full mutation analysis,Find,Pt,Bld/Tiss,Doc,Sequencing,"Hemophilia B, F9 Gene, Next-Generation Sequencing, Varies","Hemophilia B, F9 Gene, Next-Generation Sequencing, Varies"
99970-6,Hereditary thrombocytopenia multigene analysis,Find,Pt,Bld/Tiss,Doc,Molgen,"Hereditary Thrombocytopenia Gene Panel, Next-Generation Sequencing, Varies","Hereditary Thrombocytopenia Gene Panel, Next-Generation Sequencing, Varies"
105332-1,MYH9 gene full mutation analysis,Find,Pt,Bld,Doc,Molgen,"MYH9-Related Disorders, MYH9 Gene, Next-Generation Sequencing, Varies","MYH9-Related Disorders, MYH9 Gene, Next-Generation Sequencing, Varies"
105333-9,Hereditary platelet function defect multigene analysis,Find,Pt,Bld,Doc,Molgen,"Platelet Function Defect Gene Panel, Next-Generation Sequencing, Varies","Platelet Function Defect Gene Panel, Next-Generation Sequencing, Varies"
105334-7,Hereditary platelet disorders multigene analysis,Find,Pt,Bld/Tiss,Doc,Molgen,"Platelet Disorders, Comprehensive Gene Panel, Next-Generation Sequencing, Varies","Platelet Disorders, Comprehensive Gene Panel, Next-Generation Sequencing, Varies"
93815-9,PROC gene full mutation analysis,Find,Pt,Bld/Tiss,Doc,Sequencing,"Protein C Deficiency, PROC Gene, Next-Generation Sequencing, Varies","Protein C Deficiency, PROC Gene, Next-Generation Sequencing, Varies"
92994-3,PROS1 gene full mutation analysis,Find,Pt,Bld/Tiss,Doc,Sequencing,"Protein S Deficiency, PROS1 Gene, Next-Generation Sequencing, Varies","Protein S Deficiency, PROS1 Gene, Next-Generation Sequencing, Varies"
105335-4,Hereditary platelet storage pool deficiency multigene analysis,Find,Pt,Bld,Doc,Molgen,"Platelet Storage Pool Deficiency Gene Panel, Next-Generation Sequencing, Varies","Platelet Storage Pool Deficiency Gene Panel, Next-Generation Sequencing, Varies"
105336-2,Hereditary thrombosis disorders multigene analysis,Find,Pt,Bld,Doc,Molgen,"Thrombosis Disorders, Comprehensive Gene Panel, Next-Generation Sequencing, Varies","Thrombosis Disorders, Comprehensive Gene Panel, Next-Generation Sequencing, Varies"
105337-0,VWF and GP1BA gene mutation analysis,Find,Pt,XXX,Doc,Molgen,"von Willebrand Disease, VWF and GP1BA Genes, Next-Generation Sequencing, Varies","von Willebrand Disease, VWF and GP1BA Genes, Next-Generation Sequencing, Varies"
6127-5,Goat epithelium Ab.IgE,ACnc,Pt,Ser,Qn,,"Goat Epithelium, IgE, Serum","Goat Epithelium, IgE, Serum"
6129-1,Goose feather Ab.IgE,ACnc,Pt,Ser,Qn,,"Goose Feathers, IgE, Serum","Goose Feathers, IgE, Serum"
96560-8,Nuclear pore protein gp210 Ab,ACnc,Pt,Ser,Qn,IA,"GP210 Antibody, IgG, Serum","GP210 Antibody, IgG, Serum"
6204-2,Pisum sativum Ab.IgE,ACnc,Pt,Ser,Qn,,"Green Pea, IgE, Serum","Green Pea, IgE, Serum"
6852-8,Pepper green Ab.IgE,ACnc,Pt,Ser,Qn,,"Green Pepper, IgE, Serum","Green Pepper, IgE, Serum"
44050-3,Glucose phosphate isomerase,CCnt,Pt,RBC,Qn,,"Glucose Phosphate Isomerase Enzyme Activity, Blood","Glucose Phosphate Isomerase Enzyme Activity, Blood"
92752-5,Glucopsychosine,SCnc,Pt,Bld.dot,Qn,,"Glucopsychosine, Blood Spot","Glucopsychosine, Blood Spot"
92750-9,Glucopsychosine,SCnc,Pt,Ser/Plas,Qn,,"Glucopsychosine, Plasma","Glucopsychosine, Plasma"
92751-7,Glucopsychosine,SCnc,Pt,Bld,Qn,,"Glucopsychosine, Blood","Glucopsychosine, Blood"
63254-7,Ganglioside GQ1b Ab.IgG,PrThr,Pt,Ser,Ord,IA,"Ganglioside GQ1b Antibody, IgG, ELISA, Serum","Ganglioside GQ1b Antibody, IgG, ELISA, Serum"
6841-1,Vitis vinifera Ab.IgE,ACnc,Pt,Ser,Qn,,"Grape, IgE, Serum","Grape, IgE, Serum"
30189-5,(Dactylis glomerata+Festuca elatior+Lolium perenne+Phleum pratense+Poa pratensis) Ab.IgE,ACnc,Pt,Ser,Qn,Multidisk,"Grass Panel # 1, Serum","Grass Panel # 1, Serum"
30188-7,(Cynodon dactylon+Lolium perenne+Phleum pratense+Poa pratensis+Sorghum halepense+Paspalum notatum) Ab.IgE,ACnc,Pt,Ser,Qn,Multidisk,"Grass Panel # 2, Serum","Grass Panel # 2, Serum"
50654-3,(Anthoxanthum odoratum+Lolium perenne+Phleum pratense+Secale cereale+Holcus lanatus) Ab.IgE,ACnc,Pt,Ser,Qn,Multidisk,"Grass Panel # 3, Serum","Grass Panel # 3, Serum"
19739-2,Trigonella foenum-graecum Ab.IgE,ACnc,Pt,Ser,Qn,,"Greek Fennel, IgE, Serum","Greek Fennel, IgE, Serum"
6131-7,Citrus paradisis Ab.IgE,ACnc,Pt,Ser,Qn,,"Grapefruit, IgE, Serum","Grapefruit, IgE, Serum"
6124-2,Ambrosia trifida Ab.IgE,ACnc,Pt,Ser,Qn,,"Giant Ragweed, IgE, Serum","Giant Ragweed, IgE, Serum"
105261-2,Glycogen storage disease multigene analysis,Find,Pt,Bld/Tiss,Doc,Molgen,"Glycogen Storage Disease Gene Panel, Varies","Glycogen Storage Disease Gene Panel, Varies"
2383-8,Glutathione,MCnc,Pt,RBC,Qn,,"Glutathione, Blood","Glutathione, Blood"
6831-2,Bean green Ab.IgE,ACnc,Pt,Ser,Qn,,"Green String Bean, IgE, Serum","Green String Bean, IgE, Serum"
6134-1,Guinea pig epithelium Ab.IgE,ACnc,Pt,Ser,Qn,,"Guinea Pig Epithelium, IgE, Serum","Guinea Pig Epithelium, IgE, Serum"
7382-5,Gum arabic Ab.IgE,ACnc,Pt,Ser,Qn,,"Gum Arabic, IgE, Serum","Gum Arabic, IgE, Serum"
112387-6,Guselkumab,MCnc,Pt,Ser/Plas,Qn,,"Guselkumab, Serum","Guselkumab, Serum"
79457-8,Beta glucuronidase,CCnc,Pt,Bld.dot,Qn,,"Beta-Glucuronidase, Blood Spot","Beta-Glucuronidase, Blood Spot"
24065-5,Beta glucuronidase,CCnt,Pt,WBC,Qn,,"Beta-Glucuronidase, Leukocytes","Beta-Glucuronidase, Leukocytes"
96893-3,ERBB2 gene duplication,Find,Pt,Tumor,Doc,FISH,"HER2 Amplification Associated with Breast Cancer, FISH, Tissue","HER2 Amplification Associated with Breast Cancer, FISH, Tissue"
21763-8,HTT gene.CAG repeats,PrThr,Pt,Bld/Tiss,Ord,Molgen,"Huntington Disease, Molecular Analysis, Varies","Huntington Disease, Molecular Analysis, Varies"
98903-8,Hemolytic anemia panel,-,Pt,^Patient,-,,"Hemolytic Anemia Evaluation, Blood","Hemolytic Anemia Evaluation, Blood"
13950-1,Hepatitis A virus Ab.IgM,PrThr,Pt,Ser/Plas,Ord,IA,"Hepatitis A Virus IgM Antibody, Serum","Hepatitis A Virus IgM Antibody, Serum"
19741-8,Merluccius merluccius Ab.IgE,ACnc,Pt,Ser,Qn,,"Hake, Fish, IgE, Serum","Hake, Fish, IgE, Serum"
6842-9,Hippoglossus hippoglossus Ab.IgE,ACnc,Pt,Ser,Qn,,"Halibut, IgE, Serum","Halibut, IgE, Serum"
87550-0,Haloperidol & haloperidol.reduced panel,-,Pt,Ser/Plas,Qn,,"Haloperidol, Serum","Haloperidol, Serum"
46127-7,Haptoglobin,MCnc,Pt,Ser/Plas,Qn,Nephelometry,"Haptoglobin, Serum","Haptoglobin, Serum"
13951-9,Hepatitis A virus Ab,PrThr,Pt,Ser,Ord,IA,"Hepatitis A Virus Total Antibodies, Serum","Hepatitis A Virus Total Antibodies, Serum"
6137-4,Corylus avellana pollen Ab.IgE,ACnc,Pt,Ser,Qn,,"Hazelnut-Tree, IgE, Serum","Hazelnut-Tree, IgE, Serum"
4548-4,Hemoglobin A1c/Hemoglobin.total,MFr,Pt,Bld,Qn,,"Hemoglobin A1c, Blood","Hemoglobin A1c, Blood"
5193-8,Hepatitis B virus surface Ab,ACnc,Pt,Ser/Plas,Qn,IA,"Hepatitis B Virus Surface Antibody, Qualitative/Quantitative, Serum","Hepatitis B Virus Surface Antibody, Qualitative/Quantitative, Serum"
77190-7,Hepatitis B virus core & surface Ab & surface Ag panel,-,-,Ser,-,,"Hepatitis B Virus Perinatal Exposure Follow-up Panel, Serum","Hepatitis B Virus Perinatal Exposure Follow-up Panel, Serum"
63557-3,Hepatitis B virus surface Ag,ACnc,Pt,Ser/Plas,Qn,IA,"Hepatitis B Virus Surface Antigen, Quantitative, Serum","Hepatitis B Virus Surface Antigen, Quantitative, Serum"
97152-3,Hepatitis B virus core+little e+p22cr Ag,ACnc,Pt,Ser/Plas,Qn,IA,"Hepatitis B Virus Core-Related Antigen, Quantitative, Serum","Hepatitis B Virus Core-Related Antigen, Quantitative, Serum"
7416-1,Carpinus betulus Ab.IgE,ACnc,Pt,Ser,Qn,,"Hornbeam, IgE, Serum","Hornbeam, IgE, Serum"
13514-5,Hemoglobin pattern,Imp,Pt,Bld,Nar,Electrophoresis,Hemoglobin Electrophoresis Summary Interpretation,Hemoglobin Electrophoresis Summary Interpretation
94538-6,Hemoglobin HPLC & electrophoresis panel,-,Pt,Bld,-,,"Hemoglobin Electrophoresis Evaluation, Blood","Hemoglobin Electrophoresis Evaluation, Blood"
24113-3,Hepatitis B virus core Ab.IgM,PrThr,Pt,Ser/Plas,Ord,IA,"Hepatitis B Virus Core IgM Antibody, Serum","Hepatitis B Virus Core IgM Antibody, Serum"
7905-3,Hepatitis B virus surface Ag,PrThr,Pt,Ser/Plas,Ord,Neut,"Hepatitis B Virus Surface Antigen Confirmation, Prenatal, Serum","Hepatitis B Virus Surface Antigen Confirmation, Prenatal, Serum"
94191-4,BRCA1+BRCA2 gene deletion+duplication & full mutation analysis,Find,Pt,Bld/Tiss,Doc,Molgen,"BRCA1/BRCA2 Genes, Full Gene Analysis, Varies","BRCA1/BRCA2 Genes, Full Gene Analysis, Varies"
81653-8,Blastomyces dermatitidis drk1 & Histoplasma capsulatum gapdh genes,Prid,Pt,XXX,Nom,Probe.amp.tar,"Histoplasma capsulatum/Blastomyces species, Molecular Detection, PCR, Varies","Histoplasma capsulatum/Blastomyces species, Molecular Detection, PCR, Varies"
6844-5,Apis mellifera Ab.IgE,ACnc,Pt,Ser,Qn,,"Honeybee Venom, IgE, Serum","Honeybee Venom, IgE, Serum"
42595-9,Hepatitis B virus DNA,ACnc,Pt,Ser/Plas,Qn,Probe.amp.tar,"Hepatitis B Virus (HBV) DNA Detection and Quantification by Real-Time PCR, Serum","Hepatitis B Virus (HBV) DNA Detection and Quantification by Real-Time PCR, Serum"
13955-0,Hepatitis C virus Ab,PrThr,Pt,Ser/Plas,Ord,IA,"Hepatitis C Virus Antibody Screen, Cadaveric or Hemolyzed Specimens, Asymptomatic, Serum","Hepatitis C Virus Antibody Screen, Cadaveric or Hemolyzed Specimens, Asymptomatic, Serum"
96452-8,Hepatocellular carcinoma risk panel,-,Pt,Ser/Plas,-,,"Hepatocellular Carcinoma Risk Panel with GALAD Score, Serum","Hepatocellular Carcinoma Risk Panel with GALAD Score, Serum"
107543-1,Hypercholesterolemia multigene analysis,Find,Pt,Bld/Tiss,Doc,Molgen,"Hypercholesterolemia Gene Panel, Varies","Hypercholesterolemia Gene Panel, Varies"
81860-9,Hypertrophic cardiomyopathy gene targeted mutation analysis,Find,Pt,Bld/Tiss,Doc,Sequencing,"Hypertrophic Cardiomyopathy Gene Panel, Varies","Hypertrophic Cardiomyopathy Gene Panel, Varies"
100765-7,Homocysteine & Methylmalonate & 2-Methylcitrate panel,-,Pt,Bld.dot,-,,"Homocysteine (Total), Methylmalonic Acid, and Methylcitric Acid, Blood Spot","Homocysteine (Total), Methylmalonic Acid, and Methylcitric Acid, Blood Spot"
1963-8,Bicarbonate,SCnc,Pt,Ser/Plas,Qn,,"Bicarbonate, Serum","Bicarbonate, Serum"
3684-8,Hydroxychloroquine,MCnc,Pt,Ser/Plas,Qn,,"Hydroxychloroquine, Serum","Hydroxychloroquine, Serum"
95921-3,Hydroxychloroquine,MCnc,Pt,Bld,Qn,,"Hydroxychloroquine, Blood","Hydroxychloroquine, Blood"
40726-2,Hepatitis C virus Ab.IgG,PrThr,Pt,Ser/Plas,Ord,IA,"Hepatitis C Virus (HCV) Antibody Screen with Reflex to HCV RNA, PCR, Asymptomatic, Serum","Hepatitis C Virus (HCV) Antibody Screen with Reflex to HCV RNA, PCR, Asymptomatic, Serum"
82525-7,Hepatitis C virus genotype & drug resistance panel,-,Pt,Isolate+Ser,-,,"Hepatitis C Virus Genotypic Antiviral Drug Resistance, Serum","Hepatitis C Virus Genotypic Antiviral Drug Resistance, Serum"
32286-7,Hepatitis C virus genotype,Prid,Pt,Ser/Plas,Nom,Probe.amp.tar,"Hepatitis C Virus Genotype, Serum","Hepatitis C Virus Genotype, Serum"
11011-4,Hepatitis C virus RNA,ACnc,Pt,Ser/Plas,Qn,Probe.amp.tar,"Hepatitis C Virus (HCV) RNA Quantification with Reflex to HCV Genotype, Serum","Hepatitis C Virus (HCV) RNA Quantification with Reflex to HCV Genotype, Serum"
13965-9,Homocysteine,SCnc,Pt,Ser/Plas,Qn,,"Homocysteine, Total, Plasma","Homocysteine, Total, Plasma"
37987-5,(Blatella germanica+Dermatophagoides farinae+Dermatophagoides pteronyssinus+House dust Hollister Stier) Ab.IgE,ACnc,Pt,Ser,Qn,Multidisk,"House Dust Panel, Serum","House Dust Panel, Serum"
2085-9,Cholesterol.in HDL,MCnc,Pt,Ser/Plas,Qn,,"Cholesterol, High-Density Lipoprotein (HDL), Serum","Cholesterol, High-Density Lipoprotein (HDL), Serum"
9828-5,House dust Greer Ab.IgE,ACnc,Pt,Ser,Qn,,"House Dust/Greer Lab, IgE, Serum","House Dust/Greer Lab, IgE, Serum"
7425-2,House dust Hollister Stier Ab.IgE,ACnc,Pt,Ser,Qn,,"House Dust/H-S Lab, IgE, Serum","House Dust/H-S Lab, IgE, Serum"
85512-2,Hepatitis D virus RNA,ACnc,Pt,Ser/Plas,Qn,Probe.amp.tar,"Hepatitis D Virus RNA Detection and Quantification, Real-Time RT-PCR, Serum","Hepatitis D Virus RNA Detection and Quantification, Real-Time RT-PCR, Serum"
55180-4,Human epididymis protein 4,SCnc,Pt,Ser/Plas,Qn,,"Human Epididymis Protein 4, Serum","Human Epididymis Protein 4, Serum"
33463-1,Hepatitis B virus little e Ab.IgG,PrThr,Pt,Ser,Ord,IA,"Hepatitis B Virus e Antibody, Serum","Hepatitis B Virus e Antibody, Serum"
77176-6,Hepatitis B virus little e Ag & Ab panel,-,Pt,Ser,-,,"Hepatitis B Virus e Antigen and Hepatitis B Virus e Antibody, Serum","Hepatitis B Virus e Antigen and Hepatitis B Virus e Antibody, Serum"
587-6,Helicobacter pylori,PrThr,Pt,XXX,Ord,Organism specific culture,"Helicobacter pylori Culture with Antimicrobial Susceptibilities, Varies","Helicobacter pylori Culture with Antimicrobial Susceptibilities, Varies"
6138-2,Setomelanomma rostrata Ab.IgE,ACnc,Pt,Ser,Qn,,"Helminthosporium halodes, IgE, Serum","Helminthosporium halodes, IgE, Serum"
6135-8,Hamster epithelium Ab.IgE,ACnc,Pt,Ser,Qn,,"Hamster Epithelium, IgE, Serum","Hamster Epithelium, IgE, Serum"
3274-8,Heparin.unfractionated,ACnc,Pt,PPP,Qn,Chromo,"Heparin Anti-Xa, Plasma","Heparin Anti-Xa, Plasma"
Obsolete,,,,,,,"HER2, Breast, Quantitative Immunohistochemistry, Automated, No Reflex","HER2, Breast, Quantitative Immunohistochemistry, Automated, No Reflex"
85319-2,HER2 Ag,PrThr,Pt,Breast cancer specimen,Ord,Immune stain,"HER2, Breast, Semi-Quantitative Immunohistochemistry, Manual with HER2 FISH Reflex","HER2, Breast, Semi-Quantitative Immunohistochemistry, Manual with HER2 FISH Reflex"
6139-0,Clupea harengus Ab.IgE,ACnc,Pt,Ser,Qn,,"Herring, IgE, Serum","Herring, IgE, Serum"
49693-5,Hepatitis E virus Ab.IgG,PrThr,Pt,Ser,Ord,IA,"Hepatitis E Virus IgG Antibody, Serum","Hepatitis E Virus IgG Antibody, Serum"
14212-5,Hepatitis E virus Ab.IgM,PrThr,Pt,Ser,Ord,,"Hepatitis E Virus IgM Antibody Screen with Reflex to Confirmation, Serum","Hepatitis E Virus IgM Antibody Screen with Reflex to Confirmation, Serum"
69961-1,Hepatitis E virus RNA,ACnc,Pt,Ser/Plas,Qn,Probe.amp.tar,"Hepatitis E Virus RNA Detection and Quantification, Real-Time RT-PCR, Serum","Hepatitis E Virus RNA Detection and Quantification, Real-Time RT-PCR, Serum"
53868-6,Glucose tetrasaccharide/Creatinine,SRto,Pt,Urine,Qn,,"Glucotetrasaccharides, Random, Urine","Glucotetrasaccharides, Random, Urine"
76033-0,HEXA gene full mutation analysis,Find,Pt,Bld/Tiss,Doc,Sequencing,"Tay-Sachs Disease, HEXA Gene Sequencing with Deletion/Duplication, Varies","Tay-Sachs Disease, HEXA Gene Sequencing with Deletion/Duplication, Varies"
76029-8,HEXB gene full mutation analysis,Find,Pt,Bld/Tiss,Doc,Sequencing,"Sandhoff Disease, HEXB Gene, Full Gene Analysis, Varies","Sandhoff Disease, HEXB Gene, Full Gene Analysis, Varies"
96267-0,Delta Coagulation,TimeDif,Pt,PPP,Qn,Coag.surface induced.hexagonal phase phospholipid,"Hexagonal Lupus Anticoagulant, Plasma","Hexagonal Lupus Anticoagulant, Plasma"
93974-4,Iohexol,MCnc,Pt,Ser/Plas,Qn,,"Iohexol, Plasma","Iohexol, Plasma"
93973-6,Iohexol,MCnc,Pt,Urine,Qn,,"Iohexol, Timed Collection, Urine","Iohexol, Timed Collection, Urine"
105353-7,Fatty acid oxidation multigene analysis,Find,Pt,Bld/Tiss,Doc,Molgen,"Fatty Acid Oxidation Gene Panel, Varies","Fatty Acid Oxidation Gene Panel, Varies"
34519-9,HFE gene targeted mutation analysis,Find,Pt,Bld/Tiss,Doc,Molgen,"Hereditary Hemochromatosis, HFE Variant Analysis, Varies","Hereditary Hemochromatosis, HFE Variant Analysis, Varies"
6144-0,Tabanus spp Ab.IgE,ACnc,Pt,Ser,Qn,,"Horsefly/Stablefly, IgE, Serum","Horsefly/Stablefly, IgE, Serum"
5685-3,Mercury,MCnc,Pt,Bld,Qn,,"Mercury, Blood","Mercury, Blood"
718-7,Hemoglobin,MCnc,Pt,Bld,Qn,,"Hemoglobin, Blood","Hemoglobin, Blood"
43113-0,Hemoglobin panel,-,Pt,Bld,Qn,Electrophoresis,"Hemoglobin Variant, A2 and F Quantitation, Blood","Hemoglobin Variant, A2 and F Quantitation, Blood"
13465-0,Mercury/Creatinine,MRto,Pt,Urine,Qn,,"Mercury/Creatinine Ratio, Random, Urine","Mercury/Creatinine Ratio, Random, Urine"
92672-5,Hydroxyglutarates & Glutarate & Ethylmalonate & Methylsuccinate panel,-,Pt,Bld.dot,Qn,,"Hydroxyglutaric Acids, Glutaric Acid, Ethylmalonic Acid, and Methylsuccinic Acid, Blood Spot","Hydroxyglutaric Acids, Glutaric Acid, Ethylmalonic Acid, and Methylsuccinic Acid, Blood Spot"
92673-3,Hydroxyglutarates & Glutarate & Ethylmalonate & Methylsuccinate panel,-,Pt,Ser/Plas,Qn,,"Hydroxyglutaric Acids, Glutaric Acid, Ethylmalonic Acid, and Methylsuccinic Acid, Plasma","Hydroxyglutaric Acids, Glutaric Acid, Ethylmalonic Acid, and Methylsuccinic Acid, Plasma"
2963-7,Somatotropin,MCnc,Pt,Ser/Plas,Qn,,"Growth Hormone, Serum","Growth Hormone, Serum"
5686-1,Mercury,MCnt,Pt,Hair,Qn,,"Mercury, Hair","Mercury, Hair"
8204-0,Mercury,MCnt,Pt,Nail,Qn,,"Mercury, Nails","Mercury, Nails"
6693-6,Mercury,MRat,24H,Urine,Qn,,"Mercury, 24 Hour, Urine","Mercury, 24 Hour, Urine"
1695-6,5-Hydroxyindoleacetate,MRat,24H,Urine,Qn,,"5-Hydroxyindoleacetic Acid, 24 Hour, Urine","5-Hydroxyindoleacetic Acid, 24 Hour, Urine"
1693-1,5-Hydroxyindoleacetate,MCnc,Pt,Ser/Plas,Qn,,"5-Hydroxyindoleacetic Acid, Plasma","5-Hydroxyindoleacetic Acid, Plasma"
11145-0,5-Hydroxyindoleacetate/Creatinine,MRto,Pt,Urine,Qn,,"5-Hydroxyindoleacetic Acid, Random, Urine","5-Hydroxyindoleacetic Acid, Random, Urine"
101587-4,Histoplasma capsulatum+Blastomyces dermatitidis Ag panel,-,Pt,Ser/Plas,-,,"Histoplasma and Blastomyces Antigen, Enzyme Immunoassay, Serum","Histoplasma and Blastomyces Antigen, Enzyme Immunoassay, Serum"
91683-3,Histoplasma capsulatum H & M Ab & Blastomyces dermatitidis Ab panel,-,Pt,CSF,-,,"Histoplasma/Blastomyces Panel, Spinal Fluid","Histoplasma/Blastomyces Panel, Spinal Fluid"
11257-3,Haemophilus influenzae B Ab.IgG,MCnc,Pt,Ser,Qn,IA,"Haemophilus influenzae Type B Antibody, IgG, Serum","Haemophilus influenzae Type B Antibody, IgG, Serum"
91684-1,Histoplasma capsulatum H & M Ab panel,-,Pt,CSF,-,,"Histoplasma Antibody Complement Fixation and Immunodiffusion, Spinal Fluid","Histoplasma Antibody Complement Fixation and Immunodiffusion, Spinal Fluid"
103740-7,Hyper igE syndrome multigene analysis,Find,Pt,XXX,Doc,Molgen,"Hyper-IgE Syndrome Gene Panel, Varies","Hyper-IgE Syndrome Gene Panel, Varies"
96557-4,HIV 1 & 2 RNA panel,-,Pt,Ser/Plas,-,Probe.amp.tar,"HIV-1/HIV-2 RNA Detection, Plasma","HIV-1/HIV-2 RNA Detection, Plasma"
70241-5,HIV 1 RNA,NCnc,Pt,Plas,Qn,Probe.amp.tar detection limit = 20 copies/mL,"HIV-1 RNA Quantification with Reflex to Genotypic Drug Resistance to Reverse Transcriptase, Protease, and Integrase Inhibitors, Plasma","HIV-1 RNA Quantification with Reflex to Genotypic Drug Resistance to Reverse Transcriptase, Protease"
90227-0,Histoplasma capsulatum H & M Ab panel,-,Pt,Ser,-,,"Histoplasma Antibody Complement Fixation and Immunodiffusion, Serum","Histoplasma Antibody Complement Fixation and Immunodiffusion, Serum"
104062-5,HISGT Histone genes targeted mutation analysis,Find,Pt,Tumor,Doc,Molgen,"Histone Genes Mutation Analysis, Next-Generation Sequencing, Tumor","Histone Genes Mutation Analysis, Next-Generation Sequencing, Tumor"
73818-7,Platelet factor 4 heparin complex induced Ab.IgG,OD,Pt,Ser/Plas,Qn,IA,"Heparin-PF4 IgG Antibody, Serum","Heparin-PF4 IgG Antibody, Serum"
89365-1,HIV 1 & 2 Ab panel,-,Pt,Ser/Plas/Bld,-,IA.rapid,"HIV-1 and HIV-2 Antibody Confirmation and Differentiation, Serum","HIV-1 and HIV-2 Antibody Confirmation and Differentiation, Serum"
90901-0,HIV 1 RNA reverse transcriptase & protease & integrase gene,Seq,Pt,Ser/Plas/Bld,Nom,Sequencing,"HIV-1 Genotypic Drug Resistance to Reverse Transcriptase, Protease, and Integrase Inhibitors, Plasma","HIV-1 Genotypic Drug Resistance to Reverse Transcriptase, Protease, and Integrase Inhibitors, Plasma"
56888-1,HIV 1+2 Ab+HIV1 p24 Ag,PrThr,Pt,Ser/Plas,Ord,IA,"HIV-1 and HIV-2 Antigen and Antibody Diagnostic Evaluation, Serum","HIV-1 and HIV-2 Antigen and Antibody Diagnostic Evaluation, Serum"
49216-5,Hexokinase,CCnt,Pt,RBC,Qn,,"Hexokinase Enzyme Activity, Blood","Hexokinase Enzyme Activity, Blood"
50956-2,HLA-B*57,01,PrThr,Pt,Bld/Tiss,Ord,"HLA-B*57:01 Genotype, Pharmacogenomics, Varies","HLA-B*57:01 Genotype, Pharmacogenomics, Varies"
79711-8,HLA-B*58,01,PrThr,Pt,Bld/Tiss,Ord,"HLA-B*5801 Genotype, Allopurinol Hypersensitivity, Varies","HLA-B*5801 Genotype, Allopurinol Hypersensitivity, Varies"
99971-4,Hemophagocytic lymphohistiocytosis multigene analysis,Find,Pt,Bld/Tiss,Doc,Molgen,"Primary Hemophagocytic Lymphohistiocytosis Gene Panel, Varies","Primary Hemophagocytic Lymphohistiocytosis Gene Panel, Varies"
29588-1,Heavy metals panel,-,Pt,Bld,-,,"Heavy Metals Screen with Demographics, Blood","Heavy Metals Screen with Demographics, Blood"
103677-1,Hemiplegic migraine multigene analysis,Find,Pt,Bld/Tiss,Doc,Molgen,"Hemiplegic Migraine With or Without Epilepsy Gene Panel, Varies","Hemiplegic Migraine With or Without Epilepsy Gene Panel, Varies"
93493-5,3-Hydroxy-3-Methylglutaryl-Coenzyme A Reductase Ab.IgG,ACnc,Pt,Ser,Qn,IA,"3-Hydroxy-3-Methylglutaryl Coenzyme-A (HMG-CoA) Reductase, Serum","3-Hydroxy-3-Methylglutaryl Coenzyme-A (HMG-CoA) Reductase, Serum"
34667-6,Heavy metals panel,-,Pt,Hair,-,,"Heavy Metals, Hair","Heavy Metals, Hair"
94574-1,Heavy metals panel,-,Pt,Nail,-,,"Heavy Metals, Nails","Heavy Metals, Nails"
94575-8,Heavy metals panel,-,24H,Urine,-,,"Heavy Metals Screen, with Reflex, 24 Hour, Urine","Heavy Metals Screen, with Reflex, 24 Hour, Urine"
29589-9,Heavy metals panel,-,Pt,Urine,-,,"Heavy Metal/Creatinine Ratio, with Reflex, Random, Urine","Heavy Metal/Creatinine Ratio, with Reflex, Random, Urine"
6143-2,Horse dander Ab.IgE,ACnc,Pt,Ser,Qn,,"Horse Dander, IgE, Serum","Horse Dander, IgE, Serum"
94559-2,SARS coronavirus 2 ORF1ab region,PrThr,Pt,Respiratory System Specimen,Ord,Probe.amp.tar,"Severe Acute Respiratory Syndrome Coronavirus 2 (SARS CoV-2), Molecular Detection, Varies","Severe Acute Respiratory Syndrome Coronavirus 2 (SARS CoV-2), Molecular Detection, Varies"
88509-5,Helicobacter pylori 23S rRNA clarithromycin resistance mutation,Prid,Pt,Isolate/Specimen,Nom,Molgen,"Helicobacter pylori with Clarithromycin Resistance Prediction, Molecular Detection, PCR, Varies","Helicobacter pylori with Clarithromycin Resistance Prediction, Molecular Detection, PCR, Varies"
78251-6,Consultation note,Find,Pt,{Setting},Doc,Hematology,"Hematopathology Consultation, Client Embed","Hematopathology Consultation, Client Embed"
4579-9,Hemoglobin F,PrThr,Pt,Bld,Ord,,"Hemoglobin F Distribution, Blood","Hemoglobin F Distribution, Blood"
92143-7,Respiratory pathogens DNA & RNA panel,-,Pt,Respiratory System Specimen,-,Probe.amp.tar,"Influenza Virus Type A and Type B and Respiratory Syncytial Virus (RSV) RNA, Molecular Detection, PCR, Varies","Influenza Virus Type A and Type B and Respiratory Syncytial Virus (RSV) RNA, Molecular Detection, PC"
2721-9,Pancreatic polypeptide,MCnc,Pt,Ser/Plas,Qn,,"Pancreatic Polypeptide, Plasma","Pancreatic Polypeptide, Plasma"
80373-4,Helicobacter pylori Ag,PrThr,Pt,Stool,Ord,IA.rapid,"Helicobacter pylori Antigen, Feces","Helicobacter pylori Antigen, Feces"
71432-9,Human papilloma virus 16 & 18 & 31+33+35+39+45+51+52+56+58+59+66+68 DNA panel,-,Pt,Cvx-,,,"Human Papillomavirus (HPV) DNA Detection with Genotyping, High-Risk Types by PCR, ThinPrep, Varies","Human Papillomavirus (HPV) DNA Detection with Genotyping, High-Risk Types by PCR, ThinPrep, Varies"
27396-1,Hemoglobinl,MCnt,Pt,Stool^Patient.gastrointestinal,Qn,,"HemoQuant, Feces","HemoQuant, Feces"
94183-1,Heartland banyangvirus RNA,PrThr,Pt,XXX,Ord,Probe.amp.tar,"Heartland Virus, RNA, Molecular Detection, PCR, Spinal Fluid","Heartland Virus, RNA, Molecular Detection, PCR, Spinal Fluid"
30522-7,C reactive protein,MCnc,Pt,Ser/Plas,Qn,High sensitivity,"C-Reactive Protein, High Sensitivity, Serum","C-Reactive Protein, High Sensitivity, Serum"
92745-9,Hepatosplenomegaly due to lysosomal storage disorders screening panel,-,Pt,Bld.dot,-,,"Hepatosplenomegaly Panel, Blood Spot","Hepatosplenomegaly Panel, Blood Spot"
92743-4,Hepatosplenomegaly due to lysosomal storage disorders screening panel,-,Pt,Ser/Plas,-,,"Hepatosplenomegaly Panel, Plasma","Hepatosplenomegaly Panel, Plasma"
92744-2,Hepatosplenomegaly due to lysosomal storage disorders screening panel,-,Pt,Bld,-,,"Hepatosplenomegaly Panel, Blood","Hepatosplenomegaly Panel, Blood"
89579-7,Troponin I.cardiac,MCnc,Pt,Ser/Plas,Qn,High sensitivity,"Troponin I, High Sensitivity, Plasma","Troponin I, High Sensitivity, Plasma"
92865-5,Herpes simplex virus 1 & 2 DNA panel,-,Pt,CSF,-,Probe.amp.tar,"Herpes Simplex Virus (HSV), Molecular Detection, PCR, Spinal Fluid","Herpes Simplex Virus (HSV), Molecular Detection, PCR, Spinal Fluid"
81621-5,Herpes simplex virus 1 & 2 Ab.IgG panel,-,Pt,Ser/Plas,-,,"Herpes Simplex Virus (HSV) Type 1- and Type 2-Specific Antibodies, IgG, Serum","Herpes Simplex Virus (HSV) Type 1- and Type 2-Specific Antibodies, IgG, Serum"
93440-6,Herpes Simplex Virus 1 & 2 DNA Panel,-,Pt,Bld,-,Non-probe.amp.tar,"Herpes Simplex Virus (HSV), Molecular Detection, PCR, Blood","Herpes Simplex Virus (HSV), Molecular Detection, PCR, Blood"
94580-8,Herpes simplex virus 1 & 2 DNA panel,-,Pt,XXX,-,Non-probe.amp.tar,"Herpes Simplex Virus (HSV), Molecular Detection, PCR, Varies","Herpes Simplex Virus (HSV), Molecular Detection, PCR, Varies"
57780-9,Thyroglobulin & Thyroglobulin Ab panel,-,Pt,Ser/Plas,Qn,,"Thyroglobulin, Tumor Marker, Serum","Thyroglobulin, Tumor Marker, Serum"
56536-6,Thyroglobulin Ab,ACnc,Pt,Ser/Plas,Qn,IA,"Thyroglobulin, Tumor Marker Reflex, Serum","Thyroglobulin, Tumor Marker Reflex, Serum"
93744-1,HTLV I & II Ab.IgG panel,-,Pt,CSF,-,,"Human T-Cell Lymphotropic Virus Types 1 and 2 (HTLV-1/-2) Antibody Confirmation, Spinal Fluid","Human T-Cell Lymphotropic Virus Types 1 and 2 (HTLV-1/-2) Antibody Confirmation, Spinal Fluid"
22361-0,HTLV I+II Ab,PrThr,Pt,CSF,Ord,,"Human T-Cell Lymphotropic Virus Types 1 and 2 (HTLV-1/-2) Antibody Screen with Confirmation, Spinal Fluid","Human T-Cell Lymphotropic Virus Types 1 and 2 (HTLV-1/-2) Antibody Screen with Confirmation, Spinal "
29901-6,HTLV I+II Ab,PrThr,Pt,Ser,Ord,IA,"Human T-Cell Lymphotropic Virus Types I and II Antibody Screen with Confirmation, Serum","Human T-Cell Lymphotropic Virus Types I and II Antibody Screen with Confirmation, Serum"
55162-2,HTLV I+II Ab panel,-,Pt,Ser,-,,"Human T-Cell Lymphotropic Virus Types I and II (HTLV-I/-II) Antibody Confirmation, Serum","Human T-Cell Lymphotropic Virus Types I and II (HTLV-I/-II) Antibody Confirmation, Serum"
31201-7,HIV 1+2 Ab,PrThr,Pt,Ser/Plas,Ord,IA,"HIV-1 and HIV-2 Antibodies for Cadaveric or Hemolyzed Specimens, Serum","HIV-1 and HIV-2 Antibodies for Cadaveric or Hemolyzed Specimens, Serum"
13760-4,Homovanillate/Creatinine,MRto,24H,Urine,Qn,,"Homovanillic Acid, 24 Hour, Urine","Homovanillic Acid, 24 Hour, Urine"
11146-8,Homovanillate/Creatinine,MRto,Pt,Urine,Qn,,"Homovanillic Acid, Random, Urine","Homovanillic Acid, Random, Urine"
74760-0,HYDROcodone & metabolites panel,-,Pt,Urine,-,Confirm,"Hydrocodone with Metabolite Confirmation, Random, Urine","Hydrocodone with Metabolite Confirmation, Random, Urine"
12787-8,HYDROmorphone.free,MCnc,Pt,Ser/Plas,Qn,,"Hydromorphone, Serum","Hydromorphone, Serum"
16998-7,HYDROmorphone,MCnc,Pt,Urine,Qn,Confirm,"Hydromorphone Confirmation, Random, Urine","Hydromorphone Confirmation, Random, Urine"
53710-0,Hyperoxaluria panel,-,Pt,Urine,Qn,,"Hyperoxaluria Panel, Random, Urine","Hyperoxaluria Panel, Random, Urine"
68318-5,Hypoglycemics panel,-,Pt,Ser/Plas,-,,"Hypoglycemic Agent Screen, Serum","Hypoglycemic Agent Screen, Serum"
79462-8,Iduronate-2-Sulfatase,CCnc,Pt,Bld.dot,Qn,,"Iduronate-2-Sulfatase, Blood Spot","Iduronate-2-Sulfatase, Blood Spot"
24089-5,Iduronate-2-Sulfatase,CCnt,Pt,WBC,Qn,,"Iduronate-2-Sulfatase, Leukocytes","Iduronate-2-Sulfatase, Leukocytes"
90416-9,Lymphocyte subset & B-cell phenotyping panel,-,Pt,Bld,-,,"B-Cell Phenotyping Profile for Immunodeficiency and Immune Competence Assessment, Blood","B-Cell Phenotyping Profile for Immunodeficiency and Immune Competence Assessment, Blood"
87551-8,Neutrophil cytoplasmic Ab.IgG & Saccharomyces cerevisiae Ab.IgA & IgG,-,Pt,Ser,-,,"Inflammatory Bowel Disease Serology Panel, Serum","Inflammatory Bowel Disease Serology Panel, Serum"
32367-5,Bacteria,Prid,Pt,Isolate,Nom,Aerobic culture,"Organism Referred for Identification, Aerobic Bacteria","Organism Referred for Identification, Aerobic Bacteria"
95772-0,IDH1 gene & IDH2 gene targeted full mutation analysis,Find,Pt,Bld/Tiss,Doc,Molgen,"IDH1 (R132) and IDH2 (R140 and R172) Quantitative Detection, Droplet Digital PCR, Varies","IDH1 (R132) and IDH2 (R140 and R172) Quantitative Detection, Droplet Digital PCR, Varies"
104323-1,IDH1 & IDH2 gene full mutation analysis,Find,Pt,Bld/Tiss,Doc,Molgen,"IDH1 and IDH2 Mutation Analyses, Next-Generation Sequencing, Tumor","IDH1 and IDH2 Mutation Analyses, Next-Generation Sequencing, Tumor"
76030-6,IDS gene full mutation analysis,Find,Pt,Bld/Tiss,Doc,Sequencing,"Mucopolysaccharidosis Type II, IDS Gene Sequencing with Deletion/Duplication, Varies","Mucopolysaccharidosis Type II, IDS Gene Sequencing with Deletion/Duplication, Varies"
105587-0,IDH1 gene & IDH2 gene & TERT gene targeted mutation analysis,Find,Pt,Tiss,Doc,Molgen,"IDH1, IDH2, and TERT Mutation Analysis, Next-Generation Sequencing, Tumor","IDH1, IDH2, and TERT Mutation Analysis, Next-Generation Sequencing, Tumor"
76028-0,IDUA gene full mutation analysis,Find,Pt,Bld/Tiss,Doc,Sequencing,"Mucopolysaccharidosis Type I, IDUA Gene Sequencing with Deletion/Duplication, Varies","Mucopolysaccharidosis Type I, IDUA Gene Sequencing with Deletion/Duplication, Varies"
24057-2,Alpha-L-iduronidase,CCnt,Pt,WBC,Qn,,"Alpha-L-Iduronidase, Leukocytes","Alpha-L-Iduronidase, Leukocytes"
99306-3,Choriogonadotropin.beta subunit heterophile Ab interference panel,-,Pt,Ser,-,,"Interference Evaluation Heterophile, Beta-Human Chorionic Gonadotropin, Serum","Interference Evaluation Heterophile, Beta-Human Chorionic Gonadotropin, Serum"
112330-6,Inborn errors of immunity multigene analysis,Find,Pt,Bld/Tiss,Doc,Molgen,"Inborn Errors of Immunity Comprehensive Gene Panel, Varies","Inborn Errors of Immunity Comprehensive Gene Panel, Varies"
101626-0,Thyroglobulin heterophile Ab interference panel,-,Pt,Ser,-,,"Interference Evaluation Heterophile, Thyroglobulin Tumor Marker, Serum","Interference Evaluation Heterophile, Thyroglobulin Tumor Marker, Serum"
31444-3,Intrinsic factor blocking Ab,PrThr,Pt,Ser,Ord,,"Intrinsic Factor Blocking Antibody, Serum","Intrinsic Factor Blocking Antibody, Serum"
54390-0,Fibroblast growth factor 23.intact,MCnc,Pt,Ser/Plas,Qn,,"Intact Fibroblast Growth Factor 23, Serum","Intact Fibroblast Growth Factor 23, Serum"
104672-1,IgD&IgE.monocloncal band observed,Prid,Pt,Ser,Nom,Immunofixation,"Immunofixation Heavy Chain Type Delta and Epsilon, Serum","Immunofixation Heavy Chain Type Delta and Epsilon, Serum"
2458-8,IgA,MCnc,Pt,Ser/Plas,Qn,,"Immunoglobulin A (IgA), Serum","Immunoglobulin A (IgA), Serum"
87552-6,IgA & IgA subclass 1 & IgA subclass 2 panel,-,Pt,Ser/Plas,Qn,,"IgA Subclasses, Serum","IgA Subclasses, Serum"
2460-4,IgD,MCnc,Pt,Ser,Qn,,"Immunoglobulin D (IgD), Serum","Immunoglobulin D (IgD), Serum"
19113-0,IgE,ACnc,Pt,Ser/Plas,Qn,,"Immunoglobulin E (IgE), Serum","Immunoglobulin E (IgE), Serum"
2484-4,Insulin-like growth factor-I,MCnc,Pt,Ser/Plas,Qn,,"Insulin-Like Growth Factor 1, Serum","Insulin-Like Growth Factor 1, Serum"
2483-6,Insulin-like growth factor binding protein 3,MCnc,Pt,Ser/Plas,Qn,,"Insulin-Like Growth Factor-Binding Protein 3, Serum","Insulin-Like Growth Factor-Binding Protein 3, Serum"
2465-3,IgG,MCnc,Pt,Ser/Plas,Qn,,"Immunoglobulin G (IgG), Serum","Immunoglobulin G (IgG), Serum"
47289-4,IgG & IgG subclass panel,MCnc,Pt,Ser,Qn,,"IgG Subclasses, Serum","IgG Subclasses, Serum"
2469-5,IgG subclass 4,MCnc,Pt,Ser,Qn,,"IgG4, Immunoglobulin Subclasses, Serum","IgG4, Immunoglobulin Subclasses, Serum"
2472-9,IgM,MCnc,Pt,Ser/Plas,Qn,,"Immunoglobulin M (IgM), Serum","Immunoglobulin M (IgM), Serum"
7429-4,Hexamethylene diisocyanate (HDI) Ab.IgE,ACnc,Pt,Ser,Qn,,"Isocyanate HDI, IgE, Serum","Isocyanate HDI, IgE, Serum"
13629-1,Interleukin 1 beta,MCnc,Pt,Ser/Plas,Qn,,"Interleukin-1 Beta, Plasma","Interleukin-1 Beta, Plasma"
60279-7,IL28B gene associated variant rs12979860,PrThr,Pt,Bld/Tiss,Ord,Molgen,"Interleukin 28B (IL28B) Variant (rs12979860), Varies","Interleukin 28B (IL28B) Variant (rs12979860), Varies"
26881-3,Interleukin 6,MCnc,Pt,Ser/Plas,Qn,,"Interleukin-6, Serum","Interleukin-6, Serum"
7430-2,Diphenylmethane diisocyanate (MDI) Ab.IgE,ACnc,Pt,Ser,Qn,,"Isocyanate MDI, IgE, Serum","Isocyanate MDI, IgE, Serum"
43123-9,Imipramine & Desipramine panel,-,Pt,Ser/Plas,Qn,,"Imipramine and Desipramine, Serum","Imipramine and Desipramine, Serum"
103741-5,Dysregulation autoimmune multigene analysis,Find,Pt,XXX,Doc,Molgen,"Inborn Errors of Immunity with Immune Dysregulation and Autoimmunity Gene Panel, Varies","Inborn Errors of Immunity with Immune Dysregulation and Autoimmunity Gene Panel, Varies"
34550-4,Immunoglobulin panel,MCnc,Pt,Ser,Qn,,"Immunoglobulins (IgG, IgA, and IgM), Serum","Immunoglobulins (IgG, IgA, and IgM), Serum"
103727-4,Hereditary motor neuropathy multigene analysis,Find,Pt,Bld/Tiss,Doc,Molgen,"Inherited Motor Neuropathy Gene Panel, Varies","Inherited Motor Neuropathy Gene Panel, Varies"
71693-6,Platelets.reticulated/platelets,NFr,Pt,Bld,Qn,Automated count,"Immature Platelet Fraction, Blood","Immature Platelet Fraction, Blood"
103728-2,Hereditary motor and sensory neuropathy multigene analysis,Find,Pt,Bld/Tiss,Doc,Molgen,"Inherited Motor and Sensory Neuropathy Gene Panel, Varies","Inherited Motor and Sensory Neuropathy Gene Panel, Varies"
78205-2,ALK gene rearrangements,PrThr,Pt,Bld/Tiss,Ord,FISH,"Inflammatory Myofibroblastic Tumors (IMT), 2p23 (ALK) Rearrangement, FISH, Tissue","Inflammatory Myofibroblastic Tumors (IMT), 2p23 (ALK) Rearrangement, FISH, Tissue"
101377-0,"inv(16)(p13.1;q22.1)(MYH11,CBFB) fusion transcript",Find,Pt,Bld/Bone mar,Doc,Molgen,"CBFB::MYH11 Inversion(16), Quantitative Detection and Minimal Disease Risk Monitoring, qRT-PCR, Varies","CBFB::MYH11 Inversion(16), Quantitative Detection and Minimal Disease Risk Monitoring, qRT-PCR, Vari"
103791-0,Infliximab and Infliximab Ab Panel,-,Pt,Ser/Plas,-,,"Infliximab Quantitation with Antibodies to Infliximab, Serum","Infliximab Quantitation with Antibodies to Infliximab, Serum"
39803-2,inFLIXimab,MCnc,Pt,Ser/Plas,Qn,,"Infliximab Quantitation with Reflex to Antibodies to Infliximab, Serum","Infliximab Quantitation with Reflex to Antibodies to Infliximab, Serum"
23883-2,Inhibin A,MCnc,Pt,Ser/Plas,Qn,,"Inhibin A, Tumor Marker, Serum","Inhibin A, Tumor Marker, Serum"
87426-3,Inhibin A & B panel,-,Pt,Ser/Plas,Qn,,"Inhibin A and B, Tumor Marker, Serum","Inhibin A and B, Tumor Marker, Serum"
56940-0,Inhibin B,MCnc,Pt,Ser/Plas,Qn,IA,"Inhibin B, Serum","Inhibin B, Serum"
6148-1,Insulin human Ab.IgE,ACnc,Pt,Ser,Qn,,"Insulin (Human), IgE, Serum","Insulin (Human), IgE, Serum"
27873-9,Insulin^post CFst,ACnc,Pt,Ser/Plas,Qn,,"Insulin, Serum","Insulin, Serum"
94593-1,Multiplex allergen panel,-,Pt,Ser/Plas,-,,"Stinging Insects Allergen Profile, Serum","Stinging Insects Allergen Profile, Serum"
48615-9,Insulin.free & Insulin.total panel,ACnc,Pt,Ser/Plas,Qn,,"Insulin, Free and Total, Serum","Insulin, Free and Total, Serum"
2494-3,Iodine,MCnc,Pt,Ser/Plas,Qn,,"Iodine, Serum","Iodine, Serum"
55928-6,Iodine/Creatinine,MRto,Pt,Urine,Qn,,"Iodine/Creatinine Ratio, Random, Urine","Iodine/Creatinine Ratio, Random, Urine"
112327-2,Hereditary idiopathic pulmonary fibrosis multigene analysis,Find,Pt,Bld/Tiss,Doc,Molgen,"Idiopathic Pulmonary Fibrosis Gene Panel, Varies","Idiopathic Pulmonary Fibrosis Gene Panel, Varies"
2498-4,Iron,MCnc,Pt,Ser/Plas,Qn,,"Iron, Serum","Iron, Serum"
103729-0,Hereditary sensory neuropathy multigene analysis,Find,Pt,Bld/Tiss,Doc,Molgen,"Inherited Sensory Neuropathy Gene Panel, Varies","Inherited Sensory Neuropathy Gene Panel, Varies"
6150-7,Ispaghula laxative Ab.IgE,ACnc,Pt,Ser,Qn,,"Ispaghula, IgE, Serum","Ispaghula, IgE, Serum"
103730-8,Hereditary spastic paraplegia multigene analysis,Find,Pt,Bld/Tiss,Doc,Molgen,"Inherited Spastic Paraplegia Gene Panel, Varies","Inherited Spastic Paraplegia Gene Panel, Varies"
10989-2,Itraconazole,MCnc,Pt,Ser/Plas,Qn,,"Itraconazole, Serum","Itraconazole, Serum"
7431-0,Toluene diisocyanate (TDI) Ab.IgE,ACnc,Pt,Ser,Qn,,"Isocyanate TDI, IgE, Serum","Isocyanate TDI, IgE, Serum"
43399-5,JAK2 gene.p.Val617Phe,PrThr,Pt,Bld/Tiss,Ord,Molgen,"JAK2 V617F Mutation Detection, Blood","JAK2 V617F Mutation Detection, Blood"
72333-8,JAK2 gene.p.Val617Phe,PrThr,Pt,Bone mar,Ord,Molgen,"JAK2 V617F Mutation Detection, Bone Marrow","JAK2 V617F Mutation Detection, Bone Marrow"
55300-8,JAK2 gene exon 12 targeted mutation analysis,Find,Pt,Bld/Tiss,Doc,Molgen,"JAK2 Exon 12 and Other Non-V617F Mutation Detection, Blood","JAK2 Exon 12 and Other Non-V617F Mutation Detection, Blood"
80186-0,JAK2 gene exon 12 targeted mutation analysis,Find,Pt,Bone mar,Doc,Molgen,"JAK2 Exon 12 and Other Non-V617F Mutation Detection, Bone Marrow","JAK2 Exon 12 and Other Non-V617F Mutation Detection, Bone Marrow"
48726-4,JAK2 gene targeted mutation analysis,Find,Pt,Bld/Tiss,Doc,Molgen,"JAK2 Exon 12-15 Sequencing, Polycythemia Vera Reflex, Varies","JAK2 Exon 12-15 Sequencing, Polycythemia Vera Reflex, Varies"
14035-0,Cryptomeria japonica Ab.IgE,ACnc,Pt,Ser,Qn,,"Japanese Cedar, IgE, Serum","Japanese Cedar, IgE, Serum"
33295-7,JC virus DNA,PrThr,Pt,CSF,Ord,Probe.amp.tar,"JC Virus, Molecular Detection, PCR, Spinal Fluid","JC Virus, Molecular Detection, PCR, Spinal Fluid"
97608-4,Joint pathogens panel,-,Pt,Synv fld,-,Non-probe.amp.tar,"Joint Infection Panel, PCR, Synovial Fluid","Joint Infection Panel, PCR, Synovial Fluid"
101787-0,B-cell lymphoma chromosome analysis,Find,Pt,Tiss,Doc,FISH,"B-Cell Lymphoma, FISH, Tissue","B-Cell Lymphoma, FISH, Tissue"
11184-9,Trachurus japonicus Ab.IgE,ACnc,Pt,Ser,Qn,,"Jack Mackerel, IgE, Serum","Jack Mackerel, IgE, Serum"
93808-4,MDM2 gene amplification,Find,Pt,Tiss,Doc,FISH,"MDM2 (12q15) Amplification, Well-Differentiated Liposarcoma/Atypical Lipomatous Tumor, FISH, Tissue","MDM2 (12q15) Amplification, Well-Differentiated Liposarcoma/Atypical Lipomatous Tumor, FISH, Tissue"
33571-1,Jo-1 extractable nuclear Ab.IgG,ACnc,Pt,Ser,Qn,,"Jo 1 Antibodies, IgG, Serum","Jo 1 Antibodies, IgG, Serum"
6152-3,Sorghum halepense Ab.IgE,ACnc,Pt,Ser,Qn,,"Johnson Grass, IgE, Serum","Johnson Grass, IgE, Serum"
6153-1,Poa pratensis Ab.IgE,ACnc,Pt,Ser,Qn,,"June Grass, IgE, Serum","June Grass, IgE, Serum"
48774-4,Immunoglobulin light chains.kappa.free,MCnc,Pt,CSF,Qn,,"Immunoglobulin Kappa Free Light Chain, Spinal Fluid","Immunoglobulin Kappa Free Light Chain, Spinal Fluid"
105262-0,Ketone disorders multigene analysis,Find,Pt,Bld/Tiss,Doc,Molgen,"Ketone Disorders Gene Panel, Varies","Ketone Disorders Gene Panel, Varies"
85330-9,Cells.Ki-67 nuclear Ag/cells,NFr,Pt,Breast cancer specimen,Qn,Immune stain,"Ki-67(MIB-1), Breast, Quantitative Immunohistochemistry, Automated","Ki-67(MIB-1), Breast, Quantitative Immunohistochemistry, Automated"
29593-1,Cells.Ki-67 nuclear Ag/Cells,NFr,Pt,Tiss,Qn,Immune stain,"Ki-67(MIB-1), Pulmonary, Quantitative Immunohistochemistry, Automated","Ki-67(MIB-1), Pulmonary, Quantitative Immunohistochemistry, Automated"
7129-0,Bean kidney red Ab.IgE,ACnc,Pt,Ser,Qn,,"Kidney Bean (Red), IgE, Serum","Kidney Bean (Red), IgE, Serum"
74446-6,Calculus analysis panel,-,Pt,Calculus,-,,Kidney Stone Analysis,Kidney Stone Analysis
55201-8,KIT gene targeted mutation analysis,Find,Pt,Bld/Tiss,Doc,Molgen,"KIT p.Asp816Val Variant Analysis, Quantitative, Varies","KIT p.Asp816Val Variant Analysis, Quantitative, Varies"
6154-9,Actinidia chinensis Ab.IgE,ACnc,Pt,Ser,Qn,,"Kiwi Fruit, IgE, Serum","Kiwi Fruit, IgE, Serum"
65809-6,Kingella kingae DNA,PrThr,Pt,XXX,Ord,Probe.amp.tar,"Kingella kingae, Molecular Detection, PCR, Blood","Kingella kingae, Molecular Detection, PCR, Blood"
99073-9,Kelch-like protein 11 Ab.IgG,PrThr,Pt,CSF,Ord,CBA IFA,"Kelch-Like Protein 11 Antibody, Cell Binding Assay, Spinal Fluid","Kelch-Like Protein 11 Antibody, Cell Binding Assay, Spinal Fluid"
99072-1,Kelch-like protein 11 Ab.IgG,PrThr,Pt,Ser,Ord,CBA IFA,"Kelch-Like Protein 11 Antibody, Cell Binding Assay, Serum","Kelch-Like Protein 11 Antibody, Cell Binding Assay, Serum"
103955-1,KRAS Somatic mutation analysis,Find,Pt,Tumor,Doc,Molgen,"KRAS Somatic Mutation Analysis, Tumor","KRAS Somatic Mutation Analysis, Tumor"
21702-6,KRAS gene targeted mutation analysis,Prid,Pt,Bld/Tiss,Nom,Molgen,"KRAS Somatic Mutation Analysis, Peritoneal Fluid","KRAS Somatic Mutation Analysis, Peritoneal Fluid"
2823-3,Potassium,SCnc,Pt,Ser/Plas,Qn,,"Potassium, Serum","Potassium, Serum"
2829-0,Potassium,SRat,24H,Urine,Qn,,"Potassium, 24 Hour, Urine","Potassium, 24 Hour, Urine"
96451-0,Alpha-1-Fetoprotein & Alpha-1-Fetoprotein.L3 panel,-,Pt,Ser/Plas,-,,"Alpha-Fetoprotein (AFP) L3% and Total, Hepatocellular Carcinoma Tumor Marker, Serum","Alpha-Fetoprotein (AFP) L3% and Total, Hepatocellular Carcinoma Tumor Marker, Serum"
59297-2,Lacosamide,MCnc,Pt,Ser/Plas,Qn,,"Lacosamide, Serum","Lacosamide, Serum"
2524-7,Lactate,SCnc,Pt,Ser/Plas,Qn,,"Lactate, Plasma","Lactate, Plasma"
94266-4,CD11a & CD11b & CD18 phenotyping panel,-,Pt,Bld,Ord,,"Leukocyte Adhesion Deficiency Type 1, CD11a/CD18 and CD11b/CD18 Complex Immunophenotyping, Blood","Leukocyte Adhesion Deficiency Type 1, CD11a/CD18 and CD11b/CD18 Complex Immunophenotyping, Blood"
39528-5,Adenovirus DNA,PrThr,Pt,XXX,Ord,Probe.amp.tar,"Adenovirus, Molecular Detection, PCR, Varies","Adenovirus, Molecular Detection, PCR, Varies"
105285-1,Neutrophil Ab screen panel,-,Pt,Ser/Plas,-,,"Granulocyte Antibody Screen, Serum","Granulocyte Antibody Screen, Serum"
32781-7,Legionella sp Ag,ACnc,Pt,Urine,Ord,,"Legionella Antigen, Random, Urine","Legionella Antigen, Random, Urine"
73958-1,Cholesterol esterase,CCnc,Pt,Bld.dot,Qn,,"Lysosomal Acid Lipase, Blood","Lysosomal Acid Lipase, Blood"
6155-6,Lamb Ab.IgE,ACnc,Pt,Ser,Qn,,"Lamb, IgE, Serum","Lamb, IgE, Serum"
6948-4,lamoTRIgine,MCnc,Pt,Ser/Plas,Qn,,"Lamotrigine, Serum","Lamotrigine, Serum"
6156-4,Chenopodium album Ab.IgE,ACnc,Pt,Ser,Qn,,"Lamb's Quarter, IgE, Serum","Lamb's Quarter, IgE, Serum"
6249-7,Palinurus spp Ab.IgE,ACnc,Pt,Ser,Qn,,"Langust (Lobster), IgE, Serum","Langust (Lobster), IgE, Serum"
101656-7,Lactate & pyruvate panel,-,Pt,Ser/Plas/Bld,-,,"Lactate Pyruvate Panel, Plasma","Lactate Pyruvate Panel, Plasma"
2520-5,Lactate,SCnc,Pt,CSF,Qn,,"Lactic Acid, Spinal Fluid","Lactic Acid, Spinal Fluid"
6158-0,Latex Ab.IgE,ACnc,Pt,Ser,Qn,,"Latex, IgE, Serum","Latex, IgE, Serum"
105459-2,Copper panel,-,Pt,Ser/Plas,-,,"Labile Bound Copper, Serum","Labile Bound Copper, Serum"
47260-5,Plasmodium sp DNA,Prid,Pt,Bld,Nom,Probe.amp.tar,"Malaria, Molecular Detection, PCR, Varies","Malaria, Molecular Detection, PCR, Varies"
101119-6,Leukemia and lymphoma immunophenotyping,Find,Pt,XXX,Doc,Flow cytometry,"Leukemia/Lymphoma Immunophenotyping, Flow Cytometry, Varies","Leukemia/Lymphoma Immunophenotyping, Flow Cytometry, Varies"
94332-4,Microsporidia sp 18S rRNA gene panel,-,Pt,XXX,-,Non-probe.amp.tar,"Microsporidia species, Molecular Detection, PCR, Varies","Microsporidia species, Molecular Detection, PCR, Varies"
14804-9,Lactate dehydrogenase,CCnc,Pt,Ser/Plas,Qn,Reaction,"Lactate Dehydrogenase (LDH), Serum","Lactate Dehydrogenase (LDH), Serum"
85267-3,X-linked adrenoleukodystrophy (X-ALD) newborn screening panel,-,Pt,Bld.dot,-,,"Lysosomal and Peroxisomal Disorders Newborn Screen, Blood Spot","Lysosomal and Peroxisomal Disorders Newborn Screen, Blood Spot"
14803-1,Lactate dehydrogenase,CCnc,Pt,Body fld,Qn,Reaction,"Lactate Dehydrogenase (LDH), Body Fluid","Lactate Dehydrogenase (LDH), Body Fluid"
18261-8,Cholesterol.in LDL,MCnc,Pt,Ser/Plas.ultracentrifugate,Qn,,"Low-Density Lipoprotein (LDL) Cholesterol, Beta-Quantification, Serum","Low-Density Lipoprotein (LDL) Cholesterol, Beta-Quantification, Serum"
23858-4,Epstein Barr virus DNA,PrThr,Pt,CSF,Ord,Probe.amp.tar,"Epstein-Barr Virus (EBV), Molecular Detection, PCR, Varies","Epstein-Barr Virus (EBV), Molecular Detection, PCR, Varies"
44828-2,Teriflunomide,MCnc,Pt,Ser/Plas,Qn,,"Leflunomide Metabolite (Teriflunomide), Serum","Leflunomide Metabolite (Teriflunomide), Serum"
593-4,Legionella sp,Prid,Pt,XXX,Nom,Organism specific culture,"Legionella Culture, Varies","Legionella Culture, Varies"
5020-3,Legionella sp rRNA,PrThr,Pt,XXX,Ord,Probe,"Legionella species, Molecular Detection, PCR, Varies","Legionella species, Molecular Detection, PCR, Varies"
7958-2,Leishmania sp Ab,PrThr,Pt,Ser,Ord,,"Leishmaniasis (Visceral) Antibody, Serum","Leishmaniasis (Visceral) Antibody, Serum"
6159-8,Citrus limon Ab.IgE,ACnc,Pt,Ser,Qn,,"Lemon, IgE, Serum","Lemon, IgE, Serum"
7458-3,Lens esculenta Ab.IgE,ACnc,Pt,Ser,Qn,,"Lentil, IgE, Serum","Lentil, IgE, Serum"
93856-3,Enterovirus RNA,PrThr,Pt,XXX,Ord,Non-probe.amp.tar,"Enterovirus, Molecular Detection, PCR, Varies","Enterovirus, Molecular Detection, PCR, Varies"
6160-6,Lepidoglyphus destructor Ab.IgE,ACnc,Pt,Ser,Qn,,"Lepidoglyphus destructor, IgE, Serum","Lepidoglyphus destructor, IgE, Serum"
23201-7,Leptospira sp Ab.IgM,PrThr,Pt,Ser,Ord,IA,"Leptospira, IgM, Serum","Leptospira, IgM, Serum"
6161-4,Lactuca sativa Ab.IgE,ACnc,Pt,Ser,Qn,,"Lettuce, IgE, Serum","Lettuce, IgE, Serum"
30471-7,levETIRAcetam,MCnc,Pt,Ser/Plas,Qn,,"Levetiracetam, Serum","Levetiracetam, Serum"
90234-6,Globotriaosylsphingosine,MCnc,Pt,Ser/Plas,Qn,,"Globotriaosylsphingosine, Serum","Globotriaosylsphingosine, Serum"
92754-1,Globotriaosylsphingosine,SCnc,Pt,Bld.dot,Qn,,"Globotriaosylsphingosine, Blood Spot","Globotriaosylsphingosine, Blood Spot"
92753-3,Globotriaosylsphingosine,SCnc,Pt,Bld,Qn,,"Globotriaosylsphingosine, Blood","Globotriaosylsphingosine, Blood"
10501-5,Lutropin,ACnc,Pt,Ser/Plas,Qn,,"Luteinizing Hormone (LH), Serum","Luteinizing Hormone (LH), Serum"
83103-2,Lutropin,ACnc,Pt,Ser/Plas,Qn,IA,"Luteinizing Hormone (LH), Pediatrics, Serum","Luteinizing Hormone (LH), Pediatrics, Serum"
94585-7,Herpes simplex virus 1 & 2 & Varicella zoster virus DNA panel,-,Pt,XXX,-,Non-probe.amp.tar,"Herpes Simplex Virus (HSV) and Varicella-Zoster Virus (VZV), Molecular Detection, PCR, Varies","Herpes Simplex Virus (HSV) and Varicella-Zoster Virus (VZV), Molecular Detection, PCR, Varies"
3714-3,Lidocaine,MCnc,Pt,Ser/Plas,Qn,,"Lidocaine, Serum","Lidocaine, Serum"
7464-1,Citrus aurantifolia Ab.IgE,ACnc,Pt,Ser,Qn,,"Lime, IgE, Serum","Lime, IgE, Serum"
11179-9,Tilia cordata Ab.IgE,ACnc,Pt,Ser,Qn,,"Linden, IgE, Serum","Linden, IgE, Serum"
7312-2,Linum usitatissimum Ab.IgE,ACnc,Pt,Ser,Qn,,"Linseed, IgE, Serum","Linseed, IgE, Serum"
43583-4,Lipoprotein (little a),SCnc,Pt,Ser/Plas,Qn,,"Lipoprotein(a), Serum","Lipoprotein(a), Serum"
14334-7,Lithium,SCnc,Pt,Ser/Plas,Qn,,"Lithium, Serum","Lithium, Serum"
24325-3,Hepatic function 2000 panel,-,Pt,Ser/Plas,Qn,,"Liver Profile, Serum","Liver Profile, Serum"
32220-6,Liver kidney microsomal 1 Ab,ACnc,Pt,Ser,Qn,,"Liver/Kidney Microsome Type 1 Antibodies, Serum","Liver/Kidney Microsome Type 1 Antibodies, Serum"
92815-0,Borrelia afzelii+burgdorferi+garinii Ab.IgG panel,-,Pt,Ser+CSF,-,,"Lyme Central Nervous System Infection IgG with Antibody Index Reflex, Serum and Spinal Fluid","Lyme Central Nervous System Infection IgG with Antibody Index Reflex, Serum and Spinal Fluid"
92812-7,Borrelia afzelii+burgdorferi+garinii Ab.IgG,ACnc,Pt,CSF,Qn,IA,"Lyme Central Nervous System Infection IgG, Antibody Index, Spinal Fluid","Lyme Central Nervous System Infection IgG, Antibody Index, Spinal Fluid"
88701-8,Norovirus genogroups I & II RNA panel,-,Pt,Stool,-,Probe.amp.tar,"Norovirus PCR, Molecular Detection, Feces","Norovirus PCR, Molecular Detection, Feces"
6165-5,Homarus gammarus Ab.IgE,ACnc,Pt,Ser,Qn,,"Lobster, IgE, Serum","Lobster, IgE, Serum"
59703-9,LORazepam,MCnc,Pt,Ser/Plas,Qn,Confirm,"Lorazepam (Ativan), Serum","Lorazepam (Ativan), Serum"
59063-8,Lymphocyte proliferation panel,-,Pt,Bld,-,,"Lymphocyte Proliferation to Anti-CD3/Anti-CD28 and Anti-CD3/Interleukin-2 (IL-2), Flow Cytometry, Blood","Lymphocyte Proliferation to Anti-CD3/Anti-CD28 and Anti-CD3/Interleukin-2 (IL-2), Flow Cytometry, Bl"
69042-0,Lymphocyte proliferation antigen panel,-,Pt,Bld,-,Flow cytometry,"Lymphocyte Proliferation to Antigens, Blood","Lymphocyte Proliferation to Antigens, Blood"
100732-7,Cholesterol.in lipoprotein (little a) & Cholesterol.in LDL panel,-,Pt,Ser,-,,"Lipoprotein (a) and Low-Density Lipoprotein Cholesterol, Serum","Lipoprotein (a) and Low-Density Lipoprotein Cholesterol, Serum"
105457-6,Lysophosphatidylcholines panel,-,Pt,Bld.dot,-,,"Lysophosphatidylcholines, LC MS/MS, Blood Spot","Lysophosphatidylcholines, LC MS/MS, Blood Spot"
82140-5,MYD88 gene.p.Leu265Pro targeted mutation analysis,Find,Pt,Bld/Tiss,Doc,Molgen,"Lymphoplasmacytic Lymphoma/Waldenstrom Macroglobulinemia, MYD88 L265P with Reflex to CXCR4, Varies","Lymphoplasmacytic Lymphoma/Waldenstrom Macroglobulinemia, MYD88 L265P with Reflex to CXCR4, Varies"
69018-0,Lymphocyte proliferation mitogen panel,-,Pt,Bld,-,Flow cytometry,"Lymphocyte Proliferation to Mitogens, Blood","Lymphocyte Proliferation to Mitogens, Blood"
3040-3,Triacylglycerol lipase,CCnc,Pt,Ser/Plas,Qn,,"Lipase, Serum","Lipase, Serum"
15212-4,Triacylglycerol lipase,CCnc,Pt,Body fld,Qn,,"Lipase, Body Fluid","Lipase, Body Fluid"
24331-1,Lipid 1996 panel,-,Pt,Ser/Plas,Qn,,"Lipid Panel, Serum","Lipid Panel, Serum"
55146-5,Familial long QTS syndrome gene targeted mutation analysis,Find,Pt,Bld/Tiss,Doc,Molgen,"Long QT Syndrome Gene Panel, Varies","Long QT Syndrome Gene Panel, Varies"
101382-0,FH gene deletion+duplication & full mutation analysis,Find,Pt,Bld/Tiss,Doc,Molgen,"Hereditary Leiomyomatosis and Renal Cell Cancer Syndrome, FH, Full Gene Analysis, Varies","Hereditary Leiomyomatosis and Renal Cell Cancer Syndrome, FH, Full Gene Analysis, Varies"
105263-8,Lysosomal storage disease multigene analysis,Find,Pt,Bld/Tiss,Doc,Molgen,"Lysosomal Storage Disease Gene Panel, Varies","Lysosomal Storage Disease Gene Panel, Varies"
105125-9,Lysosomal storage disorders screen panel,-,Pt,Urine,-,,"Lysosomal Disorders Screen, Random, Urine","Lysosomal Disorders Screen, Random, Urine"
11180-7,Lupinus spp Ab.IgE,ACnc,Pt,Ser,Qn,,"Lupin, IgE, Serum","Lupin, IgE, Serum"
94584-0,Varicella zoster virus DNA,PrThr,Pt,XXX,Ord,Non-probe.amp.tar,"Varicella-Zoster Virus, Molecular Detection, PCR, Varies","Varicella-Zoster Virus, Molecular Detection, PCR, Varies"
26028-1,HLA-B27,PrThr,Pt,Bld/Tiss,Ord,Flow cytometry,"HLA-B27, Blood","HLA-B27, Blood"
20449-5,Borrelia burgdorferi Ab,PrThr,Pt,Ser,Ord,IA,"Lyme Disease Serology, Serum","Lyme Disease Serology, Serum"
94253-2,Borrelia sp panel,-,Pt,XXX,-,Non-probe.amp.tar,"Lyme Disease, Molecular Detection, PCR, Varies","Lyme Disease, Molecular Detection, PCR, Varies"
105197-8,Hereditary nonpolyposis colorectal cancer multigene analysis,Find,Pt,Bld/Tiss,Doc,Molgen,"Lynch Syndrome Panel, Varies","Lynch Syndrome Panel, Varies"
11182-3,Lysozyme Ab.IgE,ACnc,Pt,Ser,Qn,,"Lysozyme, IgE, Serum","Lysozyme, IgE, Serum"
18203-0,Borrelia burgdorferi Ab.IgG+IgM,PrThr,Pt,Ser,Ord,IB,"Lyme Disease Antibody, Immunoblot, Serum","Lyme Disease Antibody, Immunoblot, Serum"
101867-0,Ma2 Antibody,PrThr,Pt,CSF,Ord,IA,"Ma2 Antibody, ELISA, Spinal Fluid","Ma2 Antibody, ELISA, Spinal Fluid"
101868-8,Ma2 Antibody,PrThr,Pt,Ser/Plas,Ord,IA,"Ma2 Antibody by ELISA, Serum","Ma2 Antibody by ELISA, Serum"
94353-0,Myelopathy autoimmune Ab panel,-,Pt,CSF,-,,"Myelopathy, Autoimmune/Paraneoplastic Evaluation, Spinal Fluid","Myelopathy, Autoimmune/Paraneoplastic Evaluation, Spinal Fluid"
15280-1,Mace Ab.IgE,ACnc,Pt,Ser,Qn,,"Mace, IgE, Serum","Mace, IgE, Serum"
7474-0,Scomber scombrus Ab.IgE,ACnc,Pt,Ser,Qn,,"Mackerel, IgE, Serum","Mackerel, IgE, Serum"
11183-1,Macadamia spp Ab.IgE,ACnc,Pt,Ser,Qn,,"Macadamia Nut, IgE, Serum","Macadamia Nut, IgE, Serum"
48802-3,Alpha-1-fetoprotein panel,-,Pt,Ser/Plas,-,,"Alpha-Fetoprotein (AFP), Single Marker Screen, Maternal, Serum","Alpha-Fetoprotein (AFP), Single Marker Screen, Maternal, Serum"
111581-5,Melanoma-associated antigen 4 panel,-,Pt,Tiss,-,Immune stain,"Melanoma-Associated Antigen-A4 (MAGE-A4), Semi-Quantitative Immunohistochemistry, Manual","Melanoma-Associated Antigen-A4 (MAGE-A4), Semi-Quantitative Immunohistochemistry, Manual"
39087-2,Myelin associated glycoprotein Ab.IgM,Titr,Pt,Ser,SemiQn,IA,"Myelin-Associated Glycoprotein Autoantibodies, IgM, Serum","Myelin-Associated Glycoprotein Autoantibodies, IgM, Serum"
13474-2,Magnesium/Creatinine,MRto,Pt,Urine,Qn,,"Magnesium/Creatinine Ratio, Random, Urine","Magnesium/Creatinine Ratio, Random, Urine"
24447-5,Magnesium,MRat,24H,Urine,Qn,,"Magnesium, 24 Hour, Urine","Magnesium, 24 Hour, Urine"
51714-4,Observation,Prid,Pt,Bld,Nom,Giemsa stain,"Rapid Malaria/Babesia Smear, Varies","Rapid Malaria/Babesia Smear, Varies"
101803-5,Malabsorption Evaluation Panel,-,Pt,Stool,-,,"Malabsorption Evaluation Panel, Feces","Malabsorption Evaluation Panel, Feces"
6166-3,Malt Ab.IgE,ACnc,Pt,Ser,Qn,,"Malt, IgE, Serum","Malt, IgE, Serum"
74034-0,MAML2 11q21 gene rearrangements,Find,Pt,Tiss,Doc,FISH,"MAML2 (11q21) Rearrangement, Mucoepidermoid Carcinoma (MEC), FISH, Tissue","MAML2 (11q21) Rearrangement, Mucoepidermoid Carcinoma (MEC), FISH, Tissue"
7731-3,Citrus reticulata Ab.IgE,ACnc,Pt,Ser,Qn,,"Mandarin, IgE, Serum","Mandarin, IgE, Serum"
6167-1,Mangifera indica Ab.IgE,ACnc,Pt,Ser,Qn,,"Mango, IgE, Serum","Mango, IgE, Serum"
24053-1,Alpha mannosidase,CCnt,Pt,WBC,Qn,,"Alpha-Mannosidase, Leukocytes","Alpha-Mannosidase, Leukocytes"
10936-3,Mare milk Ab.IgE,ACnc,Pt,Ser,Qn,,"Mare's Milk, IgE, Serum","Mare's Milk, IgE, Serum"
10937-1,Origanum majorana Ab.IgE,ACnc,Pt,Ser,Qn,,"Marjoram, IgE, Serum","Marjoram, IgE, Serum"
6232-3,Iva ciliata Ab.IgE,ACnc,Pt,Ser,Qn,,"Rough Marsh Elder, IgE, Serum","Rough Marsh Elder, IgE, Serum"
94339-9,Myelopathy autoimmune Ab panel,-,Pt,Ser,-,,"Myelopathy, Autoimmune/Paraneoplastic Evaluation, Serum","Myelopathy, Autoimmune/Paraneoplastic Evaluation, Serum"
101384-6,MYC gene amplification,Find,Pt,Tiss,Doc,FISH,"Angiosarcoma, MYC (8q24) Amplification, FISH, Tissue","Angiosarcoma, MYC (8q24) Amplification, FISH, Tissue"
40704-9,Maternal cell contamination,Prid,Pt,Bld,Nom,,"Maternal Cell Contamination, Molecular Analysis, Varies","Maternal Cell Contamination, Molecular Analysis, Varies"
44449-7,Beta 2 glycoprotein 1 Ab.IgM,ACnc,Pt,Ser/Plas,Qn,IA,"Beta-2 Glycoprotein 1 Antibodies, IgM, Serum","Beta-2 Glycoprotein 1 Antibodies, IgM, Serum"
74522-4,Complement lectin pathway actual/normal,RelACnc,Pt,Ser,Qn,IA,"Mannan Binding Lectin Complement Pathway, Functional, Serum","Mannan Binding Lectin Complement Pathway, Functional, Serum"
85101-4,BRAF gene.p.Val600Glu,PrThr,Pt,Bone mar,Ord,Molgen,"BRAF V600 Somatic Mutation Analysis, Bone Marrow","BRAF V600 Somatic Mutation Analysis, Bone Marrow"
105589-6,Bladder & Prostate cancer multigene analysis,Find,Pt,Tiss,Doc,Molgen,"MayoComplete Bladder and Prostate Cancer Panel, Next-Generation Sequencing, Tumor","MayoComplete Bladder and Prostate Cancer Panel, Next-Generation Sequencing, Tumor"
73977-1,Cancer related multigene analysis,Find,Pt,Bld/Tiss,Doc,Molgen,"MayoComplete Colorectal Cancer Panel, Next-Generation Sequencing, Tumor","MayoComplete Colorectal Cancer Panel, Next-Generation Sequencing, Tumor"
105590-4,Endometrial carcinoma multigene analysis,Find,Pt,Tiss,Doc,Molgen,"MayoComplete Endometrial Carcinoma Panel, Next-Generation Sequencing, Tumor","MayoComplete Endometrial Carcinoma Panel, Next-Generation Sequencing, Tumor"
105591-2,Renal cell carcinoma fibromyomatous stroma multigene analysis,Find,Pt,Tiss,Doc,Molgen,"MayoComplete Renal Cell Carcinoma with Fibromyomatous Stroma Panel, Next-Generation Sequencing, Tumor","MayoComplete Renal Cell Carcinoma with Fibromyomatous Stroma Panel, Next-Generation Sequencing, Tumo"
102117-9,GIST multigene mutation panel,-,Pt,Tiss,-,Molgen,"MayoComplete Gastrointestinal Stromal Tumor (GIST) Panel, Next-Generation Sequencing, Tumor","MayoComplete Gastrointestinal Stromal Tumor (GIST) Panel, Next-Generation Sequencing, Tumor"
105592-0,Gynecological carcinoma multigene analysis,Find,Pt,Tiss,Doc,Molgen,"MayoComplete Gynecological Cancer Panel, Next-Generation Sequencing, Tumor","MayoComplete Gynecological Cancer Panel, Next-Generation Sequencing, Tumor"
6068-1,Cheese mold type Ab.IgE,ACnc,Pt,Ser,Qn,,"Cheese, Mold, IgE, Serum","Cheese, Mold, IgE, Serum"
105593-8,Renal cell carcinoma multigene analysis,Find,Pt,Tiss,Doc,Molgen,"MayoComplete Kidney Cancer Panel, Next-Generation Sequencing, Tumor","MayoComplete Kidney Cancer Panel, Next-Generation Sequencing, Tumor"
3182-3,Cardiolipin Ab.IgM,ACnc,Pt,Ser,Qn,IA,"Phospholipid (Cardiolipin) Antibodies, IgM, Serum","Phospholipid (Cardiolipin) Antibodies, IgM, Serum"
101378-8,Lung cancer targeted gene fusion transcript analysis,Find,Pt,Tiss,Doc,Sequencing,"MayoComplete Lung Cancer-Targeted Gene Panel with Rearrangement, Tumor","MayoComplete Lung Cancer-Targeted Gene Panel with Rearrangement, Tumor"
102042-9,Lung cancer panel,-,Pt,Lung tiss,-,Sequencing,"MayoComplete Lung Cancer Mutations, Next-Generation Sequencing, Tumor","MayoComplete Lung Cancer Mutations, Next-Generation Sequencing, Tumor"
105594-6,"Ovarian, fallopian tube and peritoneal carcinoma multigene analysis",Find,Pt,Tiss,Doc,Molgen,"MayoComplete Ovarian, Fallopian Tube, and Peritoneal Cancer Panel, Next-Generation Sequencing, Tumor","MayoComplete Ovarian, Fallopian Tube, and Peritoneal Cancer Panel, Next-Generation Sequencing, Tumor"
94229-2,MECP2 gene deletion+duplication & full mutation analysis,Find,Pt,Bld/Tiss,Doc,Molgen,"MECP2 Gene, Full Gene Analysis, Varies","MECP2 Gene, Full Gene Analysis, Varies"
78993-3,Prolactin isoforms panel,-,Pt,Ser/Plas,-,,"Macroprolactin, Serum","Macroprolactin, Serum"
95123-6,Gene fusion transcript details,Find,Pt,Bld/Tiss,Nar,Molgen,"MayoComplete Targeted RNA Sequencing Panel, Next-Generation Sequencing, Tumor","MayoComplete Targeted RNA Sequencing Panel, Next-Generation Sequencing, Tumor"
95124-4,Sarcoma targeted gene fusion transcript analysis,Find,Pt,Tiss,Doc,Sequencing,"MayoComplete Comprehensive Sarcoma Panel, Next-Generation Sequencing, Tumor","MayoComplete Comprehensive Sarcoma Panel, Next-Generation Sequencing, Tumor"
94712-7,Movement disorder autoimmune Ab panel,-,Pt,CSF,-,,"Movement Disorder, Autoimmune/Paraneoplastic Evaluation, Spinal Fluid","Movement Disorder, Autoimmune/Paraneoplastic Evaluation, Spinal Fluid"
96602-8,"Methadone & 2-Ethylidene-1,5-Dimethyl-3,3-Diphenylpyrrolidine panel",-,Pt,Ser/Plas,-,,"Methadone and Metabolites, Serum","Methadone and Metabolites, Serum"
94701-0,Movement disorder autoimmune Ab panel,-,Pt,Ser/Plas,-,,"Movement Disorder, Autoimmune/Paraneoplastic Evaluation, Serum","Movement Disorder, Autoimmune/Paraneoplastic Evaluation, Serum"
62367-8,Chromosome analysis summary panel,-,Pt,Bld/Tiss,-,Molgen,"Myelodysplastic Syndrome (MDS), Diagnostic FISH, Varies","Myelodysplastic Syndrome (MDS), Diagnostic FISH, Varies"
103952-8,Muscular dystrophy multigene analysis,Find,Pt,XXX,Doc,Molgen,"Inherited Muscular Dystrophy Gene Panel, Varies","Inherited Muscular Dystrophy Gene Panel, Varies"
6169-7,Festuca elatior Ab.IgE,ACnc,Pt,Ser,Qn,,"Meadow Fescue, IgE, Serum","Meadow Fescue, IgE, Serum"
91077-8,Measles virus RNA,PrThr,Pt,Respiratory system specimen.upper,Ord,Probe.amp.tar,"Measles Virus, Molecular Detection, PCR, Throat","Measles Virus, Molecular Detection, PCR, Throat"
86577-4,Measles virus RNA,PrThr,Pt,Urine,Ord,Probe.amp.tar,"Measles Virus, Molecular Detection, PCR, Random, Urine","Measles Virus, Molecular Detection, PCR, Random, Urine"
48813-0,Bacterial methicillin resistance mecA gene,PrThr,Pt,Isolate/Specimen,Ord,Molgen,"Methicillin Resistance Gene, Molecular Detection, PCR, Varies","Methicillin Resistance Gene, Molecular Detection, PCR, Varies"
10939-7,Lepidorhombus whiffiagonis Ab.IgE,ACnc,Pt,Ser,Qn,,"Megrim, IgE, Serum","Megrim, IgE, Serum"
6171-3,Melaleuca leucadendron Ab.IgE,ACnc,Pt,Ser,Qn,,"Melaleuca leucadendron, IgE, Serum","Melaleuca leucadendron, IgE, Serum"
57884-9,Cucumis melo spp Ab.IgE,ACnc,Pt,Ser,Qn,,"Melons, IgE, Serum","Melons, IgE, Serum"
21614-3,CDKN2A gene deletion,Arb,Pt,Bld/Tiss,Ord,Molgen,"Mesothelioma, CDKN2A FISH, Tissue","Mesothelioma, CDKN2A FISH, Tissue"
6173-9,Prosopis juliflora Ab.IgE,ACnc,Pt,Ser,Qn,,"Mesquite, IgE, Serum","Mesquite, IgE, Serum"
98902-0,Methemoglobin & sulfhemoglobin panel,MFr,Pt,Bld,Qn,,"Methemoglobin and Sulfhemoglobin, Blood","Methemoglobin and Sulfhemoglobin, Blood"
101400-0,"Metanephrine, Normetanephrine, 3-Methoxytyramine panel",-,24H,Urine,-,,"Metanephrines with 3-Methoxytyramine, 24 Hour, Urine","Metanephrines with 3-Methoxytyramine, 24 Hour, Urine"
104632-5,Metanephrine & Normetanephrine & Total metanephrines panel,-,24H,Urine,-,,"Metanephrines, Fractionated, 24 Hour, Urine","Metanephrines, Fractionated, 24 Hour, Urine"
90926-7,MET gene amplification,Find,Pt,Bld/Tiss,Doc,FISH,"MET (7q31), FISH, Tissue","MET (7q31), FISH, Tissue"
32703-1,Cytochrome b5 reductase,CCnt,Pt,RBC,Qn,,"Cytochrome b5 Reductase Enzyme Activity, Blood","Cytochrome b5 Reductase Enzyme Activity, Blood"
40779-1,Mexiletine^trough,MCnc,Pt,Ser/Plas,Qn,,"Mexiletine, Serum","Mexiletine, Serum"
77114-7,FBN1 gene full mutation analysis,Find,Pt,Bld/Tiss,Doc,Sequencing,"FBN1 Full Gene Sequencing with Deletion/Duplication, Varies","FBN1 Full Gene Sequencing with Deletion/Duplication, Varies"
6170-5,Alopercurus pratensis Ab.IgE,ACnc,Pt,Ser,Qn,,"Meadow Foxtail, IgE, Serum","Meadow Foxtail, IgE, Serum"
105198-6,Marfan and related conditions multigene analysis,Find,Pt,Bld/Tiss,Doc,Molgen,"Marfan, Loeys-Dietz, and Aortopathy Gene Panel, Varies","Marfan, Loeys-Dietz, and Aortopathy Gene Panel, Varies"
97566-4,Myasthenia gravis & Lambert-Eaton syndrome autoimmune Ab panel,-,Pt,Ser,-,,"Myasthenia Gravis/Lambert-Eaton Myasthenic Syndrome Evaluation, Serum","Myasthenia Gravis/Lambert-Eaton Myasthenic Syndrome Evaluation, Serum"
53706-8,Myasthenia gravis evaluation adult reflex panel,-,Pt,Ser,Qn,,"Myasthenia Gravis Evaluation with Muscle-Specific Kinase (MuSK) Reflex, Serum","Myasthenia Gravis Evaluation with Muscle-Specific Kinase (MuSK) Reflex, Serum"
60252-4,MGMT gene methylation,Arb,Pt,Tiss,Ord,Molgen,"MGMT Promoter Methylation Analysis, Tumor","MGMT Promoter Methylation Analysis, Tumor"
19123-9,Magnesium,MCnc,Pt,Ser/Plas,Qn,,"Magnesium, Serum","Magnesium, Serum"
42621-3,Mycoplasma hominis DNA,PrThr,Pt,Bld,Ord,Probe.amp.tar,"Metamycoplasma hominis, Molecular Detection, PCR, Blood","Metamycoplasma hominis, Molecular Detection, PCR, Blood"
68546-1,Mycoplasma hominis DNA,PrThr,Pt,XXX,Ord,Probe.amp.tar,"Metamycoplasma hominis, Molecular Detection, PCR, Plasma","Metamycoplasma hominis, Molecular Detection, PCR, Plasma"
6174-7,Milk Ab.IgE,ACnc,Pt,Ser,Qn,,"Milk, IgE, Serum","Milk, IgE, Serum"
13626-7,Mitotane,MCnc,Pt,Ser/Plas,Qn,,"Mitotane, Plasma","Mitotane, Plasma"
101152-7,Mitochondria whole genome analysis,Find,Pt,Bld/Tiss,Doc,Molgen,"Mitochondrial Full Genome Analysis, Next-Generation Sequencing (NGS), Varies","Mitochondrial Full Genome Analysis, Next-Generation Sequencing (NGS), Varies"
97760-3,MLH1 gene methylation analysis,Find,Pt,Bld,Doc,Molgen,"MLH1 Hypermethylation Analysis, Blood","MLH1 Hypermethylation Analysis, Blood"
105347-9,Methylmalonate aciduria multigene analysis,Find,Pt,Bld/Tiss,Doc,Molgen,"Methylmalonic Aciduria Gene Panel, Varies","Methylmalonic Aciduria Gene Panel, Varies"
13964-2,Methylmalonate,SCnc,Pt,Ser/Plas,Qn,,"Methylmalonic Acid, Quantitative, Plasma","Methylmalonic Acid, Quantitative, Plasma"
25116-5,Methylmalonate/Creatinine,SRto,Pt,Urine,Qn,,"Methylmalonic Acid, Quantitative, Urine","Methylmalonic Acid, Quantitative, Urine"
29577-4,Fungal susceptibility panel,-,Pt,Isolate,OrdQn,,"Antimicrobial Susceptibility, Nocardia species and other Aerobic Actinomycetes, Varies","Antimicrobial Susceptibility, Nocardia species and other Aerobic Actinomycetes, Varies"
29579-0,Mycobacterial susceptibility panel,-,Pt,Isolate,OrdQn,Method for Slow-growing mycobacteria,"Antimicrobial Susceptibility, Acid-Fast Bacilli, Rapidly Growing, Varies","Antimicrobial Susceptibility, Acid-Fast Bacilli, Rapidly Growing, Varies"
50545-3,Bacterial susceptibility panel,-,Pt,Isolate,OrdQn,MIC,"Antimicrobial Susceptibility, Anaerobic Bacteria, Minimal Inhibitory Concentration, Varies","Antimicrobial Susceptibility, Anaerobic Bacteria, Minimal Inhibitory Concentration, Varies"
77250-9,Mumps virus IgG & IgM panel,-,Pt,Ser,-,,"Mumps Virus Antibody, IgM and IgG, Serum","Mumps Virus Antibody, IgM and IgG, Serum"
6478-2,Mumps virus Ab.IgM,PrThr,Pt,Ser,Ord,IA,"Mumps Virus Antibody, IgM, Serum","Mumps Virus Antibody, IgM, Serum"
101455-4,Mitochondrial metabolites panel,-,Pt,Ser/Plas,-,,"Mitochondrial Metabolites, Plasma","Mitochondrial Metabolites, Plasma"
104688-7,Measles & Mumps & Rubella & Varicella-zoster virus Ab.IgG panel,-,Pt,Ser/Plas,-,,"Measles, Mumps, Rubella, and Varicella (MMRV) Immune Status Profile, Serum","Measles, Mumps, Rubella, and Varicella (MMRV) Immune Status Profile, Serum"
5681-2,Manganese,MCnc,Pt,Bld,Qn,,"Manganese, Blood","Manganese, Blood"
27367-2,Manganese/Creatinine,MRto,Pt,Urine,Qn,,"Manganese/Creatinine Ratio, Urine","Manganese/Creatinine Ratio, Urine"
103951-0,Motor neuron disease multigene analysis,Find,Pt,XXX,Doc,Molgen,"Inherited Motor Neuron Disease Gene Panel, Varies","Inherited Motor Neuron Disease Gene Panel, Varies"
5683-8,Manganese,MCnc,Pt,Ser/Plas,Qn,,"Manganese, Serum","Manganese, Serum"
8203-2,Manganese,MRat,24H,Urine,Qn,,"Manganese, 24 Hour, Urine","Manganese, 24 Hour, Urine"
90248-6,Myelin oligodendrocyte glycoprotein Ab.IgG1,PrThr,Pt,Ser/Plas,Ord,Flow cytometry,"Myelin Oligodendrocyte Glycoprotein (MOG-IgG1) Fluorescence-Activated Cell Sorting (FACS) Assay, Serum","Myelin Oligodendrocyte Glycoprotein (MOG-IgG1) Fluorescence-Activated Cell Sorting (FACS) Assay, Ser"
30183-8,(Alternaria alternata+Aspergillus fumigatus+Candida albicans+Cladosporium herbarum+Setomelanomma rostrata+Penicillium notatum) Ab.IgE,ACnc,Pt,Ser,Qn,Multidisk,"Mold Panel, Serum","Mold Panel, Serum"
5698-6,Molybdenum,MCnc,Pt,Ser/Plas,Qn,,"Molybdenum, Serum","Molybdenum, Serum"
101146-9,Monocyte subsets panel,-,Pt,Bld,-,Flow cytometry,"Monocyte Repartition by CD14/CD16, Blood","Monocyte Repartition by CD14/CD16, Blood"
5213-4,Heterophile Ab,PrThr,Pt,Ser,Ord,LA,"Infectious Mononucleosis, Rapid Test, Serum","Infectious Mononucleosis, Rapid Test, Serum"
6180-4,Mouse serum proteins Ab.IgE,ACnc,Pt,Ser,Qn,,"Mouse Serum Protein, IgE, Serum","Mouse Serum Protein, IgE, Serum"
7502-8,Moth Ab.IgE,ACnc,Pt,Ser,Qn,,"Moth, IgE, Serum","Moth, IgE, Serum"
6181-2,Mouse urine proteins Ab.IgE,ACnc,Pt,Ser,Qn,,"Mouse Urine Protein, IgE, Serum","Mouse Urine Protein, IgE, Serum"
6179-6,Mouse epithelium Ab.IgE,ACnc,Pt,Ser,Qn,,"Mouse Epithelium, IgE, Serum","Mouse Epithelium, IgE, Serum"
87432-1,Mycophenolate & mycophenolate glucuronide panel,-,Pt,Ser/Plas,Qn,,"Mycophenolic Acid, Serum","Mycophenolic Acid, Serum"
105348-7,Methylmalonate aciduria-propionic aciduria multigene analysis,Find,Pt,Bld/Tiss,Doc,Molgen,"Methylmalonic Aciduria-Propionic Aciduria Combined Gene Panel, Varies","Methylmalonic Aciduria-Propionic Aciduria Combined Gene Panel, Varies"
93357-2,Monotypic plasma cell identification & risk stratification panel,-,Pt,Bone mar,-,Molgen,"mSMART, Plasma Cell Proliferative Disorder, FISH, Bone Marrow","mSMART, Plasma Cell Proliferative Disorder, FISH, Bone Marrow"
104676-2,Methylphenidate & Alpha-Phenyl-2-Piperidine acetate panel,-,Pt,Urine,-,,"Methylphenidate and Metabolite, Random, Urine","Methylphenidate and Metabolite, Random, Urine"
75033-1,MPL gene mutations tested for,Prid,Pt,Bone mar,Nom,Molgen,"MPL Exon 10 Mutation Detection, Bone Marrow","MPL Exon 10 Mutation Detection, Bone Marrow"
62948-5,MPL gene mutations tested for,Prid,Pt,Bld/Tiss,Nom,Molgen,"MPL Exon 10 Mutation Detection, Reflex, Varies","MPL Exon 10 Mutation Detection, Reflex, Varies"
53761-3,JAK2 gene.p.Val617Phe mutant/normal,RelRto,Pt,Bld/Tiss,Qn,Molgen,"Myeloproliferative Neoplasm, JAK2 V617F with Reflex to CALR and MPL, Bone Marrow","Myeloproliferative Neoplasm, JAK2 V617F with Reflex to CALR and MPL, Bone Marrow"
48404-8,Myeloperoxidase Ab.IgG,ACnc,Pt,Ser,Qn,,"Myeloperoxidase Antibodies, IgG, Serum","Myeloperoxidase Antibodies, IgG, Serum"
6476-6,Mumps virus Ab.IgG,PrThr,Pt,Ser,Ord,IA,"Mumps Virus Antibody, IgG, Serum","Mumps Virus Antibody, IgG, Serum"
101665-8,Protein electrophoresis & monoclonal protein isotype panel,-,24H,Urine,-,,"Monoclonal Protein Quantitation, 24 Hour, Urine","Monoclonal Protein Quantitation, 24 Hour, Urine"
29257-3,Mycoplasma pneumoniae DNA,PrThr,Pt,XXX,Ord,Probe.amp.tar,"Mycoplasma (Mycoplasmoides) pneumoniae with Macrolide Resistance Reflex, Molecular Detection, PCR, Varies","Mycoplasma (Mycoplasmoides) pneumoniae with Macrolide Resistance Reflex, Molecular Detection, PCR, V"
104112-8,Mucopolysaccharidosis,CCnc,Pt,Bld.dot,Qn,,"Mucopolysaccharidosis III, Three-Enzyme Panel, Blood Spot","Mucopolysaccharidosis III, Three-Enzyme Panel, Blood Spot"
104072-4,Mucopolysaccharidosis enzymes panel,-,Pt,WBC,-,,"Mucopolysaccharidosis III, Four-Enzyme Panel, Leukocytes","Mucopolysaccharidosis III, Four-Enzyme Panel, Leukocytes"
94586-5,Dermatan sulfate & heparan sulfate & keratan sulfate panel,-,Pt,Bld.dot,-,,"Mucopolysaccharidosis, Blood Spot","Mucopolysaccharidosis, Blood Spot"
93726-8,Dermatan sulfate & heparan sulfate & keratan sulfate panel,-,Pt,Ser/Plas,-,,"Mucopolysaccharides Quantitative, Serum","Mucopolysaccharides Quantitative, Serum"
94691-3,Dermatan sulfate & heparan sulfate & chondroitin-6-sulfate & keratan sulfate panel,-,Pt,Urine,Qn,,"Mucopolysaccharides Quantitative, Random, Urine","Mucopolysaccharides Quantitative, Random, Urine"
101910-8,Protein monoclonal panel,-,24H,Urine,-,,"Monoclonal Protein Studies, 24 Hour, Urine","Monoclonal Protein Studies, 24 Hour, Urine"
93022-2,Multiple myeloma minimal residual disease panel,-,Pt,Bone mar,-,Flow cytometry,"Multiple Myeloma Measurable Residual Disease (MRD), Flow Cytometry, Bone Marrow","Multiple Myeloma Measurable Residual Disease (MRD), Flow Cytometry, Bone Marrow"
72887-3,Staphylococcus aureus methicillin resistance SCCmec,PrThr,Pt,Nose,Ord,Probe.amp.tar,"Methicillin Resistant Staphylococcus aureus, PCR, Nasal","Methicillin Resistant Staphylococcus aureus, PCR, Nasal"
107564-7,Myositis specific Ab panel,-,Pt,Ser/Plas,-,,"Myositis Specific Antibody Evaluation, Serum","Myositis Specific Antibody Evaluation, Serum"
65757-7,Pathology biopsy report,Find,Pt,Kidney,Nar,,"Collagenofibrotic Glomerulopathy Confirmation, Mass Spectrometry","Collagenofibrotic Glomerulopathy Confirmation, Mass Spectrometry"
103566-6,Metagenomic DNA and RNA Sequencing,Prid,Pt,CSF,Nom,Sequencing,"Bacteria, Virus, Fungus, and Parasite Metagenomic Sequencing, Spinal Fluid","Bacteria, Virus, Fungus, and Parasite Metagenomic Sequencing, Spinal Fluid"
104116-9,Multiple sulfatase deficiency,CCnc,Pt,Bld.dot,Qn,,"Multiple Sulfatase Deficiency, Blood Spot","Multiple Sulfatase Deficiency, Blood Spot"
104073-2,Multiple sulfatase deficiency enzymes panel,-,Pt,WBC,-,,"Multiple Sulfatase Deficiency, Leukocytes","Multiple Sulfatase Deficiency, Leukocytes"
106784-2,Membranous nephropathy associated antigens analysis,Find,Pt,Tiss,Doc,LC/MS/MS,"Membranous Nephropathy Target Antigen Identification, Mass Spectrometry, Tissue","Membranous Nephropathy Target Antigen Identification, Mass Spectrometry, Tissue"
93363-0,Plasma cell DNA content & proliferation panel,-,Pt,Bone mar,-,Flow cytometry,"Myeloma Stratification and Risk-Adapted Therapy with Reflex to Measurable/Minimal Residual Disease, Bone Marrow","Myeloma Stratification and Risk-Adapted Therapy with Reflex to Measurable/Minimal Residual Disease, "
100757-4,Protein fractions.oligoclonal bands panel,-,Pt,Ser+CSF,-,Isoelectric focusing,"Multiple Sclerosis (MS) Cascade, Serum and Spinal Fluid","Multiple Sclerosis (MS) Cascade, Serum and Spinal Fluid"
6177-0,Aedes communis Ab.IgE,ACnc,Pt,Ser,Qn,,"Mosquito Species, IgE, Serum","Mosquito Species, IgE, Serum"
48812-2,Spermatozoa morphology panel,-,Pt,Semen,-,,"Strict Criteria Sperm Morphology for Infertility Diagnosis and Treatment, Semen","Strict Criteria Sperm Morphology for Infertility Diagnosis and Treatment, Semen"
6185-3,Mustard Ab.IgE,ACnc,Pt,Ser,Qn,,"Mustard, IgE, Serum","Mustard, IgE, Serum"
105355-2,Maple syrup urine disease multigene analysis,Find,Pt,Bld/Tiss,Doc,Molgen,"Maple Syrup Urine Disease Gene Panel, Varies","Maple Syrup Urine Disease Gene Panel, Varies"
46245-7,Mycobacterium tuberculosis pncA gene pyrazinamide resistance mutation,Prid,Pt,Isolate/Specimen,Nom,Molgen,"Mycobacterium tuberculosis Complex, Pyrazinamide Resistance by pncA DNA Sequencing, Varies","Mycobacterium tuberculosis Complex, Pyrazinamide Resistance by pncA DNA Sequencing, Varies"
38379-4,Mycobacterium tuberculosis complex DNA,PrThr,Pt,XXX,Ord,Probe.amp.tar,"Mycobacterium tuberculosis Complex, Molecular Detection, PCR, Varies","Mycobacterium tuberculosis Complex, Molecular Detection, PCR, Varies"
10857-1,Microsporidia,Prid,Pt,XXX,Nom,Microscopy.light,"Microsporidia Stain, Varies","Microsporidia Stain, Varies"
89371-9,Mycobacterium tuberculosis complex DNA & rpoB gene rifAMPin resistance mutation panel,-,Pt,Isolate/Specimen,-,,"Mycobacterium tuberculosis Complex, Molecular Detection and Rifampin Resistance, PCR, Sputum","Mycobacterium tuberculosis Complex, Molecular Detection and Rifampin Resistance, PCR, Sputum"
104626-7,Methadone Confirmatory panel,-,Pt,Urine,-,,"Methadone Confirmation, Random, Urine","Methadone Confirmation, Random, Urine"
14836-1,Methotrexate,SCnc,Pt,Ser/Plas,Qn,,"Methotrexate, Serum","Methotrexate, Serum"
46154-1,Trichomonas vaginalis rRNA,PrThr,Pt,XXX,Ord,Probe.amp.tar,"Trichomonas vaginalis, Nucleic Acid Amplification, Varies","Trichomonas vaginalis, Nucleic Acid Amplification, Varies"
51602-1,Methotrexate^72H post dose,SCnc,Pt,Ser/Plas,Qn,,"Methotrexate Post Glucarpidase, Serum","Methotrexate Post Glucarpidase, Serum"
6182-0,Mucor racemosus Ab.IgE,ACnc,Pt,Ser,Qn,,"Mucor, IgE, Serum","Mucor, IgE, Serum"
6183-8,Artemisia vulgaris Ab.IgE,ACnc,Pt,Ser,Qn,,"Mugwort, IgE, Serum","Mugwort, IgE, Serum"
2643-5,N-acetyl-beta-glucosaminidase,CCnc,Pt,Ser,Qn,,"Hexosaminidase A, Serum","Hexosaminidase A, Serum"
6281-0,Morus alba Ab.IgE,ACnc,Pt,Ser,Qn,,"Mulberry, IgE, Serum","Mulberry, IgE, Serum"
55198-6,Zygosity,Prid,Pt,Bld/Tiss,Nom,Molgen,"Zygosity Testing (Multiple Births), Varies","Zygosity Testing (Multiple Births), Varies"
47532-7,Mumps virus RNA,PrThr,Pt,XXX,Ord,Probe.amp.tar,"Mumps Virus, Molecular Detection, PCR, Buccal","Mumps Virus, Molecular Detection, PCR, Buccal"
86580-8,Mumps virus RNA,PrThr,Pt,Urine,Ord,Probe.amp.tar,"Mumps Virus, Molecular Detection, PCR, Random, Urine","Mumps Virus, Molecular Detection, PCR, Random, Urine"
103957-7,Neuromuscular multigene analysis,Find,Pt,XXX,Doc,Molgen,"Comprehensive Neuromuscular Gene Panel, Varies","Comprehensive Neuromuscular Gene Panel, Varies"
2589-0,Lysozyme,MCnc,Pt,Ser/Plas,Qn,,"Lysozyme (Muramidase), Plasma","Lysozyme (Muramidase), Plasma"
6848-6,Agaricus hortensis Ab.IgE,ACnc,Pt,Ser,Qn,,"Mushroom, IgE, Serum","Mushroom, IgE, Serum"
51716-9,Muscle specific receptor tyrosine kinase Ab,SCnc,Pt,Ser,Qn,,"Muscle-Specific Kinase (MuSK) Autoantibody, Serum","Muscle-Specific Kinase (MuSK) Autoantibody, Serum"
6048-3,Mytilus edulis Ab.IgE,ACnc,Pt,Ser,Qn,,"Blue Mussel, IgE, Serum","Blue Mussel, IgE, Serum"
58984-6,Bromelin MUXF3 Ab.IgE,ACnc,Pt,Ser,Qn,,"MUXF3 (Cross-reactive Carbohydrate Determinant), IgE, Serum","MUXF3 (Cross-reactive Carbohydrate Determinant), IgE, Serum"
58733-7,Mycoplasma pneumoniae Ab.IgG & IgM panel,-,Pt,Ser,-,,"Mycoplasma pneumoniae Antibodies, IgG and IgM, Serum","Mycoplasma pneumoniae Antibodies, IgG and IgM, Serum"
45224-3,Mycoplasma pneumoniae Ab.IgG,PrThr,Pt,Ser,Ord,IA,"Mycoplasma pneumoniae Antibodies, IgG, Serum","Mycoplasma pneumoniae Antibodies, IgG, Serum"
5257-1,Mycoplasma pneumoniae Ab.IgM,PrThr,Pt,Ser,Ord,IA,"Mycoplasma pneumoniae Antibodies, IgM, Serum","Mycoplasma pneumoniae Antibodies, IgM, Serum"
2639-3,Myoglobin,MCnc,Pt,Ser/Plas,Qn,,"Myoglobin, Serum","Myoglobin, Serum"
105595-3,MYOD1 targeted gene mutation analysis,Find,Pt,Tiss,Doc,Molgen,"MYOD1 Mutation Analysis, Next-Generation Sequencing, Tumor","MYOD1 Mutation Analysis, Next-Generation Sequencing, Tumor"
76023-1,N-acetyl-L-aspartate/Creatinine,SRto,Pt,Urine,Qn,,"N-Acetylaspartic Acid, Canavan Disease, Random, Urine","N-Acetylaspartic Acid, Canavan Disease, Random, Urine"
57318-8,Chromosome 13+18+21+X+Y aneuploidy,Find,Pt,Bld/Tiss,Nom,FISH,"Newborn Aneuploidy Detection, FISH, Blood","Newborn Aneuploidy Detection, FISH, Blood"
87543-5,Beta-N-acetylhexosaminidase.A & beta-N-acetylhexosaminidase with reflex to HEXA gene panel,CCnt,Pt,WBC,-,,"Hexosaminidase A and Total, Leukocytes/Molecular Reflex, Whole Blood","Hexosaminidase A and Total, Leukocytes/Molecular Reflex, Whole Blood"
87545-0,Beta-N-acetylhexosaminidase.A & beta-N-acetylhexosaminidase panel,-,Pt,Ser/Plas,-,,"Hexosaminidase A and Total Hexosaminidase, Serum","Hexosaminidase A and Total Hexosaminidase, Serum"
87544-3,Beta-N-acetylhexosaminidase.A & beta-N-acetylhexosaminidase panel,CCnt,Pt,WBC,-,,"Hexosaminidase A and Total Hexosaminidase, Leukocytes","Hexosaminidase A and Total Hexosaminidase, Leukocytes"
59069-5,Nuclear Ab,PrThr,Pt,Ser,Ord,Hep2 substrate,"Antinuclear Antibodies, HEp-2 Substrate, IgG, Serum","Antinuclear Antibodies, HEp-2 Substrate, IgG, Serum"
63558-1,HLA-DQB1*06,02,PrThr,Pt,Bld/Tiss,Ord,"Narcolepsy-Associated Antigen, HLA-DQB1 Typing, Blood","Narcolepsy-Associated Antigen, HLA-DQB1 Typing, Blood"
2951-2,Sodium,SCnc,Pt,Ser/Plas,Qn,,"Sodium, Serum","Sodium, Serum"
101141-0,NAT2 gene targeted mutation analysis,Find,Pt,Bld/Tiss,Doc,Molgen,"N-Acetyltransferase 2 (NAT2) Genotype, Varies","N-Acetyltransferase 2 (NAT2) Genotype, Varies"
2956-1,Sodium,SRat,24H,Urine,Qn,,"Sodium, 24 Hour, Urine","Sodium, 24 Hour, Urine"
103734-0,Dyserythropoietic anemia multigene analysis,Find,Pt,XXX,Doc,Sequencing,"Congenital Dyserythropoietic Anemia Gene Panel, Next-Generation Sequencing, Varies","Congenital Dyserythropoietic Anemia Gene Panel, Next-Generation Sequencing, Varies"
101449-7,Neurochondrin Ab,PrThr,Pt,CSF,Ord,CBA IFA,"Neurochondrin Antibody, Cell-Binding Assay, Spinal Fluid","Neurochondrin Antibody, Cell-Binding Assay, Spinal Fluid"
101450-5,Neurochondrin Ab,PrThr,Pt,Ser/Plas,Ord,CBA IFA,"Neurochondrin Antibody, Cell-Binding Assay, Serum","Neurochondrin Antibody, Cell-Binding Assay, Serum"
101453-9,Neurochondrin Ab,Titr,Pt,CSF,SemiQn,IF,"Neurochondrin Antibody, Tissue Immunofluorescence Titer, Spinal Fluid","Neurochondrin Antibody, Tissue Immunofluorescence Titer, Spinal Fluid"
101454-7,Neurochondrin Ab,Titr,Pt,Ser/Plas,SemiQn,IF,"Neurochondrin Antibody, Tissue Immunofluorescence Titer, Serum","Neurochondrin Antibody, Tissue Immunofluorescence Titer, Serum"
101348-1,Palmitoyl protein thioesterase & Tripeptidyl peptidase I panel,-,Pt,Bld.dot,-,,"Neuronal Ceroid Lipofuscinosis, Two-Enzyme Panel, Blood Spot","Neuronal Ceroid Lipofuscinosis, Two-Enzyme Panel, Blood Spot"
105349-5,Neuronal ceroid lipofuscinosis multigene analysis,Find,Pt,Bld/Tiss,Doc,Molgen,"Neuronal Ceroid Lipofuscinosis (Batten Disease) Gene Panel, Varies","Neuronal Ceroid Lipofuscinosis (Batten Disease) Gene Panel, Varies"
93704-5,Palmitoyl protein thioesterase 1 & Tripeptidyl peptidase 1 panel,-,Pt,WBC,-,,"Neuronal Ceroid Lipofuscinosis, Two-Enzyme Panel, Leukocytes","Neuronal Ceroid Lipofuscinosis, Two-Enzyme Panel, Leukocytes"
103737-3,CYB5 and CYB5 Reductase multigene analysis,Find,Pt,XXX,Doc,Sequencing,"Recessive Congenital Methemoglobinemia, CYB5 and CYB5 Reductase Genetic Analysis, Next-Generation Sequencing, Varies","Recessive Congenital Methemoglobinemia, CYB5 and CYB5 Reductase Genetic Analysis, Next-Generation Se"
111554-2,Nectin-4,Imp,Pt,Tissue,Nar,Immunohistochemical,"Nectin-4, Semi-Quantitative Immunohistochemistry, Manual","Nectin-4, Semi-Quantitative Immunohistochemistry, Manual"
15066-4,Fatty acids.nonesterified,SCnc,Pt,Ser/Plas,Qn,,"Free Fatty Acids, Total, Serum","Free Fatty Acids, Total, Serum"
107542-3,Red blood cell enzyme disorders multigene analysis,Find,Pt,Bld/Tiss,Doc,Molgen,"Red Blood Cell Enzyme Disorders Gene Panel, Next-Generation Sequencing, Varies","Red Blood Cell Enzyme Disorders Gene Panel, Next-Generation Sequencing, Varies"
6186-1,Urtica dioica Ab.IgE,ACnc,Pt,Ser,Qn,,"Nettle, IgE, Serum","Nettle, IgE, Serum"
101385-3,NF1 gene deletion+duplication & full mutation analysis,Find,Pt,Bld/Tiss,Doc,Molgen,"Neurofibromatosis Type 1, NF1, Full Gene Analysis, Varies","Neurofibromatosis Type 1, NF1, Full Gene Analysis, Varies"
100845-7,Neurofascin155 Ab.IgG4,PrThr,Pt,Ser,Ord,Flow cytometry,"Neurofascin-155 IgG4, Flow Cytometry, Serum","Neurofascin-155 IgG4, Flow Cytometry, Serum"
101281-4,Neurofilament light chain,MCnc,Pt,Ser/Plas,Qn,IA,"Neurofilament Light Chain, Plasma","Neurofilament Light Chain, Plasma"
105343-8,Acute myeloid Leukemia multigene analysis,Find,Pt,Bld/Tiss,Doc,Molgen,"MayoComplete Acute Myeloid Leukemia, 11-Gene Panel, Varies","MayoComplete Acute Myeloid Leukemia, 11-Gene Panel, Varies"
104239-9,B cell non hodgkin Lymphoma multigene analysis,Find,Pt,Bld/Tiss,Doc,Molgen,"MayoComplete B-Cell Lymphoma, Next-Generation Sequencing, Varies","MayoComplete B-Cell Lymphoma, Next-Generation Sequencing, Varies"
104238-1,Chronic and low grade B cell lymphoid neoplasm multigene analysis,Find,Pt,Bld/Tiss,Doc,Molgen,"MayoComplete Chronic Lymphoid Neoplasms, Next-Generation Sequencing, Varies","MayoComplete Chronic Lymphoid Neoplasms, Next-Generation Sequencing, Varies"
104240-7,Histiocytic neoplasm multigene analysis,Find,Pt,Bld/Tiss,Doc,Molgen,"MayoComplete Histiocytic Neoplasms, Next-Generation Sequencing, Varies","MayoComplete Histiocytic Neoplasms, Next-Generation Sequencing, Varies"
104241-5,Plasma cell myeloma multigene analysis,Find,Pt,Bone mar,Doc,Molgen,"MayoComplete Plasma Cell Myeloma, Next-Generation Sequencing, Varies","MayoComplete Plasma Cell Myeloma, Next-Generation Sequencing, Varies"
99961-5,Myeloproliferative neoplasm multigene analysis,Find,Pt,Bld/Tiss,Doc,Molgen,"Reanalysis of Acute Myeloid Leukemia 4- or 11- Gene Panels, Additional Genes","Reanalysis of Acute Myeloid Leukemia 4- or 11- Gene Panels, Additional Genes"
104242-3,T cell lymphoma multigene analysis,Find,Pt,Bld/Tiss,Doc,Molgen,"MayoComplete T-Cell Lymphoma, Next-Generation Sequencing, Varies","MayoComplete T-Cell Lymphoma, Next-Generation Sequencing, Varies"
16362-6,Ammonia,SCnc,Pt,Plas,Qn,,"Ammonia, Plasma","Ammonia, Plasma"
103736-5,Erythrocytosis focused multigene analysis,Find,Pt,XXX,Doc,Sequencing,"Hereditary Erythrocytosis Focused Gene Panel, Next-Generation Sequencing, Varies","Hereditary Erythrocytosis Focused Gene Panel, Next-Generation Sequencing, Varies"
103735-7,Erythrocytosis multigene analysis,Find,Pt,XXX,Doc,Sequencing,"Hereditary Erythrocytosis Gene Panel, Next-Generation Sequencing, Varies","Hereditary Erythrocytosis Gene Panel, Next-Generation Sequencing, Varies"
107541-5,Hereditary hemolytic anemia multigene analysis,Find,Pt,Bld/Tiss,Doc,Molgen,"Hereditary Hemolytic Anemia Gene Panel, Next-Generation Sequencing, Varies","Hereditary Hemolytic Anemia Gene Panel, Next-Generation Sequencing, Varies"
90226-2,Nicotine & Cotinine panel,-,Pt,Ser/Plas,-,,"Nicotine and Metabolites, Serum","Nicotine and Metabolites, Serum"
43125-4,Nicotine & Metabolites panel,MCnc,Pt,Urine,Qn,,"Nicotine and Metabolites, Random, Urine","Nicotine and Metabolites, Random, Urine"
5702-6,Nickel,MCnc,Pt,Ser/Plas,Qn,,"Nickel, Serum","Nickel, Serum"
16141-4,Nitrogen,MRat,24H,Stool,Qn,,"Nitrogen, Total, Feces","Nitrogen, Total, Feces"
2660-9,Nitrogen,MRat,24H,Urine,Qn,,"Nitrogen, Total, 24 Hour, Urine","Nitrogen, Total, 24 Hour, Urine"
5705-9,Nickel,MRat,24H,Urine,Qn,,"Nickel, 24 Hour, Urine","Nickel, 24 Hour, Urine"
13472-6,Nickel/Creatinine,MRto,Pt,Urine,Qn,,"Nickel/Creatinine Ratio, Random, Urine","Nickel/Creatinine Ratio, Random, Urine"
6188-7,Nutmeg Ab.IgE,ACnc,Pt,Ser,Qn,,"Nutmeg, IgE, Serum","Nutmeg, IgE, Serum"
103738-1,RBC membrane multigene analysis,Find,Pt,XXX,Doc,Sequencing,"Red Blood Cell Membrane Disorders Gene Panel, Next-Generation Sequencing, Varies","Red Blood Cell Membrane Disorders Gene Panel, Next-Generation Sequencing, Varies"
44340-8,N-methylhistamine/Creatinine,MRto,24H,Urine,Qn,,"N-Methylhistamine, 24 Hour, Urine","N-Methylhistamine, 24 Hour, Urine"
13781-0,N-methylhistamine/Creatinine,MRto,Pt,Urine,Qn,,"N-Methylhistamine, Random, Urine","N-Methylhistamine, Random, Urine"
46718-3,Aquaporin 4 water channel Ab.IgG,PrThr,Pt,CSF,Ord,,"Neuromyelitis Optica (NMO)/Aquaporin-4-IgG Fluorescence-Activated Cell Sorting (FACS) Assay, Spinal Fluid","Neuromyelitis Optica (NMO)/Aquaporin-4-IgG Fluorescence-Activated Cell Sorting (FACS) Assay, Spinal "
43638-6,Aquaporin 4 water channel Ab.IgG,PrThr,Pt,Ser/Plas,Ord,,"Neuromyelitis Optica (NMO)/Aquaporin-4-IgG Fluorescence-Activated Cell Sorting (FACS) Assay, Serum","Neuromyelitis Optica (NMO)/Aquaporin-4-IgG Fluorescence-Activated Cell Sorting (FACS) Assay, Serum"
92722-8,Lipoprotein subparticle profile panel,-,Pt,Ser,-,,"Nuclear Magnetic Resonance Lipoprotein Profile, Serum","Nuclear Magnetic Resonance Lipoprotein Profile, Serum"
97561-5,Necrotizing myopathy autoimmune Ab panel,-,Pt,Ser,-,,"Necrotizing Myopathy Evaluation, Serum","Necrotizing Myopathy Evaluation, Serum"
3872-9,Nortriptyline,MCnc,Pt,Ser/Plas,Qn,,"Nortriptyline, Serum","Nortriptyline, Serum"
54448-6,NPM1 gene targeted mutation analysis,Prid,Pt,Bld/Tiss,Nom,Molgen,"Nucleophosmin (NPM1) Mutation Analysis, Varies","Nucleophosmin (NPM1) Mutation Analysis, Varies"
75034-9,NPM1 gene targeted mutation analysis,Prid,Pt,Bone mar,Nom,Molgen,"Nucleophosmin (NPM1) Mutation Analysis, Bone Marrow","Nucleophosmin (NPM1) Mutation Analysis, Bone Marrow"
21796-8,"Cells.t(9;22)(q22;q12.2)(NR4A3,EWSR1)/Cells.total",NFr,Pt,Bld/Tiss,Qn,Molgen,"NR4A3 (9q22.33) Rearrangement, FISH, Tissue","NR4A3 (9q22.33) Rearrangement, FISH, Tissue"
105193-7,Treponema pallidum Ab.IgG Index,ACnc,Pt,Ser+CSF,Qn,,"Neurosyphilis IgG, Antibody Index, Spinal Fluid","Neurosyphilis IgG, Antibody Index, Spinal Fluid"
58031-6,Treponema pallidum Ab.IgG,PrThr,Pt,CSF,Ord,,"Neurosyphilis IgG Antibody Index with VDRL, Serum and Spinal Fluid","Neurosyphilis IgG Antibody Index with VDRL, Serum and Spinal Fluid"
15060-7,Enolase.neuron specific,MCnc,Pt,Ser/Plas,Qn,,"Neuron-Specific Enolase, Serum","Neuron-Specific Enolase, Serum"
44802-7,Enolase.neuron specific,MCnc,Pt,CSF,Qn,,"Neuron-Specific Enolase (NSE), Spinal Fluid","Neuron-Specific Enolase (NSE), Spinal Fluid"
93691-4,Nonalcoholic steatohepatitis & fibrosis panel,-,Pt,Ser/Plas,-,,"Nonalcoholic Steatohepatitis (NASH)-FibroTest, Serum and Plasma","Nonalcoholic Steatohepatitis (NASH)-FibroTest, Serum and Plasma"
51662-5,Core respiratory allergens panel,-,Pt,Ser,-,,"Non-Seasonal Inhalant Allergen Profile, Serum","Non-Seasonal Inhalant Allergen Profile, Serum"
105199-4,Noonan syndrome and related conditions multigene analysis,Find,Pt,Bld/Tiss,Doc,Molgen,"Noonan Syndrome and Related Conditions Gene Panel, Varies","Noonan Syndrome and Related Conditions Gene Panel, Varies"
47238-1,Treponema pallidum Ab.IgG,PrThr,Pt,Ser,Ord,IA,"Syphilis IgG Enzyme Immunoassay, Serum","Syphilis IgG Enzyme Immunoassay, Serum"
103950-2,NOTCH3 gene full mutation analysis,Find,Pt,XXX,Doc,Molgen,"NOTCH3 Gene, Full Gene Analysis, Varies","NOTCH3 Gene, Full Gene Analysis, Varies"
105596-1,NTRK1 & NTRK2 & NTRK3 targeted gene mutation analysis,Find,Pt,Tiss,Doc,Molgen,"NTRK Genes Mutation Analysis, Next-Generation Sequencing, Tumor","NTRK Genes Mutation Analysis, Next-Generation Sequencing, Tumor"
6136-6,Corylus avellana Ab.IgE,ACnc,Pt,Ser,Qn,,"Hazelnut-Food, IgE, Serum","Hazelnut-Food, IgE, Serum"
6189-5,Quercus alba Ab.IgE,ACnc,Pt,Ser,Qn,,"Oak, IgE, Serum","Oak, IgE, Serum"
673-4,Ova & parasites,Prid,Pt,XXX,Nom,Microscopy.light,"Ova and Parasite, Microscopy, Varies","Ova and Parasite, Microscopy, Varies"
6093-9,Avena sativa cultivated Ab.IgE,ACnc,Pt,Ser,Qn,,"Cultivated Oat, IgE, Serum","Cultivated Oat, IgE, Serum"
6190-3,Avena sativa Ab.IgE,ACnc,Pt,Ser,Qn,,"Oat, IgE, Serum","Oat, IgE, Serum"
49287-6,Organic acids pattern,Imp,Pt,Urine,Nar,,"Organic Acids Screen, Random, Urine","Organic Acids Screen, Random, Urine"
10944-7,Octopus vulgaris Ab.IgE,ACnc,Pt,Ser,Qn,,"Octopus, IgE, Serum","Octopus, IgE, Serum"
1668-3,17-Hydroxyprogesterone,MCnc,Pt,Ser/Plas,Qn,,"17-Hydroxyprogesterone, Serum","17-Hydroxyprogesterone, Serum"
100756-6,Protein fractions.oligoclonal bands,Imp,Pt,CSF,Nom,Isoelectric focusing,"Oligoclonal Banding, Spinal Fluid","Oligoclonal Banding, Spinal Fluid"
100755-8,Protein fractions.oligoclonal bands,Num,Pt,Ser/Plas,Qn,Isoelectric focusing,"Oligoclonal Banding, Serum","Oligoclonal Banding, Serum"
49284-3,Oligosaccharides pattern,Imp,Pt,Urine,Nar,,"Oligosaccharide Screen, Random, Urine","Oligosaccharide Screen, Random, Urine"
6192-9,Olea europaea pollen Ab.IgE,ACnc,Pt,Ser,Qn,,"Olive Tree, IgE, Serum","Olive Tree, IgE, Serum"
21428-8,Olea europaea Ab.IgE,ACnc,Pt,Ser,Qn,,"Olive-Food, IgE, Serum","Olive-Food, IgE, Serum"
31019-3,10-Hydroxycarbazepine,MCnc,Pt,Ser/Plas,Qn,,"Oxcarbazepine Metabolite, Serum","Oxcarbazepine Metabolite, Serum"
6193-7,Allium cepa Ab.IgE,ACnc,Pt,Ser,Qn,,"Onion, IgE, Serum","Onion, IgE, Serum"
69026-3,Opiates panel,-,Pt,Meconium,-,Confirm,"Opiate Confirmation, Meconium","Opiate Confirmation, Meconium"
106506-9,Opiates panel,-,Pt,Urine,-,LC/MS/MS,"Opiates Confirmation, Random, Urine","Opiates Confirmation, Random, Urine"
10704-5,Ova & parasites,Prid,Pt,Stool,Nom,Microscopy.light,"Ova and Parasite, Travel History or Immunocompromised, Feces","Ova and Parasite, Travel History or Immunocompromised, Feces"
6195-2,Dactylis glomerata Ab.IgE,ACnc,Pt,Ser,Qn,,"Orchard Grass, IgE, Serum","Orchard Grass, IgE, Serum"
7552-3,Origanum vulgare Ab.IgE,ACnc,Pt,Ser,Qn,,"Oregano, IgE, Serum","Oregano, IgE, Serum"
6194-5,Citrus sinensis Ab.IgE,ACnc,Pt,Ser,Qn,,"Orange, IgE, Serum","Orange, IgE, Serum"
17869-9,Orotate/Creatinine,SRto,Pt,Urine,Qn,,"Orotic Acid, Random, Urine","Orotic Acid, Random, Urine"
87434-7,Protein & creatinine panel,-,Pt,Urine,Qn,,"Orthostatic Proteinuria, Random, Urine","Orthostatic Proteinuria, Random, Urine"
91670-0,Orexin-A,MCnc,Pt,CSF,Qn,,"Orexin-A/Hypocretin-1, Spinal Fluid","Orexin-A/Hypocretin-1, Spinal Fluid"
2697-1,Osteocalcin,MCnc,Pt,Ser/Plas,Qn,,"Osteocalcin, Serum","Osteocalcin, Serum"
2694-8,Observation,Osmol,24H,Urine,Qn,,"Osmolality, 24 Hour, Urine","Osmolality, 24 Hour, Urine"
7556-4,Ovalbumin Ab.IgE,ACnc,Pt,Ser,Qn,,"Ovalbumin, IgE, Serum","Ovalbumin, IgE, Serum"
7557-2,Ovomucoid Ab.IgE,ACnc,Pt,Ser,Qn,,"Ovomucoid, IgE, Serum","Ovomucoid, IgE, Serum"
3886-9,Oxazepam,MCnc,Pt,Ser/Plas,Qn,,"Oxazepam, Serum","Oxazepam, Serum"
15086-2,Oxalate,SCnc,Pt,Urine,Qn,,"Oxalate, Random, Urine","Oxalate, Random, Urine"
2700-3,Oxalate,MCnc,Pt,Urine,Qn,,"Oxalate, Calculation, Random, Urine","Oxalate, Calculation, Random, Urine"
6196-0,Chrysanthemum leucanthemum Ab.IgE,ACnc,Pt,Ser,Qn,,"Ox-Eye Daisy, IgE, Serum","Ox-Eye Daisy, IgE, Serum"
92740-0,Oxysterols panel,-,Pt,Ser/Plas,-,,"Oxysterols, Plasma","Oxysterols, Plasma"
14862-7,Oxalate,SRat,24H,Urine,Qn,,"Oxalate, 24 Hour, Urine","Oxalate, 24 Hour, Urine"
92741-8,"Cholestane-3-beta, 5-alpha, 6-beta triol & Lyso-sphingomyelin panel",-,Pt,Bld.dot,-,,"Oxysterols, Blood Spot","Oxysterols, Blood Spot"
94304-3,OxyCODONE & metabolites panel,-,Pt,Urine,-,Confirm,"Oxycodone with Metabolite Confirmation, Random, Urine","Oxycodone with Metabolite Confirmation, Random, Urine"
94305-0,OxyMORphone & Noroxymorphone panel,-,Pt,Urine,-,Confirm,"Oxymorphone Confirmation, Random, Urine","Oxymorphone Confirmation, Random, Urine"
19642-8,oxyCODONE,PrThr,Pt,Urine,Ord,Screen,"Oxycodone Screen, Random, Urine","Oxycodone Screen, Random, Urine"
92738-4,"Cholestane-3-beta, 5-alpha, 6-beta triol & Lyso-sp",,,,,,"Oxysterols, Blood","Oxysterols, Blood"
7558-0,Ostrea edulis Ab.IgE,ACnc,Pt,Ser,Qn,,"Oyster, IgE, Serum","Oyster, IgE, Serum"
49795-8,"t(9;22)(q34.1;q11)(ABL1,BCR) e1a2 fusion transcript",Arb,Pt,Bld/Tiss,Ord,Molgen,"BCR::ABL1, p190, mRNA Detection, Reverse Transcription PCR, Quantitative, Monitoring Assay, Bone Marrow","BCR::ABL1, p190, mRNA Detection, Reverse Transcription PCR, Quantitative, Monitoring Assay, Bone Mar"
53764-7,Prostate specific Ag panel,-,Pt,Ser/Plas,-,,"Prostate-Specific Antigen (PSA) and [-2]ProPSA with Prostate Health Index (PHI), Serum","Prostate-Specific Antigen (PSA) and [-2]ProPSA with Prostate Health Index (PHI), Serum"
21739-8,TP53 gene targeted mutation analysis,Prid,Pt,Bld/Tiss,Nom,Molgen,"Hematologic Neoplasms, TP53 Somatic Mutation, DNA Sequencing Exons 4-9, Varies","Hematologic Neoplasms, TP53 Somatic Mutation, DNA Sequencing Exons 4-9, Varies"
2902-5,Pyrimidine-5'-Nucleotidase,PrThr,Pt,Bld,Ord,,"Pyrimidine 5' Nucleotidase, Blood","Pyrimidine 5' Nucleotidase, Blood"
3983-4,Procainamide+N-acetylprocainamide,MCnc,Pt,Ser/Plas,Qn,,"Procainamide and N-Acetylprocainamide, Serum","Procainamide and N-Acetylprocainamide, Serum"
20420-6,Acid phosphatase.prostatic,MCnc,Pt,Ser,Qn,,"Prostatic Acid Phosphatase, Serum","Prostatic Acid Phosphatase, Serum"
57317-0,Chromosome 13+18+21+X+Y aneuploidy,Find,Pt,Amnio fld/CVS,Nom,FISH,"Prenatal Aneuploidy Detection, FISH","Prenatal Aneuploidy Detection, FISH"
7601-8,Phthalic anhydride Ab.IgE,ACnc,Pt,Ser,Qn,,"Phthalic Anhydride, IgE, Serum","Phthalic Anhydride, IgE, Serum"
22758-7,Plasminogen activator inhibitor 1 Ag,MCnc,Pt,PPP,Qn,IA,"Plasminogen Activator Inhibitor Antigen, Plasma","Plasminogen Activator Inhibitor Antigen, Plasma"
46130-1,Prealbumin,MCnc,Pt,Ser/Plas,Qn,Nephelometry,"Prealbumin, Serum","Prealbumin, Serum"
3319-1,Amikacin^peak,MCnc,Pt,Ser/Plas,Qn,,"Amikacin, Peak, Serum","Amikacin, Peak, Serum"
106782-6,Hereditary pancreatic cancer multigene analysis,Find,Pt,Bld/Tiss,Doc,Molgen,"Hereditary Pancreatic Cancer Panel, Varies","Hereditary Pancreatic Cancer Panel, Varies"
7563-0,Capsicum annuum Ab.IgE,ACnc,Pt,Ser,Qn,,"Paprika, IgE, Serum","Paprika, IgE, Serum"
6850-2,Carica papaya Ab.IgE,ACnc,Pt,Ser,Qn,,"Papaya, IgE, Serum","Papaya, IgE, Serum"
103956-9,Parkinson Disease multigene analysis,Find,Pt,XXX,Doc,Molgen,"Inherited Parkinson Disease Gene Panel, Varies","Inherited Parkinson Disease Gene Panel, Varies"
20932-0,Parasite,Prid,Pt,XXX,Nom,Inspection,"Parasite Identification, Varies","Parasite Identification, Varies"
29660-8,Parvovirus B19 Ab.IgG,PrThr,Pt,Ser,Ord,IA,"Parvovirus B19 Antibodies, IgG, Serum","Parvovirus B19 Antibodies, IgG, Serum"
40658-7,Parvovirus B19 Ab.IgM,PrThr,Pt,Ser,Ord,IA,"Parvovirus B19 Antibody, IgM, Serum","Parvovirus B19 Antibody, IgM, Serum"
58737-8,Parvovirus B19 Ab.IgG & IgM,Imp,Pt,Ser,Nom,,"Parvovirus B19 Antibody, Technical Interpretation","Parvovirus B19 Antibody, Technical Interpretation"
9571-1,Parvovirus B19 DNA,PrThr,Pt,XXX,Ord,Probe.amp.tar,"Parvovirus B19, Molecular Detection, PCR, Varies","Parvovirus B19, Molecular Detection, PCR, Varies"
34950-6,Parvovirus B19 Ab.IgG & IgM panel,-,Pt,Ser,Qn,,"Parvovirus B19 Antibodies, IgG and IgM, Serum","Parvovirus B19 Antibodies, IgG and IgM, Serum"
96911-3,Delta aminolevulinate & porphobilinogen panel,-,Pt,Ser/Plas,-,,"Porphobilinogen and Aminolevulinic Acid, Plasma","Porphobilinogen and Aminolevulinic Acid, Plasma"
106055-7,SP100 and GP210 Ab.IgG panel,-,Pt,Ser/Plas,-,,"SP100 and GP210 Antibodies, IgG, Serum","SP100 and GP210 Antibodies, IgG, Serum"
106054-0,Primary biliary cholangitis comprehensive Ab panel,-,Pt,Ser/Plas,-,,"Primary Biliary Cholangitis Antibody Panel, Serum","Primary Biliary Cholangitis Antibody Panel, Serum"
13466-8,Lead/Creatinine,MRto,Pt,Urine,Qn,,"Lead/Creatinine Ratio, Urine","Lead/Creatinine Ratio, Urine"
10368-9,Lead,MCnc,Pt,BldC,Qn,,"Lead, Capillary, with Demographics, Blood","Lead, Capillary, with Demographics, Blood"
77307-7,Lead,MCnc,Pt,BldV,Qn,,"Lead, Venous, with Demographics, Blood","Lead, Venous, with Demographics, Blood"
2812-6,Porphobilinogen deaminase,CCnc,Pt,RBC,Qn,,"Porphobilinogen Deaminase, Washed Erythrocytes","Porphobilinogen Deaminase, Washed Erythrocytes"
12810-8,Porphobilinogen deaminase,CCnc,Pt,Bld,Qn,,"Porphobilinogen Deaminase, Whole Blood","Porphobilinogen Deaminase, Whole Blood"
2811-8,Porphobilinogen,SCnc,Pt,Urine,Qn,,"Porphobilinogen, Quantitative, Random, Urine","Porphobilinogen, Quantitative, Random, Urine"
5673-9,Lead,MCnt,Pt,Hair,Qn,,"Lead, Hair","Lead, Hair"
32284-2,BK virus DNA,ACnc,Pt,Ser/Plas,Qn,Probe.amp.tar,"BK Virus DNA Detection and Quantification, Plasma","BK Virus DNA Detection and Quantification, Plasma"
86900-8,Plasma cells.monotypic population,Prid,Pt,Bld,Nom,Flow cytometry,"Plasma Cell Assessment, Blood","Plasma Cell Assessment, Blood"
8202-4,Lead,MCnt,Pt,Nail,Qn,,"Lead, Nails","Lead, Nails"
83107-3,Natriuretic peptide.B prohormone N-Terminal,MCnc,Pt,Ser/Plas,Qn,IA,"NT-Pro B-Type Natriuretic Peptide, Serum","NT-Pro B-Type Natriuretic Peptide, Serum"
90892-1,Borrelia sp panel,-,Pt,Bld,-,Non-probe.amp.tar,"Lyme Disease, Molecular Detection, PCR, Blood","Lyme Disease, Molecular Detection, PCR, Blood"
6851-0,Penicillin G Ab.IgE,ACnc,Pt,Ser,Qn,,"Penicillin G, IgE, Serum","Penicillin G, IgE, Serum"
3948-7,PHENobarbital,MCnc,Pt,Ser/Plas,Qn,,"Phenobarbital, Serum","Phenobarbital, Serum"
5677-0,Lead,MRat,24H,Urine,Qn,,"Lead, 24 Hour, Urine","Lead, 24 Hour, Urine"
94363-9,Purkinje cell cytoplasmic type 1 Ab.IgG,Titr,Pt,CSF,SemiQn,IF,"Purkinje Cell Cytoplasmic Antibody Type 1 (PCA-1) Titer, Spinal Fluid","Purkinje Cell Cytoplasmic Antibody Type 1 (PCA-1) Titer, Spinal Fluid"
94350-6,Purkinje cell cytoplasmic type 1 Ab.IgG,Titr,Pt,Ser,SemiQn,IF,"Purkinje Cell Cytoplasmic Antibody Type 1 (PCA-1) Titer, Serum","Purkinje Cell Cytoplasmic Antibody Type 1 (PCA-1) Titer, Serum"
94364-7,Purkinje cell cytoplasmic type 2 Ab.IgG,Titr,Pt,CSF,SemiQn,IF,"Purkinje Cell Cytoplasmic Antibody Type 2 (PCA-2) Titer, Spinal Fluid","Purkinje Cell Cytoplasmic Antibody Type 2 (PCA-2) Titer, Spinal Fluid"
94351-4,Purkinje cell cytoplasmic type 2 Ab.IgG,Titr,Pt,Ser,SemiQn,IF,"Purkinje Cell Cytoplasmic Antibody Type 2 (PCA-2) Titer, Serum","Purkinje Cell Cytoplasmic Antibody Type 2 (PCA-2) Titer, Serum"
40960-7,Parietal cell Ab.IgG,ACnc,Pt,Ser,Qn,,"Parietal Cell Antibodies, IgG, Serum","Parietal Cell Antibodies, IgG, Serum"
27820-0,Protein C Ag actual/Normal,RelMCnc,Pt,PPP,Qn,IA,"Protein C Antigen, Plasma","Protein C Antigen, Plasma"
6208-3,Carya illinoinensis nut Ab.IgE,ACnc,Pt,Ser,Qn,,"Pecan Hickory, IgE, Serum","Pecan Hickory, IgE, Serum"
101416-6,Pediatric autoimmune central nervous system disorders evaluation panel,-,Pt,CSF,-,,"Pediatric Autoimmune Encephalopathy/CNS Disorder Evaluation, Spinal Fluid","Pediatric Autoimmune Encephalopathy/CNS Disorder Evaluation, Spinal Fluid"
101417-4,Pediatric autoimmune central nervous system disorders evaluation panel,-,Pt,Ser/Plas,-,,"Pediatric Autoimmune Encephalopathy/CNS Disorder Evaluation, Serum","Pediatric Autoimmune Encephalopathy/CNS Disorder Evaluation, Serum"
105350-3,Porphyria multigene analysis,Find,Pt,Bld/Tiss,Doc,Molgen,"Porphyria Comprehensive Gene Panel, Varies","Porphyria Comprehensive Gene Panel, Varies"
2098-2,Cholinesterase,CCnc,Pt,Ser/Plas,Qn,,"Pseudocholinesterase, Total, Serum","Pseudocholinesterase, Total, Serum"
98014-4,Plasma cell proliferation analysis,Find,Pt,Bone mar,Doc,FISH,"Plasma Cell Proliferative Disorder, High Risk with Reflex Probes, Diagnostic FISH Evaluation, Bone Marrow","Plasma Cell Proliferative Disorder, High Risk with Reflex Probes, Diagnostic FISH Evaluation, Bone M"
92816-8,Phencyclidine,MCnt,Pt,Meconium,Qn,Confirm,"Phencyclidine (PCP) Confirmation, Meconium","Phencyclidine (PCP) Confirmation, Meconium"
16254-5,Phencyclidine,MCnc,Pt,Urine,Qn,Confirm,"Phencyclidine Confirmation, Random, Urine","Phencyclidine Confirmation, Random, Urine"
3934-7,Phencyclidine,MCnc,Pt,Ser/Plas,Qn,,"Phencyclidine (PCP), Confirmation, serum","Phencyclidine (PCP), Confirmation, serum"
94362-1,Purkinje cell cytoplasmic type Tr Ab.IgG,Titr,Pt,CSF,SemiQn,IF,"Purkinje Cell Cytoplasmic Antibody, Type Tr (PCA-Tr) Titer, Spinal Fluid","Purkinje Cell Cytoplasmic Antibody, Type Tr (PCA-Tr) Titer, Spinal Fluid"
94352-2,Purkinje cell cytoplasmic type Tr Ab.IgG,Titr,Pt,Ser,SemiQn,IF,"Purkinje Cell Cytoplasmic Antibody Type Tr (PCA-Tr) Titer, Serum","Purkinje Cell Cytoplasmic Antibody Type Tr (PCA-Tr) Titer, Serum"
63416-2,Pompe disease newborn screening comment-discussion,Txt,Pt,Bld.dot,Nar,,"Pompe Disease Second-Tier Newborn Screening, Blood Spot","Pompe Disease Second-Tier Newborn Screening, Blood Spot"
103842-1,Phosphodiesterase 10A Ab,PrThr,Pt,XXX,Ord,IF,"Phosphodiesterase 10A (PDE10A) IgG, Tissue Immunofluorescence, Spinal Fluid","Phosphodiesterase 10A (PDE10A) IgG, Tissue Immunofluorescence, Spinal Fluid"
105522-7,Phosphodiesterase 10A Ab.IgG,Titr,Pt,CSF,SemiQn,IF,"Phosphodiesterase 10A (PDE10A) IgG, Tissue Immunofluorescence Titer, Spinal Fluid","Phosphodiesterase 10A (PDE10A) IgG, Tissue Immunofluorescence Titer, Spinal Fluid"
105523-5,Phosphodiesterase 10A Ab.IgG,Titr,Pt,Ser/Plas,SemiQn,IF,"Phosphodiesterase 10A (PDE10A) IgG, Tissue Immunofluorescence Titer, Serum","Phosphodiesterase 10A (PDE10A) IgG, Tissue Immunofluorescence Titer, Serum"
105264-6,Peroxisomal disorder multigene analysis,Find,Pt,Bld/Tiss,Doc,Molgen,"Peroxisomal Disorder Gene Panel, Varies","Peroxisomal Disorder Gene Panel, Varies"
6206-7,Arachis hypogaea Ab.IgE,ACnc,Pt,Ser,Qn,,"Peanut, IgE, Serum","Peanut, IgE, Serum"
6207-5,Pyrus communis Ab.IgE,ACnc,Pt,Ser,Qn,,"Pear, IgE, Serum","Pear, IgE, Serum"
6205-9,Prunus persica Ab.IgE,ACnc,Pt,Ser,Qn,,"Peach, IgE, Serum","Peach, IgE, Serum"
2814-2,Porphyrins,MCnc,Pt,RBC,Qn,,"Porphyrins Evaluation, Whole Blood","Porphyrins Evaluation, Whole Blood"
6210-9,Penicillin V Ab.IgE,ACnc,Pt,Ser,Qn,,"Penicillin V, IgE, Serum","Penicillin V, IgE, Serum"
6212-5,Penicillium notatum Ab.IgE,ACnc,Pt,Ser,Qn,,"Penicillium chrysogenum, IgE, Serum","Penicillium chrysogenum, IgE, Serum"
3924-8,PENTobarbital,MCnc,Pt,Ser/Plas,Qn,,"Pentobarbital, Serum","Pentobarbital, Serum"
103954-4,Peripheral neuropathy multigene analysis,Find,Pt,XXX,Doc,Molgen,"Comprehensive Peripheral Neuropathy Gene Panel, Varies","Comprehensive Peripheral Neuropathy Gene Panel, Varies"
74757-6,Soluble fms-like tyrosine kinase-1/placental growth factor,Ratio,Pt,Ser,Qn,,"Preeclampsia sFlt-1/PIGF (Soluble fms-Like Tyrosine Kinase 1/ Placental Growth Factor) Ratio, Serum","Preeclampsia sFlt-1/PIGF (Soluble fms-Like Tyrosine Kinase 1/ Placental Growth Factor) Ratio, Serum"
88895-8,Perampanel,MCnc,Pt,Ser/Plas,Qn,,"Perampanel, Serum","Perampanel, Serum"
10947-0,Diospyros kaki Ab.IgE,ACnc,Pt,Ser,Qn,,"Persimmon, IgE, Serum","Persimmon, IgE, Serum"
101506-4,Phosphatidylethanol panel,-,Pt,Bld,-,,"Phosphatidylethanol Confirmation, Blood","Phosphatidylethanol Confirmation, Blood"
19163-5,Cancer Ag 19-9,ACnc,Pt,Plr fld,Qn,,"Carbohydrate Antigen 19-9 (CA 19-9), Pleural Fluid","Carbohydrate Antigen 19-9 (CA 19-9), Pleural Fluid"
19169-2,Carcinoembryonic Ag,MCnc,Pt,Plr fld,Qn,,"Carcinoembryonic Antigen (CEA), Pleural Fluid","Carcinoembryonic Antigen (CEA), Pleural Fluid"
72664-6,Phosphofructokinase,CCnt,Pt,RBC,Qn,,"Phosphofructokinase Enzyme Activity, Blood","Phosphofructokinase Enzyme Activity, Blood"
6905-4,Propafenone,MCnc,Pt,Ser/Plas,Qn,,"Propafenone, Serum","Propafenone, Serum"
10946-2,Passiflora edulis Ab.IgE,ACnc,Pt,Ser,Qn,,"Passion Fruit, IgE, Serum","Passion Fruit, IgE, Serum"
104687-9,Dimethylacetal panel,-,Pt,Bld.dot,-,,"Plasmalogens, Blood Spot","Plasmalogens, Blood Spot"
44053-7,Phosphoglycerate kinase,CCnt,Pt,RBC,Qn,,"Phosphoglycerate Kinase Enzyme Activity, Blood","Phosphoglycerate Kinase Enzyme Activity, Blood"
47414-8,Pregabalin,MCnc,Pt,Ser/Plas,Qn,,"Pregabalin, Serum","Pregabalin, Serum"
74634-7,Dimethylacetal panel,-,Pt,RBC,-,,"Plasmalogens, Blood","Plasmalogens, Blood"
83109-9,Progesterone,MCnc,Pt,Ser/Plas,Qn,IA,"Progesterone, Serum","Progesterone, Serum"
82118-1,Pharmacogenomics result panel,-,Pt,^Patient,-,,"Focused Pharmacogenomics Panel, Varies","Focused Pharmacogenomics Panel, Varies"
112331-4,Phagocytic cell disorder and chronic granulomatous disease multigene analysis,Find,Pt,Bld/Tiss,Doc,Molgen,"Phagocytic Disorders and Chronic Granulomatous Disease Gene Panel, Varies","Phagocytic Disorders and Chronic Granulomatous Disease Gene Panel, Varies"
105265-3,Phenylalanine disorders multigene analysis,Find,Pt,Bld/Tiss,Doc,Molgen,"Phenylalanine Disorders Gene Panel, Varies","Phenylalanine Disorders Gene Panel, Varies"
92890-3,Hepatitis A & B & C virus immunity &or previous exposure panel,-,Pt,Ser/Plas,-,,"Previous Viral Hepatitis (Unknown Type), Serum","Previous Viral Hepatitis (Unknown Type), Serum"
6216-6,Phoma betae Ab.IgE,ACnc,Pt,Ser,Qn,,"Phoma betae, IgE, Serum","Phoma betae, IgE, Serum"
2777-1,Phosphate,MCnc,Pt,Ser/Plas,Qn,,"Phosphorus (Inorganic), Serum","Phosphorus (Inorganic), Serum"
101653-4,Prenatal hepatitis B & C panel,-,Pt,Ser/Plas,-,,"Prenatal Hepatitis Evaluation, Serum","Prenatal Hepatitis Evaluation, Serum"
2756-5,pH,LsCnc,Pt,Urine,SemiQn,,"pH, Random, Urine","pH, Random, Urine"
6262-0,Swine epithelium Ab.IgE,ACnc,Pt,Ser,Qn,,"Pig Epithelium, IgE, Serum","Pig Epithelium, IgE, Serum"
10948-8,Pigeon feather Ab.IgE,ACnc,Pt,Ser,Qn,,"Pigeon Feathers, IgE, Serum","Pigeon Feathers, IgE, Serum"
60034-6,PIK3CA gene targeted mutation analysis,Find,Pt,Bld/Tiss,Doc,Molgen,"Cell-Free DNA PIK3CA Test, Blood","Cell-Free DNA PIK3CA Test, Blood"
10954-6,Pinus edulis Ab.IgE,ACnc,Pt,Ser,Qn,,"Pine Nut, IgE, Serum","Pine Nut, IgE, Serum"
47255-5,Procollagen type I.N-terminal propeptide,MCnc,Pt,Ser/Plas,Qn,,"Procollagen I Intact N-Terminal, Serum","Procollagen I Intact N-Terminal, Serum"
27882-0,Proinsulin,SCnc,Pt,Ser/Plas,Qn,,"Proinsulin, Plasma","Proinsulin, Plasma"
14869-2,Pathologist review,Imp,Pt,Bld,Nom,Pathologist comment,"Peripheral Smear Interpretation, Whole Blood","Peripheral Smear Interpretation, Whole Blood"
675-9,Enterobius vermicularis,PrThr,Pt,XXX,Ord,Pinworm examination,"Pinworm Exam, Perianal","Pinworm Exam, Perianal"
32334-5,Pipecolate,SCnc,Pt,Ser/Plas,Qn,,"Pipecolic Acid, Serum","Pipecolic Acid, Serum"
33659-4,Pipecolate/Creatinine,Ratio,Pt,Urine,Qn,,"Pipecolic Acid, Random, Urine","Pipecolic Acid, Random, Urine"
7613-3,Pistacia vera Ab.IgE,ACnc,Pt,Ser,Qn,,"Pistachio, IgE, Serum","Pistachio, IgE, Serum"
6199-4,Parietaria judaica Ab.IgE,ACnc,Pt,Ser,Qn,,"Parietaria judaica, IgE, Serum","Parietaria judaica, IgE, Serum"
32552-2,Pyruvate kinase,CCnt,Pt,RBC,Qn,,"Pyruvate Kinase Enzyme Activity, Blood","Pyruvate Kinase Enzyme Activity, Blood"
94212-8,PKLR gene deletion+duplication & full mutation analysis,Find,Pt,Bld/Tiss,Doc,Molgen,"PKLR Full Gene Analysis, Varies","PKLR Full Gene Analysis, Varies"
101402-6,Phenylalanine & Tyrosine panel,-,Pt,Ser/Plas,-,,"Phenylalanine and Tyrosine, Plasma","Phenylalanine and Tyrosine, Plasma"
79621-9,Phenylalanine & Tyrosine panel,-,Pt,Bld.dot,-,,"Phenylalanine and Tyrosine, Blood Spot","Phenylalanine and Tyrosine, Blood Spot"
82991-1,Phospholipase A2 receptor Ab.IgG,PrThr,Pt,Ser/Plas,Ord,IF,"Phospholipase A2 Receptor, Immunofluorescence, Serum","Phospholipase A2 Receptor, Immunofluorescence, Serum"
95270-5,Platelet & HLA glycoprotein antibody panel,-,Pt,Bld,-,,"Platelet Antibody Screen, Serum","Platelet Antibody Screen, Serum"
93320-0,Platelet glycoprotein disorder panel,-,Pt,Bld,Qn,Flow cytometry,"Platelet Surface Glycoprotein, Flow Cytometry, Blood","Platelet Surface Glycoprotein, Flow Cytometry, Blood"
10959-5,Pleuronectes platessa Ab.IgE,ACnc,Pt,Ser,Qn,,"Plaice, IgE, Serum","Plaice, IgE, Serum"
29533-7,Cryptococcus sp Ag,PrThr,Pt,XXX,Ord,,"Cryptococcus Antigen Screen, Lateral Flow Assay, Pleural Fluid","Cryptococcus Antigen Screen, Lateral Flow Assay, Pleural Fluid"
11473-6,Cryptococcus sp Ag,Titr,Pt,XXX,SemiQn,,"Cryptococcus Antigen Titer, Lateral Flow Assay, Pleural Fluid","Cryptococcus Antigen Titer, Lateral Flow Assay, Pleural Fluid"
87433-9,Hemoglobin.free & oxyhemoglobin panel,-,Pt,Plas,Qn,,"Plasma Free Hemoglobin, Plasma","Plasma Free Hemoglobin, Plasma"
90735-2,Paroxysmal nocturnal hemoglobinuria GPI-Linked WBC & RBC Ag Panel,-,Pt,Bld,-,,"Paroxysmal Nocturnal Hemoglobinuria, PI-Linked Antigen, Blood","Paroxysmal Nocturnal Hemoglobinuria, PI-Linked Antigen, Blood"
30552-4,Pyridoxal phosphate,MCnc,Pt,Ser/Plas,Qn,,"Pyridoxal 5-Phosphate, Plasma","Pyridoxal 5-Phosphate, Plasma"
20568-2,Prolactin,MCnc,Pt,Ser/Plas,Qn,IA,"Prolactin, Pituitary Macroadenoma, Serum","Prolactin, Pituitary Macroadenoma, Serum"
105458-4,Lysosomal and peroxisomal storage disorders panel,-,Pt,Bld.dot,-,,"Lysosomal and Peroxisomal Disorders Screen, Blood Spot","Lysosomal and Peroxisomal Disorders Screen, Blood Spot"
6853-6,Prunus domestica Ab.IgE,ACnc,Pt,Ser,Qn,,"Plum, IgE, Serum","Plum, IgE, Serum"
93785-4,Large B-cell lymphoma classification panel,-,Pt,Tiss,-,,"Lymph3Cx Assay, Primary Mediastinal Large B-cell Lymphoma and Diffuse Large B-cell Lymphoma, mRNA Gene Expression, NanoString, Tissue","Lymph3Cx Assay, Primary Mediastinal Large B-cell Lymphoma and Diffuse Large B-cell Lymphoma, mRNA Ge"
106052-4,Postmortem aortopathy multigene analysis,Find,Pt,Bld/Tiss,Doc,Molgen,"Postmortem Aortopathy Gene Panel, Tissue","Postmortem Aortopathy Gene Panel, Tissue"
57772-6,Metanephrine.free & Normetanephrine.free panel,SCnc,Pt,Ser/Plas,Qn,,"Metanephrines, Fractionated, Free, Plasma","Metanephrines, Fractionated, Free, Plasma"
100735-0,Mannose-6-phosphate isomerase & phosphomannomutase 1 panel,-,Pt,WBC,-,,"Phosphomannomutase and Phosphomannose Isomerase, Leukocytes","Phosphomannomutase and Phosphomannose Isomerase, Leukocytes"
75384-8,PMP22 gene deletion+duplication,Find,Pt,Bld/Tiss,Doc,MLPA,"PMP22 Gene, Large Deletion/Duplication Analysis, Varies","PMP22 Gene, Large Deletion/Duplication Analysis, Varies"
42366-5,Streptococcus pneumoniae 23 serotypes Ab.IgG panel,MCnc,Pt,Ser,Qn,,"Streptococcus pneumoniae IgG Antibodies, 23 Serotypes, Serum","Streptococcus pneumoniae IgG Antibodies, 23 Serotypes, Serum"
6218-2,Ananas comosus Ab.IgE,ACnc,Pt,Ser,Qn,,"Pineapple, IgE, Serum","Pineapple, IgE, Serum"
59465-5,Pathologist review,Imp,Pt,XXX,Nar,,Peripheral Nerve Pathology Consultation,Peripheral Nerve Pathology Consultation
80615-8,Recommended follow-up,Prid,Pt,^Patient,Nar,,"Neuroimmunology Antibody Follow-up, Spinal Fluid","Neuroimmunology Antibody Follow-up, Spinal Fluid"
103620-1,Lupus anticoagulant aPTT screening panel,-,Pt,PPP,-,Coag,"Platelet Neutralization Procedure, Plasma","Platelet Neutralization Procedure, Plasma"
93233-5,Intercellular substance Ab.IgG,PrThr,Pt,Ser,Ord,IF,"Paraneoplastic Pemphigus Antibody, IgG, Serum","Paraneoplastic Pemphigus Antibody, IgG, Serum"
89996-3,Pneumocystis jirovecii DNA,PrThr,Pt,Respiratory system specimen.lower,Ord,Non-probe.amp.tar,"Pneumocystis jiroveci, Molecular Detection, PCR, Varies","Pneumocystis jiroveci, Molecular Detection, PCR, Varies"
34540-5,Phenytoin free & total panel,-,Pt,Ser/Plas,Qn,,"Phenytoin, Total and Free, Serum","Phenytoin, Total and Free, Serum"
43236-9,Streptococcus pneumoniae Ab.IgG,MCnc,Pt,Ser,Qn,IA,"Streptococcus pneumoniae IgG Antibodies, Total, Serum","Streptococcus pneumoniae IgG Antibodies, Total, Serum"
3968-5,Phenytoin,MCnc,Pt,Ser/Plas,Qn,,"Phenytoin, Total, Serum","Phenytoin, Total, Serum"
3969-3,Phenytoin.free,MCnc,Pt,Ser/Plas,Qn,,"Phenytoin, Free, Serum","Phenytoin, Free, Serum"
104596-2,Phenytoin & Phenobarbital panel,-,Pt,Ser,-,,"Phenytoin, Total and Phenobarbital Group, Serum","Phenytoin, Total and Phenobarbital Group, Serum"
3927-1,Perphenazine,MCnc,Pt,Ser/Plas,Qn,,"Perphenazine, Serum or Plasma","Perphenazine, Serum or Plasma"
6200-0,Parietaria officinalis Ab.IgE,ACnc,Pt,Ser,Qn,,"Parietaria officinalis, IgE, Serum","Parietaria officinalis, IgE, Serum"
105597-9,POLE targeted gene mutation analysis,Find,Pt,Tiss,Doc,Molgen,"POLE Mutation Analysis, Next-Generation Sequencing, Tumor","POLE Mutation Analysis, Next-Generation Sequencing, Tumor"
7623-2,Papaver somniferum Ab.IgE,ACnc,Pt,Ser,Qn,,"Poppy Seed, IgE, Serum","Poppy Seed, IgE, Serum"
6219-0,Pork Ab.IgE,ACnc,Pt,Ser,Qn,,"Pork, IgE, Serum","Pork, IgE, Serum"
53731-6,Posaconazole,MCnc,Pt,Ser/Plas,Qn,,"Posaconazole, Serum","Posaconazole, Serum"
50677-4,Semen analysis post vasectomy panel,-,Pt,Semen,-,,"Post Vasectomy Check, Semen","Post Vasectomy Check, Semen"
6220-8,Solanum tuberosum Ab.IgE,ACnc,Pt,Ser,Qn,,"White Potato, IgE, Serum","White Potato, IgE, Serum"
2779-7,Phosphate,MRat,24H,Urine,Qn,,"Phosphorus, 24 Hour, Urine","Phosphorus, 24 Hour, Urine"
29855-4,Powassan virus Ab.IgM,PrThr,Pt,Ser,Ord,,"Powassan Virus, IgM, Enzyme-Linked Immunosorbent Assay, Serum","Powassan Virus, IgM, Enzyme-Linked Immunosorbent Assay, Serum"
34456-4,Powassan virus RNA,PrThr,Pt,Bld,Ord,Probe.amp.tar,"Powassan Virus, RNA, Molecular Detection, PCR, Blood","Powassan Virus, RNA, Molecular Detection, PCR, Blood"
34457-2,Powassan virus RNA,PrThr,Pt,CSF,Ord,Probe.amp.tar,"Powassan Virus, RNA, Molecular Detection, PCR, Spinal Fluid","Powassan Virus, RNA, Molecular Detection, PCR, Spinal Fluid"
55144-0,Powassan virus RNA,PrThr,Pt,XXX,Ord,Probe.amp.tar,"Powassan Virus, RNA, Molecular Detection, PCR, Serum","Powassan Virus, RNA, Molecular Detection, PCR, Serum"
43677-4,Fatty acid panel.very long chain C22-C26,-,Pt,Ser/Plas,Qn,,"Fatty Acid Profile, Peroxisomal (C22-C26), Serum","Fatty Acid Profile, Peroxisomal (C22-C26), Serum"
15085-4,Oxalate,SCnc,Pt,Ser/Plas,Qn,,"Oxalate, Plasma","Oxalate, Plasma"
94490-0,Protoporphyrin fractions panel,-,Pt,RBC,Qn,,"Protoporphyrins, Fractionation, Whole Blood","Protoporphyrins, Fractionation, Whole Blood"
93707-8,Porphyrin fractions panel,-,Pt,Urine,-,,"Porphyrins, Quantitative, Random, Urine","Porphyrins, Quantitative, Random, Urine"
43116-3,Porphyrin fractions panel,-,24H,Urine,-,,"Porphyrins, Quantitative, 24 Hour, Urine","Porphyrins, Quantitative, 24 Hour, Urine"
74106-6,Proteinase 3 Ab.IgG,ACnc,Pt,Ser/Plas,Qn,IA,"Proteinase 3 Antibodies, IgG, Serum","Proteinase 3 Antibodies, IgG, Serum"
2915-7,Renin,CCnc,Pt,Plas,Qn,,"Renin Activity, Plasma","Renin Activity, Plasma"
33959-8,Procalcitonin,MCnc,Pt,Ser/Plas,Qn,,"Procalcitonin, Serum","Procalcitonin, Serum"
2888-6,Protein,MCnc,Pt,Urine,Qn,,"Protein, Total, Random, Urine","Protein, Total, Random, Urine"
2837-3,Pregnenolone,MCnc,Pt,Ser/Plas,Qn,,"Pregnenolone, Serum","Pregnenolone, Serum"
104670-5,PRKACA 19p13.1 gene rearrangement,Find,Pt,Tiss,Doc,FISH,"Fibrolamellar Carcinoma, 19p13.1 (PRKACA) Rearrangement, FISH, Tissue","Fibrolamellar Carcinoma, 19p13.1 (PRKACA) Rearrangement, FISH, Tissue"
94214-4,PRKAR1A gene deletion+duplication & full mutation analysis,Find,Pt,Bld/Tiss,Doc,Molgen,"PRKAR1A Full Gene Sequencing with Deletion/Duplication, Varies","PRKAR1A Full Gene Sequencing with Deletion/Duplication, Varies"
10547-8,Primidone+PHENobarbital,MCnc,Pt,Ser/Plas,Qn,,"Primidone and Phenobarbital, Serum","Primidone and Phenobarbital, Serum"
3650-9,fluPHENAZine,MCnc,Pt,Ser/Plas,Qn,,"Fluphenazine (Prolixin), Serum","Fluphenazine (Prolixin), Serum"
3999-0,Protriptyline,MCnc,Pt,Ser/Plas,Qn,,Protriptyline (Vivactyl),Protriptyline (Vivactyl)
100213-8,Prostate cancer multigene analysis,Find,Pt,Bld/Tiss,Doc,Molgen,"Hereditary Prostate Cancer Panel, Varies","Hereditary Prostate Cancer Panel, Varies"
94215-1,PRSS1 gene full mutation analysis,Find,Pt,Bld/Tiss,Doc,Sequencing,"PRSS1 Gene, Full Gene Analysis, Varies","PRSS1 Gene, Full Gene Analysis, Varies"
83112-3,Prostate specific Ag,MCnc,Pt,Ser/Plas,Qn,IA,"Prostate-Specific Antigen (PSA) Diagnostic, Serum","Prostate-Specific Antigen (PSA) Diagnostic, Serum"
35741-8,Prostate specific Ag,MCnc,Pt,Ser/Plas,Qn,Detection limit,"Prostate-Specific Antigen (PSA) Ultrasensitive, Serum","Prostate-Specific Antigen (PSA) Ultrasensitive, Serum"
27821-8,Protein S.free Ag actual/Normal,RelMCnc,Pt,PPP,Qn,IA,"Protein S Antigen, Free, Plasma","Protein S Antigen, Free, Plasma"
28660-9,Plasminogen actual/Normal,RelCCnc,Pt,PPP,Qn,Chromo,"Plasminogen Activity, Plasma","Plasminogen Activity, Plasma"
6203-4,Petroselinum crispum Ab.IgE,ACnc,Pt,Ser,Qn,,"Parsley, IgE, Serum","Parsley, IgE, Serum"
85359-8,Phosphatidylserine-prothrombin complex Ab.IgG,ACnc,Pt,Ser/Plas,Qn,IA,"Phosphatidylserine/Prothrombin Antibody, IgG, Serum","Phosphatidylserine/Prothrombin Antibody, IgG, Serum"
27823-4,Protein S Ag actual/Normal,RelMCnc,Pt,PPP,Qn,IA,"Protein S Antigen, Total, Plasma","Protein S Antigen, Total, Plasma"
87557-5,Protein S Ag & protein S Ag.free panel,RelMCnc,Pt,PPP,Qn,IA,"Protein S Antigen, Plasma","Protein S Antigen, Plasma"
93688-0,Psychosine,SCnc,Pt,Bld.dot,Qn,,"Psychosine, Blood Spot","Psychosine, Blood Spot"
93686-4,Psychosine,SCnc,Pt,CSF,Qn,,"Psychosine, Spinal Fluid","Psychosine, Spinal Fluid"
94753-1,Psychotropic medication pharmacogenomic analysis,Find,Pt,Bld/Tiss,Doc,Molgen,"Psychotropic Pharmacogenomics Gene Panel, Varies","Psychotropic Pharmacogenomics Gene Panel, Varies"
93687-2,Psychosine,SCnt,Pt,RBC,Qn,,"Psychosine, Whole Blood","Psychosine, Whole Blood"
104663-0,Tau protein.phosphorylated 217,MCnc,Pt,Ser/Plas,Qn,IA,"Phospho-Tau 217, Plasma","Phospho-Tau 217, Plasma"
79768-8,Platelet dense bodies,PrThr,Pt,Bld,Ord,Microscopy.electron,"Platelet Transmission Electron Microscopic Study, Whole Blood","Platelet Transmission Electron Microscopic Study, Whole Blood"
2731-8,Parathyrin.intact,MCnc,Pt,Ser/Plas,Qn,,"Parathyroid Hormone, Serum","Parathyroid Hormone, Serum"
88106-0,Parathyrin.intact,MCnc,Pt,Tiss.FNA,Qn,,"Parathyroid Hormone, Fine-Needle Aspiration Biopsy (FNAB)-Needle Wash","Parathyroid Hormone, Fine-Needle Aspiration Biopsy (FNAB)-Needle Wash"
15087-0,Parathyrin related protein,SCnc,Pt,Ser/Plas,Qn,,"Parathyroid Hormone-Related Peptide, Plasma","Parathyroid Hormone-Related Peptide, Plasma"
5959-2,Coagulation,Time,Pt,PPP,Qn,Coag.tissue factor induced.factor substitution.immediately after addition of normal plasma,"Prothrombin Time Mix 1:1, Plasma","Prothrombin Time Mix 1:1, Plasma"
24475-6,F2 gene.c.20210G>A,Geno,Pt,Bld/Tiss,Nom,Molgen,"Prothrombin G20210A Mutation, Blood","Prothrombin G20210A Mutation, Blood"
94223-5,PTEN gene deletion+duplication & full mutation analysis,Find,Pt,Bld/Tiss,Doc,Molgen,"PTEN Hamartoma Tumor Syndrome, PTEN Full Gene Analysis, Varies","PTEN Hamartoma Tumor Syndrome, PTEN Full Gene Analysis, Varies"
29904-0,Toxoplasma gondii DNA,PrThr,Pt,XXX,Ord,Probe.amp.tar,"Toxoplasma gondii, Molecular Detection, PCR, Varies","Toxoplasma gondii, Molecular Detection, PCR, Varies"
2815-9,Porphyrins,MCnc,Pt,Ser/Plas,Qn,,"Porphyrins, Total, Plasma","Porphyrins, Total, Plasma"
7632-3,Ligustrum vulgare Ab.IgE,ACnc,Pt,Ser,Qn,,"Privet Tree, IgE, Serum","Privet Tree, IgE, Serum"
34528-0,PT panel,-,Pt,PPP,Qn,Coag,"Prothrombin Time (PT), Plasma","Prothrombin Time (PT), Plasma"
2889-4,Protein,MRat,24H,Urine,Qn,,"Protein, Total, 24 Hour, Urine","Protein, Total, 24 Hour, Urine"
79665-6,Purine & Pyrimidine panel,-,Pt,Ser/Plas,-,,"Purines and Pyrimidines Panel, Plasma","Purines and Pyrimidines Panel, Plasma"
79673-0,Purine & Pyrimidine panel,-,Pt,Urine,-,,"Purines and Pyrimidines Panel, Random, Urine","Purines and Pyrimidines Panel, Random, Urine"
11193-0,Cucurbita pepo seed Ab.IgE,ACnc,Pt,Ser,Qn,,"Pumpkin Seed, IgE, Serum","Pumpkin Seed, IgE, Serum"
104992-3,Paraneoplastic vision loss evaluation panel,-,Pt,Ser,-,,"Paraneoplastic Vision Loss Evaluation, Serum","Paraneoplastic Vision Loss Evaluation, Serum"
35466-2,AS+PWS gene targeted mutation analysis,Find,Pt,Bld/Tiss,Doc,Molgen,"Prader-Willi/Angelman Syndrome, Molecular Analysis, Varies","Prader-Willi/Angelman Syndrome, Molecular Analysis, Varies"
14121-8,Pyruvate,SCnc,Pt,Bld,Qn,,"Pyruvic Acid, Blood","Pyruvic Acid, Blood"
14122-6,Pyruvate,SCnc,Pt,CSF,Qn,,"Pyruvate, Spinal Fluid","Pyruvate, Spinal Fluid"
23019-3,Coxiella burnetii Ab,PrThr,Pt,Ser,Ord,IA,"Q Fever Antibody Screen with Titer Reflex, Serum","Q Fever Antibody Screen with Titer Reflex, Serum"
77175-8,Coxiella burnetii phase 1 & 2 Ab.IgG & IgM panel,-,Pt,Ser,Qn,,"Q Fever IgM and IgG, Titer, Serum","Q Fever IgM and IgG, Titer, Serum"
71775-1,Mycobacterium tuberculosis stimulated gamma interferon panel,-,Pt,Bld,-,,"QuantiFERON-TB Gold Plus, Blood","QuantiFERON-TB Gold Plus, Blood"
49388-2,Herpes virus 6 DNA,NCnc,Pt,CSF,Qn,Probe.amp.tar,"Human Herpesvirus-6 A and B DNA Detection and Quantification, PCR, Spinal Fluid","Human Herpesvirus-6 A and B DNA Detection and Quantification, PCR, Spinal Fluid"
49392-4,Herpes virus 6 DNA,NCnc,Pt,Ser/Plas,Qn,Probe.amp.tar,"Human Herpesvirus-6 A and B DNA Detection and Quantification, PCR, Plasma","Human Herpesvirus-6 A and B DNA Detection and Quantification, PCR, Plasma"
104266-2,Immunoglobulins and heavy-light chain panel,-,Pt,Ser/Plas,-,,"Monoclonal Protein Study, Quantitative, Serum","Monoclonal Protein Study, Quantitative, Serum"
98073-0,Natural killer & natural killer T cell subsets panel,-,Pt,Bld,-,,"Natural Killer (NK)/Natural Killer T-Cell Subsets, Quantitative, Blood","Natural Killer (NK)/Natural Killer T-Cell Subsets, Quantitative, Blood"
6222-4,Syagrus romanzoffianum Ab.IgE,ACnc,Pt,Ser,Qn,,"Queen Palm, IgE, Serum","Queen Palm, IgE, Serum"
48800-7,Second trimester quad maternal screen panel,-,Pt,Ser/Plas,-,,"Quad Screen (Second Trimester) Maternal, Serum","Quad Screen (Second Trimester) Maternal, Serum"
48415-4,Alpha-1-Microglobulin/Creatinine,MRto,Pt,Urine,Qn,,"Alpha-1-Microglobulin, Random, Urine","Alpha-1-Microglobulin, Random, Urine"
102118-7,Rhabdomyolysis & Metabolic myopathy multigene panel,-,Pt,Bld/Tiss,-,Molgen,"Inherited Rhabdomyolysis and Metabolic Myopathy Panel, Varies","Inherited Rhabdomyolysis and Metabolic Myopathy Panel, Varies"
7642-2,Rabbit meat Ab.IgE,ACnc,Pt,Ser,Qn,,"Rabbit Meat, IgE, Serum","Rabbit Meat, IgE, Serum"
1842-4,Ammonia,SCnc,Pt,Urine,Qn,,"Ammonium, Random, Urine","Ammonium, Random, Urine"
35669-1,Amikacin,MCnc,Pt,Ser/Plas,Qn,,"Amikacin, Random, Serum","Amikacin, Random, Serum"
46437-0,Rheumatoid factor & Cyclic citrullinated peptide Ab.IgG panel,ACnc,Pt,Ser,Qn,,"Rheumatoid Arthritis Panel, Serum","Rheumatoid Arthritis Panel, Serum"
11195-5,Brassica napus Ab.IgE,ACnc,Pt,Ser,Qn,,"Rape Seed, IgE, Serum","Rape Seed, IgE, Serum"
6224-0,Rat epithelium Ab.IgE,ACnc,Pt,Ser,Qn,,"Rat Epithelium, IgE, Serum","Rat Epithelium, IgE, Serum"
13483-3,Oxalate/Creatinine,MRto,Pt,Urine,Qn,,"Oxalate/Creatinine Ratio, Urine","Oxalate/Creatinine Ratio, Urine"
2890-2,Protein/Creatinine,MRto,Pt,Urine,Qn,,"Protein/Creatinine, Random, Urine","Protein/Creatinine, Random, Urine"
101923-1,Ravulizumab Monitoring Panel,-,Pt,Ser/Plas,-,,"Ravulizumab  Monitoring Panel, Serum","Ravulizumab  Monitoring Panel, Serum"
97184-6,Ravulizumab,MCnc,Pt,Ser,Qn,,"Ravulizumab, Serum","Ravulizumab, Serum"
96399-1,Retinol binding protein panel,-,24H,Urine,Qn,,"Retinol-Binding Protein, 24 Hour, Urine","Retinol-Binding Protein, 24 Hour, Urine"
98905-3,Red blood cell membrane evaluation panel,-,Pt,RBC,-,,"Red Blood Cell Membrane Evaluation, Blood","Red Blood Cell Membrane Evaluation, Blood"
5334-8,Rubella virus Ab.IgG,ACnc,Pt,Ser/Plas,Qn,IA,"Rubella Antibodies, IgG, Serum","Rubella Antibodies, IgG, Serum"
96401-5,Retinol binding protein panel,-,Pt,Urine,Qn,,"Retinol-Binding Protein, Random, Urine","Retinol-Binding Protein, Random, Urine"
2078-4,Chloride,SCnc,Pt,Urine,Qn,,"Chloride, Random, Urine","Chloride, Random, Urine"
83003-4,Recoverin Ab.IgG,PrThr,Pt,Ser/Plas,Ord,Line blot,"Recoverin-IgG Antibody, Immunoblot, Serum","Recoverin-IgG Antibody, Immunoblot, Serum"
6228-1,Agrostis stolonifera Ab.IgE,ACnc,Pt,Ser,Qn,,"Red Top, IgE, Serum","Red Top, IgE, Serum"
6855-1,Phragmites communis Ab.IgE,ACnc,Pt,Ser,Qn,,"Common Reed, IgE, Serum","Common Reed, IgE, Serum"
106781-8,Hereditary renal cancer multigene analysis,Find,Pt,Bld/Tiss,Doc,Molgen,"Hereditary Renal Cancer Panel, Varies","Hereditary Renal Cancer Panel, Varies"
6223-2,Rabbit epithelium Ab.IgE,ACnc,Pt,Ser,Qn,,"Rabbit Epithelium, IgE, Serum","Rabbit Epithelium, IgE, Serum"
50262-5,Reticulocytes panel,-,Pt,Bld,Qn,,"Reticulocyte Profile, Blood","Reticulocyte Profile, Blood"
90927-5,RET gene rearrangements,Find,Pt,Bld/Tiss,Doc,FISH,"Lung Cancer, RET (10q11) Rearrangement, FISH, Tissue","Lung Cancer, RET (10q11) Rearrangement, FISH, Tissue"
101386-1,RET gene deletion+duplication & full mutation analysis,Find,Pt,Bld/Tiss,Doc,Molgen,"Multiple Endocrine Neoplasia Type 2 Syndrome, RET, Full Gene Analysis, Varies","Multiple Endocrine Neoplasia Type 2 Syndrome, RET, Full Gene Analysis, Varies"
24362-6,Renal function 2000 panel,-,Pt,Ser/Plas,Qn,,"Renal Function Panel, Serum","Renal Function Panel, Serum"
97564-9,Nuclear antibody panel,-,Pt,Ser,-,,"Antinuclear Antibodies, HEp-2, Reflex Panel","Antinuclear Antibodies, HEp-2, Reflex Panel"
106053-2,Rheumatoid Factor IgM and IgA antibody panel,-,Pt,Ser/Plas,-,,"Rheumatoid Factor Panel, Serum","Rheumatoid Factor Panel, Serum"
6229-9,Rhizopus nigricans Ab.IgE,ACnc,Pt,Ser,Qn,,"Rhizopus nigricans, IgE, Serum","Rhizopus nigricans, IgE, Serum"
11572-5,Rheumatoid factor,ACnc,Pt,Ser/Plas,Qn,,"Rheumatoid Factor, Serum","Rheumatoid Factor, Serum"
53892-6,Ribosomal P Ab.IgG,ACnc,Pt,Ser,Qn,,"Ribosome P Antibodies, IgG, Serum","Ribosome P Antibodies, IgG, Serum"
6230-7,Oryza sativa Ab.IgE,ACnc,Pt,Ser,Qn,,"Rice, IgE, Serum","Rice, IgE, Serum"
105041-8,Risankizumab,MCnc,Pt,Ser/Plas,Qn,,"Risankizumab, Serum","Risankizumab, Serum"
105194-5,Risankizumab Ab panel,-,Pt,-,-,,"Risankizumab Quantitation with Antibodies, Serum","Risankizumab Quantitation with Antibodies, Serum"
3807-5,Methylphenidate,MCnc,Pt,Ser/Plas,Qn,,"Methylphenidate, Serum","Methylphenidate, Serum"
74871-5,Rivaroxaban,MCnc,Pt,PPP,Qn,Chromo,"Rivaroxaban, Anti-Xa, Plasma","Rivaroxaban, Anti-Xa, Plasma"
2828-2,Potassium,SCnc,Pt,Urine,Qn,,"Potassium, Random, Urine","Potassium, Random, Urine"
33343-5,Leukotriene E4/Creatinine,MRto,Pt,Urine,Qn,,"Leukotriene E4, Random, Urine","Leukotriene E4, Random, Urine"
101668-2,Protein electrophoresis & monoclonal protein isotype panel,-,Pt,Urine,-,,"Monoclonal Protein Quantitation, Random, Urine","Monoclonal Protein Quantitation, Random, Urine"
101909-0,Protein monoclonal panel,-,Pt,Urine,-,,"Monoclonal Protein Studies, Random, Urine","Monoclonal Protein Studies, Random, Urine"
79182-2,RNA polymerase III Ab.IgG,ACnc,Pt,Ser/Plas,Qn,EIA,"RNA Polymerase III Antibodies, IgG, Serum","RNA Polymerase III Antibodies, IgG, Serum"
2955-3,Sodium,SCnc,Pt,Urine,Qn,,"Sodium, Random, Urine","Sodium, Random, Urine"
29958-6,Ribonucleoprotein extractable nuclear Ab.IgG,ACnc,Pt,Ser,Qn,IA,"RNP Antibodies, IgG, Serum","RNP Antibodies, IgG, Serum"
53017-0,Sjogrens syndrome-A extractable nuclear 52kD Ab,ACnc,Pt,Ser,Qn,,"Ro52 Antibody, IgG, Serum","Ro52 Antibody, IgG, Serum"
53019-6,Sjogrens syndrome-A extractable nuclear 60kD Ab,ACnc,Pt,Ser,Qn,,"Ro60 Antibody, IgG, Serum","Ro60 Antibody, IgG, Serum"
90254-4,Measles virus Ab.IgG & IgM panel,Titr,Pt,CSF,SemiQn,,"Rubeola (Measles) Antibodies, IgG and IgM, Spinal Fluid","Rubeola (Measles) Antibodies, IgG and IgM, Spinal Fluid"
90253-6,Measles virus Ab.IgG & IgM panel,-,Pt,Ser,-,,"Measles (Rubeola) Virus Antibody, IgM and IgG, Serum","Measles (Rubeola) Virus Antibody, IgM and IgG, Serum"
35276-5,Measles virus Ab.IgM,PrThr,Pt,Ser,Ord,IA,"Measles (Rubeola) Antibodies, IgM, Serum","Measles (Rubeola) Antibodies, IgM, Serum"
104551-7,Ovarian malignancy (ROMA) panel,-,Pt,Ser/Plas,-,,"ROMA Score (Ovarian Malignancy Risk Algorithm), Serum","ROMA Score (Ovarian Malignancy Risk Algorithm), Serum"
69569-2,Risk of ovarian malignancy algorithm score^premenopausal,Score,Pt,Ser/Plas,Qn,,"Risk Score, if Premenopausal, Serum","Risk Score, if Premenopausal, Serum"
69570-0,Risk of ovarian malignancy algorithm score^postmenopausal,Score,Pt,Ser/Plas,Qn,,"Risk Score, if Postmenopausal, Serum","Risk Score, if Postmenopausal, Serum"
33610-7,Sjogrens syndrome-A extractable nuclear Ab.IgG,ACnc,Pt,Ser,Qn,,"Ro52 and Ro60 Antibodies, IgG, Serum","Ro52 and Ro60 Antibodies, IgG, Serum"
77310-1,Measles virus Ab.IgG associated observations panel,-,Pt,Ser,-,,"Measles (Rubeola) Antibodies, IgG, Serum","Measles (Rubeola) Antibodies, IgG, Serum"
81747-8,Chromosome region 6q22 rearrangements,Find,Pt,Tiss,Doc,FISH,"Lung Cancer, ROS1 (6q22) Rearrangement, FISH, Tissue","Lung Cancer, ROS1 (6q22) Rearrangement, FISH, Tissue"
5880-0,Rotavirus Ag,PrThr,Pt,Stool,Ord,IA,"Rotavirus Antigen, Feces","Rotavirus Antigen, Feces"
82159-5,Respiratory pathogens DNA & RNA panel,-,Pt,Nph,-,Non-probe.amp.tar,"Respiratory Panel, PCR, Nasopharyngeal","Respiratory Panel, PCR, Nasopharyngeal"
92958-8,Respiratory pathogens DNA & RNA panel,-,Pt,Respiratory system specimen.lower,-,Non-probe.amp.tar,"Respiratory Panel, PCR, Varies","Respiratory Panel, PCR, Varies"
2778-9,Phosphate,MCnc,Pt,Urine,Qn,,"Phosphorus, Random, Urine","Phosphorus, Random, Urine"
6483-2,Mycoplasma pneumoniae rRNA,PrThr,Pt,XXX,Ord,Probe,"Mycoplasma (Mycoplasmoides) pneumoniae Macrolide (Azithromycin) Resistance Prediction, Molecular Detection, PCR, Varies","Mycoplasma (Mycoplasmoides) pneumoniae Macrolide (Azithromycin) Resistance Prediction, Molecular Det"
48824-7,"Respiratory allergen panel, US - North Atlantic states a",-,Pt,Ser,-,,"Respiratory Profile, Region 1, North Atlantic (CT, MA, ME, NJ, NH, NY, PA, RI, VT), Serum","Respiratory Profile, Region 1, North Atlantic (CT, MA, ME, NJ, NH, NY, PA, RI, VT), Serum"
51991-8,Referral lab test panel,-,Pt,Referral lab test,-,,"Respiratory Profile, Region 10, Southwestern Grasslands (OK, TX), Serum","Respiratory Profile, Region 10, Southwestern Grasslands (OK, TX), Serum"
49020-1,"Respiratory allergen panel, US - Coastal California",-,Pt,Ser,-,,"Respiratory Profile, Region 13, Southern Coastal California, Serum","Respiratory Profile, Region 13, Southern Coastal California, Serum"
48837-9,"Respiratory allergen panel, US - California central valley",-,Pt,Ser,-,,"Respiratory Profile, Region 14, Central California, Serum","Respiratory Profile, Region 14, Central California, Serum"
49019-3,"Respiratory allergen panel, US - Puerto Rico",-,Pt,Ser,-,,"Respiratory Profile, Region 19, Puerto Rico, Serum","Respiratory Profile, Region 19, Puerto Rico, Serum"
48825-4,"Respiratory allergen panel, US - Mid Atlantic states",-,Pt,Ser,-,,"Respiratory Profile, Region 2, Mid-Atlantic (DC, DE, MD, NC, VA), Serum","Respiratory Profile, Region 2, Mid-Atlantic (DC, DE, MD, NC, VA), Serum"
48826-2,"Respiratory allergen panel, US - South Atlantic states a",-,Pt,Ser,-,,"Respiratory Profile, Region 3, South Atlantic (GA, N.FA, SC), Serum","Respiratory Profile, Region 3, South Atlantic (GA, N.FA, SC), Serum"
48827-0,"Respiratory allergen panel, US - Subtropical Florida",-,Pt,Ser,-,,"Respiratory Profile, Region 4, Subtropic Florida (Florida S. of Orlando), Serum","Respiratory Profile, Region 4, Subtropic Florida (Florida S. of Orlando), Serum"
48831-2,"Respiratory allergen panel, US - Central midwest a",-,Pt,Ser,-,,"Respiratory Profile, Region 8, Central Midwest (IA, IL, MO), Serum","Respiratory Profile, Region 8, Central Midwest (IA, IL, MO), Serum"
20507-0,Reagin Ab,PrThr,Pt,Ser,Ord,RPR,"Rapid Plasma Reagin Screen with Reflex, Serum","Rapid Plasma Reagin Screen with Reflex, Serum"
31147-2,Reagin Ab,Titr,Pt,Ser,SemiQn,RPR,"Rapid Plasma Reagin Titer, Serum","Rapid Plasma Reagin Titer, Serum"
6233-1,Pigweed rough Ab.IgE,ACnc,Pt,Ser,Qn,,"Rough Pigweed, IgE, Serum","Rough Pigweed, IgE, Serum"
106521-8,Subepithelial autoimmune blistering disease panel,-,Pt,Ser/Plas,-,,"Rare Subepithelial Autoimmune Blistering Disease Variants, Serum","Rare Subepithelial Autoimmune Blistering Disease Variants, Serum"
87435-4,Coccidioides immitis Ab.IgG & IgM panel,-,Pt,Ser/Plas,-,,"Coccidioides Antibody Reflex, Complement Fixation and Immunodiffusion, Serum","Coccidioides Antibody Reflex, Complement Fixation and Immunodiffusion, Serum"
10960-3,Rabbit serum proteins Ab.IgE,ACnc,Pt,Ser,Qn,,"Rabbit Serum Proteins, IgE, Serum","Rabbit Serum Proteins, IgE, Serum"
6683-7,Coagulation,Time,Pt,PPP,Qn,Coag.reptilase induced,"Reptilase Time, Plasma","Reptilase Time, Plasma"
6225-7,Rat serum proteins Ab.IgE,ACnc,Pt,Ser,Qn,,"Rat Serum Protein, IgE, Serum","Rat Serum Protein, IgE, Serum"
6226-5,Rat urine proteins Ab.IgE,ACnc,Pt,Ser,Qn,,"Rat Urine Protein, IgE, Serum","Rat Urine Protein, IgE, Serum"
59323-6,Rufinamide,MCnc,Pt,Ser/Plas,Qn,,"Rufinamide, Serum","Rufinamide, Serum"
10961-1,Rabbit urine proteins Ab.IgE,ACnc,Pt,Ser,Qn,,"Rabbit Urine Proteins, IgE, Serum","Rabbit Urine Proteins, IgE, Serum"
3089-0,Urate/Creatinine,MRto,Pt,Urine,Qn,,"Uric Acid/Creatinine Ratio, Random, Urine","Uric Acid/Creatinine Ratio, Random, Urine"
6234-9,Salsola kali Ab.IgE,ACnc,Pt,Ser,Qn,,"Russian Thistle, IgE, Serum","Russian Thistle, IgE, Serum"
11194-8,Brassica napus pollen Ab.IgE,ACnc,Pt,Ser,Qn,,"Rape Weed, IgE, Serum","Rape Weed, IgE, Serum"
7674-5,Secale cereale Ab.IgE,ACnc,Pt,Ser,Qn,,"Rye, IgE, Serum","Rye, IgE, Serum"
7369-2,Lolium perenne Ab.IgE,ACnc,Pt,Ser,Qn,,"Rye Grass, IgE, Serum","Rye Grass, IgE, Serum"
58713-9,DNAse B Ab.Streptococcal & Streptolysin O Ab panel,-,Pt,Ser,-,,"Streptococcal Antibodies Profile, Serum","Streptococcal Antibodies Profile, Serum"
676-7,Observation,Prid,Pt,XXX,Nom,Rhodamine-auramine fluorochrome stain,"Acid-Fast Smear for Mycobacterium, Varies","Acid-Fast Smear for Mycobacterium, Varies"
4024-6,Salicylates,MCnc,Pt,Ser/Plas,Qn,,"Salicylate, Serum","Salicylate, Serum"
2142-8,Cortisol,MCnc,Pt,Saliva,Qn,,"Cortisol, Saliva","Cortisol, Saliva"
6237-2,Salmo salar Ab.IgE,ACnc,Pt,Ser,Qn,,"Salmon, IgE, Serum","Salmon, IgE, Serum"
20955-1,Salmonella sp,Prid,Pt,Stool,Nom,Organism specific culture,"Salmonella Culture, Feces","Salmonella Culture, Feces"
30989-8,Sardinops melanostictus Ab.IgE,ACnc,Pt,Ser,Qn,,"Sardine (Pilchard), IgE, Serum","Sardine (Pilchard), IgE, Serum"
26954-8,Aspergillus fumigatus Ab.IgG,MCnc,Pt,Ser,Qn,,"Aspergillus fumigatus, IgG Antibodies, Serum","Aspergillus fumigatus, IgG Antibodies, Serum"
104657-2,Sialate free and total panel,-,Pt,Urine,-,,"Sialic Acid, Free and Total, Random, Urine","Sialic Acid, Free and Total, Random, Urine"
5058-3,Blastomyces dermatitidis Ab,PrThr,Pt,Ser,Ord,Immune diffusion,"Blastomyces Antibody Immunodiffusion, Serum","Blastomyces Antibody Immunodiffusion, Serum"
24165-3,Beta vulgaris seed Ab.IgE,ACnc,Pt,Ser,Qn,,"Sugarbeet Seed, IgE, Serum","Sugarbeet Seed, IgE, Serum"
35359-9,AR gene targeted mutation analysis,Find,Pt,Bld/Tiss,Doc,Molgen,"Spinobulbar Muscular Atrophy (Kennedy Disease), Molecular Analysis, Varies","Spinobulbar Muscular Atrophy (Kennedy Disease), Molecular Analysis, Varies"
7691-9,Pecten spp Ab.IgE,ACnc,Pt,Ser,Qn,,"Scallop, IgE, Serum","Scallop, IgE, Serum"
21769-5,Spinocerebellar ataxia genes.CAG repeats,PrThr,Pt,Bld/Tiss,Ord,Molgen,"Spinocerebellar Ataxia Repeat Expansion Panel, Varies","Spinocerebellar Ataxia Repeat Expansion Panel, Varies"
9679-2,Squamous cell carcinoma Ag,MCnc,Pt,Ser/Plas,Qn,,"Squamous Cell Carcinoma Antigen, Serum","Squamous Cell Carcinoma Antigen, Serum"
112704-2,Severe congenital and cyclic neutropenia multigene analysis,Find,Pt,Bld/Tiss,Doc,Molgen,"Severe Congenital and Cyclic Neutropenia Gene Panel, Varies","Severe Congenital and Cyclic Neutropenia Gene Panel, Varies"
47320-7,Saccharomyces cerevisiae Ab.IgA,ACnc,Pt,Ser,Qn,IA,"Saccharomyces cerevisiae Antibody, IgA, Serum","Saccharomyces cerevisiae Antibody, IgA, Serum"
47321-5,Saccharomyces cerevisiae Ab.IgG,ACnc,Pt,Ser,Qn,IA,"Saccharomyces cerevisiae Antibody, IgG, Serum","Saccharomyces cerevisiae Antibody, IgG, Serum"
77378-8,Human papilloma virus 16 & 18 & 31+33+35+39+45+51+52+56+58+59+66+68 DNA panel,-,Pt,XXX,-,,"Human Papillomavirus (HPV) Detection and High-Risk Genotyping, Self-Collect, PCR, Vaginal","Human Papillomavirus (HPV) Detection and High-Risk Genotyping, Self-Collect, PCR, Vaginal"
107540-7,Severe combined immunodeficiency multigene analysis,Find,Pt,Bld/Tiss,Doc,Molgen,"Severe Combined Immunodeficiency (SCID) Gene Panel, Varies","Severe Combined Immunodeficiency (SCID) Gene Panel, Varies"
47322-3,SCL-70 extractable nuclear Ab.IgG,ACnc,Pt,Ser,Qn,IA,"Scl 70 Antibodies, IgG, Serum","Scl 70 Antibodies, IgG, Serum"
6239-8,Atriplex lentiformis Ab.IgE,ACnc,Pt,Ser,Qn,,"Scale, IgE, Serum","Scale, IgE, Serum"
55139-0,SCN5A gene targeted mutation analysis,Find,Pt,Bld/Tiss,Doc,Molgen,"Brugada Syndrome, SCN5A Full Gene Analysis, Varies","Brugada Syndrome, SCN5A Full Gene Analysis, Varies"
95422-2,Influenza virus A & Influenza virus B & SARS coronavirus 2 RNA panel,-,Pt,Respiratory System Specimen,-,Probe.amp.tar,"Severe Acute Respiratory Syndrome Coronavirus 2 (SARS CoV-2) and Influenza Virus Type A and Type B RNA, Molecular Detection, PCR, Varies",Severe Acute Respiratory Syndrome Coronavirus 2 (SARS CoV-2) and Influenza Virus Type A and Type B R
95941-1,Influenza virus A & Influenza virus B & SARS coronavirus 2 & Respiratory syncytial virus RNA panel,-,Pt,Respiratory System Specimen,-,Probe.amp.tar,"Severe Acute Respiratory Syndrome Coronavirus 2 (SARS CoV-2), Influenza Virus Type A and Type B RNA, and Respiratory Syncytial Virus (RSV) Molecular Detection, PCR, Varies","Severe Acute Respiratory Syndrome Coronavirus 2 (SARS CoV-2), Influenza Virus Type A and Type B RNA,"
87436-2,Chromosome X & Y aneuploidy,Find,Pt,Bld/Tiss,Doc,FISH,"Sex Chromosome Determination, FISH, Tissue","Sex Chromosome Determination, FISH, Tissue"
6864-3,Hemoglobin S,PrThr,Pt,Bld,Ord,Solubility test,"Sickle Solubility, Blood","Sickle Solubility, Blood"
105598-7,SDHA & SDHB & SDHC & SDHD targeted gene mutation analysis,Find,Pt,Tiss,Doc,Molgen,"SDH Genes Mutation Analysis, Next-Generation Sequencing, Tumor","SDH Genes Mutation Analysis, Next-Generation Sequencing, Tumor"
90364-1,Cholesterol.in LDL.small dense,MCnc,Pt,Ser/Plas,Qn,,"Small Dense Low Density Lipoprotein Cholesterol, Serum","Small Dense Low Density Lipoprotein Cholesterol, Serum"
4028-7,Secobarbital,MCnc,Pt,Ser/Plas,Qn,,"Secobarbital, Serum","Secobarbital, Serum"
77067-7,SEPT9 gene targeted mutation analysis,Find,Pt,Bld/Tiss,Doc,Molgen,"SEPTIN9 Gene, Full Gene Analysis, Varies","SEPTIN9 Gene, Full Gene Analysis, Varies"
27057-9,Serotonin,MCnc,Pt,Ser,Qn,,"Serotonin, Serum","Serotonin, Serum"
94222-7,SERPINA1 gene full mutation analysis,Find,Pt,Bld/Tiss,Doc,Sequencing,"SERPINA1 Gene, Full Gene Analysis, Varies","SERPINA1 Gene, Full Gene Analysis, Varies"
18253-5,Serotonin,MRat,24H,Urine,Qn,,"Serotonin, 24 Hour, Urine","Serotonin, 24 Hour, Urine"
2939-7,Serotonin,MCnc,Pt,Bld,Qn,,"Serotonin, Blood","Serotonin, Blood"
5724-0,Selenium,MCnc,Pt,Ser/Plas,Qn,,"Selenium, Serum","Selenium, Serum"
6242-2,Sesamum indicum Ab.IgE,ACnc,Pt,Ser,Qn,,"Sesame Seed, IgE, Serum","Sesame Seed, IgE, Serum"
5722-4,Selenium,MCnc,Pt,Bld,Qn,,"Selenium, Blood","Selenium, Blood"
50190-8,Iron & Iron binding capacity panel,-,Pt,Ser/Plas,Qn,,"Iron and Total Iron-Binding Capacity, Serum","Iron and Total Iron-Binding Capacity, Serum"
90260-1,Rickettsia spotted fever group Ab.IgG & IgM panel,Titr,Pt,Ser,SemiQn,,"Spotted Fever Group Antibody, IgG and IgM, Serum","Spotted Fever Group Antibody, IgG and IgM, Serum"
14116-8,IgG synthesis rate,MRat,Pt,Ser+CSF,Qn,Calculated,"Cerebrospinal Fluid IgG Index Profile, Serum and Spinal Fluid","Cerebrospinal Fluid IgG Index Profile, Serum and Spinal Fluid"
42176-8,"1,3 beta glucan",MCnc,Pt,Ser,Qn,,"1,3-Beta-D-Glucan (Fungitell), Serum","1,3-Beta-D-Glucan (Fungitell), Serum"
27822-6,Protein S actual/Normal,RelTime,Pt,PPP,Qn,Coag,"Protein S Activity, Plasma","Protein S Activity, Plasma"
10342-4,Sulfamethoxazole,MCnc,Pt,Ser/Plas,Qn,,"Sulfamethoxazole, Serum","Sulfamethoxazole, Serum"
43141-1,Synthetic glucocorticoid panel,MCnc,Pt,Ser/Plas,Qn,,"Synthetic Glucocorticoid Screen, Serum","Synthetic Glucocorticoid Screen, Serum"
46959-3,Synthetic glucocorticoid panel,MCnc,Pt,Urine,Qn,,"Synthetic Glucocorticoid Screen, Random, Urine","Synthetic Glucocorticoid Screen, Random, Urine"
6260-4,Liquidambar styraciflua Ab.IgE,ACnc,Pt,Ser,Qn,,"Sweet Gum, IgE, Serum","Sweet Gum, IgE, Serum"
5810-7,Observation,Rden,Pt,Urine,Qn,Refractometry,"Specific Gravity, Random, Urine","Specific Gravity, Random, Urine"
13967-5,Sex hormone binding globulin,SCnc,Pt,Ser/Plas,Qn,,"Sex Hormone-Binding Globulin, Serum","Sex Hormone-Binding Globulin, Serum"
17576-0,Shigella sp,Prid,Pt,XXX,Nom,Organism specific culture,"Shigella Culture, Feces","Shigella Culture, Feces"
6246-3,Pandalus borealis Ab.IgE,ACnc,Pt,Ser,Qn,,"Shrimp, IgE, Serum","Shrimp, IgE, Serum"
10715-1,Schistosoma sp,Prid,Pt,Urine sed,Nom,Microscopy.light,"Schistosoma Exam, Random, Urine","Schistosoma Exam, Random, Urine"
6245-5,Sheep wool Ab.IgE,ACnc,Pt,Ser,Qn,,"Sheep Wool, IgE, Serum","Sheep Wool, IgE, Serum"
29247-4,Sirolimus,MCnc,Pt,Bld,Qn,,"Sirolimus, Whole Blood","Sirolimus, Whole Blood"
76039-7,Interleukin 2 receptor.soluble,MCnc,Pt,Ser/Plas,Qn,,"Interleukin-2 Receptor Alpha Soluble, Plasma","Interleukin-2 Receptor Alpha Soluble, Plasma"
50557-8,Ketones,MCnc,Pt,Urine,SemiQn,Test strip.automated,"Ketones, Urine","Ketones, Urine"
93412-5,SLCO1B1 gene targeted mutation analysis,Find,Pt,Bld/Tiss,Doc,Molgen,"Solute Carrier Organic Anion Transporter Family Member 1B1 (SLCO1B1) Genotype, Statin, Varies","Solute Carrier Organic Anion Transporter Family Member 1B1 (SLCO1B1) Genotype, Statin, Varies"
7947-5,Legionella pneumophila Ab,PrThr,Pt,Ser,Ord,,"Legionella pneumophila (Legionnaires Disease), Antibody, Serum","Legionella pneumophila (Legionnaires Disease), Antibody, Serum"
29903-2,Cryptococcus sp Ag,PrThr,Pt,Ser,Ord,IA,"Cryptococcus Antigen Screen with Titer, Serum","Cryptococcus Antigen Screen with Titer, Serum"
9818-6,Cryptococcus sp Ag,Titr,Pt,Ser,SemiQn,IA,"Cryptococcus Antigen Titer, Lateral Flow Assay, Serum","Cryptococcus Antigen Titer, Lateral Flow Assay, Serum"
103621-9,Small lymphocytic lymphoma chromosome deletions &or rearrangements,Find,Pt,Bld/Tiss,Doc,FISH,"Small Lymphocytic Lymphoma, FISH, Tissue","Small Lymphocytic Lymphoma, FISH, Tissue"
73852-6,7-Dehydrocholesterol & 8-Dehydrocholesterol panel,-,Pt,Ser/Plas,-,,"Smith-Lemli-Opitz Screen, Plasma","Smith-Lemli-Opitz Screen, Plasma"
83081-0,Borrelia burgdorferi Ab.IgG+IgM,PrThr,Pt,Ser,Ord,IA,"Lyme Antibody Modified 2-Tier with Reflex, Serum","Lyme Antibody Modified 2-Tier with Reflex, Serum"
18323-6,Smith extractable nuclear Ab.IgG,ACnc,Pt,Ser,Qn,,"Smith (Sm) Antibodies, IgG, Serum","Smith (Sm) Antibodies, IgG, Serum"
26971-2,Smooth muscle Ab,PrThr,Pt,Ser,Ord,IF,"Smooth Muscle Antibody Screen, Serum","Smooth Muscle Antibody Screen, Serum"
5358-7,Smooth muscle Ab,Titr,Pt,Ser,SemiQn,IF,"Smooth Muscle Antibody Titer, Serum","Smooth Muscle Antibody Titer, Serum"
102119-5,Skeletal muscle channelopathy multigene panel,-,Pt,Bld/Tiss,-,Molgen,"Inherited Skeletal Muscle Channelopathy Gene Panel, Varies","Inherited Skeletal Muscle Channelopathy Gene Panel, Varies"
6240-6,Seminal fluid Ab.IgE,ACnc,Pt,Ser,Qn,,"Seminal Fluid, IgE, Serum","Seminal Fluid, IgE, Serum"
94221-9,SMN1 gene full mutation analysis,Find,Pt,Bld/Tiss,Doc,Sequencing,"SMN1 Gene, Full Gene Analysis, Varies","SMN1 Gene, Full Gene Analysis, Varies"
49857-6,SMN1 gene+SMN2 gene targeted mutation analysis,Find,Pt,Bld/Tiss,Doc,Molgen,"Spinal Muscular Atrophy Carrier Screening, Deletion/Duplication Analysis, Varies","Spinal Muscular Atrophy Carrier Screening, Deletion/Duplication Analysis, Varies"
11200-3,Helix aspersa Ab.IgE,ACnc,Pt,Ser,Qn,,"Snail, IgE, Serum","Snail, IgE, Serum"
54089-8,Newborn screening panel,-,Pt,^Patient,-,AHIC,"Supplemental Newborn Screen, Blood Spot","Supplemental Newborn Screen, Blood Spot"
49710-7,SOD1 gene targeted mutation analysis,Find,Pt,Bld/Tiss,Doc,Molgen,"SOD1 Gene, Full Gene Analysis, Varies","SOD1 Gene, Full Gene Analysis, Varies"
7709-9,Solea solea Ab.IgE,ACnc,Pt,Ser,Qn,,"Sole, IgE, Serum","Sole, IgE, Serum"
93748-2,Fibrin monomer,MCnc,Pt,PPP,Qn,IA,"Soluble Fibrin Monomer, Plasma","Soluble Fibrin Monomer, Plasma"
6244-8,Rumex acetosella Ab.IgE,ACnc,Pt,Ser,Qn,,"Red Sorrel, IgE, Serum","Red Sorrel, IgE, Serum"
6248-9,Glycine max Ab.IgE,ACnc,Pt,Ser,Qn,,"Soybean, IgE, Serum","Soybean, IgE, Serum"
96565-7,sp100 Ab,ACnc,Pt,Ser,Qn,IA,"SP100 Antibody, IgG, Serum","SP100 Antibody, IgG, Serum"
85149-3,Programmed cell death ligand 1 by clone SP142,Find,Pt,Tiss,Doc,Immune stain,"Programmed Death-Ligand 1 (PD-L1) (SP142), Semi-Quantitative Immunohistochemistry, Manual","Programmed Death-Ligand 1 (PD-L1) (SP142), Semi-Quantitative Immunohistochemistry, Manual"
101462-0,Septin-5 Ab.IgG,PrThr,Pt,CSF,Ord,CBA IFA,"Septin-5 Antibody, Cell-Binding Assay, Spinal Fluid","Septin-5 Antibody, Cell-Binding Assay, Spinal Fluid"
101463-8,Septin-5 Ab.IgG,PrThr,Pt,Ser/Plas,Ord,CBA IFA,"Septin-5 Antibody, Cell Binding Assay, Serum","Septin-5 Antibody, Cell Binding Assay, Serum"
101459-6,Septin-5 Ab.IgG,Titr,Pt,CSF,SemiQn,IF,"Septin-5 Antibody, Tissue Immunofluorescence, Spinal Fluid","Septin-5 Antibody, Tissue Immunofluorescence, Spinal Fluid"
101458-8,Septin-5 Ab.IgG,Titr,Pt,Ser/Plas,SemiQn,IF,"Septin-5 Antibody, Tissue Immunofluorescence Titer, Serum","Septin-5 Antibody, Tissue Immunofluorescence Titer, Serum"
101466-1,Septin-7 Ab.IgG,PrThr,Pt,CSF,Ord,CBA IFA,"Septin-7 Antibody, Cell-Binding Assay, Spinal Fluid","Septin-7 Antibody, Cell-Binding Assay, Spinal Fluid"
101467-9,Septin-7 Ab.IgG,PrThr,Pt,Ser/Plas,Ord,CBA IFA,"Septin-7 Antibody, Cell-Binding Assay, Serum","Septin-7 Antibody, Cell-Binding Assay, Serum"
101457-0,Septin-7 Ab.IgG,Titr,Pt,CSF,SemiQn,IF,"Septin-7 Antibody, Tissue Immunofluorescence Titer, Spinal Fluid","Septin-7 Antibody, Tissue Immunofluorescence Titer, Spinal Fluid"
101456-2,Septin-7 Ab.IgG,Titr,Pt,Ser/Plas,SemiQn,IF,"Septin-7 Antibody, Tissue Immunofluorescence Titer, Serum","Septin-7 Antibody, Tissue Immunofluorescence Titer, Serum"
906-8,Blood group antigens present,Prid,Pt,Bld,Nom,,"Special Red Cell Antigen Typing, Whole Blood","Special Red Cell Antigen Typing, Whole Blood"
54454-4,Arsenic fractions panel,-,Pt,Urine,Qn,,"Arsenic Speciation, Random, Urine","Arsenic Speciation, Random, Urine"
96253-0,Arsenic fractions panel,-,24H,Urine,Qn,,"Arsenic Speciation, 24 Hour, Urine","Arsenic Speciation, 24 Hour, Urine"
6856-9,Spinacia oleracea Ab.IgE,ACnc,Pt,Ser,Qn,,"Spinach, IgE, Serum","Spinach, IgE, Serum"
20489-1,Streptococcus pneumoniae Ag,PrThr,Pt,CSF,Ord,,"Streptococcus pneumoniae Antigen, Spinal Fluid","Streptococcus pneumoniae Antigen, Spinal Fluid"
77949-6,Streptococcus pneumoniae Ag,PrThr,Pt,Urine,Ord,IA.rapid,"Streptococcus pneumoniae Antigen, Random, Urine","Streptococcus pneumoniae Antigen, Random, Urine"
7627-3,Ipomoea batatas Ab.IgE,ACnc,Pt,Ser,Qn,,"Sweet Potato, IgE, Serum","Sweet Potato, IgE, Serum"
6857-7,Picea excelsa Ab.IgE,ACnc,Pt,Ser,Qn,,"Spruce, IgE, Serum","Spruce, IgE, Serum"
7713-1,Squash Ab.IgE,ACnc,Pt,Ser,Qn,,"Squash, IgE, Serum","Squash, IgE, Serum"
14038-4,Todarodes pacificus Ab.IgE,ACnc,Pt,Ser,Qn,,"Pacific Squid, IgE, Serum","Pacific Squid, IgE, Serum"
6858-5,Loligo sp Ab.IgE,ACnc,Pt,Ser,Qn,,"Squid, IgE, Serum","Squid, IgE, Serum"
50736-8,Serotonin release.heparin.unfractionated panel,-,Pt,Ser,-,,"Serotonin Release Assay, Unfractionated Heparin, Mass Spectrometry, Serum","Serotonin Release Assay, Unfractionated Heparin, Mass Spectrometry, Serum"
6085-5,Ambrosia elatior Ab.IgE,ACnc,Pt,Ser,Qn,,"Short Ragweed, IgE, Serum","Short Ragweed, IgE, Serum"
81748-6,Chromosome region Yp11.3 deletion &or rearrangement,Find,Pt,Bld/Tiss,Doc,FISH,"Sex-Determining Region Y, Yp11.3 Deletion, FISH","Sex-Determining Region Y, Yp11.3 Deletion, FISH"
93810-0,SS18 gene rearrangements,Find,Pt,Tiss,Doc,FISH,"Synovial Sarcoma (SS), 18q11.2 (SS18 or SYT) Rearrangement, FISH, Tissue","Synovial Sarcoma (SS), 18q11.2 (SS18 or SYT) Rearrangement, FISH, Tissue"
87555-9,Sjogrens syndrome-A & B extractable nuclear Ab.IgG panel,-,Pt,Ser,Qn,,"SS-A and SS-B Antibodies, IgG, Serum","SS-A and SS-B Antibodies, IgG, Serum"
33613-1,Sjogrens syndrome-B extractable nuclear Ab.IgG,ACnc,Pt,Ser,Qn,,"SS-B/La Antibodies, IgG, Serum","SS-B/La Antibodies, IgG, Serum"
94397-7,"Sulfocysteine, Hypoxanthine, Xanthine, Urate & Creatinine panel",-,Pt,Urine,Qn,,"S-Sulfocysteine Panel, Random, Urine","S-Sulfocysteine Panel, Random, Urine"
21003-9,Fungus,Prid,Pt,XXX,Nom,Fungus stain,"Nocardia Stain, Varies","Nocardia Stain, Varies"
81232-1,Supersaturation panel,-,24H,Urine,-,,"Supersaturation Profile, Self-Collect, 24 Hour, Urine","Supersaturation Profile, Self-Collect, 24 Hour, Urine"
6257-0,Fragaria vesca Ab.IgE,ACnc,Pt,Ser,Qn,,"Strawberry, IgE, Serum","Strawberry, IgE, Serum"
6252-1,Stemphylium botryosum Ab.IgE,ACnc,Pt,Ser,Qn,,"Stemphyllium, IgE, Serum","Stemphyllium, IgE, Serum"
75858-1,Sterols panel,MCnc,Pt,Ser/Plas,-,,"Sterols, Plasma","Sterols, Plasma"
30248-9,Transferrin receptor.soluble,MCnc,Pt,Ser/Plas,Qn,,"sTfR (Soluble Transferrin Receptor), Serum","sTfR (Soluble Transferrin Receptor), Serum"
80679-4,Escherichia coli Stx1+Stx2 toxin stx1+stx2 genes,PrThr,Pt,Stool,Ord,Probe.amp.tar,"Shiga Toxin, Molecular Detection, PCR, Feces","Shiga Toxin, Molecular Detection, PCR, Feces"
103603-7,Tick-borne Ab panel,-,Pt,Ser,-,,"Tick-Borne Antibodies, Modified 2-Tier, ELISA, Serum","Tick-Borne Antibodies, Modified 2-Tier, ELISA, Serum"
94216-9,STK11 gene deletion+duplication & full mutation analysis,Find,Pt,Bld/Tiss,Doc,Molgen,"Peutz-Jeghers Syndrome, STK11, Full Gene Analysis, Varies","Peutz-Jeghers Syndrome, STK11, Full Gene Analysis, Varies"
625-4,Bacteria,Prid,Pt,Stool,Nom,Culture,"Enteric Pathogens Culture, Feces","Enteric Pathogens Culture, Feces"
96254-8,Saint Louis encephalitis virus Ab.IgG & IgM panel,-,Pt,CSF,-,,"St. Louis Encephalitis Antibody Panel, IgG and IgM, Spinal Fluid","St. Louis Encephalitis Antibody Panel, IgG and IgM, Spinal Fluid"
96403-1,Renal clearance & Renal plasma flow panel,-,Stdy,Urine+Ser/Plas,Qn,,"Standard Renal Clearance, Plasma and Random Urine","Standard Renal Clearance, Plasma and Random Urine"
34376-4,Strongyloides sp Ab.IgG,ACnc,Pt,Ser,Qn,IA,"Strongyloides Antibody, IgG, Serum","Strongyloides Antibody, IgG, Serum"
11579-0,Thyrotropin,ACnc,Pt,Ser/Plas,Qn,Detection limit,"Thyroid-Stimulating Hormone-Sensitive (s-TSH), Serum","Thyroid-Stimulating Hormone-Sensitive (s-TSH), Serum"
53231-7,Succinylacetone,SCnc,Pt,Bld.dot,Qn,,"Succinylacetone, Blood Spot","Succinylacetone, Blood Spot"
26889-6,Sulfate,SRat,24H,Urine,Qn,,"Sulfate, 24 Hour, Urine","Sulfate, 24 Hour, Urine"
7726-3,Helianthus annuus pollen Ab.IgE,ACnc,Pt,Ser,Qn,,"Sunflower, IgE, Serum","Sunflower, IgE, Serum"
6258-8,Helianthus annuus seed Ab.IgE,ACnc,Pt,Ser,Qn,,"Sunflower Seed, IgE, Serum","Sunflower Seed, IgE, Serum"
101929-8,Supersaturation panel,-,Pt,Urine,-,,"Supersaturation Profile, Random, Urine","Supersaturation Profile, Random, Urine"
3128-6,Viscosity,Visc,Pt,Ser,Qn,,"Viscosity, Serum","Viscosity, Serum"
7728-9,Xiphias gladius Ab.IgE,ACnc,Pt,Ser,Qn,,"Swordfish, IgE, Serum","Swordfish, IgE, Serum"
47236-5,Treponema pallidum Ab.IgG+IgM,PrThr,Pt,Ser/Plas,Ord,IA,"Syphilis Total Antibody with Reflex, Serum","Syphilis Total Antibody with Reflex, Serum"
101118-8,Sezary syndrome diagnosis,Find,Pt,Bld,Doc,Flow cytometry,"Sezary Diagnostic Flow Cytometry, Blood","Sezary Diagnostic Flow Cytometry, Blood"
101117-0,Sezary syndrome monitoring,Find,Pt,Bld,Doc,Flow cytometry,"Sezary Monitoring Flow Cytometry, Blood","Sezary Monitoring Flow Cytometry, Blood"
83124-8,Triiodothyronine,MCnc,Pt,Ser/Plas,Qn,IA,"T3 (Triiodothyronine), Total, Serum","T3 (Triiodothyronine), Total, Serum"
3051-0,Triiodothyronine.free,MCnc,Pt,Ser/Plas,Qn,,"T3 (Triiodothyronine), Free, Serum","T3 (Triiodothyronine), Free, Serum"
83119-8,Thyroxine,MCnc,Pt,Ser/Plas,Qn,IA,"T4 (Thyroxine), Total Only, Serum","T4 (Thyroxine), Total Only, Serum"
105524-3,Tripartite motif containing 46 Ab.IgG,PrThr,Pt,CSF,Ord,IF,"Tripartite Motif-Containing Protein 46 (TRIM46) IgG, Cell Binding Assay, Spinal Fluid","Tripartite Motif-Containing Protein 46 (TRIM46) IgG, Cell Binding Assay, Spinal Fluid"
105525-0,Tripartite motif containing 46 Ab.IgG,PrThr,Pt,Ser/Plas,Ord,IF,"Tripartite Motif-Containing Protein 46 (TRIM46) IgG, Cell Binding Assay, Serum","Tripartite Motif-Containing Protein 46 (TRIM46) IgG, Cell Binding Assay, Serum"
103843-9,Tripartite motif containing 46,PrThr,Pt,XXX,Ord,IF,"Tripartite Motif-Containing Protein 46 (TRIM46) IgG, Tissue Immunofluorescence, Spinal Fluid","Tripartite Motif-Containing Protein 46 (TRIM46) IgG, Tissue Immunofluorescence, Spinal Fluid"
105526-8,Tripartite motif containing 46 Ab.IgG,Titr,Pt,CSF,SemiQn,IF,"Tripartite Motif-Containing Protein 46 (TRIM46) IgG, Tissue Immunofluorescence Titer, Spinal Fluid","Tripartite Motif-Containing Protein 46 (TRIM46) IgG, Tissue Immunofluorescence Titer, Spinal Fluid"
105527-6,Tripartite motif containing 46 Ab.IgG,Titr,Pt,Ser/Plas,SemiQn,IF,"Tripartite Motif-Containing Protein 46 (TRIM46) IgG, Tissue Immunofluorescence Titer, Serum","Tripartite Motif-Containing Protein 46 (TRIM46) IgG, Tissue Immunofluorescence Titer, Serum"
90224-7,Thyroxine & Thyroxine.free panel,-,Pt,Ser/Plas,-,,"T4 (Thyroxine), Total and Free, Serum","T4 (Thyroxine), Total and Free, Serum"
55769-4,EGFR gene.c.2369C>T,PrThr,Pt,Bld/Tiss,Ord,Molgen,"Cell-Free DNA EGFR T790M Mutation Analysis, Blood","Cell-Free DNA EGFR T790M Mutation Analysis, Blood"
72207-4,"t(8;21)(q22;q22.3)(RUNX1T1,RUNX1) fusion transcript/control transcript",NRto,Pt,Bld/Tiss,Qn,Molgen,"RUNX1::RUNX1T1 Translocation (8;21), Minimal Residual Disease Monitoring, Quantitative, Varies","RUNX1::RUNX1T1 Translocation (8;21), Minimal Residual Disease Monitoring, Quantitative, Varies"
87556-7,Thyroglobulin & thyroperoxidase Ab panel,-,Pt,Ser/Plas,Qn,,"Thyroid Autoantibodies Profile, Serum","Thyroid Autoantibodies Profile, Serum"
59822-7,Tacrolimus^4H post dose,MCnc,Pt,Bld,Qn,,"Tacrolimus, Peak, Blood","Tacrolimus, Peak, Blood"
77348-1,Tacrolimus^trough,MCnc,Pt,Bld,Qn,,"Tacrolimus, Blood","Tacrolimus, Blood"
3321-7,Amikacin^trough,MCnc,Pt,Ser/Plas,Qn,,"Amikacin, Trough, Serum","Amikacin, Trough, Serum"
101401-8,Tapentadol & Nortapentadol panel,-,Pt,Urine,-,,"Tapentadol and Metabolite, Random, Urine","Tapentadol and Metabolite, Random, Urine"
11202-9,Artemisia dracunculus Ab.IgE,ACnc,Pt,Ser,Qn,,"Tarragon, IgE, Serum","Tarragon, IgE, Serum"
3021-3,Thyroxine binding globulin,MCnc,Pt,Ser/Plas,Qn,,"Thyroxine-Binding Globulin (TBG), Serum","Thyroxine-Binding Globulin (TBG), Serum"
56026-8,Pyrazinamide,Susc,Pt,Isolate,OrdQn,Method for Slow-growing mycobacteria.antibiotic concentration at 300.0 ug/mL,"Susceptibility, Mycobacterium tuberculosis Complex, Pyrazinamide, Varies","Susceptibility, Mycobacterium tuberculosis Complex, Pyrazinamide, Varies"
94576-6,Mycobacterium tuberculosis complex species,Prid,Pt,Isolate,Nom,Probe.amp.tar,"Mycobacterium tuberculosis Complex Species Identification, PCR, Varies","Mycobacterium tuberculosis Complex Species Identification, PCR, Varies"
94117-9,Benzodiazepines panel,PrThr,Pt,Urine,Ord,Screen,"Targeted Benzodiazepine Screen, Random, Urine","Targeted Benzodiazepine Screen, Random, Urine"
21751-3,TCRB gene rearrangements,Arb,Pt,Bld/Tiss,Ord,Molgen,"T-Cell Receptor Gene Rearrangement, PCR, Tissue","T-Cell Receptor Gene Rearrangement, PCR, Tissue"
96493-2,T-cell naive & memory & activated subsets panel,-,Pt,Bld,Qn,,"T-Cell Subsets, Naive, Memory, and Activated, Blood","T-Cell Subsets, Naive, Memory, and Activated, Blood"
6860-1,Trichophyton rubrum Ab.IgE,ACnc,Pt,Ser,Qn,,"Trichophyton rubrum, IgE, Serum","Trichophyton rubrum, IgE, Serum"
32554-8,Thiamine,SCnc,Pt,Bld,Qn,,"Thiamine (Vitamin B1), Whole Blood","Thiamine (Vitamin B1), Whole Blood"
6264-6,Camellia sinensis Ab.IgE,ACnc,Pt,Ser,Qn,,"Tea, IgE, Serum","Tea, IgE, Serum"
35463-9,Telomere analysis,Prid,Pt,Bld/Tiss,Nom,,"Telomere Biology Disorders Gene Panel, Varies","Telomere Biology Disorders Gene Panel, Varies"
11024-7,Benzodiazepines,MCnc,Pt,Ser/Plas,Qn,,"Temazepam and Oxazepam, Serum","Temazepam and Oxazepam, Serum"
95778-7,TERT gene promotor region targeted mutation analysis,Find,Pt,Tiss,Doc,Molgen,"TERT Promoter Mutation Analysis, Droplet Digital PCR, Tumor","TERT Promoter Mutation Analysis, Droplet Digital PCR, Tumor"
95779-5,TFE3 gene rearrangements,Find,Pt,Tiss,Doc,FISH,"Alveolar Soft Part Sarcoma (ASPS)/Renal Cell Carcinoma (RCC), Xp11.23 (TFE3), FISH, Tissue","Alveolar Soft Part Sarcoma (ASPS)/Renal Cell Carcinoma (RCC), Xp11.23 (TFE3), FISH, Tissue"
95780-3,TFEB gene rearrangements,Find,Pt,Tiss,Doc,FISH,"Renal Cell Carcinoma, 6p21.1 (TFEB) Rearrangement, FISH, Tissue","Renal Cell Carcinoma, 6p21.1 (TFEB) Rearrangement, FISH, Tissue"
49872-5,FH gene targeted mutation analysis,Find,Pt,Bld/Tiss,Doc,Molgen,"FH Mutation Analysis, Next-Generation Sequencing, Tumor","FH Mutation Analysis, Next-Generation Sequencing, Tumor"
53922-1,Thyroglobulin,MCnc,Pt,Tiss.FNA,Qn,,"Thyroglobulin, Tumor Marker, Fine-Needle Aspiration Biopsy Needle Wash","Thyroglobulin, Tumor Marker, Fine-Needle Aspiration Biopsy Needle Wash"
12228-3,Triglyceride,MCnc,Pt,Body fld,Qn,,"Triglycerides, Body Fluid","Triglycerides, Body Fluid"
3013-0,Thyroglobulin,MCnc,Pt,Ser/Plas,Qn,,"Thyroglobulin Mass Spectrometry, Serum","Thyroglobulin Mass Spectrometry, Serum"
106436-9,TGFBR3 & OGA gene rearrangements,Find,Pt,Tiss,Doc,FISH,"TGFBR3 (1p22), OGA (10q24) Rearrangement, FISH, Tissue","TGFBR3 (1p22), OGA (10q24) Rearrangement, FISH, Tissue"
96460-1,Thyroglobulin^post thyroglobulin antibody neutralization,MCnc,Pt,Ser/Plas,Qn,IA,"Thyroglobulin, Tumor Marker, Serum","Thyroglobulin, Tumor Marker, Serum"
58952-3,Testosterone free & total panel,MCnc,Pt,Ser/Plas,Qn,,"Testosterone, Total and Free, Serum","Testosterone, Total and Free, Serum"
19055-3,Carboxy tetrahydrocannabinol/Creatinine,MRto,Pt,Urine,Qn,,"Delta 9-Carboxy-Tetrahydrocannabinol (THC-COOH) Confirmation and Creatinine Ratio, Random, Urine","Delta 9-Carboxy-Tetrahydrocannabinol (THC-COOH) Confirmation and Creatinine Ratio, Random, Urine"
83086-9,Choriogonadotropin,ACnc,Pt,Ser/Plas,Qn,IA,"Human Chorionic Gonadotropin (hCG), Quantitative, Pregnancy, Serum","Human Chorionic Gonadotropin (hCG), Quantitative, Pregnancy, Serum"
69007-3,Carboxy tetrahydrocannabinol,MCnt,Pt,Meconium,Qn,Confirm,"11-nor-Delta-9-Tetrahydrocannabinol-9-Carboxylic Acid (Carboxy-THC) Confirmation, Meconium","11-nor-Delta-9-Tetrahydrocannabinol-9-Carboxylic Acid (Carboxy-THC) Confirmation, Meconium"
102114-6,Natural cannabinoids panel,-,Pt,Urine,-,,"Delta-8 and Delta-9-Carboxy-Tetrahydrocannabinol (THC) Confirmation, Random, Urine","Delta-8 and Delta-9-Carboxy-Tetrahydrocannabinol (THC) Confirmation, Random, Urine"
4049-3,Theophylline,MCnc,Pt,Ser/Plas,Qn,,"Theophylline, Serum","Theophylline, Serum"
82869-9,6-Thioguanine & 6-methylmercaptopurine panel,-,Pt,RBC,-,,"Thiopurine Metabolites, Whole Blood","Thiopurine Metabolites, Whole Blood"
93339-0,Thrombospondin type I domain-containing 7A Ab.IgG,PrThr,Pt,Ser/Plas,Ord,IF,"Thrombospondin Type-1 Domain-Containing 7A Antibodies, Serum","Thrombospondin Type-1 Domain-Containing 7A Antibodies, Serum"
101116-2,Thrombospondin type I domain-containing 7A,PrThr,Pt,Tiss,Ord,IF,"Thrombospondin Type 1 Domain Containing 7A (THSD7A), Immunofluorescence","Thrombospondin Type 1 Domain Containing 7A (THSD7A), Immunofluorescence"
7737-0,Thymus vulgaris Ab.IgE,ACnc,Pt,Ser,Qn,,"Thyme, IgE, Serum","Thyme, IgE, Serum"
5385-0,Thyrotropin receptor Ab,ACnc,Pt,Ser,Qn,,"Thyrotropin Receptor Antibody, Serum","Thyrotropin Receptor Antibody, Serum"
106780-0,Hereditary thyroid cancer multigene analysis,Find,Pt,Bld/Tiss,Doc,Molgen,"Hereditary Thyroid Cancer Panel, Varies","Hereditary Thyroid Cancer Panel, Varies"
2500-7,Iron binding capacity,MCnc,Pt,Ser/Plas,Qn,,"Total Iron Binding Capacity, Serum","Total Iron Binding Capacity, Serum"
87547-6,Borrelia burgdorferi Ab & Anaplasma phagocytophilum & Babesia microti & Ehrlichia chaffeensis Ab.IgG panel,-,Pt,Ser,-,,"Tick-Borne Disease Antibodies Panel, Serum","Tick-Borne Disease Antibodies Panel, Serum"
101647-6,Ehrlichiosis & Anaplasmosis & Babesiosis & Borrelia miyamotoi DNA panel,-,Pt,Ser/Plas/Bld,-,Probe.amp.tar,"Tick-Borne Panel, Molecular Detection, PCR, Blood","Tick-Borne Panel, Molecular Detection, PCR, Blood"
32572-0,Tilapia Ab.IgE,ACnc,Pt,Ser,Qn,,"Tilapia, IgE, Serum","Tilapia, IgE, Serum"
6265-3,Phleum pratense Ab.IgE,ACnc,Pt,Ser,Qn,,"Timothy Grass, IgE, Serum","Timothy Grass, IgE, Serum"
8244-6,Titanium,MCnc,Pt,Ser/Plas,Qn,,"Titanium, Serum","Titanium, Serum"
59753-4,Titanium,MCnc,Pt,Bld,Qn,,"Titanium, Blood","Titanium, Blood"
5743-0,Thallium,MCnc,Pt,Bld,Qn,,"Thallium, Blood","Thallium, Blood"
44792-0,Immunoglobulin light chains panel,-,Pt,Urine,Qn,,"Immunoglobulin Total Light Chains, Urine","Immunoglobulin Total Light Chains, Urine"
101682-3,T-cell lymphoma,Find,Pt,Bld/Tiss,Doc,FISH,"T-Cell Lymphoma Panel, Diagnostic, FISH, Varies","T-Cell Lymphoma Panel, Diagnostic, FISH, Varies"
101115-4,Leukotriene E4/Creatinine,MRto,24H,Urine,Qn,,"Leukotriene E4, 24 Hour, Urine","Leukotriene E4, 24 Hour, Urine"
5746-3,Thallium,MRat,24H,Urine,Qn,,"Thallium, 24 Hour, Urine","Thallium, 24 Hour, Urine"
13469-2,Thallium/Creatinine,MRto,Pt,Urine,Qn,,"Thallium/Creatinine Ratio, Random, Urine","Thallium/Creatinine Ratio, Random, Urine"
34942-3,Borrelia burgdorferi Ab.IgG & IgM panel,-,Pt,Ser,Qn,,"Lyme IgM and IgG, Whole Cell Sonicate, ELISA, Serum","Lyme IgM and IgG, Whole Cell Sonicate, ELISA, Serum"
11005-6,Trimethoprim,MCnc,Pt,Ser/Plas,Qn,,"Trimethoprim, Serum","Trimethoprim, Serum"
81711-4,Microsatellite instability marker panel,-,Pt,Cancer specimen,-,,"Microsatellite Instability, Tumor","Microsatellite Instability, Tumor"
4057-6,Tobramycin^peak,MCnc,Pt,Ser/Plas,Qn,,"Tobramycin, Peak, Serum","Tobramycin, Peak, Serum"
35670-9,Tobramycin,MCnc,Pt,Ser/Plas,Qn,,"Tobramycin, Random, Serum","Tobramycin, Random, Serum"
4059-2,Tobramycin^trough,MCnc,Pt,Ser/Plas,Qn,,"Tobramycin, Trough, Serum","Tobramycin, Trough, Serum"
6266-1,Lycopersicon lycopersicum Ab.IgE,ACnc,Pt,Ser,Qn,,"Tomato, IgE, Serum","Tomato, IgE, Serum"
17713-9,Topiramate,MCnc,Pt,Ser/Plas,Qn,,"Topiramate, Serum","Topiramate, Serum"
95796-9,Opioids panel,-,Pt,Urine,-,Screen,"Targeted Opioid Screen, Random, Urine","Targeted Opioid Screen, Random, Urine"
16279-2,Toxoplasma gondii DNA,PrThr,Pt,Bld,Ord,Probe.amp.tar,"Toxoplasma gondii, Molecular Detection, PCR, Blood","Toxoplasma gondii, Molecular Detection, PCR, Blood"
40674-4,Toxocara canis Ab.IgG,PrThr,Pt,Ser,Ord,IA,"Toxocara Antibody, IgG, Serum","Toxocara Antibody, IgG, Serum"
40677-7,Toxoplasma gondii Ab.IgG,PrThr,Pt,Ser,Ord,IA,"Toxoplasma gondii Antibody, IgG, Serum","Toxoplasma gondii Antibody, IgG, Serum"
2885-2,Protein,MCnc,Pt,Ser/Plas,Qn,,"Protein, Total, Serum","Protein, Total, Serum"
103680-5,TP53 gene full mutation analysis,Find,Pt,Bld/Tiss,Doc,Molgen,"TP53 Mutation Analysis, Next-Generation Sequencing, Tumor","TP53 Mutation Analysis, Next-Generation Sequencing, Tumor"
2881-1,Protein,MCnc,Pt,Body fld,Qn,,"Protein, Total, Body Fluid","Protein, Total, Body Fluid"
44054-5,Triosephosphate isomerase,CCnt,Pt,RBC,Qn,,"Triosephosphate Isomerase Enzyme Activity, Blood","Triosephosphate Isomerase Enzyme Activity, Blood"
91139-6,Thiopurine methyltransferase activity panel,-,Pt,RBC,-,,"Thiopurine Methyltransferase Activity Profile, Erythrocytes","Thiopurine Methyltransferase Activity Profile, Erythrocytes"
93193-1,TPMT gene & NUDT15 gene targeted mutation analysis,Find,Pt,Bld/Tiss,Doc,Molgen,"Thiopurine Methyltransferase (TPMT) and Nudix Hydrolase (NUDT15) Genotyping, Varies","Thiopurine Methyltransferase (TPMT) and Nudix Hydrolase (NUDT15) Genotyping, Varies"
8099-4,Thyroperoxidase Ab,ACnc,Pt,Ser/Plas,Qn,,"Thyroperoxidase Antibodies, Serum","Thyroperoxidase Antibodies, Serum"
24312-1,Treponema pallidum Ab,PrThr,Pt,Ser,Ord,Aggl,"Syphilis Antibody, Treponema pallidum Particle Agglutination, Serum","Syphilis Antibody, Treponema pallidum Particle Agglutination, Serum"
2880-3,Protein,MCnc,Pt,CSF,Qn,,"Protein, Total, Spinal Fluid","Protein, Total, Spinal Fluid"
27923-2,Ubiquinone 10,MCnc,Pt,Ser/Plas,Qn,,"Coenzyme Q10, Total, Plasma","Coenzyme Q10, Total, Plasma"
100734-3,traMADol & metabolites panel,-,Pt,Urine,-,Confirm,"Tramadol and Metabolite, Random, Urine","Tramadol and Metabolite, Random, Urine"
111526-0,traMADol & metabolites panel,-,Pt,Ser/Plas,-,LC/MS/MS,"Tramadol and Metabolite, Serum","Tramadol and Metabolite, Serum"
102088-2,Torch Ab.IgG panel,-,Pt,Ser,-,,"ToRCH Profile IgG, Serum","ToRCH Profile IgG, Serum"
6563-1,Trichinella spiralis Ab.IgG,PrThr,Pt,Ser,Ord,IA,"Trichinella Antibody, IgG, Serum","Trichinella Antibody, IgG, Serum"
30184-6,(Acer negundo+Betula verrucosa+Quercus alba+Ulmus americana+Juglans californica) Ab.IgE,ACnc,Pt,Ser,Qn,Multidisk,"Tree Panel #1, Serum","Tree Panel #1, Serum"
69959-5,(Alnus incana+Corylus avellana+Ulmus americana+Salix caprea+Populus deltoides) Ab.IgE,ACnc,Pt,Ser,Qn,Multidisk,"Tree Panel #3, Serum","Tree Panel #3, Serum"
30182-0,(Olea europaea+Salix caprea+Pinus strobus+Eucalyptus spp+Acacia longifolia+Melaleuca leucadendron) Ab.IgE,ACnc,Pt,Ser,Qn,Multidisk,"Tree Panel #4, Serum","Tree Panel #4, Serum"
90413-6,T-cell regulatory subsets panel,-,Pt,Bld,-,,"T-Cell Subsets, Regulatory (Tregs), Blood","T-Cell Subsets, Regulatory (Tregs), Blood"
2571-8,Triglyceride,MCnc,Pt,Ser/Plas,Qn,,"Triglycerides, Serum","Triglycerides, Serum"
4083-2,Trimipramine,MCnc,Pt,Ser/Plas,Qn,,"Trimipramine, Serum","Trimipramine, Serum"
105178-8,Invasive Trophoblast Ag,PrThr,Pt,Tiss,Ord,Immune stain,"Trophoblast Antigen 2 (TROP2) Immunostain, Semi-Quantitative Immunohistochemistry, Manual","Trophoblast Antigen 2 (TROP2) Immunostain, Semi-Quantitative Immunohistochemistry, Manual"
6268-7,Oncorhynchus mykiss Ab.IgE,ACnc,Pt,Ser,Qn,,"Trout, IgE, Serum","Trout, IgE, Serum"
67151-1,Troponin T.cardiac,MCnc,Pt,Ser/Plas,Qn,High sensitivity,"Troponin T, 5th Generation, Plasma","Troponin T, 5th Generation, Plasma"
3034-6,Transferrin,MCnc,Pt,Ser/Plas,Qn,,"Transferrin, Serum","Transferrin, Serum"
6267-9,Trichoderma viride Ab.IgE,ACnc,Pt,Ser,Qn,,"Trichoderma viride, IgE, Serum","Trichoderma viride, IgE, Serum"
21582-2,Tryptase,MCnc,Pt,Ser/Plas,Qn,,"Tryptase, Autopsy, Serum","Tryptase, Autopsy, Serum"
6256-2,Tyrophagus putrescentiae Ab.IgE,ACnc,Pt,Ser,Qn,,"Tyrophagus putrescentiae, IgE, Serum","Tyrophagus putrescentiae, IgE, Serum"
20659-9,Tryptophan,SCnc,Pt,Ser/Plas,Qn,,"Tryptophan, Plasma","Tryptophan, Plasma"
28608-8,Tryptophan/Creatinine,Ratio,Pt,Urine,Qn,,"Tryptophan, Random, Urine","Tryptophan, Random, Urine"
34650-2,TSC gene targeted mutation analysis,Find,Pt,Bld/Tiss,Doc,Molgen,"Tuberous Sclerosis Gene Panel, Varies","Tuberous Sclerosis Gene Panel, Varies"
30567-2,Thyroid stimulating immunoglobulins,ACnc,Pt,Ser,Qn,,"Thyroid-Stimulating Immunoglobulin, Serum","Thyroid-Stimulating Immunoglobulin, Serum"
99107-5,Stimulants drug panel,-,Pt,Urine,-,Screen,"Targeted Stimulant Screen, Random, Urine","Targeted Stimulant Screen, Random, Urine"
35681-6,Tissue transglutaminase Ab panel,-,Pt,Ser,Qn,,"Tissue Transglutaminase Antibodies, IgA and IgG Profile, Serum","Tissue Transglutaminase Antibodies, IgA and IgG Profile, Serum"
58716-2,Testosterone.free+weakly bound & total panel,-,Pt,Ser/Plas,-,,"Testosterone, Total and Bioavailable, Serum","Testosterone, Total and Bioavailable, Serum"
46128-5,Tissue transglutaminase Ab.IgA,ACnc,Pt,Ser,Qn,IA,"Tissue Transglutaminase Antibody, IgA, Serum","Tissue Transglutaminase Antibody, IgA, Serum"
56537-4,Tissue transglutaminase Ab.IgG,ACnc,Pt,Ser,Qn,IA,"Tissue Transglutaminase Antibody, IgG, Serum","Tissue Transglutaminase Antibody, IgG, Serum"
53935-3,Clostridium tetani toxoid Ab.IgG,ACnc,Pt,Ser/Plas,Qn,IA,"Tetanus Toxoid IgG Antibody, Serum","Tetanus Toxoid IgG Antibody, Serum"
94864-6,Transthyretin-associated familial amyloidosis panel,-,Pt,Bld,-,,"Amyloidosis, Transthyretin-Associated Familial, Reflex, Blood","Amyloidosis, Transthyretin-Associated Familial, Reflex, Blood"
94225-0,TTR gene full mutation analysis,Find,Pt,Bld/Tiss,Doc,Sequencing,"TTR Gene, Full Gene Analysis, Varies","TTR Gene, Full Gene Analysis, Varies"
46717-5,Coagulation,Time,Pt,PPP,Qn,Coag.thrombin induced.factor substitution.immediately after addition of bovine thrombin,"Thrombin Time (Bovine), Plasma","Thrombin Time (Bovine), Plasma"
2986-8,Testosterone,MCnc,Pt,Ser/Plas,Qn,,"Testosterone, Total, Mass Spectrometry, Serum","Testosterone, Total, Mass Spectrometry, Serum"
93715-1,Francisella tularensis Ab.IgG & IgM panel,-,Pt,Ser,-,,"Francisella tularensis Antibody, IgM and IgG, ELISA, Serum","Francisella tularensis Antibody, IgM and IgG, ELISA, Serum"
93717-7,Francisella tularensis Ab.IgG,PrThr,Pt,Ser,Ord,IA,"Francisella tularensis Antibody, IgG, ELISA, Serum","Francisella tularensis Antibody, IgG, ELISA, Serum"
93718-5,Francisella tularensis Ab.IgG & IgM,Imp,Pt,Ser,Nom,,"Francisella tularensis Antibody, IgM and IgG, Technical Interpretation, Serum","Francisella tularensis Antibody, IgM and IgG, Technical Interpretation, Serum"
93716-9,Francisella tularensis Ab.IgM,PrThr,Pt,Ser,Ord,IA,"Francisella tularensis Antibody, IgM, ELISA, Serum","Francisella tularensis Antibody, IgM, ELISA, Serum"
6270-3,Thunnus albacares Ab.IgE,ACnc,Pt,Ser,Qn,,"Tuna, IgE, Serum","Tuna, IgE, Serum"
6271-1,Turkey meat Ab.IgE,ACnc,Pt,Ser,Qn,,"Turkey, IgE, Serum","Turkey, IgE, Serum"
7753-7,Turkey feather Ab.IgE,ACnc,Pt,Ser,Qn,,"Turkey Feathers, IgE, Serum","Turkey Feathers, IgE, Serum"
97206-7,Tropheryma whipplei DNA,PrThr,Pt,XXX,Ord,Non-probe.amp.tar,"Tropheryma whipplei, Molecular Detection, PCR, Varies","Tropheryma whipplei, Molecular Detection, PCR, Varies"
40678-5,Toxoplasma gondii Ab.IgM,PrThr,Pt,Ser/Plas,Ord,IA,"Toxoplasma gondii Antibody, IgM, Serum","Toxoplasma gondii Antibody, IgM, Serum"
88746-3,Toxoplasma gondii Ab.IgG & IgM panel,-,Pt,Ser/Plas,-,IA,"Toxoplasma gondii Antibody, IgM and IgG, Serum","Toxoplasma gondii Antibody, IgM and IgG, Serum"
8039-0,Toxoplasma gondii Ab.IgG,ACnc,Pt,Ser,Qn,,"Toxoplasma gondii Antibody, IgG, Serum","Toxoplasma gondii Antibody, IgG, Serum"
94573-3,Tyrosinemia newborn screening follow-up & therapeutic monitoring panel,-,Pt,Bld.dot,Qn,,"Tyrosinemia Follow Up Panel, Blood Spot","Tyrosinemia Follow Up Panel, Blood Spot"
105266-1,Tyrosine disorders multigene analysis,Find,Pt,Bld/Tiss,Doc,Molgen,"Tyrosine Disorders Gene Panel, Varies","Tyrosine Disorders Gene Panel, Varies"
34509-0,UGT1A1 gene targeted mutation analysis,Find,Pt,Bld/Tiss,Doc,Molgen,"Uridine Diphosphate (UDP) Glucuronosyltransferase 1A1 TA Repeat Genotype, UGT1A1, Varies","Uridine Diphosphate (UDP) Glucuronosyltransferase 1A1 TA Repeat Genotype, UGT1A1, Varies"
104268-8,UBA1 gene mutation,Find,Pt,XXX,Doc,Molgen,"UBA1 Mutation Quantitative Detection, VEXAS syndrome, Droplet Digital PCR, Varies","UBA1 Mutation Quantitative Detection, VEXAS syndrome, Droplet Digital PCR, Varies"
32285-9,BK virus DNA,ACnc,Pt,Urine,Qn,Probe.amp.tar,"BK Virus DNA Detection and Quantification, Random, Urine","BK Virus DNA Detection and Quantification, Random, Urine"
29891-9,Carbon dioxide^post dose urea,PrThr,Pt,Exhl gas,Ord,,Helicobacter pylori Breath Test,Helicobacter pylori Breath Test
105267-9,Urea cycle disorders multigene analysis,Find,Pt,Bld/Tiss,Doc,Molgen,"Urea Cycle Disorders Gene Panel, Varies","Urea Cycle Disorders Gene Panel, Varies"
2250-9,Estriol.unconjugated,MCnc,Pt,Ser/Plas,Qn,,"Estriol, Unconjugated, Serum","Estriol, Unconjugated, Serum"
3093-2,Urea nitrogen,MCnc,Pt,Body fld,Qn,,"Urea Nitrogen, Body Fluid","Urea Nitrogen, Body Fluid"
93844-9,UGT1A1 gene full mutation analysis,Find,Pt,Bld/Tiss,Doc,Sequencing,"UDP-Glucuronosyltransferase 1A1 (UGT1A1), Full Gene Sequencing, Varies","UDP-Glucuronosyltransferase 1A1 (UGT1A1), Full Gene Sequencing, Varies"
105123-4,Histoplasma capsulatum+Blastomyces dermatitidis Ag panel,-,Pt,Urine,-,IA,"Histoplasma and Blastomyces Antigen, Enzyme Immunoassay, Urine","Histoplasma and Blastomyces Antigen, Enzyme Immunoassay, Urine"
4644-1,Hemosiderin,PrThr,Pt,Urine,Ord,,"Hemosiderin, Random, Urine","Hemosiderin, Random, Urine"
2492-7,Iodine,MRat,24H,Urine,Qn,,"Iodine, 24 Hour, Urine","Iodine, 24 Hour, Urine"
11204-5,Ulocladium chartarum Ab.IgE,ACnc,Pt,Ser,Qn,,"Ulocladium chartarum, IgE, Serum","Ulocladium chartarum, IgE, Serum"
16693-4,Cryptococcus sp Ag,PrThr,Pt,Urine,Ord,,"Cryptococcus Antigen Screen, Lateral Flow Assay, Random, Urine","Cryptococcus Antigen Screen, Lateral Flow Assay, Random, Urine"
93766-4,Cryptococcus sp Ag,Titr,Pt,Urine,SemiQn,IA.rapid,"Cryptococcus Antigen Titer, Lateral Flow Assay, Urine","Cryptococcus Antigen Titer, Lateral Flow Assay, Urine"
4639-1,Hemoglobin.unstable,PrThr,Pt,RBC,Ord,,"Hemoglobin Stability, Blood","Hemoglobin Stability, Blood"
36917-3,Chromosome uniparental disomy,Prid,Pt,Bld/Tiss,Nar,Molgen,"Uniparental Disomy, Varies","Uniparental Disomy, Varies"
2692-2,Observation,Osmol,Pt,Ser/Plas,Qn,,"Osmolality, Serum","Osmolality, Serum"
2695-5,Observation,Osmol,Pt,Urine,Qn,,"Osmolality, Random, Urine","Osmolality, Random, Urine"
49596-0,Uroporphyrinogen decarboxylase,ACnc,Pt,RBC,Qn,,"Uroporphyrinogen Decarboxylase, Whole Blood","Uroporphyrinogen Decarboxylase, Whole Blood"
27378-9,pH,LsCnc,24H,Urine,SemiQn,,"pH, 24 Hour, Urine","pH, 24 Hour, Urine"
2748-2,pH,LsCnc,Pt,Body fld,SemiQn,,"pH, Body Fluid","pH, Body Fluid"
48999-7,Urea,MRat,24H,Urine,Qn,,"Urea, 24 Hour, Urine","Urea, 24 Hour, Urine"
69934-8,Ureaplasma urealyticum+Ureaplasma parvum DNA,PrThr,Pt,XXX,Ord,Probe.amp.tar,"Ureaplasma species, Molecular Detection, PCR, Blood","Ureaplasma species, Molecular Detection, PCR, Blood"
3092-4,Urea,MCnc,Pt,Urine,Qn,,"Urea, Random, Urine","Urea, Random, Urine"
3087-4,Urate,MRat,24H,Urine,Qn,,"Uric Acid, 24 Hour, Urine","Uric Acid, 24 Hour, Urine"
11060-1,Reducing substances,PrThr,Pt,Stool,Ord,,"Reducing Substance, Feces","Reducing Substance, Feces"
3084-1,Urate,MCnc,Pt,Ser/Plas,Qn,,"Uric Acid, Serum","Uric Acid, Serum"
630-4,Bacteria,Prid,Pt,Urine,Nom,Culture,"Bacterial Culture, Aerobic, with Antimicrobial Susceptibilities, Urine","Bacterial Culture, Aerobic, with Antimicrobial Susceptibilities, Urine"
46721-7,Ustilago nuda Ab.IgE,ACnc,Pt,Ser,Qn,,"Ustilago nuda, Mold Grain Rust, IgE, Serum","Ustilago nuda, Mold Grain Rust, IgE, Serum"
101635-1,USP6 gene rearrangements,Find,Pt,Bld/Tiss,Doc,FISH,"USP6 (17p13), Aneurysmal Bone Cyst and Nodular Fasciitis, FISH, Tissue","USP6 (17p13), Aneurysmal Bone Cyst and Nodular Fasciitis, FISH, Tissue"
4086-5,Valproate,MCnc,Pt,Ser/Plas,Qn,,"Valproic Acid, Total, Serum","Valproic Acid, Total, Serum"
4087-3,Valproate.free,MCnc,Pt,Ser/Plas,Qn,,"Valproic Acid, Free, Serum","Valproic Acid, Free, Serum"
57775-9,Valproate.free & Valproate panel,-,Pt,Ser/Plas,Qn,,"Valproic Acid, Free and Total, Serum","Valproic Acid, Free and Total, Serum"
7756-0,Vanilla planifolia Ab.IgE,ACnc,Pt,Ser,Qn,,"Vanilla, IgE, Serum","Vanilla, IgE, Serum"
4090-7,Vancomycin^peak,MCnc,Pt,Ser/Plas,Qn,,"Vancomycin, Peak, Serum","Vancomycin, Peak, Serum"
20578-1,Vancomycin,MCnc,Pt,Ser/Plas,Qn,,"Vancomycin, Random, Serum","Vancomycin, Random, Serum"
4092-3,Vancomycin^trough,MCnc,Pt,Ser/Plas,Qn,,"Vancomycin, Trough, Serum","Vancomycin, Trough, Serum"
90230-4,Myeloperoxidase Ab.IgG & Proteinase 3 Ab.IgG Panel,-,Pt,Ser,-,,"Antineutrophil Cytoplasmic Antibodies Vasculitis Panel, Serum","Antineutrophil Cytoplasmic Antibodies Vasculitis Panel, Serum"
5290-2,Reagin Ab,PrThr,Pt,CSF,Ord,VDRL,"VDRL, Spinal Fluid","VDRL, Spinal Fluid"
31146-4,Reagin Ab,Titr,Pt,CSF,SemiQn,VDRL,"VDRL Titer, Spinal Fluid","VDRL Titer, Spinal Fluid"
90805-3,Vedolizumab^trough,MCnc,Pt,Ser/Plas,Qn,LC/MS/MS,"Vedolizumab Quantitation with Reflex to Antibodies, Serum","Vedolizumab Quantitation with Reflex to Antibodies, Serum"
90794-9,Vedolizumab & Vedolizumab Ab Panel,MCnc,Pt,Ser/Plas,Qn,,"Vedolizumab Quantitation with Antibodies, Serum","Vedolizumab Quantitation with Antibodies, Serum"
34694-0,Vascular endothelial growth factor,MCnc,Pt,Ser/Plas,Qn,,"Vascular Endothelial Growth Factor, Plasma","Vascular Endothelial Growth Factor, Plasma"
6272-9,Holcus lanatus Ab.IgE,ACnc,Pt,Ser,Qn,,"Velvet Leaf, IgE, Serum","Velvet Leaf, IgE, Serum"
6261-2,Anthoxanthum odoratum Ab.IgE,ACnc,Pt,Ser,Qn,,"Sweet Vernal Grass, IgE, Serum","Sweet Vernal Grass, IgE, Serum"
90250-2,Vanillylmandelate & Homovanillate panel,-,Pt,Urine,-,,"Vanillylmandelic Acid and Homovanillic Acid, Random, Urine","Vanillylmandelic Acid and Homovanillic Acid, Random, Urine"
82533-1,VHL gene deletion+duplication & full mutation analysis,Find,Pt,Bld/Tiss,Doc,Molgen,"Von Hippel Lindau Syndrome, VHL, Full Gene Analysis, Varies","Von Hippel Lindau Syndrome, VHL, Full Gene Analysis, Varies"
6579-7,Vibrio sp,Prid,Pt,Stool,Nom,Organism specific culture,"Vibrio Culture, Feces","Vibrio Culture, Feces"
30042-6,Vigabatrin,MCnc,Pt,Ser/Plas,Qn,,Vigabatrin (Sabril),Vigabatrin (Sabril)
3125-2,Vasoactive intestinal peptide,MCnc,Pt,Ser/Plas,Qn,,"Vasoactive Intestinal Polypeptide, Plasma","Vasoactive Intestinal Polypeptide, Plasma"
103742-3,Viral Susceptibility multigene analysis,Find,Pt,XXX,Doc,Molgen,"Viral Susceptibility, Defects in Intrinsic and Innate Immunity, Gene Panel, Varies","Viral Susceptibility, Defects in Intrinsic and Innate Immunity, Gene Panel, Varies"
2923-1,Retinol,MCnc,Pt,Ser/Plas,Qn,,"Vitamin A, Serum","Vitamin A, Serum"
96600-2,Retinol & Alpha tocopherol panel,-,Pt,Ser/Plas,Qn,,"Vitamin A and Vitamin E, Serum","Vitamin A and Vitamin E, Serum"
2924-9,Riboflavin,MCnc,Pt,Ser/Plas,Qn,,"Riboflavin (Vitamin B2), Plasma","Riboflavin (Vitamin B2), Plasma"
102102-1,Vitamin B3 & metabolites panel,-,Pt,Ser/Plas,-,LC/MS/MS,"Vitamin B3 and Metabolites, Plasma","Vitamin B3 and Metabolites, Plasma"
1903-4,Ascorbate,MCnc,Pt,Ser/Plas,Qn,,"Ascorbic Acid (Vitamin C), Plasma","Ascorbic Acid (Vitamin C), Plasma"
1823-4,Alpha tocopherol,MCnc,Pt,Ser/Plas,Qn,,"Vitamin E, Serum","Vitamin E, Serum"
9622-2,Phytonadione,MCnc,Pt,Ser/Plas,Qn,,"Vitamin K1, Serum","Vitamin K1, Serum"
41266-8,Volatiles,Prid,Pt,Bld,Nom,,"Volatile Screen, Blood","Volatile Screen, Blood"
50025-6,Volatiles panel,-,Pt,Ser/Plas,-,,"Volatile Screen, Serum","Volatile Screen, Serum"
24350-1,Volatiles panel,-,Pt,Urine,-,,"Volatile Screen, Random, Urine","Volatile Screen, Random, Urine"
43099-1,Vanillylmandelate & Creatinine panel,-,24H,Urine,-,,"Vanillylmandelic Acid, 24 Hour, Urine","Vanillylmandelic Acid, 24 Hour, Urine"
3124-5,Vanillylmandelate/Creatinine,MRto,Pt,Urine,Qn,,"Vanillylmandelic Acid, Random, Urine","Vanillylmandelic Acid, Random, Urine"
38370-3,Voriconazole,MCnc,Pt,Ser/Plas,Qn,,"Voriconazole, Serum","Voriconazole, Serum"
62261-3,Bacterial vancomycin resistance vanA+vanB genes,PrThr,Pt,Isolate/Specimen,Ord,Molgen,"Vancomycin-Resistant Enterococcus, Molecular Detection, PCR, Varies","Vancomycin-Resistant Enterococcus, Molecular Detection, PCR, Varies"
68324-3,von Willebrand factor.activity actual/Normal,RelRto,Pt,PPP,Qn,IA,"von Willebrand Factor Activity, Plasma","von Willebrand Factor Activity, Plasma"
27816-8,von Willebrand factor Ag actual/Normal,RelMCnc,Pt,PPP,Qn,IA,"von Willebrand Factor Antigen, Plasma","von Willebrand Factor Antigen, Plasma"
90919-2,Coagulation factor VIII.recombinant.bound/von Willebrand factor Ag,RelRto,Pt,Plas,Qn,IA,"von Willebrand Disease 2N (Subtype Normandy), Plasma","von Willebrand Disease 2N (Subtype Normandy), Plasma"
32217-2,von Willebrand factor multimers,PrThr,Pt,PPP,Ord,,"von Willebrand Factor Multimer Analysis, Plasma","von Willebrand Factor Multimer Analysis, Plasma"
81234-7,Varicella zoster virus Ab.IgG & IgM panel,-,Pt,Ser/Plas,Ord,,"Varicella-Zoster Antibody, IgM and IgG, Serum","Varicella-Zoster Antibody, IgM and IgG, Serum"
80824-6,Zika virus Ab.IgM,PrThr,Pt,Ser/Plas,Ord,IA,"Zika Virus, IgM Antibody Capture ELISA, Serum","Zika Virus, IgM Antibody Capture ELISA, Serum"
85622-9,Zika virus RNA,PrThr,Pt,Ser/Plas,Ord,Probe.amp.tar,"Zika Virus, PCR, Molecular Detection, Serum","Zika Virus, PCR, Molecular Detection, Serum"
85623-7,Zika virus RNA,PrThr,Pt,Urine,Ord,Probe.amp.tar,"Zika Virus, PCR, Molecular Detection, Random, Urine","Zika Virus, PCR, Molecular Detection, Random, Urine"
43588-3,Varicella zoster virus Ab.IgM,PrThr,Pt,Ser,Ord,IF,"Varicella-Zoster Virus (VZV) Antibody, IgM, Serum","Varicella-Zoster Virus (VZV) Antibody, IgM, Serum"
15410-4,Varicella zoster virus Ab.IgG,PrThr,Pt,Ser,Ord,IA,"Varicella-Zoster Antibody, IgG, Serum","Varicella-Zoster Antibody, IgG, Serum"
6274-5,Juglans california Ab.IgE,ACnc,Pt,Ser,Qn,,"Walnut Tree, IgE, Serum","Walnut Tree, IgE, Serum"
93196-4,Warfarin response genotype panel,-,Pt,Bld/Tiss,-,Molgen,"Warfarin Response Genotype, Varies","Warfarin Response Genotype, Varies"
87730-8,HBA1 & HBA2 gene full mutation analysis,Find,Pt,Bld/Tiss,Doc,Sequencing,"Alpha Globin Gene Sequencing, Varies","Alpha Globin Gene Sequencing, Varies"
101634-4,HBB gene deletion+duplication,Find,Pt,Bld/Tiss,Doc,MLPA,"Beta-Globin Gene Cluster, Deletion/Duplication, Varies","Beta-Globin Gene Cluster, Deletion/Duplication, Varies"
79401-6,HBB gene full mutation analysis,Prid,Pt,Bld/Tiss,Doc,Sequencing,"Beta Globin Gene Sequencing, Varies","Beta Globin Gene Sequencing, Varies"
50996-8,HBB gene targeted mutation analysis,Find,Pt,Bld/Tiss,Doc,Molgen,"Beta-Globin Gene Sequencing, Blood","Beta-Globin Gene Sequencing, Blood"
24480-6,(Ambrosia elatior+Artemisia vulgaris+Chenopodium album+Plantago lanceolata+Salsola kali) Ab.IgE,ACnc,Pt,Ser,Qn,Multidisk,"Weed Panel # 1, Serum","Weed Panel # 1, Serum"
24493-9,(Ambrosia psilostachya+Artemisia vulgaris+Atriplex lentiformis+Chenopodium album+Plantago lanceolata) Ab.IgE,ACnc,Pt,Ser,Qn,Multidisk,"Weed Panel # 2, Serum","Weed Panel # 2, Serum"
63198-6,(Plantago lanceolata+Chenopodium album+Salsola kali+Rumex acetosella) Ab.IgE,ACnc,Pt,Ser,Qn,Multidisk,"Weed Panel # 3, Serum","Weed Panel # 3, Serum"
73710-6,(Ambrosia elatior+Ambrosia psilostachya+Ambrosia trifida) Ab.IgE,ACnc,Pt,Ser,Qn,Multidisk,"Weed Panel # 4, Serum","Weed Panel # 4, Serum"
7291-8,Egg whole Ab.IgE,ACnc,Pt,Ser,Qn,,"Whole Egg, IgE, Serum","Whole Egg, IgE, Serum"
6280-2,Dolichovespula maculata Ab.IgE,ACnc,Pt,Ser,Qn,,"White Faced Hornet Venom, IgE, Serum","White Faced Hornet Venom, IgE, Serum"
95795-1,HBG1 gene & HBG2 gene full mutation analysis,Find,Pt,Bld/Tiss,Doc,Sequencing,"Gamma-Globin Full Gene Sequencing, Varies","Gamma-Globin Full Gene Sequencing, Varies"
7774-3,Cow whey Ab.IgE,ACnc,Pt,Ser,Qn,,"Whey, IgE, Serum","Whey, IgE, Serum"
7407-0,Carya tomentosa Ab.IgE,ACnc,Pt,Ser,Qn,,"White Hickory, IgE, Serum","White Hickory, IgE, Serum"
97205-9,Tropheryma whipplei DNA,PrThr,Pt,Bld,Ord,Non-probe.amp.tar,"Tropheryma whipplei, Molecular Detection, PCR, Blood","Tropheryma whipplei, Molecular Detection, PCR, Blood"
6276-0,Triticum aestivum Ab.IgE,ACnc,Pt,Ser,Qn,,"Wheat, IgE, Serum","Wheat, IgE, Serum"
6277-8,Triticum aestivum pollen Ab.IgE,ACnc,Pt,Ser,Qn,,"Cultivated Wheat, IgE, Serum","Cultivated Wheat, IgE, Serum"
6285-1,Salix caprea Ab.IgE,ACnc,Pt,Ser,Qn,,"Willow, IgE, Serum","Willow, IgE, Serum"
101671-6,Hereditary Wilms tumor multigene analysis,Find,Pt,Bld/Tiss,Doc,Molgen,"Hereditary Wilms Tumor Panel, Varies","Hereditary Wilms Tumor Panel, Varies"
7770-1,Citrullus lanatus Ab.IgE,ACnc,Pt,Ser,Qn,,"Watermelon, IgE, Serum","Watermelon, IgE, Serum"
94853-9,West Nile virus Ab.IgG & IgM panel,-,Pt,CSF,Ord,,"West Nile Virus Antibody, IgG and IgM, Spinal Fluid","West Nile Virus Antibody, IgG and IgM, Spinal Fluid"
34461-4,West Nile virus RNA,PrThr,Pt,CSF,Ord,Probe.amp.tar,"West Nile Virus, RNA, PCR, Molecular Detection, Spinal Fluid","West Nile Virus, RNA, PCR, Molecular Detection, Spinal Fluid"
95781-1,ATP7B gene full mutation analysis,Find,Pt,Bld/Tiss,Doc,Sequencing,"Wilson Disease, ATP7B Full Gene Sequencing with Deletion/Duplication, Varies","Wilson Disease, ATP7B Full Gene Sequencing with Deletion/Duplication, Varies"
41236-1,West Nile virus Ab.IgG,PrThr,Pt,CSF,Ord,,"West Nile Virus Antibody, IgG, Spinal Fluid","West Nile Virus Antibody, IgG, Spinal Fluid"
29566-7,West Nile virus Ab.IgG,PrThr,Pt,Ser,Ord,IA,"West Nile Virus Antibody, IgG, Serum","West Nile Virus Antibody, IgG, Serum"
29569-1,West Nile virus Ab.IgM,PrThr,Pt,CSF,Ord,IA,"West Nile Virus Antibody, IgM, Spinal Fluid","West Nile Virus Antibody, IgM, Spinal Fluid"
29567-5,West Nile virus Ab.IgM,PrThr,Pt,Ser,Ord,IA,"West Nile Virus Antibody, IgM, Serum","West Nile Virus Antibody, IgM, Serum"
94854-7,West Nile virus Ab.IgG & IgM panel,-,Pt,Ser,Ord,,"West Nile Virus Antibody, IgG and IgM, Serum","West Nile Virus Antibody, IgG and IgM, Serum"
34460-6,West Nile virus RNA,PrThr,Pt,Bld,Ord,Probe.amp.tar,"West Nile Virus, RNA, PCR, Molecular Detection, Blood","West Nile Virus, RNA, PCR, Molecular Detection, Blood"
32361-8,West Nile virus RNA,PrThr,Pt,Ser,Ord,Probe.amp.tar,"West Nile Virus, RNA, PCR, Molecular Detection, Serum","West Nile Virus, RNA, PCR, Molecular Detection, Serum"
97185-3,West Nile virus RNA,PrThr,Pt,Urine,Ord,Probe.amp.tar,"West Nile Virus, RNA, PCR, Molecular Detection, Random, Urine","West Nile Virus, RNA, PCR, Molecular Detection, Random, Urine"
6286-9,Artemisia absinthium Ab.IgE,ACnc,Pt,Ser,Qn,,"Wormwood, IgE, Serum","Wormwood, IgE, Serum"
6282-8,Pinus strobus Ab.IgE,ACnc,Pt,Ser,Qn,,"White Pine, IgE, Serum","White Pine, IgE, Serum"
16922-7,Elymus triticoides Ab.IgE,ACnc,Pt,Ser,Qn,,"Wild Rye Grass, IgE, Serum","Wild Rye Grass, IgE, Serum"
6275-2,Ambrosia psilostachya Ab.IgE,ACnc,Pt,Ser,Qn,,"Western Ragweed, IgE, Serum","Western Ragweed, IgE, Serum"
13176-3,Wasp venom Ab.IgE,ACnc,Pt,Ser,Qn,,"Wasp Venom, IgE, Serum","Wasp Venom, IgE, Serum"
98239-7,CD154 expression & function panel,-,Pt,T cells,-,Flow cytometry,"X-Linked Hyper IgM Syndrome, Blood","X-Linked Hyper IgM Syndrome, Blood"
95785-2,FOXL2 gene targeted mutation analysis,Find,Pt,Tiss,Doc,Molgen,"FOXL2 Mutation Analysis, Next-Generation Sequencing, Tumor","FOXL2 Mutation Analysis, Next-Generation Sequencing, Tumor"
28549-4,Yersinia sp,Prid,Pt,Stool,Nom,Organism specific culture,"Yersinia Culture, Feces","Yersinia Culture, Feces"
6288-5,Dolichovespula arenaria Ab.IgE,ACnc,Pt,Ser,Qn,,"Yellow Faced Hornet Venom, IgE, Serum","Yellow Faced Hornet Venom, IgE, Serum"
6740-5,Vespula spp Ab.IgE,ACnc,Pt,Ser,Qn,,"Yellow Jacket Venom, IgE, Serum","Yellow Jacket Venom, IgE, Serum"
35456-3,Y chromosome deletion,Prid,Pt,Bld/Tiss,Nom,,"Y Chromosome Microdeletions, Molecular Detection, Varies","Y Chromosome Microdeletions, Molecular Detection, Varies"
6107-7,Egg yolk Ab.IgE,ACnc,Pt,Ser,Qn,,"Egg Yolk, IgE, Serum","Egg Yolk, IgE, Serum"
13473-4,Zinc/Creatinine,MRto,Pt,Urine,Qn,,"Zinc/Creatinine Ratio, Urine","Zinc/Creatinine Ratio, Urine"
5765-3,Zinc,MRat,24H,Urine,Qn,,"Zinc, 24 Hour, Urine","Zinc, 24 Hour, Urine"
5763-8,Zinc,MCnc,Pt,Ser/Plas,Qn,,"Zinc, Serum","Zinc, Serum"
29620-2,Zonisamide,MCnc,Pt,Ser/Plas,Qn,,"Zonisamide, Serum","Zonisamide, Serum"
