code,component,property,time_aspect,system,scale_type,method_type,long_common_name,short_name
5810-7,Observation,SpGrav,Pt,Urine,Qn,Refractometry,Specific Gravity,Specific Gravity
5315-7,Rickettsia spotted fever group Ab.IgM,Titr,Pt,Ser,SemiQn,IF,"Spotted Fever Group Ab, IgM, S","Spotted Fever Group Ab, IgM, S"
5313-2,Rickettsia spotted fever group Ab.IgG,Titr,Pt,Ser,SemiQn,IF,"Spotted Fever Group Ab, IgG, S","Spotted Fever Group Ab, IgG, S"
76651-9,Zinc transporter 8 Ab,ACnc,Pt,Ser/Plas,Qn,IA,ZnT8 Antibodies,ZnT8 Antibodies
91856-5,Human papilloma virus 16 DNA,PrThr,Pt,Genital,Ord,Probe.amp.tar,"HPV High Risk type 16, PCR","HPV High Risk type 16, PCR"
91854-0,Human papilloma virus 18 DNA,PrThr,Pt,Genital,Ord,Probe.amp.tar,"HPV High Risk type 18, PCR","HPV High Risk type 18, PCR"
91853-2,Human papilloma virus 31+33+35+39+45+51+52+56+58+59+66+68 DNA,PrThr,Pt,Genital,Ord,Probe.amp.tar,"HPV other High Risk types, PCR","HPV other High Risk types, PCR"
112587-1,Human papilloma virus 16 DNA,LnCnc,Pt,Plas.cfDNA,Qn,Probe.amp.tar,HPV-16 ddPCR Quant w/ Reflex,HPV-16 ddPCR Quant w/ Reflex
112582-2,Human papilloma virus 35 DNA,LnCnc,Pt,Plas.cfDNA,Qn,Probe.amp.tar,HPV-35 ddPCR Quant,HPV-35 ddPCR Quant
112585-5,Human papilloma virus 33 DNA,LnCnc,Pt,Plas.cfDNA,Qn,Probe.amp.tar,HPV-33 ddPCR Quant,HPV-33 ddPCR Quant
112583-0,Human papilloma virus 31 DNA,LnCnc,Pt,Plas.cfDNA,Qn,Probe.amp.tar,HPV-31 ddPCR Quant,HPV-31 ddPCR Quant
112584-8,Human papilloma virus 18 DNA,LnCnc,Pt,Plas.cfDNA,Qn,Probe.amp.tar,HPV-18 ddPCR Quant,HPV-18 ddPCR Quant
Not Provided,,,,,,,LiquidHALLMARK CSF,LiquidHALLMARK CSF
32219-8,Soluble liver Ab,ACnc,Pt,Ser,Qn,IA,"Soluble Liver Antigen Ab, IgG, S","Soluble Liver Antigen Ab, IgG, S"
59466-3,Hematologist review,Imp,Pt,XXX,Nar,,Peripheral Blood Smear Review,Peripheral Blood Smear Review
69047-9,Geneticist review,Imp,Pt,XXX,Nar,,Interpretation,Interpretation
18771-6,Provider.signing name,Pn,Pt,Report,Nom,,Signing Pathologist,Signing Pathologist
31208-2,Specimen,Source,Pt,XXX,Nom,,Specimen Type,Specimen Type
75892-0,"t(9;22)(q34.1;q11)(ABL1,BCR) fusion transcript break points",Prid,Pt,Bld/Tis,Nom,Molgen,BCRABL Fusion,BCRABL Fusion
94359-7,Glutamate decarboxylase 65 Ab.IgG+IgM,SCnc,Pt,CSF,Qn,IA,"GAD65 Ab Assay, CSF","GAD65 Ab Assay, CSF"
33380-7,Coccidioides sp Ab,Titr,Pt,Ser,SemiQn,Comp fix,"Coccidioides Ab, CompF,S","Coccidioides Ab, CompF,S"
94345-6,Glutamate decarboxylase 65 Ab.IgG+IgM,SCnc,Pt,Ser,Qn,IA,"GAD65 Ab Assay, S","GAD65 Ab Assay, S"
40752-8,Epstein Barr virus early Ab.IgG,PrThr,Pt,Ser,Ord,IA,"EBV EA IgG Ab, S","EBV EA IgG Ab, S"
26972-0,Herpes virus 7 Ab.IgG,Titr,Pt,Ser,SemiQn,IF,Herpesvirus 7 Ab IgG,Herpesvirus 7 Ab IgG
27177-5,Herpes virus 7 Ab.IgM,Titr,Pt,Ser,SemiQn,IF,Herpesvirus 7 Ab IgM,Herpesvirus 7 Ab IgM
39782-8,Delta aminolevulinate/Creatinine,SRto,Pt,Urine,Qn,,"Aminolevulinic Acid, U","Aminolevulinic Acid, U"
2484-4,Insulin-like growth factor-I,MCnc,Pt,Ser/Plas,Qn,,"Insulin-Like Growth Factor 1, S","Insulin-Like Growth Factor 1, S"
35551-1,Phoma betae Ab.IgG,MCnc,Pt,Ser,Qn,,"Phoma betae, IgG Ab","Phoma betae, IgG Ab"
49687-7,Trichoderma viride Ab.IgG,MCnc,Pt,Ser,Qn,,"Trichoderma viride, IgG Ab","Trichoderma viride, IgG Ab"
69048-7,Immunologist review,Imp,Pt,XXX,Nar,,Hypersensitivity Interpretation,Hypersensitivity Interpretation
26951-4,Alternaria alternata Ab.IgG,MCnc,Pt,Ser,Qn,,"Alternaria alternata, IgG Ab","Alternaria alternata, IgG Ab"
26954-8,Aspergillus fumigatus Ab.IgG,MCnc,Pt,Ser,Qn,,"Aspergillus fumigatus, IgG Ab","Aspergillus fumigatus, IgG Ab"
26955-5,Aureobasidium pullulans Ab.IgG,MCnc,Pt,Ser,Qn,,"Aureobasidium pullulans, IgG Ab","Aureobasidium pullulans, IgG Ab"
105270-3,Laceyella sacchari Ab.IgG,MCnc,Pt,Ser,Qn,,"Laceyella sacchari, IgG Ab","Laceyella sacchari, IgG Ab"
26948-0,Saccharopolyspora rectivirgula Ab.IgG,MCnc,Pt,Ser,Qn,,"Micropolyspora faeni, IgG Ab","Micropolyspora faeni, IgG Ab"
26957-1,Penicillium notatum Ab.IgG,MCnc,Pt,Ser,Qn,,"Penicillium chrysogenum, IgG Ab","Penicillium chrysogenum, IgG Ab"
59354-1,Tapentadol,MCnc,Pt,Ser/Plas,Qn,,Tapentadol,Tapentadol
73561-3,Insulin-like growth factor-I,Zscore,Pt,Ser/Plas,Qn,,Z-score,Z-score
85069-3,Lab test method,Type,Pt,Specimen,Nom,*,Method,Method
62364-5,Test performance information,Find,Pt,XXX,Nar,,Disclaimer,Disclaimer
80398-1,Unique identifier,ID,Pt,Current sample,Nom,,Tissue ID,Tissue ID
82939-0,Genetic variant details,Find,Pt,Bld/Tiss,Nar,Molgen,Result,Result
48767-8,Annotation comment,Imp,Pt,{system},Nar,,Additional Information,Additional Information
3282-1,Coagulation,Time,Pt,PPP,Qn,Coag.surface induced.hexagonal phase phospholipid,Hexagonal Phase Phospholipid,Hexagonal Phase Phospholipid
112278-7,Mycobacterium abscessus complex subspecies identification,PrThr,Pt,Isolate/Specimen,Ord,Molgen,"M abscessus subspecies ID, NGS","M abscessus subspecies ID, NGS"
40867-4,11-Ketoetiocholanolone,MRat,24H,Urine,Qn,,11-Oxoetiocholanolone,11-Oxoetiocholanolone
11177-3,Beta lactoglobulin Ab.IgE,ACnc,Pt,Ser,Qn,,"Beta-Lactoglobulin, IgE","Beta-Lactoglobulin, IgE"
96267-0,Delta Coagulation,TimeDif,Pt,PPP,Qn,Coag.surface induced.hexagonal phase phospholipid,HEX LA Delta,HEX LA Delta
5959-2,Coagulation,Time,Pt,PPP,Qn,Coag.tissue factor induced.factor substitution.immediately after addition of normal plasma,PT Mix 1:1,PT Mix 1:1
5946-9,Coagulation,Time,Pt,PPP,Qn,Coag.surface induced.factor substitution.immediately after addition of normal plasma,APTT Mix 1:1,APTT Mix 1:1
5902-2,Coagulation,Time,Pt,PPP,Qn,Coag.tissue factor induced,"Prothrombin Time, P","Prothrombin Time, P"
56026-8,Pyrazinamide,Susc,Pt,Isolate,OrdQn,Method for Slow-growing mycobacteria.antibiotic concentration at 300.0 ug/mL,"Susceptibility, Mtb Complex, PZA","Susceptibility, Mtb Complex, PZA"
47255-5,Procollagen type I.N-terminal propeptide,MCnc,Pt,Ser/Plas,Qn,,"Procollagen I Intact N-Terminal, S","Procollagen I Intact N-Terminal, S"
46717-5,Coagulation,Time,Pt,PPP,Qn,Coag.thrombin induced.factor substitution.immediately after addition of bovine thrombin,"Thrombin Time (Bovine), P","Thrombin Time (Bovine), P"
34571-0,Coagulation,Time,Pt,PPP,Qn,Coag.surface induced.lupus sensitive,PTT-LA Screen,PTT-LA Screen
81694-2,PMS2 Ag,PrThr,Pt,Cancer specimen,Ord,Immune stain,PMS2 IHC,PMS2 IHC
81693-4,MSH-6 Ag,PrThr,Pt,Cancer specimen,Ord,Immune stain,MSH6 IHC,MSH6 IHC
81692-6,MSH-2 Ag,PrThr,Pt,Cancer specimen,Ord,Immune stain,MSH2 IHC,MSH2 IHC
81691-8,MLH-1 Ag,PrThr,Pt,Cancer specimen,Ord,Immune stain,MLH1 IHC,MLH1 IHC
30211-7,Specimen collection,Time,*,^Specimen,Qn,,Hours Collected,Hours Collected
29771-3,Hemoglobin,PrThr,Pt,Stool^Patient.gastrointestinal.lower,Ord,IA,"Occult Blood, Fecal","Occult Blood, Fecal"
75512-4,Coagulation actual/Normal,RelTime,Pt,PPP,Qn,Coag.DRVVT1:1Normal Plasma addition,DRVVT Mix Ratio,DRVVT Mix Ratio
27396-1,Hemoglobin,MCnt,Pt,Stool^Patient.gastrointestinal,Qn,,Fecal Hemoglobin,Fecal Hemoglobin
75506-6,Coagulation,Time,Pt,PPP,Qn,Coag.surface induced.lupus sensitive with excess phospholipid,Platelet Neutralization Procedure,Platelet Neutralization Procedure
15359-3,Coagulation actual/normal,RelTime,Pt,PPP,Qn,Coag.dilute Russell viper venom induced,DRVVT Screen Ratio,DRVVT Screen Ratio
14979-9,Coagulation,Time,Pt,PPP,Qn,Coag.surface induced,"Activated Partial Thrombopl Time, P","Activated Partial Thrombopl Time, P"
6683-7,Coagulation,Time,Pt,PPP,Qn,Coag.reptilase induced,"Reptilase Time, P","Reptilase Time, P"
6303-2,Coagulation,Time,Pt,PPP,Qn,Coag.dilute Russell viper venom induced,DRVVT Screen,DRVVT Screen
6301-6,Coagulation,RelTime,Pt,PPP,Qn,Coag.tissue factor induced.INR,INR,INR
13363-7,Specimen collection,Time,*,Stool,Qn,,Collection Duration,Collection Duration
13362-9,Specimen collection,Time,*,Urine,Qn,,Collection Duration (h),Collection Duration (h)
103619-3,Coagulation,Time,Pt,PPP,Qn,Coag.surface induced.lupus sensitive.buffer (LA control),PNP Buffer Control,PNP Buffer Control
13800-8,Propionylglycine/Creatinine,MRto,Pt,Urine,Qn,,n-Propionylglycine,n-Propionylglycine
13816-4,Tiglylglycine/Creatinine,MRto,Pt,Urine,Qn,,n-Tiglylglycine,n-Tiglylglycine
13692-9,3-Methylglutaconate/Creatinine,MRto,Pt,Urine,Qn,,3-Methylglutaconic acid,3-Methylglutaconic acid
543-9,Mycobacterium sp,Prid,Pt,XXX,Nom,Organism specific culture,"Mycobacterial Culture, Cystic Fibro","Mycobacterial Culture, Cystic Fibro"
18356-6,Methylenedioxymethamphetamine,MCnc,Pt,Ser/Plas,Qn,,Methylenedioxymethamphetamine-MDMA,Methylenedioxymethamphetamine-MDMA
59837-5,Methylenedioxyamphetamine,MCnc,Pt,Ser/Plas,Qn,,Methylenedioxyamphetamine-MDA,Methylenedioxyamphetamine-MDA
33016-7,Methylenedioxyethylamphetamine,MCnc,Pt,Ser/Plas,Qn,,Methylenedioxyethylamphetamine-MDEA,Methylenedioxyethylamphetamine-MDEA
3778-8,Methamphetamine,MCnc,Pt,Ser/Plas,Qn,,Methamphetamine,Methamphetamine
30112-7,Amphetamine,MCnc,Pt,Ser/Plas,Qn,,Amphetamine,Amphetamine
101249-1,Delta-8-tetrahydrocannabinol,MCnc,Pt,Urine,Qn,,Delta-8 Carboxy-Tetrahydrocannabinol by LC-MS/MS,Delta-8 Carboxy-Tetrahydrocannabinol by LC-MS/MS
112387-6,Guselkumab,MCnc,Pt,Ser/Plas,Qn,,"Guselkumab, S","Guselkumab, S"
107550-6,Lymphocyte subset,Prid,Pt,Bld/Tiss,Nom,Molgen,Primary Subset,Primary Subset
104271-2,Primer set	ID,Pt,XXX,Nom,Molgen,,Primer Set,Primer Set
104270-4,J gene rearrangement,Prid,Pt,XXX,Nom,Molgen,Primary J-gene,Primary J-gene
104269-6,V gene rearrangement,Prid,Pt,XXX,Nom,Molgen,Primary V-gene,Primary V-gene
107552-2,Gene mutations present/reference genome sequence,NFr,Pt,Bld/Tiss,Qn,Molgen,Primary Mutation Status %,Primary Mutation Status %
107551-4,IGH mutation status,Prid,Pt,Bld/Tiss,Nom,Molgen,Primary Mutation Status,Primary Mutation Status
21747-1,Immunoglobulin heavy chain gene rearrangements,Arb,Pt,Bld/Tiss,Ord,Molgen,Primary Rearrangement Status,Primary Rearrangement Status
42349-1,Reason for referral,Find,Pt,^Patient,Nar,,Indication for Test,Indication for Test
Bill only; no re,,,,,,,"SOX9 IHC, Tech Only","SOX9 IHC, Tech Only"
47349-6,Streptococcus pneumoniae Danish serotype 33F Ab.IgG,MCnc,Pt,Ser,Qn,IA,Pneumo Ab Type 33F,Pneumo Ab Type 33F
86061-9,Streptococcus pneumoniae Danish serotype 23F Ab.IgG,MCnc,Pt,Ser,Qn,IA,Pneumo Ab Type 23F,Pneumo Ab Type 23F
86053-6,Streptococcus pneumoniae Danish serotype 22F Ab.IgG,MCnc,Pt,Ser,Qn,IA,Pneumo Ab Type 22F,Pneumo Ab Type 22F
86021-3,Streptococcus pneumoniae Danish serotype 19F Ab.IgG,MCnc,Pt,Ser,Qn,IA,Pneumo Ab Type 19F,Pneumo Ab Type 19F
40915-1,Streptococcus pneumoniae Danish serotype 19A Ab.IgG,MCnc,Pt,Ser,Qn,IA,Pneumo Ab Type 19A,Pneumo Ab Type 19A
40913-6,Streptococcus pneumoniae Danish serotype 18C Ab.IgG,MCnc,Pt,Ser,Qn,IA,Pneumo Ab Type 18C,Pneumo Ab Type 18C
85992-6,Streptococcus pneumoniae Danish serotype 14 Ab.IgG,MCnc,Pt,Ser,Qn,IA,Pneumo Ab Type 14,Pneumo Ab Type 14
40911-0,Streptococcus pneumoniae Danish serotype 7F Ab.IgG,MCnc,Pt,Ser,Qn,IA,Pneumo Ab Type 7F,Pneumo Ab Type 7F
40926-8,Streptococcus pneumoniae Danish serotype 9V Ab.IgG,MCnc,Pt,Ser,Qn,IA,Pneumo Ab Type 9V,Pneumo Ab Type 9V
86138-5,Streptococcus pneumoniae Danish serotype 6A Ab.IgG,MCnc,Pt,Ser,Qn,IA,Pneumo Ab Type 6A,Pneumo Ab Type 6A
40905-2,Streptococcus pneumoniae Danish serotype 6B Ab.IgG,MCnc,Pt,Ser,Qn,IA,Pneumo Ab Type 6B,Pneumo Ab Type 6B
85955-3,Streptococcus pneumoniae Danish serotype 1 Ab.IgG,MCnc,Pt,Ser,Qn,IA,Pneumo Ab Type 1,Pneumo Ab Type 1
86081-7,Streptococcus pneumoniae Danish serotype 3 Ab.IgG,MCnc,Pt,Ser,Qn,IA,Pneumo Ab Type 3,Pneumo Ab Type 3
86108-8,Streptococcus pneumoniae Danish serotype 4 Ab.IgG,MCnc,Pt,Ser,Qn,IA,Pneumo Ab Type 4,Pneumo Ab Type 4
86129-4,Streptococcus pneumoniae Danish serotype 5 Ab.IgG,MCnc,Pt,Ser,Qn,IA,Pneumo Ab Type 5,Pneumo Ab Type 5
43305-2,Neisseria gonorrhoeae rRNA,PrThr,Pt,XXX,Ord,Probe.amp.tar,"N gonorrhoeae Confirm, RNA, Varies","N gonorrhoeae Confirm, RNA, Varies"
43304-5,Chlamydia trachomatis rRNA,PrThr,Pt,XXX,Ord,Probe.amp.tar,"C trachomatis Confirm, RNA, Varies","C trachomatis Confirm, RNA, Varies"
30248-9,Transferrin receptor.soluble,MCnc,Pt,Ser/Plas,Qn,,Soluble Transferrin Receptor (sTfR),Soluble Transferrin Receptor (sTfR)
59462-2,Clinical biochemist review,Imp,Pt,XXX,Nar,,Interpretation,Interpretation
94063-5,Bacterial rpsL gene drug resistance mutation,Prid,Pt,Isolate/Specimen,Nom,Molgen,rpsL,rpsL
94062-7,Bacterial rrs gene drug resistance mutation,Prid,Pt,Isolate/Specimen,Nom,Molgen,rrs,rrs
94064-3,Bacterial eis gene drug resistance mutation,Prid,Pt,Isolate/Specimen,Nom,Molgen,eis,eis
94060-1,Bacterial gyrA gene drug resistance mutation,Prid,Pt,Isolate/Specimen,Nom,Molgen,gyrA,gyrA
101576-7,Bacterial gyrB gene drug resistance mutation,Prid,Pt,Isolate/Specimen,Nom,Molgen,gyrB,gyrB
46244-0,Mycobacterium tuberculosis complex rpoB gene rifAMPin resistance mutation,Prid,Pt,Isolate/Specimen,Nom,Molgen,rifampin (RIF) Interpretation,rifampin (RIF) Interpretation
46245-7,Mycobacterium tuberculosis pncA gene pyrazinamide resistance mutation,Prid,Pt,Isolate/Specimen,Nom,Molgen,pyrazinamide (PZA) Interpretation,pyrazinamide (PZA) Interpretation
46247-3,Mycobacterium tuberculosis embB gene ethambutol resistance mutation,Prid,Pt,Isolate/Specimen,Nom,Molgen,ethambutol (EMB) Interpretation,ethambutol (EMB) Interpretation
72866-7,Mycobacterium tuberculosis ethA gene ethionamide resistance mutation,PrThr,Pt,Isolate/Specimen,Ord,Molgen,ethionamide (ETH) Interpretation,ethionamide (ETH) Interpretation
42803-7,Bacteria,Prid,Pt,Isolate,Nom,,Organism Identification,Organism Identification
94055-1,Bacterial inhA gene drug resistance mutation,Prid,Pt,Isolate/Specimen,Nom,Molgen,inhA,inhA
94056-9,Bacterial fabG1 gene drug resistance mutation,Prid,Pt,Isolate/Specimen,Nom,Molgen,fabG1,fabG1
94054-4,Bacterial katG gene drug resistance mutation,Prid,Pt,Isolate/Specimen,Nom,Molgen,katG,katG
94057-7,Bacterial ahpC gene drug resistance mutation,Prid,Pt,Isolate/Specimen,Nom,Molgen,ahpC,ahpC
94059-3,Bacterial pncA gene drug resistance mutation,Prid,Pt,Isolate/Specimen,Nom,Molgen,pncA,pncA
94058-5,Bacterial embB gene drug resistance mutation,Prid,Pt,Isolate/Specimen,Nom,Molgen,embB,embB
94061-9,Bacterial gidB gene drug resistance mutation,Prid,Pt,Isolate/Specimen,Nom,Molgen,gidB,gidB
94065-0,Bacterial rpoB gene drug resistance mutation,Prid,Pt,Isolate/Specimen,Nom,Molgen,rpoB,rpoB
34717-9,Coxiella burnetii phase 2 Ab.IgG,Titr,Pt,Ser,SemiQn,IF,"Q Fever Phase II Ab, IgG","Q Fever Phase II Ab, IgG"
51714-4,Observation,Prid,Pt,Bld,Nom,Giemsa stain,Malaria/Babesia Smear,Malaria/Babesia Smear
3728-3,Loxapine,MCnc,Pt,Ser/Plas,Qn,,Loxapine,Loxapine
95921-3,Hydroxychloroquine,MCnc,Pt,Bld,Qn,,"Hydroxychloroquine, B","Hydroxychloroquine, B"
93356-4,Cells.cytogenetic abnormality,Num,Pt,Bld/Tiss,Qn,Molgen,Result Table,Result Table
62356-1,Chromosome analysis result in ISCN expression,Find,Pt,Bld/Tiss,Nom,Molgen,Result,Result
50397-9,Molecular diagnostic overall interpretation,PrThr,Pt,Bld/Tiss,Ord,Molgen,Result Summary,Result Summary
77031-3,"t(15;17)(q24.1;q21.1)(PML,RARA) fusion transcript",Find,Pt,Bld/Tiss,Doc,FISH,Interpretation,Interpretation
2777-1,Phosphate,MCnc,Pt,Ser/Plas,Qn,,"Phosphorus (Inorganic), S","Phosphorus (Inorganic), S"
12784-5,Codeine.free,MCnc,Pt,Ser/Plas,Qn,,Codeine - Free,Codeine - Free
11244-1,Morphine.free,MCnc,Pt,Ser/Plas,Qn,,Morphine - Free,Morphine - Free
12787-8,HYDROmorphone.free,MCnc,Pt,Ser/Plas,Qn,,Hydromorphone - Free,Hydromorphone - Free
49749-5,6-Monoacetylmorphine.free,MCnc,Pt,Ser/Plas,Qn,,6-monoacetylmorphine - Free,6-monoacetylmorphine - Free
12786-0,HYDROcodone.free,MCnc,Pt,Ser/Plas,Qn,,Hydrocodone - Free,Hydrocodone - Free
12785-2,Dihydrocodeine.free,MCnc,Pt,Ser/Plas,Qn,,Dihydrocodeine - Free,Dihydrocodeine - Free
12789-4,oxyCODONE.free,MCnc,Pt,Ser/Plas,Qn,,Oxycodone - Free,Oxycodone - Free
46974-2,oxyMORphone.free,MCnc,Pt,Ser/Plas,Qn,Confirm,Oxymorphone - Free,Oxymorphone - Free
61372-9,Human papilloma virus 16 DNA,PrThr,Pt,XXX,Ord,Probe.amp.tar,HPV-16 ddPCR Result,HPV-16 ddPCR Result
61373-7,Human papilloma virus 18 DNA,PrThr,Pt,XXX,Ord,Probe.amp.tar,HPV-18 ddPCR Result,HPV-18 ddPCR Result
61375-2,Human papilloma virus 31 DNA,PrThr,Pt,XXX,Ord,Probe.amp.tar,HPV-31 ddPCR Result,HPV-31 ddPCR Result
61376-0,Human papilloma virus 33 DNA,PrThr,Pt,XXX,Ord,Probe.amp.tar,HPV-33 ddPCR Result,HPV-33 ddPCR Result
61377-8,Human papilloma virus 35 DNA,PrThr,Pt,XXX,Ord,Probe.amp.tar,HPV-35 ddPCR Result,HPV-35 ddPCR Result
80373-4,Helicobacter pylori Ag,PrThr,Pt,Stool,Ord,IA.rapid,"Helicobacter pylori Ag, F","Helicobacter pylori Ag, F"
58429-2,"2-Ethylidene-1,5-Dimethyl-3,3-Diphenylpyrrolidine",MCnc,Pt,Urine,Qn,Confirm,Methadone metabolite,Methadone metabolite
104628-3,Methadone,MCnc,Pt,Urine,Qn,GC-MS,Methadone-by GC-MS,Methadone-by GC-MS
104627-5,"2-Ethylidene-1,5-Dimethyl-3,3-Diphenylpyrrolidine",PrThr,Pt,Urine,Ord,GC-MS,EDDP-by GC-MS,EDDP-by GC-MS
40824-5,von Willebrand factor cleaving protease inhibitor,ACnc,Pt,PPP,Qn,,ADAMTS 13 Antibody,ADAMTS 13 Antibody
69049-5,Coagulation specialist review,Imp,Pt,XXX,Nar,,Interpretation,Interpretation
97604-3,Glial fibrillary acidic protein,MCnc,Pt,Plas,Qn,IA,"Glial Fibrillary Acidic Protein, P","Glial Fibrillary Acidic Protein, P"
80173-8,Pterins pattern,Imp,Pt,CSF,Nar,,Interpretation,Interpretation
59247-7,Tetrahydrobiopterin,SCnc,Pt,CSF,Qn,,Tetrahydrobiopterin,Tetrahydrobiopterin
102834-9,Ailanthus altissima Ab.IgE,PrThr,Pt,Ser,SemiQn,RAST,CLASS,CLASS
100888-7,Monkeypox virus clade II DNA,PrThr,Pt,XXX,Ord,Probe.amp.tar,"Mpox Virus DNA, QL PCR","Mpox Virus DNA, QL PCR"
102601-2,Snapper red Ab.IgE,PrThr,Pt,Ser,SemiQn,RAST,CLASS,CLASS
102615-2,Saccharum officinarum Ab.IgE,PrThr,Pt,Ser,SemiQn,RAST,Class,Class
104871-9,Histoplasma capsulatum+Blastomyces dermatitidis Ag,PrThr,Pt,Urine,Ord,IA,Histoplasma/Blastomyces Ag Result,Histoplasma/Blastomyces Ag Result
32171-1,Echinococcus sp Ab.IgG,PrThr,Pt,Ser,Ord,,"Echinococcus Ab, IgG, S","Echinococcus Ab, IgG, S"
99622-3,Resource information for patient,Find,Pt,^Patient,Doc,,Resources,Resources
5575-6,Aluminum,MCnc,Pt,RBC,Qn,,"Aluminum, B","Aluminum, B"
94500-6,SARS coronavirus 2 RNA,PrThr,Pt,Respiratory System Specimen,Ord,Probe.amp.tar,"SARS CoV-2 RNA, PCR","SARS CoV-2 RNA, PCR"
40799-9,Amphetamines,PrThr,Pt,Saliva,Ord,Screen,"Stimulants, Amphetamine, OF","Stimulants, Amphetamine, OF"
87805-8,Methylphenidate,PrThr,Pt,Saliva,Ord,Screen,"Stimulants, Methylphenidate, OF","Stimulants, Methylphenidate, OF"
40801-3,Cannabinoids,PrThr,Pt,Saliva,Ord,Screen,"Marijuana metabolite (THC-COOH), OF","Marijuana metabolite (THC-COOH), OF"
69356-4,oxyCODONE,PrThr,Pt,Saliva,Ord,Screen,"Opioids, Oxycodone, OF","Opioids, Oxycodone, OF"
81178-6,Tissue block description and site,Desc,Pt,Specimen,Nar,,Material Received,Material Received
4999-9,Cytomegalovirus DNA,PrThr,Pt,Urine,Ord,Probe.amp.tar,"Congenital CMV, PCR, Urine","Congenital CMV, PCR, Urine"
94340-7,Amphiphysin Ab.IgG,Titr,Pt,CSF,SemiQn,IF,"Amphiphysin Ab Titer, S","Amphiphysin Ab Titer, S"
94354-8,Amphiphysin Ab.IgG,Titr,Pt,CSF,SemiQn,IF,"Amphiphysin Ab Titer, CSF","Amphiphysin Ab Titer, CSF"
48018-6,Gene identifier,ID,Pt,Bld/Tiss,Nom,,Genes Analyzed,Genes Analyzed
59465-5,Pathologist review,Imp,Pt,XXX,Nar,,Interpretation,Interpretation
26904-3,2-Methylcitrate,SCnc,Pt,Ser/Plas,Qn,,2-Methylcitric acid,2-Methylcitric acid
69843-1,Alpha hydroxybutyrate,SCnc,Pt,Ser/Plas,Qn,,2-Hydroxybutyric acid,2-Hydroxybutyric acid
32338-6,Pyruvate,SCnc,Pt,Ser/Plas,Qn,,Pyruvic acid,Pyruvic acid
35871-3,Succinate,SCnc,Pt,Ser/Plas,Qn,,Succinic acid,Succinic acid
75081-0,Fumarate,SCnc,Pt,Ser/Plas,Qn,,Fumaric acid,Fumaric acid
35869-7,"2-Oxo,3-Methylvalerate",SCnc,Pt,Ser/Plas,Qn,,3-Methyl-2-ketovaleric acid,3-Methyl-2-ketovaleric acid
47698-6,Mannitol/Creatinine,SRto,Pt,Urine,Qn,,Mannitol,Mannitol
48067-3,Fibrin D-dimer,MCnc,Pt,PPP,Qn,IA.FEU,"D-Dimer, P","D-Dimer, P"
19139-5,Pathologist name,Pn,Pt,Provider,Nom,,Report electronically signed by,Report electronically signed by
107578-7,Is this for a prosthetic joint,Find,Pt,^Patient,Ord,,Is this for a prosthetic joint?,Is this for a prosthetic joint?
33193-4,Viable cells/Cells,NFr,Pt,Bld,Qn,,% Sample Viability,% Sample Viability
82974-7,O-nortramadol,MCnc,Pt,Ser/Plas/Bld,Qn,,O-desmethyltramadol,O-desmethyltramadol
12437-0,traMADol,MCnc,Pt,Ser/Plas,Qn,,Tramadol,Tramadol
630-4,Bacteria,Prid,Pt,Urine,Nom,Culture,"Bacterial Culture, Aerobic + Susc","Bacterial Culture, Aerobic + Susc"
3409-0,Bumetanide,PrThr,Pt,Urine,Ord,,Bumetanide,Bumetanide
9508-3,Chlorothiazide,PrThr,Pt,Urine,Ord,,Chlorothiazide,Chlorothiazide
3478-5,Chlorthalidone,PrThr,Pt,Urine,Ord,,Chlorthalidone,Chlorthalidone
3660-8,Furosemide,PrThr,Pt,Urine,Ord,,Furosemide,Furosemide
3676-4,hydroCHLOROthiazide,PrThr,Pt,Urine,Ord,,Hydrochlorothiazide,Hydrochlorothiazide
40469-9,Hydroflumethiazide,PrThr,Pt,Urine,Ord,,Hydroflumethiazide,Hydroflumethiazide
12347-1,metOLazone,PrThr,Pt,Urine,Ord,,Metolazone,Metolazone
30954-2,Relevant diagnostic tests &or laboratory data,Find,Pt,^Patient,Doc,,Special Studies,Special Studies
14725-6,Observation,Type,Pt,Body fld,Nom,,Source,Source
788-0,Erythrocyte,DistWidth,Pt,Bld,Qn,Automated count,RDW,RDW
7855-0,Dengue virus 1+2+3+4 RNA,PrThr,Pt,Ser/Plas,Ord,Probe.amp.tar,"Dengue Virus, PCR, Serum","Dengue Virus, PCR, Serum"
7573-9,Cicer arientinum Ab.IgE,ACnc,Pt,Ser,Qn,,"Chick Pea, IgE","Chick Pea, IgE"
11195-5,Brassica napus Ab.IgE,ACnc,Pt,Ser,Qn,,"Rape Seed, IgE","Rape Seed, IgE"
47236-5,Treponema pallidum Ab.IgG+IgM,PrThr,Pt,Ser/Plas,Ord,IA,"Syphilis Total Ab w/ Reflex, S","Syphilis Total Ab w/ Reflex, S"
26848-2,Interleukin 10,MCnc,Pt,Ser/Plas,Qn,,IL-10,IL-10
27161-9,Interleukin 4,MCnc,Pt,Ser/Plas,Qn,,IL-4,IL-4
33822-8,Interleukin 13,MCnc,Pt,Ser/Plas,Qn,,IL-13,IL-13
33938-2,Interleukin 5,MCnc,Pt,Ser/Plas,Qn,,IL-5,IL-5
94581-6,Herpes simplex virus 1 DNA,PrThr,Pt,XXX,Ord,Non-probe.amp.tar,HSV 1 PCR,HSV 1 PCR
94582-4,Herpes simplex virus 2 DNA,PrThr,Pt,XXX,Ord,Non-probe.amp.tar,HSV 2 PCR,HSV 2 PCR
39111-0,Body site,Anat,Pt,^Patient,Nom,,Specimen Source,Specimen Source
57733-8,Beta-trace protein,MCnc,Pt,Body fld,Qn,,"Beta-Trace Protein, BF","Beta-Trace Protein, BF"
33643-8,Limulus amebocyte lysate test,ACnc,Pt,Flu.nonbiological,Qn,,Limulus Lysate,Limulus Lysate
56718-0,Islet cell 512 Ab,ACnc,Pt,Ser,Qn,IA,IA-2 Antibody,IA-2 Antibody
787-2,Observation,EntMeanVol,Pt,RBC,Qn,Automated count,MCV,MCV
31209-0,Islet cell 512 Ab,ACnc,Pt,Ser,Qn,,IA-2 Autoantibodies,IA-2 Autoantibodies
8251-1,Service comment,Imp,Pt,XXX,Nom,,Type 1 Diabetes Interpretation,Type 1 Diabetes Interpretation
8072-1,Insulin Ab,ACnc,Pt,Ser,Qn,,Insulin Antibodies,Insulin Antibodies
56540-8,Glutamate decarboxylase 65 Ab,ACnc,Pt,Ser,Qn,IA,Anti GAD 65 Antibodies,Anti GAD 65 Antibodies
3886-9,Oxazepam,MCnc,Pt,Ser/Plas,Qn,,Oxazepam,Oxazepam
2991-8,Testosterone.free,MCnc,Pt,Ser/Plas,Qn,,"Testosterone, Free","Testosterone, Free"
2986-8,Testosterone,MCnc,Pt,Ser/Plas,Qn,,"Testosterone, Total, MS","Testosterone, Total, MS"
2990-0,Testosterone.free+weakly bound,MCnc,Pt,Ser/Plas,Qn,,"Testosterone, Bioavailable","Testosterone, Bioavailable"
1751-7,Albumin,MCnc,Pt,Ser/Plas,Qn,,Albumin,Albumin
13967-5,Sex hormone binding globulin,SCnc,Pt,Ser/Plas,Qn,,SHBG,SHBG
11579-0,Thyrotropin,ACnc,Pt,Ser/Plas,Qn,Detection limit <= 0.05 mIU/L,"TSH, Sensitive, S","TSH, Sensitive, S"
40842-7,Galactose 1 phosphate,MCnc,Pt,Bld.dot,Qn,,"Galactose-1-Phosphate, BS","Galactose-1-Phosphate, BS"
104665-5,DPYD Activity Score,Score,Pt,Bld/Tiss,SemiQn,,DPYD Total Activity Score,DPYD Total Activity Score
10343-2,Temazepam,MCnc,Pt,Ser/Plas,Qn,,Temazepam,Temazepam
55912-0,Arylsulfatase,CCnc,Pt,Bld.dot,Qn,,Arylsulfatase A,Arylsulfatase A
85512-2,Hepatitis D virus RNA,ACnc,Pt,Ser/Plas,Qn,Probe.amp.tar,"HDV RNA Detect / Quant, S","HDV RNA Detect / Quant, S"
87561-7,Ehrlichia muris eauclairensis groEL gene,PrThr,Pt,Bld,Ord,Non-probe.amp.tar,Ehrlichia muris eauclairensis,Ehrlichia muris eauclairensis
99073-9,Kelch-like protein 11 Ab.IgG,PrThr,Pt,CSF,Ord,CBA IFA,"KLHL11-IgG CBA, CSF","KLHL11-IgG CBA, CSF"
99072-1,Kelch-like protein 11 Ab.IgG,PrThr,Pt,Ser,Ord,CBA IFA,"KLHL11-IgG CBA, S","KLHL11-IgG CBA, S"
18262-6,Cholesterol.in LDL,MCnc,Pt,Ser/Plas,Qn,Direct assay,"LDL Cholesterol, Direct","LDL Cholesterol, Direct"
1690-7,5'-Nucleotidase,CCnc,Pt,Ser/Plas,Qn,,"5'-Nucleotidase, S","5'-Nucleotidase, S"
16236-2,Butabarbital,MCnc,Pt,Urine,Qn,Confirm,"Butabarbital, S","Butabarbital, S"
2053-7,Carotene,MCnc,Pt,Ser/Plas,Qn,,"Carotene, Beta","Carotene, Beta"
106727-1,Adenovirus DNA,ACnc,Pt,Ser/Plas,Qn,Probe.amp.tar,"Adenovirus DNA Detect/Quant, P","Adenovirus DNA Detect/Quant, P"
60252-4,MGMT gene methylation,Arb,Pt,Tiss,Ord,Molgen,Result,Result
79177-2,Clostridioides difficile glutamate dehydrogenase & toxins A+B,PrThr,Pt,Stool,Ord,IA.rapid,"C. difficile Toxin Antigen, Feces","C. difficile Toxin Antigen, Feces"
71693-6,Platelets.reticulated/Platelets,NFr,Pt,Bld,Qn,Automated count,Immature Platelet Fraction,Immature Platelet Fraction
44780-5,Organ donor ID number,ID,Pt,^Donor,Nar,,Donor 1 ID,Donor 1 ID
69965-2,Clinical cytogeneticist review,Imp,Pt,XXX,Nar,,Interpretation,Interpretation
22244-8,Cytomegalovirus Ab.IgG,PrThr,Pt,Ser/Plas,Ord,,"CMV Ab, IgG, S","CMV Ab, IgG, S"
30325-5,Cytomegalovirus Ab.IgM,PrThr,Pt,Ser/Plas,Ord,,"CMV Ab, IgM, S","CMV Ab, IgM, S"
5228-2,Immune complex,ACnc,Pt,Ser/Plas,Qn,,"CIC, C3 fragments","CIC, C3 fragments"
27831-7,Immune complex,ACnc,Pt,Ser/Plas,Qn,C1q binding assay,"CIC, C1q Binding","CIC, C1q Binding"
8039-0,Toxoplasma gondii Ab.IgG,ACnc,Pt,Ser,Qn,,Toxoplasma IgG Value,Toxoplasma IgG Value
40677-7,Toxoplasma gondii Ab.IgG,PrThr,Pt,Ser,Ord,IA,"Toxoplasma Ab, IgG, S","Toxoplasma Ab, IgG, S"
40678-5,Toxoplasma gondii Ab.IgM,PrThr,Ser/Plas,Ord,IA,,"Toxoplasma Ab, IgM, S","Toxoplasma Ab, IgM, S"
48008-7,Allele name,ID,Pt,Bld/Tiss,Nom,Molgen,Other Identified Alleles,Other Identified Alleles
105127-5,Offspring or Inheritance risk,Likelihood,Pt,^Newborn,Nar,Molgen,Offspring Risk,Offspring Risk
75051-3,Xylose/Creatinine,SRto,Pt,Urine,Qn,,Xylose,Xylose
34309-5,Fructose/Creatinine,SRto,Pt,Urine,Qn,,Fructose,Fructose
25102-5,Galactose/Creatinine,SRto,Pt,Urine,Qn,,Galactose,Galactose
34312-9,Glucose/Creatinine,SRto,Pt,Urine,Qn,,Glucose,Glucose
76132-0,Sucrose/Creatinine,SRto,Pt,Urine,Qn,,Sucrose,Sucrose
74438-3,Lactose/Creatinine,SRto,Pt,Urine,Qn,,Lactose,Lactose
74895-4,Maltose/Creatinine,SRto,Pt,Urine,Qn,,Maltose,Maltose
48147-3,Oligosaccharides/Creatinine,SRto,Pt,Urine,Qn,,Raffinose,Raffinose
5809-9,Reducing substances,PrThr,Pt,Urine,Ord,,Reducing Substances,Reducing Substances
In Process,Other cells/Leukocytes,NFr,Pt,Body fld,Qn,Manual count,Other Cells,Other Cells
4544-3,Erythrocyte/Blood,VFr,Pt,Bld,Qn,Automated count,Hematocrit,Hematocrit
44798-7,Burkholderia sp,Prid,Pt,XXX,Nom,Organism specific culture,"Bacterial Culture, Cystic Fibrosis","Bacterial Culture, Cystic Fibrosis"
34962-1,Cells.CD3+TCR alpha beta+/Cells,NFr,Pt,Bld,Qn,,%alpha/beta-TCR DNT,%alpha/beta-TCR DNT
98979-8,Glomerular filtration rate,ArVRat,Pt,Ser/Plas/Bld,Qn,Creatinine-based formula (CKD-EPI 2021),Estimated GFR (eGFR),Estimated GFR (eGFR)
9816-0,Actinomyces sp,Prid,Pt,XXX,Nom,Organism specific culture,Actinomyces Culture,Actinomyces Culture
96416-3,Cells.CD3+CD14-CD45+DOCK8+/Cells.CD3+CD14-CD45+,NFr,Pt,Bld,Qn,Flow cytometry,%CD3+DOCK8+,%CD3+DOCK8+
96417-1,Cells.CD3-CD14-CD19+CD45+DOCK8+/Cells.CD3-CD14-CD19+CD45+,NFr,Pt,Bld,Qn,Flow cytometry,%CD19+DOCK8+,%CD19+DOCK8+
96418-9,Cells.CD3-CD14-CD45+CD56+DOCK8+/Cells.CD3-CD14-CD45+CD56+,NFr,Pt,Bld,Qn,Flow cytometry,%CD56+DOCK8+,%CD56+DOCK8+
96419-7,Cells.CD3-CD14+CD45+DOCK8+/Cells.CD3-CD14+CD45+,NFr,Pt,Bld,Qn,Flow cytometry,%CD14+DOCK8+,%CD14+DOCK8+
95575-7,17 Hydroxypregnanolone,Zscore,24H,Urine,Qn,,17a-OH-Pregnanolone Z-score,17a-OH-Pregnanolone Z-score
95204-4,Cells.CD8.PMA+ionomycin stimulated gamma interferon producing/cells.CD3+CD8+,NFr,Pt,Bld,Qn,Flow cytometry,IFN-gamma expression,IFN-gamma expression
95203-6,Cells.CD8.PMA+ionomycin stimulated CD107a+b expressing/cells.CD3+CD8+,NFr,Pt,Bld,Qn,Flow cytometry,CD107a/b expression,CD107a/b expression
94576-6,Mycobacterium tuberculosis complex species,Prid,Pt,Isolate,Nom,Probe.amp.tar,"M tuberculosis species ID, PCR","M tuberculosis species ID, PCR"
93361-4,Plasma cells.monotypic.S phase/cells,NFr,Pt,Bone mar,Qn,Flow cytometry,Monotypic Plasma Cells S-phase,Monotypic Plasma Cells S-phase
9335-1,Observation,Aper,Pt,Body fld,Nom,,Gross Appearance,Gross Appearance
90738-6,Erythrocytes.CD59 complete loss/Cells.235a,NFr,Pt,Bld,Qn,,PNH RBC-Complete Ag Loss,PNH RBC-Complete Ag Loss
90737-8,Cells.CD24-FLAER-/cells.CD15,NFr,Pt,Bld,Qn,,PNH Granulocytes,PNH Granulocytes
90736-0,Cells.CD14-FLAER-/cells.CD33,NFr,Pt,Bld,Qn,,PNH Monocytes,PNH Monocytes
89996-3,Pneumocystis jirovecii DNA,PrThr,Pt,Respiratory system specimen.lower,Ord,Non-probe.amp.tar,"Pneumocystis PCR, Result","Pneumocystis PCR, Result"
89431-1,Cells.CD25/Cells.CD4,NFr,Pt,Bld,Qn,,%Activated CD4 T cells (4+CD25+),%Activated CD4 T cells (4+CD25+)
89360-2,Cells.CD45RA/Cells.CD4,NFr,Pt,Bld,Qn,,%CD4+CD45RA+ naive T cells,%CD4+CD45RA+ naive T cells
89362-8,Cells.CD45RO/Cells.CD4,NFr,Pt,Bld,Qn,,%CD4+CD45RO+ memory T cells,%CD4+CD45RO+ memory T cells
89355-2,Cells.CD21-/Cells.CD19,NFr,Pt,Bld,Qn,,CD21- % of CD19+ B Cells,CD21- % of CD19+ B Cells
89356-0,Cells.CD21/Cells.CD19,NFr,Pt,Bld,Qn,,CD21+ % of CD19+ B Cells,CD21+ % of CD19+ B Cells
89358-6,Cells.CD27/Cells.CD19,NFr,Pt,Bld,Qn,,CD27+ % of CD19+ B Cells,CD27+ % of CD19+ B Cells
89352-9,Cells.CD27+IgD+IgM+/Cells.CD19,NFr,Pt,Bld,Qn,,CD27+ IgM+ IgD+ % of CD19+ B Cells,CD27+ IgM+ IgD+ % of CD19+ B Cells
89348-7,Cells.CD27+IgD-IgM+/Cells.CD19,NFr,Pt,Bld,Qn,,CD27+ IgM+ IgD- % of CD19+ B Cells,CD27+ IgM+ IgD- % of CD19+ B Cells
89350-3,Cells.CD27+IgD-IgM-/Cells.CD19,NFr,Pt,Bld,Qn,,CD27+ IgM- IgD- % of CD19+ B Cells,CD27+ IgM- IgD- % of CD19+ B Cells
89344-6,Cells.CD38+IgM-/Cells.CD19,NFr,Pt,Bld,Qn,,CD38+ IgM- % of CD19+ B Cells,CD38+ IgM- % of CD19+ B Cells
89346-1,Cells.IgM/Cells.CD19,NFr,Pt,Bld,Qn,,IgM+ % of CD19+ B Cells,IgM+ % of CD19+ B Cells
89332-1,Cells.CD28+HLA DR+/Cells.CD3+CD8+,NFr,Pt,Bld,Qn,,%CD8+HLA DR+CD28+ T cells,%CD8+HLA DR+CD28+ T cells
89341-2,Cells.CD38+IgM+/Cells.CD19,NFr,Pt,Bld,Qn,,CD38+ IgM+ % of CD19+ B Cells,CD38+ IgM+ % of CD19+ B Cells
89340-4,Cells.CD27+CD62L+/Cells.CD3+CD4+,NFr,Pt,Bld,Qn,,%CD4+CD62L+CD27+ naive T cells,%CD4+CD62L+CD27+ naive T cells
89339-6,Cells.CD27+CD62L+/Cells.CD3+CD8+,NFr,Pt,Bld,Qn,,%CD8+CD62L+CD27+naive T cells,%CD8+CD62L+CD27+naive T cells
89338-8,Cells.CD27+CD45RO+CD62L+CCR7+/Cells.CD3+CD4+,NFr,Pt,Bld,Qn,,%CD4+CD62L+CD27+CD45RO+ (Tcm),%CD4+CD62L+CD27+CD45RO+ (Tcm)
89337-0,Cells.CD27-CD45RO+CD62L-CCR7-/Cells.CD3+CD4+,NFr,Pt,Bld,Qn,,%CD4+CD62L-CD27-CD45RO+ (Tem),%CD4+CD62L-CD27-CD45RO+ (Tem)
89336-2,Cells.CD45RO/Cells.CD3+CD8+,NFr,Pt,Bld,Qn,,%CD8+CD45RO+ memory T cells,%CD8+CD45RO+ memory T cells
89335-4,Cells.CD27+CD45RO+CD62L+CCR7+/Cells.CD3+CD8+,NFr,Pt,Bld,Qn,,%CD8+CD62L+CD27+CD45RO+ (Tcm),%CD8+CD62L+CD27+CD45RO+ (Tcm)
89334-7,Cells.CD27-CD45RO+CD62L-CCR7-/Cells.CD3+CD8+,NFr,Pt,Bld,Qn,,%CD8+CD62L-CD27-CD45RO+ (Tem),%CD8+CD62L-CD27-CD45RO+ (Tem)
89333-9,Cells.CD28+HLA DR+/Cells.CD3+CD4+,NFr,Pt,Bld,Qn,,%CD4+HLA DR+CD28+ T cells,%CD4+HLA DR+CD28+ T cells
89320-6,Cells.CD25+CD45RO+CD127Low+/Cells.CD4,NFr,Pt,Bld,Qn,,% Natural Tregs,% Natural Tregs
89319-8,Cells.CD25+CD45RA+CD127Low+/Cells.CD4,NFr,Pt,Bld,Qn,,% N. Naive Tregs,% N. Naive Tregs
89318-0,Cells.CD25-CD127+/Cells.CD4,NFr,Pt,Bld,Qn,,% CD4+CD25-CD127+ (Tr1/Th3),% CD4+CD25-CD127+ (Tr1/Th3)
89311-5,Cells.CD3-CD45+/cells,NFr,Pt,Bld,Qn,,% Total CD45+CD3- cells,% Total CD45+CD3- cells
890-4,Blood group antibody,PrThr,Pt,Ser/Plas,Ord,Blood group antibody screen,"Antibody Screen, RBC","Antibody Screen, RBC"
888-8,Blood group antibodies,Prid,Pt,Ser/Plas,Nom,,"Antibody Identification, RBC","Antibody Identification, RBC"
88586-3,Shigella sp,Prid,Pt,Stool,Nom,Organism specific culture,"Shigella Culture, F","Shigella Culture, F"
88052-6,Cells.CD4-CD8-CD45R+TCR alpha beta+/cells.CD3,NFr,Pt,Bld,Qn,Flow cytometry,% TCR+DNT B220+,% TCR+DNT B220+
85330-9,Cells.Ki-67 nuclear Ag/cells,NFr,Pt,Breast cancer specimen,Qn,Immune stain,Interpretation,Interpretation
82744-4,Cells.CD8+CD45RA+/cells.CD8,NFr,Pt,Bld,Qn,,%CD8+CD45RA+ naive T cells,%CD8+CD45RA+ naive T cells
8133-1,Cells.CD56/cells,NFr,Pt,Bld,Qn,,% Cytokine-Producing NK (CD56++),% Cytokine-Producing NK (CD56++)
8124-0,Cells.CD3/cells,NFr,Pt,Bld,Qn,,% CD3 (T Cells),% CD3 (T Cells)
8119-0,Cells.CD20/cells,NFr,Pt,Bld,Qn,,%CD20 B-Cells,%CD20 B-Cells
8117-4,Cells.CD19/cells,NFr,Pt,Bld,Qn,,% CD19 (B Cells),% CD19 (B Cells)
8112-5,Cells.CD3-CD16+CD56+/cells,NFr,Pt,Bld,Qn,,% CD16+CD56 (NK cells),% CD16+CD56 (NK cells)
8101-8,Cells.CD3+CD8+/cells,NFr,Pt,Bld,Qn,,% CD8 (T Cells),% CD8 (T Cells)
30437-8,Monocytes+Macrophages/Leukocytes,NFr,Pt,Body fld,Qn,,Monocytes/Macrophages,Monocytes/Macrophages
29593-1,Cells.Ki-67 nuclear Ag/Cells,NFr,Pt,Tiss,Qn,Immune stain,Interpretation,Interpretation
28549-4,Yersinia sp,Prid,Pt,Stool,Nom,Organism specific culture,"Yersinia Culture, F","Yersinia Culture, F"
28543-7,Basophils/Leukocytes,NFr,Pt,Body fld,Qn,,Basophils,Basophils
2695-5,Observation,Osmol,Pt,Urine,Qn,,"Osmolality, U","Osmolality, U"
2694-8,Observation,Osmol,24H,Urine,Qn,,"Osmolality, 24 HR, U","Osmolality, 24 HR, U"
2692-2,Observation,Osmol,Pt,Ser/Plas,Qn,,"Osmolality, S","Osmolality, S"
26513-2,Neutrophils/Leukocytes,NFr,Pt,Body fld,Qn,,Neutrophils,Neutrophils
26452-3,Eosinophils/Leukocytes,NFr,Pt,Body fld,Qn,,Eosinophils,Eosinophils
20932-0,Parasite,Prid,Pt,XXX,Nom,Inspection,Parasite Identification,Parasite Identification
20785-2,Drugs,Prid,Pt,Ser/Plas,Nom,Screen,Drugs detected:,Drugs detected:
17849-1,Reticulocytes/Erythrocytes,NFr,Pt,Bld,Qn,Automated count,"Reticulocytes, B","Reticulocytes, B"
17135-5,Cells.CD3+CD56+/Cells,NFr,Pt,Bld,Qn,,% NKT cells (CD3+CD56+),% NKT cells (CD3+CD56+)
13332-2,Cells.CD4+CD25+/Cells,NFr,Pt,Bld,Qn,,% Activated CD4+ T cells (4+CD25+),% Activated CD4+ T cells (4+CD25+)
12286-1,Drugs,Prid,Pt,Urine,Nom,Screen,Drugs detected:,Drugs detected:
11031-2,Lymphocytes/Leukocytes,NFr,Pt,Body fld,Qn,,Lymphocytes,Lymphocytes
10857-1,Microsporidia,Prid,Pt,XXX,Nom,Microscopy.light,Microsporidia Stain,Microsporidia Stain
10715-1,Schistosoma sp,Prid,Pt,Urine sed,Nom,Microscopy.light,"Schistosoma Exam, U","Schistosoma Exam, U"
10662-5,Filaria,Prid,Pt,Bld,Nom,Concentration,"Filaria, B","Filaria, B"
10622-9,Spermatozoa.normal/Spermatozoa,NFr,Pt,Semen,Qn,,Strict Morph NL,Strict Morph NL
10604-7,Spermatozoa.abnormal tail/Spermatozoa,NFr,Pt,Semen,Qn,,Tail Defect,Tail Defect
10603-9,Spermatozoa.abnormal midpiece/Spermatozoa,NFr,Pt,Semen,Qn,,Midpiece Defect,Midpiece Defect
104698-6,N-acetyl-L-glutamate/Creatinine,SRto,Pt,Urine,Qn,,N-acetylglutamic acid,N-acetylglutamic acid
101570-0,Spermatozoa.normal chromatin/Spermatozoa,Nfr,Pt,Semen,Qn,,Supravital Stain,Supravital Stain
101148-5,Monocytes.CD14+CD16-/Monocytes,NFr,Pt,Bld,Qn,,MO1 (Classical Monocytes),MO1 (Classical Monocytes)
101130-3,Mast cells/Cells,NFr,Pt,Bone mar,Qn,Flow cytometry,% Mast Cells,% Mast Cells
101147-7,Monocytes/Leukocytes,NFr,Pt,Bld,Qn,Flow cytometry,% Monocytes of WBC,% Monocytes of WBC
8659-5,Birth control method,Type,Pt,^Patient,Nom,Reported,Hormone Therapy/Contraceptives,Hormone Therapy/Contraceptives
35265-8,Path report.addendum,Find,Pt,Specimen,Nar,,Addendum,Addendum
22634-0,Path report.gross observation,Find,Pt,Specimen,Nar,,Gross Description,Gross Description
22633-2,Path report.site of origin,Anat,Pt,Specimen,Nar,,Pap Test Source,Pap Test Source
22636-5,Path report.relevant Hx,Find,Pt,Specimen,Nar,,Clinical History,Clinical History
8678-5,Menstrual status,Find,Pt,^Patient,Nom,Reported,"Menstrual Status (LMP, PM, Pregnant)","Menstrual Status (LMP, PM, Pregnant)"
101462-0,Septin-5 Ab.IgG,PrThr,Pt,CSF,Ord,CBA IFA,"Septin-5 CBA, CSF","Septin-5 CBA, CSF"
101463-8,Septin-5 Ab.IgG,PrThr,Pt,Ser/Plas,Ord,CBA IFA,"Septin-5 CBA, S","Septin-5 CBA, S"
101467-9,Septin-7 Ab.IgG,PrThr,Pt,Ser/Plas,Ord,CBA IFA,"Septin-7 CBA, S","Septin-7 CBA, S"
101466-1,Septin-7 Ab.IgG,PrThr,Pt,CSF,Ord,CBA IFA,"Septin-7 CBA, CSF","Septin-7 CBA, CSF"
92142-9,Influenza virus A RNA,PrThr,Pt,Respiratory System Specimen,Ord,Probe.amp.tar,"Influenza A, PCR","Influenza A, PCR"
92141-1,Influenza virus B RNA,PrThr,Pt,Respiratory System Specimen,Ord,Probe.amp.tar,"Influenza B, PCR","Influenza B, PCR"
92131-2,Respiratory syncytial virus RNA,PrThr,Pt,Respiratory System Specimen,Ord,Probe.amp.tar,"Respiratory Syncytial Virus, PCR","Respiratory Syncytial Virus, PCR"
93233-5,Intercellular substance Ab.IgG,PrThr,Pt,Ser,Ord,IF,Cell Surface Ab IgG,Cell Surface Ab IgG
29994-1,Basement membrane Ab.IgG,PrThr,Pt,Ser,Ord,IF,Basement Membrane IgG,Basement Membrane IgG
107222-2,Torsemide,PrThr,Pt,Urine,Ord,,"Torsemide, Random, U","Torsemide, Random, U"
107228-9,amLODIPine,PrThr,Pt,Urine,Ord,,"Amlodipine, Random, U","Amlodipine, Random, U"
107227-1,Carvedilol,PrThr,Pt,Urine,Ord,,"Carvedilol, Random, U","Carvedilol, Random, U"
107225-5,Lisinopril,PrThr,Pt,Urine,Ord,,"Lisinopril, Random, U","Lisinopril, Random, U"
107224-8,Losartan,PrThr,Pt,Urine,Ord,,"Losartan, Random, U","Losartan, Random, U"
107223-0,Terazosin,PrThr,Pt,Urine,Ord,,"Terazosin, Random, U","Terazosin, Random, U"
104831-3,Intercellular substance Ab.IgG,Titr,Pt,Ser,SemiQn,IF,"Cell Surface Ab Titer, IgG","Cell Surface Ab Titer, IgG"
104836-2,Basement membrane Ab.IgG,Titr,Pt,Ser,SemiQn,IF,"Basement Membrane Titer, IgG","Basement Membrane Titer, IgG"
101281-4,Neurofilament light chain,MCnc,Pt,Ser/Plas,Qn,IA,"Neurofilament Light Chain, P","Neurofilament Light Chain, P"
106533-3,P200 pemphigoid Ab.IgG,PrThr,Pt,Ser/Plas,Ord,IF,p200 Antibodies,p200 Antibodies
106534-1,Collagen type VII Ab.IgG,PrThr,Pt,Ser/Plas,Ord,IF,Collagen VII Antibodies,Collagen VII Antibodies
106532-5,Laminin 332 Ab.IgG,PrThr,Pt,Ser/Plas,Ord,IF,Laminin 332 Antibodies,Laminin 332 Antibodies
13629-1,Interleukin 1 beta,MCnc,Pt,Ser/Plas,Qn,,IL-1 beta,IL-1 beta
105288-5,Neutrophil membrane Ab,Imp,Pt,Ser/Plas,Nar,,GIFT/GAT Interpretation,GIFT/GAT Interpretation
105286-9,Neutrophil membrane Ab,PrThr,Pt,Ser/Plas,Ord,Flow cytometry,GIFT Result,GIFT Result
105287-7,Neutrophil membrane Ab,PrThr,Pt,Ser/Plas,Ord,Aggl,GAT Result,GAT Result
76039-7,Interleukin 2 receptor.soluble,MCnc,Pt,Ser/Plas,Qn,,IL-2 receptor alpha soluble,IL-2 receptor alpha soluble
75056-2,Pyridoxal phosphate,SCnc,Pt,CSF,Qn,,Pyridoxal 5-Phosphate Concentration,Pyridoxal 5-Phosphate Concentration
3360-5,Atenolol,PrThr,Pt,Urine,Ord,,"Atenolol, Random, U","Atenolol, Random, U"
52960-2,cloNIDine,PrThr,Pt,Urine,Ord,,"Clonidine, Random, U","Clonidine, Random, U"
16983-9,hydrALAZINE,PrThr,Pt,Urine,Ord,,"Hydralazine, Random, U","Hydralazine, Random, U"
3705-1,Labetalol,PrThr,Pt,Urine,Ord,,"Labetalol, Random, U","Labetalol, Random, U"
3816-6,Metoprolol,PrThr,Pt,Urine,Ord,,"Metoprolol, Random, U","Metoprolol, Random, U"
12318-2,Spironolactone,PrThr,Pt,Urine,Ord,,"7a-Thiomethylspironolactone, R, U","7a-Thiomethylspironolactone, R, U"
104760-4,Cytomegalovirus DNA,PrThr,Pt,XXX,Ord,Molgen,"CMVLR, PCR","CMVLR, PCR"
3167-4,Specimen volume,Vol,24H,Urine,Qn,,Volume (mL),Volume (mL)
30567-2,Thyroid stimulating immunoglobulins,ACnc,Pt,Ser,Qn,,Thyroid Stim Immunoglobulin,Thyroid Stim Immunoglobulin
104696-0,N-acetylglycine/Creatinine,SRto,Pt,Urine,Qn,,N-acetylglycine,N-acetylglycine
104697-8,N-acetyl-L-alanine/Creatinine,SRto,Pt,Urine,Qn,,N-acetylalanine,N-acetylalanine
104699-4,N-acetyl-L-methionine/Creatinine,SRto,Pt,Urine,Qn,,N-acetylmethionine,N-acetylmethionine
76023-1,N-acetyl-L-aspartate/Creatinine,SRto,Pt,Urine,Qn,,N-acetylaspartic acid,N-acetylaspartic acid
104459-3,Varicella zoster virus Ab.IgG,PrThr,Pt,CSF,Ord,IA,VZV Antibody IgG CSF,VZV Antibody IgG CSF
105193-7,Treponema pallidum Ab.IgG Index,ACnc,Pt,Ser+CSF,Qn,,Neurosyphilis IgG Ab Index Value,Neurosyphilis IgG Ab Index Value
2655-9,Neurotensin,MCnc,Pt,Plas,Qn,,Neurotensin,Neurotensin
93494-3,Buprenorphine,PrThr,Pt,Urine,Ord,Screen,"Buprenorphine Screen, U","Buprenorphine Screen, U"
70073-2,Amyloid beta 40 peptide,MCnc,Pt,Plas,Qn,,Amyloid Beta (1-40),Amyloid Beta (1-40)
31146-4,Reagin Ab,Titr,Pt,CSF,SemiQn,VDRL,"VDRL Titer,CSF","VDRL Titer,CSF"
2736-7,Pepsinogen I,MCnc,Pt,Ser/Plas,Qn,,Pepsinogen I,Pepsinogen I
60570-9,Consultation note,Find,Pt,{Setting},Doc,Pathology,Interpretation,Interpretation
50595-8,Pathologist interpretation,Imp,Pt,XXX,Nom,,Participated in the Interpretation,Participated in the Interpretation
69050-3,Toxicologist review,Imp,Pt,XXX,Nar,,PEth Interpretation,PEth Interpretation
13660-6,Gonadotropin releasing hormone,MCnc,Pt,Ser/Plas,Qn,,Gonadotropin Releasing Hormone,Gonadotropin Releasing Hormone
2081-8,Cholecystokinin,MCnc,Pt,Plas,Qn,,Cholecystokinin (CCK),Cholecystokinin (CCK)
49867-5,Endothelin I,MCnc,Pt,Ser/Plas,Qn,,Endothelin I,Endothelin I
76474-6,Ghrelin,MCnc,Pt,Ser/Plas,Qn,,Ghrelin Total,Ghrelin Total
49013-6,Pancreastatin,MCnc,Pt,Ser/Plas,Qn,,"Pancreastatin, Plasma","Pancreastatin, Plasma"
1858-0,Angiotensin I,MCnc,Pt,Plas,Qn,,"Angiotensin I, P","Angiotensin I, P"
14177-0,Growth hormone-releasing hormone,MCnc,Pt,Ser/Plas,Qn,,Growth Hormone Releasing Hormone,Growth Hormone Releasing Hormone
41760-0,Interleukin 12,MCnc,Pt,Ser/Plas,Qn,,IL-12p70,IL-12p70
3074-2,Tumor necrosis factor.alpha,MCnc,Pt,Ser/Plas,Qn,,TNF,TNF
27415-9,Interferon.gamma,MCnc,Pt,Ser/Plas,Qn,,IFN-gamma,IFN-gamma
33939-0,Interleukin 2,MCnc,Pt,Ser/Plas,Qn,,IL-2,IL-2
33821-0,Interleukin 1 alpha,MCnc,Pt,Ser/Plas,Qn,,Interleukin 1-Alpha,Interleukin 1-Alpha
12838-9,Prostaglandin D2,MCnc,Pt,Urine,Qn,,"Prostaglandin D2 (PG D2), U","Prostaglandin D2 (PG D2), U"
12839-7,Prostaglandin D2,MCnc,Pt,Ser/Plas,Qn,,Prostaglandin D2 (PGD2),Prostaglandin D2 (PGD2)
20878-5,Bacteria,Prid,Pt,Isolate,Nom,Anaerobic culture,"Organism Ref for ID, Anaerobic Bact","Organism Ref for ID, Anaerobic Bact"
14048-3,Elastase.pancreatic,MCnc,Pt,Ser,Qn,,Pancreatic Elastase-1,Pancreatic Elastase-1
49388-2,Herpes virus 6 DNA,NCnc,Pt,CSF,Qn,Probe.amp.tar,"HHV6 A DNA Detect/Quant, CSF","HHV6 A DNA Detect/Quant, CSF"
49392-4,Herpes virus 6 DNA,NCnc,Pt,Ser/Plas,Qn,Probe.amp.tar,"HHV6 A DNA Detect/Quant, P","HHV6 A DNA Detect/Quant, P"
676-7,Observation,Prid,Pt,XXX,Nom,Rhodamine-auramine fluorochrome stain,Acid Fast Smear For Mycobacterium,Acid Fast Smear For Mycobacterium
673-4,Ova & parasites,Prid,Pt,XXX,Nom,Microscopy.light,"Ova and Parasite, Microscopy, Varies","Ova and Parasite, Microscopy, Varies"
658-5,Observation,Prid,Pt,XXX,Nom,Calcofluor white preparation,Fungal Smear,Fungal Smear
635-3,Bacteria,Prid,Pt,XXX,Nom,Anaerobic culture,"Bacterial Culture, Anaerobic","Bacterial Culture, Anaerobic"
101634-4,HBB gene deletion+duplication,Find,Pt,Bld/Tiss,Doc,MLPA,Beta Globin Gene Cluster Del/Dup,Beta Globin Gene Cluster Del/Dup
96460-1,Thyroglobulin^post thyroglobulin antibody neutralization,MCnc,Pt,Ser/Plas,Qn,IA,"Thyroglobulin, Tumor Marker, S","Thyroglobulin, Tumor Marker, S"
105522-7,Phosphodiesterase 10A Ab.IgG,Titr,Pt,CSF,SemiQn,IF,"PDE10A Ab IFA Titer, CSF","PDE10A Ab IFA Titer, CSF"
105523-5,Phosphodiesterase 10A Ab.IgG,Titr,Pt,Ser/Plas,SemiQn,IF,"PDE10A Ab IFA Titer, S","PDE10A Ab IFA Titer, S"
105524-3,Tripartite motif containing 46 Ab.IgG,PrThr,Pt,CSF,Ord,IF,"TRIM46 Ab CBA, CSF","TRIM46 Ab CBA, CSF"
105525-0,Tripartite motif containing 46 Ab.IgG,PrThr,Pt,Ser/Plas,Ord,IF,"TRIM46 Ab CBA, S","TRIM46 Ab CBA, S"
105527-6,Tripartite motif containing 46 Ab.IgG,Titr,Pt,Ser/Plas,SemiQn,IF,"TRIM46 Ab IFA Titer, S","TRIM46 Ab IFA Titer, S"
105526-8,Tripartite motif containing 46 Ab.IgG,Titr,Pt,CSF,SemiQn,IF,"TRIM46 Ab IFA Titer, CSF","TRIM46 Ab IFA Titer, CSF"
1987-7,C peptide,MCnc,Pt,Urine,Qn,,"C-Peptide, Urine","C-Peptide, Urine"
27944-8,C peptide,MRat,24H,Urine,Qn,,"C-Peptide, Urine 24hr","C-Peptide, Urine 24hr"
97639-9,Streptococcus sp DNA,PrThr,Pt,Synv fld,Ord,Non-probe.amp.tar,Streptococcus spp.,Streptococcus spp.
97634-0,Staphylococcus aureus DNA,PrThr,Pt,Synv fld,Ord,Non-probe.amp.tar,Staphylococcus aureus,Staphylococcus aureus
97635-7,Staphylococcus lugdunensis DNA,PrThr,Pt,Synv fld,Ord,Non-probe.amp.tar,Staphylococcus lugdunensis,Staphylococcus lugdunensis
97636-5,Streptococcus agalactiae DNA,PrThr,Pt,Synv fld,Ord,Non-probe.amp.tar,Streptococcus agalactiae,Streptococcus agalactiae
97637-3,Streptococcus pneumoniae DNA,PrThr,Pt,Synv fld,Ord,Non-probe.amp.tar,Streptococcus pneumoniae,Streptococcus pneumoniae
97638-1,Streptococcus pyogenes DNA,PrThr,Pt,Synv fld,Ord,Non-probe.amp.tar,Streptococcus pyogenes,Streptococcus pyogenes
97633-2,Serratia marcescens DNA,PrThr,Pt,Synv fld,Ord,Non-probe.amp.tar,Serratia marcescens,Serratia marcescens
59464-8,Microbiologist review,Imp,Pt,XXX,Nar,,Interpretation,Interpretation
97628-2,Peptoniphilus sp DNA,PrThr,Pt,Synv fld,Ord,Non-probe.amp.tar,Peptoniphilus spp.,Peptoniphilus spp.
97629-0,Peptostreptococcus anaerobius DNA,PrThr,Pt,Synv fld,Ord,Non-probe.amp.tar,Peptostreptococcus anaerobius,Peptostreptococcus anaerobius
97616-7,Enterobacter cloacae complex DNA,PrThr,Pt,Synv fld,Ord,Non-probe.amp.tar,Enterobacter cloacae complex,Enterobacter cloacae complex
97619-1,Escherichia coli DNA,PrThr,Pt,Synv fld,Ord,Non-probe.amp.tar,Escherichia coli,Escherichia coli
97621-7,Haemophilus influenzae DNA,PrThr,Pt,Synv fld,Ord,Non-probe.amp.tar,Haemophilus influenzae,Haemophilus influenzae
97622-5,Kingella kingae DNA,PrThr,Pt,Synv fld,Ord,Non-probe.amp.tar,Kingella kingae,Kingella kingae
97623-3,Klebsiella aerogenes DNA,PrThr,Pt,Synv fld,Ord,Non-probe.amp.tar,Klebsiella aerogenes,Klebsiella aerogenes
97624-1,Klebsiella pneumoniae+Klebsiella variicola+Klebsiella quasipneumoniae DNA,PrThr,Pt,Synv fld,Ord,Non-probe.amp.tar,Klebsiella pneumoniae complex,Klebsiella pneumoniae complex
97625-8,Morganella morganii DNA,PrThr,Pt,Synv fld,Ord,Non-probe.amp.tar,Morganella morganii,Morganella morganii
97626-6,Neisseria gonorrhoeae DNA,PrThr,Pt,Synv fld,Ord,Non-probe.amp.tar,Neisseria gonorrhoeae,Neisseria gonorrhoeae
97630-8,Proteus sp DNA,PrThr,Pt,Synv fld,Ord,Non-probe.amp.tar,Proteus spp.,Proteus spp.
97631-6,Pseudomonas aeruginosa DNA,PrThr,Pt,Synv fld,Ord,Non-probe.amp.tar,Pseudomonas aeruginosa,Pseudomonas aeruginosa
97632-4,Salmonella sp DNA,PrThr,Pt,Synv fld,Ord,Non-probe.amp.tar,Salmonella spp.,Salmonella spp.
97617-5,Enterococcus faecalis DNA,PrThr,Pt,Synv fld,Ord,Non-probe.amp.tar,Enterococcus faecalis,Enterococcus faecalis
97618-3,Enterococcus faecium DNA,PrThr,Pt,Synv fld,Ord,Non-probe.amp.tar,Enterococcus faecium,Enterococcus faecium
97620-9,Finegoldia magna DNA,PrThr,Pt,Synv fld,Ord,Non-probe.amp.tar,Finegoldia magna,Finegoldia magna
97627-4,Parvimonas micra DNA,PrThr,Pt,Synv fld,Ord,Non-probe.amp.tar,Parvimonas micra,Parvimonas micra
97609-2,Anaerococcus prevotii+vaginalis DNA,PrThr,Pt,Synv fld,Ord,Non-probe.amp.tar,Anaerococcus prevotii/vaginalis,Anaerococcus prevotii/vaginalis
97614-2,Clostridium perfringens,PrThr,Pt,Synv fld,Ord,Non-probe.amp.tar,Clostridium perfringens,Clostridium perfringens
97615-9,Cutibacterium avidum+granulosum DNA,PrThr,Pt,Synv fld,Ord,Non-probe.amp.tar,Cutibacterium avidum/granulosum,Cutibacterium avidum/granulosum
97610-0,Bacteroides fragilis DNA,PrThr,Pt,Synv fld,Ord,Non-probe.amp.tar,Bacteroides fragilis,Bacteroides fragilis
97613-4,Citrobacter sp DNA,PrThr,Pt,Synv fld,Ord,Non-probe.amp.tar,Citrobacter spp.,Citrobacter spp.
97612-6,Candida sp DNA,PrThr,Pt,Synv fld,Ord,Non-probe.amp.tar,Candida spp.,Candida spp.
97611-8,Candida albicans DNA,PrThr,Pt,Synv fld,Ord,Non-probe.amp.tar,Candida albicans,Candida albicans
88250-6,Bacterial cephalosporin resistance blaCTX-M gene,PrThr,Pt,Isolate/Specimen,Ord,Molgen,CTX-M,CTX-M
85498-4,Bacterial carbapenem resistance blaIMP gene,PrThr,Pt,Isolate/Specimen,Ord,Molgen,IMP,IMP
49617-4,Bacterial carbapenem resistance blaKPC gene,PrThr,Pt,Isolate/Specimen,Ord,Molgen,KPC,KPC
96309-0,Bacterial methicillin resistance mecA+mecC genes+SCCmec+OrfX junction,PrThr,Pt,Isolate/Specimen,Ord,Molgen,mecA/C and MREJ (MRSA),mecA/C and MREJ (MRSA)
73982-1,Bacterial carbapenem resistance blaNDM gene,PrThr,Pt,Isolate/Specimen,Ord,Molgen,NDM,NDM
85827-4,Bacterial carbapenem resistance blaOXA-48-like gene,PrThr,Pt,Isolate/Specimen,Ord,Molgen,OXA-48-like,OXA-48-like
62261-3,Bacterial vancomycin resistance vanA+vanB genes,PrThr,Pt,Isolate/Specimen,Ord,Molgen,vanA/B,vanA/B
85501-5,Bacterial carbapenem resistance blaVIM gene,PrThr,Pt,Isolate/Specimen,Ord,Molgen,VIM,VIM
69052-9,Flow cytometry specialist review,Imp,Pt,XXX,Nar,,LLTOT Result,LLTOT Result
22637-3,Path report.final diagnosis,Imp,Pt,Specimen,Nar,,Final Diagnosis,Final Diagnosis
22635-7,Path report.microscopic observation,Prid,Pt,Specimen,Nar,XXX stain,Microscopic Description,Microscopic Description
13037-7,C peptide^post CFst,MCnc,Pt,Ser/Plas,Qn,,"C-Peptide, S","C-Peptide, S"
44702-9,Complement C1q Ab,ACnc,Pt,Ser,Qn,,"Anti-C1q Antibodies, IgG, S","Anti-C1q Antibodies, IgG, S"
74218-9,Apixaban,MCnc,Pt,Ser/Plas,Qn,LC/MS/MS,Apixaban,Apixaban
63254-7,Ganglioside GQ1b Ab.IgG,PrThr,Pt,Ser,Ord,IA,"GQ1b-IgG ELISA, S","GQ1b-IgG ELISA, S"
105041-8,Risankizumab,MCnc,Pt,Ser/Plas,Qn,,"Risankizumab, S","Risankizumab, S"
94423-1,Lysosomal enzymes screen,Imp,Pt,Urine,Nar,,Interpretation,Interpretation
105124-2,Guanidinoacetate/Creatine,SRto,Pt,Ser/Plas,Qn,,Guanidinoacetate/Creatine,Guanidinoacetate/Creatine
88894-1,Brivaracetam,MCnc,Pt,Ser/Plas,Qn,,"Brivaracetam, P","Brivaracetam, P"
101731-8,JC virus DNA,LaCnc,Pt,Ser/Plas,Qn,Probe.amp.tar,"JC Virus DNA, QN PCR","JC Virus DNA, QN PCR"
101342-4,JC virus DNA,ACnc,Pt,Ser/Plas,Qn,Probe.amp.tar,"JC Virus DNA, QN PCR","JC Virus DNA, QN PCR"
27811-9,Antithrombin actual/Normal,RelCCnc,Pt,PPP,Qn,Chromo,"Antithrombin Activity, w/ Reflex, P","Antithrombin Activity, w/ Reflex, P"
105047-5,Clostridioides difficile presence and susceptibility,Find,Pt,XXX,Doc,Organism specific culture,C. difficile Culture + Susc,C. difficile Culture + Susc
100684-0,Herpes virus 8 DNA,LnCnc,Pt,Bld,Qn,Probe.amp.tar,"Herpesvirus 8 DNA, QN PCR","Herpesvirus 8 DNA, QN PCR"
104872-7,Histoplasma capsulatum+Blastomyces dermatitidis Ag,MCnc,Pt,Urine,Qn,IA,Histoplasma/Blastomyces Ag Value,Histoplasma/Blastomyces Ag Value
104658-0,Sialate.free/Creatinine,SRto,Pt,Urine,Qn,,Free Sialic Acid,Free Sialic Acid
104659-8,Sialate.total/Creatinine,SRto,Pt,Urine,Qn,,Total Sialic Acid,Total Sialic Acid
104660-6,Sialate.free/Sialate.total,SRto,Pt,Urine,Qn,,Total/Free Sialic Acid Ratio,Total/Free Sialic Acid Ratio
104682-0,"1,1-Dimethoxyhexadecane",MCnc,Pt,Bld.dot,Qn,,"Hexadecanal-Dimethylacetal, C16 DMA","Hexadecanal-Dimethylacetal, C16 DMA"
104683-8,"1,1-Dimethoxyoctadecane",MCnc,Pt,Bld.dot,Qn,,"Octadecanal-Dimethylacetal, C18 DMA","Octadecanal-Dimethylacetal, C18 DMA"
104684-6,"1,1-Dimethoxy-(9Z)octadecene",MCnc,Pt,Bld.dot,Qn,,9Z-Octadecenal-DiMe acetal C18:1DMA,9Z-Octadecenal-DiMe acetal C18:1DMA
104685-3,"1,1-Dimethoxyhexadecane/palmitate",MRto,Pt,Bld.dot,Qn,,C16 DMA/C16:0,C16 DMA/C16:0
104686-1,"1,1-Dimethoxyoctadecane/octadecanoate",MRto,Pt,Bld.dot,Qn,,C18 DMA/C18:0,C18 DMA/C18:0
104679-6,"1,1-Dimethoxy-(9Z)octadecene",MCnc,Pt,RBC,Qn,,9Z-Octadecenal-DiMe acetal C18:1DMA,9Z-Octadecenal-DiMe acetal C18:1DMA
104677-0,"1,1-Dimethoxyhexadecane/palmitate",MRto,Pt,RBC,Qn,,C16 DMA/C16:0,C16 DMA/C16:0
104678-8,"1,1-Dimethoxyoctadecane/octadecanoate",MRto,Pt,RBC,Qn,,C18 DMA/C18:0,C18 DMA/C18:0
104681-2,"1,1-Dimethoxyhexadecane",MCnc,Pt,RBC,Qn,,"Hexadecanal-Dimethylacetal, C16 DMA","Hexadecanal-Dimethylacetal, C16 DMA"
104680-4,"1,1-Dimethoxyoctadecane",MCnc,Pt,RBC,Qn,,"Octadecanal-Dimethylacetal, C18 DMA","Octadecanal-Dimethylacetal, C18 DMA"
104631-7,Normetanephrine,MRat,24H,Urine,Qn,LC/MS/MS,"Normetanephrine, U","Normetanephrine, U"
104630-9,Metanephrines,MRat,24H,Urine,Qn,LC/MS/MS,"Total Metanephrines, U","Total Metanephrines, U"
104629-1,Metanephrine,MRat,24H,Urine,Qn,LC/MS/MS,"Metanephrine, U","Metanephrine, U"
104690-3,Bivalirudin,MCnc,Pt,PPP,Qn,Chromo,"Bivalirudin, Ecarin, P","Bivalirudin, Ecarin, P"
104832-1,Skin Ab.IgG,PrThr,Pt,Ser,Ord,Human split skin substrate,Primate Split Skin IgG,Primate Split Skin IgG
104829-7,Intercellular substance Ab.IgA,Titr,Pt,Ser,SemiQn,IF,Cell Surface Ab IgA,Cell Surface Ab IgA
104830-5,Basement membrane Ab.IgA,Titr,Pt,Ser,SemiQn,IF,Basement Membrane IgA,Basement Membrane IgA
104833-9,Skin Ab.IgA,PrThr,Pt,Ser/Plas,Ord,Monkey esophagus substrate,Primate Esophagus IgA,Primate Esophagus IgA
104834-7,Skin Ab.IgA,PrThr,Pt,Ser,Ord,Human split skin substrate,Primate Split Skin IgA,Primate Split Skin IgA
104664-8,APOL1,Geno,Pt,Bld/Tiss/Sal,Nom,Molgen,APOL1 Result,APOL1 Result
104666-3,CYP2B6 Activity Score,Score,Pt,Bld/Tiss,SemiQn,,CYP2B6 Activity Score,CYP2B6 Activity Score
104667-1,CYP2C19 Activity Score,Score,Pt,Bld/Tiss,SemiQn,,CYP2C19 Activity Score,CYP2C19 Activity Score
104668-9,CYP2C9 Activity Score,Score,Pt,Bld/Tiss,SemiQn,,CYP2C9 Activity Score,CYP2C9 Activity Score
104669-7,CYP2D6 Activity Score,Score,Pt,Bld/Tiss,SemiQn,,CYP2D6 Activity Score,CYP2D6 Activity Score
104538-4,"Creatine, guanidinoacetate & creatinine pattern",Imp,Pt,Ser/Plas,Nar,,Interpretation,Interpretation
104540-0,Guanidinoacetate/Creatinine,SRto,Pt,Ser/Plas,Qn,,Guanidinoacetate/Creatinine,Guanidinoacetate/Creatinine
104539-2,Creatine/Creatinine,SRto,Pt,Ser/Plas,Qn,,Creatine/Creatinine,Creatine/Creatinine
104548-3,Monocytes,NCnc,Pt,Bld,Qn,Flow cytometry,Monocytes (CD14+),Monocytes (CD14+)
104549-1,CD3+ CD14+ CD19+CD20+ CD45+CD56+CD123+HLA-DR,NCnc,Pt,Bld,Qn,Flow cytometry,pDC (CD123+),pDC (CD123+)
104550-9,CD3+CD11c+CD14+CD19+CD20+CD45+CD56+HLA-DR+,NCnc,Pt,Bld,Qn,Flow cytometry,mDC (CD11c+),mDC (CD11c+)
104694-5,Cells.CD40,PrThr,Pt,Bld,Ord,Flow cytometry,"CD40 by Flow, QL, B","CD40 by Flow, QL, B"
13626-7,Mitotane,MCnc,Pt,Ser/Plas,Qn,,"Mitotane, P","Mitotane, P"
2161-8,Creatinine,MCnc,Pt,Urine,Qn,,Creatinine,Creatinine
12420-6,Thiosulfate,MCnc,Pt,Urine,Qn,,Thiosulfate,Thiosulfate
32274-3,Thiosulfate/Creatinine,Ratio,Pt,Urine,Qn,,Thiosulfate (Creatinine corrected),Thiosulfate (Creatinine corrected)
104663-0,Tau protein.phosphorylated 217,MCnc,Pt,Ser/Plas,Qn,IA,"pTau217, P","pTau217, P"
104692-9,Oxymorphone,PrThr,Pt,Saliva,Ord,Screen,"Opioids, Oxymorphone, OF","Opioids, Oxymorphone, OF"
77202-0,Laboratory comment,Txt,Pt,Report,Nar,,Other,Other
48813-0,Bacterial methicillin resistance mecA gene,PrThr,Pt,Isolate/Specimen,Ord,Molgen,mecA Resistance Gene,mecA Resistance Gene
94422-3,Candida albicans+dubliniensis+parapsilosis+tropicalis RNA,PrThr,Pt,Vag,Ord,Probe.amp.tar,"Candida species, Amplified RNA","Candida species, Amplified RNA"
94421-5,Candida glabrata RNA,PrThr,Pt,Vag,Ord,Probe.amp.tar,"Candida glabrata, Amplified RNA","Candida glabrata, Amplified RNA"
6242-2,Sesamum indicum Ab.IgE,ACnc,Pt,Ser,Qn,,"Sesame Seed, IgE, S","Sesame Seed, IgE, S"
53622-7,von Willebrand factor cleaving protease actual/normal,RelCCnc,Pt,PPP,Qn,Chromo,ADAMTS13 Activity,ADAMTS13 Activity
91077-8,Measles virus RNA,PrThr,Pt,Respiratory system specimen.upper,Ord,Probe.amp.tar,"Measles Virus PCR, Throat","Measles Virus PCR, Throat"
94486-8,Parainfluenza virus 4 RNA,PrThr,Pt,Respiratory system specimen.lower,Ord,Non-probe.amp.tar,Parainfluenza Virus 4,Parainfluenza Virus 4
94485-0,Parainfluenza virus 3 RNA,PrThr,Pt,Respiratory system specimen.lower,Ord,Non-probe.amp.tar,Parainfluenza Virus 3,Parainfluenza Virus 3
94484-3,Parainfluenza virus 2 RNA,PrThr,Pt,Respiratory system specimen.lower,Ord,Non-probe.amp.tar,Parainfluenza Virus 2,Parainfluenza Virus 2
94483-5,Parainfluenza virus 1 RNA,PrThr,Pt,Respiratory system specimen.lower,Ord,Non-probe.amp.tar,Parainfluenza Virus 1,Parainfluenza Virus 1
94482-7,Human coronavirus OC43 RNA,PrThr,Pt,Respiratory system specimen.lower,Ord,Non-probe.amp.tar,Coronavirus OC43,Coronavirus OC43
94481-9,Human coronavirus NL63 RNA,PrThr,Pt,Respiratory system specimen.lower,Ord,Non-probe.amp.tar,Coronavirus NL63,Coronavirus NL63
94480-1,Human coronavirus HKU1 RNA,PrThr,Pt,Respiratory system specimen.lower,Ord,Non-probe.amp.tar,Coronavirus HKU1,Coronavirus HKU1
94479-3,Human coronavirus 229E RNA,PrThr,Pt,Respiratory system specimen.lower,Ord,Non-probe.amp.tar,Coronavirus 229E,Coronavirus 229E
94478-5,Bordetella pertussis.pertussis toxin promoter region,PrThr,Pt,Respiratory system specimen.lower,Ord,Non-probe.amp.tar,Bordetella pertussis,Bordetella pertussis
92987-7,Adenovirus DNA,PrThr,Pt,Respiratory system specimen.lower,Ord,Non-probe.amp.tar,Adenovirus,Adenovirus
92986-9,Chlamydophila pneumoniae DNA,PrThr,Pt,Respiratory system specimen.lower,Ord,Non-probe.amp.tar,Chlamydia pneumoniae,Chlamydia pneumoniae
92978-6,Human Metapneumovirus RNA,PrThr,Pt,Respiratory system specimen.lower,Ord,Non-probe.amp.tar,Human Metapneumovirus,Human Metapneumovirus
92977-8,Influenza virus A RNA,PrThr,Pt,Respiratory system specimen.lower,Ord,Non-probe.amp.tar,Influenza A,Influenza A
92976-0,Influenza virus B RNA,PrThr,Pt,Respiratory system specimen.lower,Ord,Non-probe.amp.tar,Influenza B,Influenza B
92964-6,Mycoplasma pneumoniae DNA,PrThr,Pt,Respiratory system specimen.lower,Ord,Non-probe.amp.tar,Mycoplasma pneumoniae,Mycoplasma pneumoniae
92957-0,Respiratory syncytial virus RNA,PrThr,Pt,Respiratory system specimen.lower,Ord,Non-probe.amp.tar,Respiratory Syncytial Virus,Respiratory Syncytial Virus
92956-2,Rhinovirus+Enterovirus RNA,PrThr,Pt,Respiratory system specimen.lower,Ord,Non-probe.amp.tar,Human Rhinovirus/ Enterovirus,Human Rhinovirus/ Enterovirus
59753-4,Titanium,MCnc,Pt,Bld,Qn,,"Titanium, B","Titanium, B"
20574-0,Histoplasma capsulatum yeast phase Ab,Titr,Pt,Ser,SemiQn,Comp fix,"Histoplasma Yeast CompFix, S","Histoplasma Yeast CompFix, S"
90232-0,Histoplasma capsulatum Ab,Prid,Pt,Ser/Plas,Nom,Immune diffusion,"Histoplasma Immunodiffusion, S","Histoplasma Immunodiffusion, S"
27209-6,Histoplasma capsulatum yeast phase Ab,Titr,Pt,CSF,SemiQn,Comp fix,"Histoplasma Yeast CompFix, CSF","Histoplasma Yeast CompFix, CSF"
91682-5,Histoplasma capsulatum Ab,Prid,Pt,CSF,Nom,Immune diffusion,"Histoplasma Immunodiffusion, CSF","Histoplasma Immunodiffusion, CSF"
56536-6,Thyroglobulin Ab,ACnc,Pt,Ser/Plas,Qn,IA,"Thyroglobulin Antibody, S","Thyroglobulin Antibody, S"
51723-5,Fungus,PrThr,Pt,XXX,Ord,Organism specific culture,"Fungal Culture, Routine","Fungal Culture, Routine"
Unable to Verify,,,,,,,CLASS,CLASS
87815-7,fentaNYL,PrThr,Pt,Saliva,Ord,Screen,"Opioids, Fentanyl, OF","Opioids, Fentanyl, OF"
74110-8,traMADol,PrThr,Pt,Saliva,Ord,Screen,"Opioids, Tramadol, OF","Opioids, Tramadol, OF"
73942-5,Buprenorphine,PrThr,Pt,Saliva,Ord,Screen,"Opioids, Buprenorphine, OF","Opioids, Buprenorphine, OF"
72614-1,Oxazepam,PrThr,Pt,Saliva,Ord,,"Benzodiazepines, Oxazepam, OF","Benzodiazepines, Oxazepam, OF"
61039-4,clonazePAM,PrThr,Pt,XXX,Ord,,"Benzodiazepines, Clonazepam, OF","Benzodiazepines, Clonazepam, OF"
61044-4,LORazepam,PrThr,Pt,XXX,Ord,,"Benzodiazepines, Lorazepam, OF","Benzodiazepines, Lorazepam, OF"
87820-7,Zolpidem,PrThr,Pt,Saliva,Ord,Screen,"Non-Benzodiazepine, Zolpidem, OF","Non-Benzodiazepine, Zolpidem, OF"
40804-7,Methamphetamine,PrThr,Pt,Saliva,Ord,Screen,"Stimulants, Methamphetamine, OF","Stimulants, Methamphetamine, OF"
40802-1,Cocaine,PrThr,Pt,Saliva,Ord,Screen,"Stimulants, Cocaine Metabolite (BE), OF","Stimulants, Cocaine Metabolite (BE), OF"
40808-8,Phencyclidine,PrThr,Pt,Saliva,Ord,Screen,"PCP, Phencyclidine, OF","PCP, Phencyclidine, OF"
32108-3,PHENobarbital,PrThr,Pt,XXX,Ord,,"Barbiturates, Phenobarbital, OF","Barbiturates, Phenobarbital, OF"
32099-4,6-Monoacetylmorphine,PrThr,Pt,XXX,Ord,,"Opioids, 6-acetylmorphine, OF","Opioids, 6-acetylmorphine, OF"
32100-0,Morphine,PrThr,Pt,XXX,Ord,,"Opioids, Morphine, OF","Opioids, Morphine, OF"
32080-4,HYDROcodone,PrThr,Pt,XXX,Ord,,"Opioids, Hydrocodone, OF","Opioids, Hydrocodone, OF"
72626-5,Methadone,PrThr,Pt,Saliva,Ord,Screen,"Opioids, Methadone, OF","Opioids, Methadone, OF"
103566-6,Metagenomic DNA and RNA Sequencing,Prid,Pt,CSF,Nom,Sequencing,"Metagenomic Sequencing, CSF","Metagenomic Sequencing, CSF"
79462-8,Iduronate-2-Sulfatase,CCnc,Pt,Bld.dot,Qn,,Iduronate 2-Sulfatase,Iduronate 2-Sulfatase
104115-1,heparan-alpha-glucosaminide N-acetyltransferase,CCnc,Pt,Bld.dot,Qn,,Heparan-alpha-glucosaminide N-acetyltransferase,Heparan-alpha-glucosaminide N-acetyltransferase
104113-6,Heparan-N-sulfatase,CCnc,Pt,Bld.dot,Qn,,Heparan-N-sulfatase,Heparan-N-sulfatase
104114-4,Alpha-N-acetylglucosaminidase,CCnc,Pt,Bld.dot,Qn,,N-acetyl-alpha-D-glucosaminidase,N-acetyl-alpha-D-glucosaminidase
3051-0,Triiodothyronine.free,MCnc,Pt,Ser/Plas,Qn,,"T3 (Triiodothyronine), Free, S","T3 (Triiodothyronine), Free, S"
32131-5,Hantavirus Ab.IgM,PrThr,Pt,Ser,Ord,,Hantavirus Ab (IgM),Hantavirus Ab (IgM)
26620-5,Hantavirus Ab.IgG,PrThr,Pt,Ser,Ord,,Hantavirus Ab (IgG),Hantavirus Ab (IgG)
20563-3,Carboxyhemoglobin/hemoglobin.total,MFr,Pt,Bld,Qn,,Carboxyhemoglobin,Carboxyhemoglobin
42922-5,Ketamine,PrThr,Pt,Ser/Plas,Ord,,Ketamine,Ketamine
91033-1,Methadone+Metabolite,PrThr,Pt,Ser/Plas/Bld,Ord,Screen,Methadone/Metabolite,Methadone/Metabolite
29356-3,fentaNYL,PrThr,Pt,Ser/Plas,Ord,,Fentanyl/Acetyl Fentanyl,Fentanyl/Acetyl Fentanyl
2160-0,Creatinine,MCnc,Pt,Ser/Plas,Qn,,"Creatinine, S","Creatinine, S"
103715-9,Gamma aminobutyrate A receptor Ab.IgG,PrThr,Pt,CSF,Ord,CBA IFA,"GABA-A-R Ab CBA, CSF","GABA-A-R Ab CBA, CSF"
74757-6,Soluble fms-like tyrosine kinase-1/placental growth factor,Ratio,Pt,Ser,Qn,,sFlt-1/PlGF Ratio,sFlt-1/PlGF Ratio
96257-1,Copper.free,MCnc,Pt,Ser/Plas,Qn,,"Labile Bound Copper, S","Labile Bound Copper, S"
96463-5,Copper.free/Copper.total,MFr,Pt,Ser/Plas,Qn,Calculated,Labile Bound Copper Fraction,Labile Bound Copper Fraction
48152-3,Sorbitol/Creatinine,SRto,Pt,Urine,Qn,,Sorbitol,Sorbitol
48132-5,Xylitol/Creatinine,SRto,Pt,Urine,Qn,,Xylitol,Xylitol
91060-4,Helicobacter pylori DNA,PrThr,Pt,Tiss,Ord,Probe.amp.tar,Helicobacter pylori Result,Helicobacter pylori Result
88509-5,Helicobacter pylori 23S rRNA clarithromycin resistance mutation,Prid,Pt,Isolate/Specimen,Nom,Molgen,Clarithromycin Resistance Result,Clarithromycin Resistance Result
13951-9,Hepatitis A virus Ab,PrThr,Pt,Ser,Ord,IA,"Hepatitis A Virus Total Ab, S","Hepatitis A Virus Total Ab, S"
30568-0,Toxoplasma gondii Ab.IgG,PrThr,Pt,CSF,Ord,,T. gondii IgG,T. gondii IgG
30569-8,Toxoplasma gondii Ab.IgM,PrThr,Pt,CSF,Ord,IA,T. gondii IgM,T. gondii IgM
3494-2,clonazePAM,MCnc,Pt,Ser/Plas,Qn,,Clonazepam,Clonazepam
28059-4,7-Aminoclonazepam,MCnc,Pt,Ser/Plas,Qn,,7-Amino Clonazepam,7-Amino Clonazepam
99764-3,Interferon.gamma,MCnc,Pt,CSF,Qn,,Interferon gamma,Interferon gamma
99767-6,Interleukin 1 beta,MCnc,Pt,CSF,Qn,,Interleukin 1 beta,Interleukin 1 beta
49909-5,Interleukin 10,MCnc,Pt,CSF,Qn,,Interleukin 10,Interleukin 10
99765-0,Interleukin 12,MCnc,Pt,CSF,Qn,,Interleukin 12,Interleukin 12
70089-8,Interleukin 13,MCnc,Pt,CSF,Qn,,Interleukin 13,Interleukin 13
99766-8,Interleukin 17,MCnc,Pt,CSF,Qn,,Interleukin 17,Interleukin 17
99768-4,Interleukin 2 receptor.soluble,MCnc,Pt,CSF,Qn,,"Interleukin 2 Receptor, Soluble","Interleukin 2 Receptor, Soluble"
70077-3,Interleukin 2,MCnc,Pt,CSF,Qn,,Interleukin 2,Interleukin 2
70083-1,Interleukin 4,MCnc,Pt,CSF,Qn,,Interleukin 4,Interleukin 4
70084-9,Interleukin 5,MCnc,Pt,CSF,Qn,,Interleukin 5,Interleukin 5
49919-4,Interleukin 6,MCnc,Pt,CSF,Qn,,Interleukin 6,Interleukin 6
99769-2,Interleukin 8,MCnc,Pt,CSF,Qn,,Interleukin 8,Interleukin 8
83065-3,Cytomegalovirus DNA,PrThr,Pt,Saliva,Ord,Probe.amp.tar,"Congenital CMV, PCR, Saliva","Congenital CMV, PCR, Saliva"
8100-0,Specimen preparation,Type,Pt,XXX,Nom,,Fixed in 10% NB formalin w/in 1 hr,Fixed in 10% NB formalin w/in 1 hr
44638-5,Histologic type,Type,Pt,Breast tumor,Nom,,Tumor type,Tumor type
21918-8,Other staging classification,Class,Pt,Cancer.XXX,Nar,,Tumor classification,Tumor classification
103590-6,Bacterial vaginosis RNA,PrThr,Pt,Vagina,Ord,Probe.amp,"Bacterial Vaginosis, Amplified RNA","Bacterial Vaginosis, Amplified RNA"
94096-5,Collagen type VII Ab.IgG,PrThr,Pt,Ser/Plas,Ord,IA,"COL7, S","COL7, S"
16117-4,Babesia microti Ab.IgG,Titr,Pt,Ser,SemiQn,,"Babesia microti IgG Ab, S","Babesia microti IgG Ab, S"
47405-6,Ehrlichia chaffeensis Ab.IgG,Titr,Pt,Ser,SemiQn,IF,"Ehrlichia Chaffeensis (HME) Ab, IgG","Ehrlichia Chaffeensis (HME) Ab, IgG"
39087-2,Myelin associated glycoprotein Ab.IgM,Titr,Pt,Ser,SemiQn,IA,"MAG IgM, S","MAG IgM, S"
3241-7,Coagulation factor XIII coagulum dissolution at 24H,PrThr,Pt,PPP,Ord,Coag,"Factor XIII, Qualitative","Factor XIII, Qualitative"
101874-6,Gamma aminobutyrate A receptor Ab.IgG,PrThr,Pt,Ser,Ord,CBA IFA,"GABA-A-R Ab CBA, S","GABA-A-R Ab CBA, S"
95072-5,"1,3 beta glucan",MCnc,Pt,CSF,Qn,,"Fungitell, CSF","Fungitell, CSF"
33799-8,DNA double strand Ab.IgG,ACnc,Pt,Ser/Plas,Qn,IA,"dsDNA Ab, IgG, S","dsDNA Ab, IgG, S"
101908-2,Adaptor Protein 3 Beta2 Ab,Titr,Pt,XXX,SemiQn,,"AP3B2 IFA Titer, CSF","AP3B2 IFA Titer, CSF"
101868-8,Ma2 Antibody,PrThr,Pt,Ser/Plas,Ord,IA,"Ma2 Ab ELISA, S","Ma2 Ab ELISA, S"
101867-0,Ma2 Antibody,PrThr,Pt,CSF,Ord,IA,"Ma2 Ab ELISA, CSF","Ma2 Ab ELISA, CSF"
26895-3,Amphetamines,MCnt,Pt,Meconium,Qn,,Amphetamine,Amphetamine
96565-7,sp100 Ab,ACnc,Pt,Ser,Qn,IA,"SP100 Antibody, IgG, S","SP100 Antibody, IgG, S"
96560-8,Nuclear pore protein gp210 Ab,ACnc,Pt,Ser,Qn,IA,"GP210 Antibody, IgG, S","GP210 Antibody, IgG, S"
19146-0,Referral lab test results,Find,Pt,Referral lab test,Nar,,Result,Result
19145-2,Referral lab test name,Type,Pt,Referral lab test,Nar,,Test Name,Test Name
50557-8,Ketones,MCnc,Pt,Urine,SemiQn,Test strip.automated,"Ketone, QL, U","Ketone, QL, U"
103035-2,Bixa orellana seed Ab.IgE,PrThr,Pt,Ser,SemiQn,RAST,Class,Class
103065-9,Bertholletia excelsa recombinant (rBer e) 1 Ab.IgE,PrThr,Pt,Ser,SemiQn,RAST,Class,Class
102991-7,Periplaneta americana Ab.IgE,PrThr,Pt,Ser,SemiQn,RAST,Class,Class
103074-1,Corylus avellana recombinant (rCor a) 8 Ab.IgE,PrThr,Pt,Ser,SemiQn,RAST,Class,Class
102969-3,Allergen.miscellaneous Ab.IgE,PrThr,Pt,Ser,SemiQn,RAST,Class,Class
103076-6,Corylus avellana recombinant (rCor a) 1 Ab.IgE,PrThr,Pt,Ser,SemiQn,RAST,Class,Class
102906-5,Trichophyton mentagrophytes var interdigitale Ab.IgE,PrThr,Pt,Ser,SemiQn,RAST,Class,Class
103083-2,Corylus avellana native (nCor a) 9 Ab.IgE,PrThr,Pt,Ser,SemiQn,RAST,Class,Class
102904-0,Chenopodium quinoa Ab.IgE,PrThr,Pt,Ser,SemiQn,RAST,CLASS,CLASS
103101-2,Aspergillus flavus Ab.IgE,PrThr,Pt,Ser,SemiQn,RAST,CLASS,CLASS
102895-0,Cochineal extract Ab.IgE,PrThr,Pt,Ser,SemiQn,RAST,Class,Class
103115-2,Anacardium occidentale recombinant (rAna o) 3 Ab.IgE,PrThr,Pt,Ser,SemiQn,RAST,Class,Class
102848-9,Yogurt Ab.IgE,PrThr,Pt,Ser,SemiQn,RAST,CLASS,CLASS
103118-6,Juglans regia recombinant (rJug r) 3 Ab.IgE,PrThr,Pt,Ser,SemiQn,RAST,Class,Class
103119-4,Juglans regia recombinant (rJug r) 1 Ab.IgE,PrThr,Pt,Ser,SemiQn,RAST,Class,Class
103120-2,Corylus avellana recombinant (rCor a) 14 Ab.IgE,PrThr,Pt,Ser,SemiQn,RAST,Class,Class
103121-0,Coryphaena hippurus Ab.IgE,PrThr,Pt,Ser,SemiQn,RAST,CLASS,CLASS
102840-6,Venison Ab.IgE,PrThr,Pt,Ser,SemiQn,RAST,Class,Class
102824-0,Squash zucchini Ab.IgE,PrThr,Pt,Ser,SemiQn,RAST,Class,Class
102802-6,Populus alba Ab.IgE,PrThr,Pt,Ser,SemiQn,RAST,Class,Class
102801-8,Punica granatum Ab.IgE,PrThr,Pt,Ser,SemiQn,RAST,CLASS,CLASS
102800-0,Pollachius virens Ab.IgE,PrThr,Pt,Ser,SemiQn,RAST,CLASS,CLASS
102796-0,Stizostedion vitreum Ab.IgE,PrThr,Pt,Ser,SemiQn,RAST,Class,Class
29595-6,Alpha-1-Fetoprotein,MoM,Pt,Amnio fld,Qn,,Results,Results
1832-5,Alpha-1-Fetoprotein,MCnc,Pt,Amnio fld,Qn,,"Alpha Fetoprotein, AF","Alpha Fetoprotein, AF"
102792-9,Pepper jalapeno Ab.IgE,PrThr,Pt,Ser,SemiQn,RAST,CLASS,CLASS
102756-4,Juniperus occidentalis Ab.IgE,PrThr,Pt,Ser,SemiQn,RAST,CLASS,CLASS
102754-9,Carya ovata Ab.IgE,PrThr,Pt,Ser,SemiQn,RAST,CLASS,CLASS
102753-1,Helminthosporium sativum Ab.IgE,PrThr,Pt,Ser,SemiQn,RAST,Class,Class
102745-7,Gelatin porcine Ab.IgE,PrThr,Pt,Ser,SemiQn,RAST,CLASS,CLASS
102738-2,Ficus carica Ab.IgE,PrThr,Pt,Ser,SemiQn,RAST,CLASS,CLASS
102719-2,Cockatiel feather Ab.IgE,PrThr,Pt,Ser,SemiQn,RAST,CLASS,CLASS
102685-5,Bean black Ab.IgE,PrThr,Pt,Ser,SemiQn,RAST,Class,Class
102664-0,Atriplex canescens Ab.IgE,PrThr,Pt,Ser,SemiQn,RAST,CLASS,CLASS
102660-8,Whitefish Ab.IgE,PrThr,Pt,Ser,SemiQn,RAST,Class,Class
102623-6,Manihot esculenta crantz Ab.IgE,PrThr,Pt,Ser,SemiQn,RAST,CLASS,CLASS
102580-8,Salvia officinalis Ab.IgE,PrThr,Pt,Ser,SemiQn,RAST,CLASS,CLASS
102579-0,Carthamus tinctorius Ab.IgE,PrThr,Pt,Ser,SemiQn,RAST,Class,Class
102573-3,Rheum spp Ab.IgE,PrThr,Pt,Ser,SemiQn,RAST,CLASS,CLASS
102572-5,Rhodotorula spp Ab.IgE,PrThr,Pt,Ser,SemiQn,RAST,CLASS,CLASS
102555-0,Raphanus sativus Ab.IgE,PrThr,Pt,Ser,SemiQn,RAST,CLASS,CLASS
102460-3,Prunus persica var nucipersica Ab.IgE,PrThr,Pt,Ser,SemiQn,RAST,CLASS,CLASS
102445-4,Mentha piperita Ab.IgE,PrThr,Pt,Ser,SemiQn,RAST,CLASS,CLASS
102427-2,Acer rubrum Ab.IgE,PrThr,Pt,Ser,SemiQn,RAST,Class,Class
102382-9,Armoracia rusticana Ab.IgE,PrThr,Pt,Ser,SemiQn,RAST,CLASS,CLASS
102366-2,Amaranthus tuberculatus Ab.IgE,PrThr,Pt,Ser,SemiQn,RAST,CLASS,CLASS
102358-9,Melanogrammus aeglefinus Ab.IgE,PrThr,Pt,Ser,SemiQn,RAST,Class,Class
102357-1,Celtis occidentalis Ab.IgE,PrThr,Pt,Ser,SemiQn,RAST,CLASS,CLASS
102311-8,Flounder Ab.IgE,PrThr,Pt,Ser,SemiQn,RAST,CLASS,CLASS
102267-2,Curvularia specifera Ab.IgE,PrThr,Pt,Ser,SemiQn,RAST,CLASS,CLASS
102248-2,Coffea spp Ab.IgE,PrThr,Pt,Ser,SemiQn,RAST,Class,Class
102222-7,Cheese American Ab.IgE,PrThr,Pt,Ser,SemiQn,RAST,CLASS,CLASS
102216-9,Juniperus virginiana Ab.IgE,PrThr,Pt,Ser,SemiQn,RAST,CLASS,CLASS
102211-0,Ictalurus punctatus Ab.IgE,PrThr,Pt,Ser,SemiQn,RAST,Class,Class
102196-3,Bombus terrestris Ab.IgE,PrThr,Pt,Ser,SemiQn,RAST,CLASS,CLASS
102195-5,Budgerigar feather Ab.IgE,PrThr,Pt,Ser,SemiQn,RAST,CLASS,CLASS
102549-3,Chrysanthemum cinerariifolium Ab.IgE,PrThr,Pt,Ser,SemiQn,RAST,Class,Class
102498-3,Vigna sinensis Ab.IgE,PrThr,Pt,Ser,SemiQn,RAST,CLASS,CLASS
102508-9,Pepper cayenne Ab.IgE,PrThr,Pt,Ser,SemiQn,RAST,Class,Class
102481-9,Iris germanica var florentina Ab.IgE,PrThr,Pt,Ser,SemiQn,RAST,CLASS,CLASS
102470-2,Quercus rubra Ab.IgE,PrThr,Pt,Ser,SemiQn,RAST,CLASS,CLASS
102469-4,Quercus virginiana Ab.IgE,PrThr,Pt,Ser,SemiQn,RAST,CLASS,CLASS
9710-5,Coxiella burnetii phase 1 Ab.IgM,Titr,Pt,Ser,SemiQn,,"Q Fever Phase I Ab, IgM","Q Fever Phase I Ab, IgM"
9711-3,Coxiella burnetii phase 2 Ab.IgM,Titr,Pt,Ser,SemiQn,,"Q Fever Phase II Ab, IgM","Q Fever Phase II Ab, IgM"
102170-8,Phaseolus limensis Ab.IgE,PrThr,Pt,Ser,SemiQn,RAST,Class,Class
102164-1,Myrica spp Ab.IgE,PrThr,Pt,Ser,SemiQn,RAST,Class,Class
102153-4,Aspergillus fumigatus Ab.IgE,PrThr,Pt,Ser,SemiQn,RAST,Class,Class
102130-2,Medicago sativa Ab.IgE,PrThr,Pt,Ser,SemiQn,RAST,CLASS,CLASS
102152-6,Populus tremula Ab.IgE,PrThr,Pt,Ser,SemiQn,RAST,CLASS,CLASS
102147-6,Cynara scolymus Ab.IgE,PrThr,Pt,Ser,SemiQn,RAST,CLASS,CLASS
5358-7,Smooth muscle Ab,Titr,Pt,Ser,SemiQn,IF,"Smooth Muscle Ab Titer, S","Smooth Muscle Ab Titer, S"
95608-6,SARS coronavirus 2 RNA,PrThr,Pt,Respiratory System Specimen,Ord,Non-probe.amp.tar,SARS Coronavirus-2,SARS Coronavirus-2
101220-2,SUMO-activating enzyme subunit 1 Ab.IgG,ACnc,Pt,Ser,Qn,IA,"Anti-SAE1 Ab, IgG","Anti-SAE1 Ab, IgG"
62461-9,Trichomonas vaginalis DNA,PrThr,Pt,Vag,Ord,Probe.amp.tar,Trich vag by NAA,Trich vag by NAA
94815-8,CV2 Ab.IgG,Titr,Pt,Ser,SemiQn,IF,"CRMP-5-IgG Titer, S","CRMP-5-IgG Titer, S"
94706-9,CV2 Ab.IgG,Titr,Pt,CSF,SemiQn,IF,"CRMP-5-IgG Titer, CSF","CRMP-5-IgG Titer, CSF"
94559-2,SARS coronavirus 2 ORF1ab region,PrThr,Pt,Respiratory System Specimen,Ord,Probe.amp.tar,"SARS CoV-2 RNA, PCR","SARS CoV-2 RNA, PCR"
9817-8,Cryptococcus sp Ag,Titr,Pt,CSF,SemiQn,IA,"Cryptococcus Ag Titer, LFA, CSF","Cryptococcus Ag Titer, LFA, CSF"
9818-6,Cryptococcus sp Ag,Titr,Pt,Ser,SemiQn,IA,"Cryptococcus Ag Titer, LFA, S","Cryptococcus Ag Titer, LFA, S"
94362-1,Purkinje cell cytoplasmic type Tr Ab.IgG,Titr,Pt,CSF,SemiQn,IF,"PCA-Tr Titer, CSF","PCA-Tr Titer, CSF"
94363-9,Purkinje cell cytoplasmic type 1 Ab.IgG,Titr,Pt,CSF,SemiQn,IF,"PCA-1 Titer, CSF","PCA-1 Titer, CSF"
94364-7,Purkinje cell cytoplasmic type 2 Ab.IgG,Titr,Pt,CSF,SemiQn,IF,"PCA-2 Titer, CSF","PCA-2 Titer, CSF"
94355-5,Glial nuclear type 1 Ab.IgG,Titr,Pt,CSF,SemiQn,IF,"AGNA-1 Titer, CSF","AGNA-1 Titer, CSF"
94341-5,Glial nuclear type 1 Ab.IgG,Titr,Pt,Ser,SemiQn,IF,"AGNA-1 Titer, S","AGNA-1 Titer, S"
94356-3,Neuronal nuclear type 1 Ab.IgG,Titr,Pt,CSF,SemiQn,IF,"ANNA-1 Titer, CSF","ANNA-1 Titer, CSF"
94357-1,Neuronal nuclear type 2 Ab.IgG,Titr,Pt,CSF,SemiQn,IF,"ANNA-2 Titer, CSF","ANNA-2 Titer, CSF"
94358-9,Neuronal nuclear type 3 Ab.IgG,Titr,Pt,CSF,SemiQn,IF,"ANNA-3 Titer, CSF","ANNA-3 Titer, CSF"
94350-6,Purkinje cell cytoplasmic type 1 Ab.IgG,Titr,Pt,Ser,SemiQn,IF,"PCA-1 Titer, S","PCA-1 Titer, S"
94352-2,Purkinje cell cytoplasmic type Tr Ab.IgG,Titr,Pt,Ser,SemiQn,IF,"PCA-Tr Titer, S","PCA-Tr Titer, S"
94344-9,Neuronal nuclear type 3 Ab.IgG,Titr,Pt,Ser,SemiQn,IF,"ANNA-3 Titer, S","ANNA-3 Titer, S"
94342-3,Neuronal nuclear type 1 Ab.IgG,Titr,Pt,Ser,SemiQn,IF,"ANNA-1 Titer, S","ANNA-1 Titer, S"
94343-1,Neuronal nuclear type 2 Ab.IgG,Titr,Pt,Ser,SemiQn,IF,"ANNA-2 Titer, S","ANNA-2 Titer, S"
93766-4,Cryptococcus sp Ag,Titr,Pt,Urine,SemiQn,IA.rapid,"Cryptococcus Ag Titer, LFA, U","Cryptococcus Ag Titer, LFA, U"
34716-1,Coxiella burnetii phase 1 Ab.IgG,Titr,Pt,Ser,SemiQn,IF,"Q Fever Phase I Ab, IgG","Q Fever Phase I Ab, IgG"
34464-8,B Ab,Titr,Pt,Ser/Plas,SemiQn,Antihuman globulin,"Isoagglutinin Titer, Anti-B","Isoagglutinin Titer, Anti-B"
33253-6,Nuclear Ab,Titr,Pt,Ser,SemiQn,Hep2 substrate,ANA Titer:,ANA Titer:
31147-2,Reagin Ab,Titr,Pt,Ser,SemiQn,RPR,"RPR Titer,S","RPR Titer,S"
2756-5,pH,LsCnc,Pt,Urine,SemiQn,,pH,pH
2755-7,pH,LsCnc,Pt,Stool,SemiQn,,"pH, Fecal","pH, Fecal"
2753-2,pH,LsCnc,Pt,Ser/Plas,SemiQn,,pH,pH
2752-4,pH,LsCnc,Pt,Semen,SemiQn,,pH,pH
2748-2,pH,LsCnc,Pt,Body fld,SemiQn,,"pH, BF","pH, BF"
93421-6,Glial fibrillary acidic protein.alpha subunit Ab.IgG,Titr,Pt,CSF,SemiQn,IF,"GFAP IFA Titer, CSF","GFAP IFA Titer, CSF"
93423-2,Glial fibrillary acidic protein.alpha subunit Ab.IgG,Titr,Pt,Ser,SemiQn,IF,"GFAP IFA Titer, S","GFAP IFA Titer, S"
27378-9,pH,LsCnc,24H,Urine,SemiQn,,"pH, 24 HR, U","pH, 24 HR, U"
27038-9,Endomysium Ab.IgA,Titr,Pt,Ser,SemiQn,IF,"EMA Titer, S (IgA)","EMA Titer, S (IgA)"
23877-4,Anaplasma phagocytophilum Ab.IgG,Titr,Pt,Ser,SemiQn,IF,"Anaplasma phagocytophilum Ab, IgG,S","Anaplasma phagocytophilum Ab, IgG,S"
22501-1,Measles virus Ab.IgG,Titr,Pt,CSF,SemiQn,,"Rubeola (Measles) Ab, IgG","Rubeola (Measles) Ab, IgG"
21510-3,Saint Louis encephalitis virus Ab.IgM,Titr,Pt,CSF,SemiQn,IF,"St. Louis Enceph Ab, IgM, CSF","St. Louis Enceph Ab, IgM, CSF"
21509-5,Saint Louis encephalitis virus Ab.IgG,Titr,Pt,CSF,SemiQn,IF,"St. Louis Enceph Ab, IgG, CSF","St. Louis Enceph Ab, IgG, CSF"
21402-3,Mumps virus Ab.IgM,Titr,Pt,CSF,SemiQn,IF,"Mumps Virus Ab, IgM","Mumps Virus Ab, IgM"
21401-5,Mumps virus Ab.IgG,Titr,Pt,CSF,SemiQn,IF,"Mumps Virus Ab, IgG","Mumps Virus Ab, IgG"
21283-7,Ganglioside GD1a Ab.IgG,Titr,Pt,Ser,SemiQn,IA,GD1a Ab (IgG),GD1a Ab (IgG)
11473-6,Cryptococcus sp Ag,Titr,Pt,XXX,SemiQn,,"Cryptococcus Ag Titer, LFA, PF","Cryptococcus Ag Titer, LFA, PF"
22446-9,Polio virus 1 Ab,Titr,Pt,Ser,SemiQn,,Polio 1 Titer,Polio 1 Titer
22450-1,Polio virus 3 Ab,Titr,Pt,Ser,SemiQn,,Polio 3 Titer,Polio 3 Titer
101459-6,Septin-5 Ab.IgG,Titr,Pt,CSF,SemiQn,IF,"Septin-5 IFA Titer, CSF","Septin-5 IFA Titer, CSF"
101458-8,Septin-5 Ab.IgG,Titr,Pt,Ser/Plas,SemiQn,IF,"Septin-5 IFA Titer, S","Septin-5 IFA Titer, S"
101457-0,Septin-7 Ab.IgG,Titr,Pt,CSF,SemiQn,IF,"Septin-7 IFA Titer, CSF","Septin-7 IFA Titer, CSF"
101456-2,Septin-7 Ab.IgG,Titr,Pt,Ser/Plas,SemiQn,IF,"Septin-7 IFA Titer, S","Septin-7 IFA Titer, S"
101453-9,Neurochondrin Ab,Titr,Pt,CSF,SemiQn,IF,"Neurochondrin IFA Titer, CSF","Neurochondrin IFA Titer, CSF"
4644-1,Hemosiderin,PrThr,Pt,Urine,Ord,,"Hemosiderin, Random, U","Hemosiderin, Random, U"
64963-2,Bertholletia excelsa recombinant (rBer e) 1 Ab.IgE,ACnc,Pt,Ser,Qn,,"Ber e 1 (Brazil Nut), IgE, S","Ber e 1 (Brazil Nut), IgE, S"
6136-6,Corylus avellana Ab.IgE,ACnc,Pt,Ser,Qn,,"Hazelnut-Food, IgE, S","Hazelnut-Food, IgE, S"
81790-8,Juglans regia recombinant (rJug r) 1 Ab.IgE,ACnc,Pt,Ser,Qn,,"Jug r 1 (Walnut-Food), IgE, S","Jug r 1 (Walnut-Food), IgE, S"
81789-0,Juglans regia recombinant (rJug r) 3 Ab.IgE,ACnc,Pt,Ser,Qn,,"Jug r 3 (Walnut Extract), IgE, S","Jug r 3 (Walnut Extract), IgE, S"
6718-1,Anacardium occidentale Ab.IgE,ACnc,Pt,Ser,Qn,,"Ana o 3 (Cashew), IgE, S","Ana o 3 (Cashew), IgE, S"
6050-9,Bertholletia excelsa Ab.IgE,ACnc,Pt,Ser,Qn,,"Brazil Nut, IgE, S","Brazil Nut, IgE, S"
6273-7,Juglans spp Ab.IgE,ACnc,Pt,Ser,Qn,,"Walnut-Food, IgE, S","Walnut-Food, IgE, S"
81788-2,Corylus avellana recombinant (rCor a) 14 Ab.IgE,ACnc,Pt,Ser,Qn,,"Cor a 14 (Hazelnut-Food), IgE, S","Cor a 14 (Hazelnut-Food), IgE, S"
69421-6,Corylus avellana recombinant (rCor a) 1 Ab.IgE,ACnc,Pt,Ser,Qn,,"Cor a 1 (Hazelnut-Food), IgE, S","Cor a 1 (Hazelnut-Food), IgE, S"
58753-5,Corylus avellana recombinant (rCor a) 8 Ab.IgE,ACnc,Pt,Ser,Qn,,"Cor a 8 (Hazelnut-Food), IgE, S","Cor a 8 (Hazelnut-Food), IgE, S"
65765-0,Corylus avellana native (nCor a) 9 Ab.IgE,ACnc,Pt,Ser,Qn,,"Cor a 9 (Hazelnut-Food), IgE, S","Cor a 9 (Hazelnut-Food), IgE, S"
86894-3,Adalimumab,MCnc,Pt,Ser/Plas,Qn,IA,"Adalimumab QN with Reflex to Ab, S","Adalimumab QN with Reflex to Ab, S"
100706-1,Mycoplasma genitalium rRNA,PrThr,Pt,XXX,Ord,Probe.amp.tar,Mycoplasma genitalium Result,Mycoplasma genitalium Result
102121-1,Extended-spectrum beta lactamase by ceftazidime to ceftazidime+clavulanate inhibitory concentration ratio,Imp,Pt,Stool,Ord,Based on lab data,"ESBL GNB Surveillance Culture, F","ESBL GNB Surveillance Culture, F"
6483-2,Mycoplasma pneumoniae rRNA,PrThr,Pt,XXX,Ord,Probe,M. pneumoniae Macrolide Resistance,M. pneumoniae Macrolide Resistance
101907-4,Adaptor Protein 3 Beta2 Ab.IgG,PrThr,Pt,XXX,Ord,,"AP3B2 CBA, CSF","AP3B2 CBA, CSF"
74935-8,Palmitoyl protein thioesterase,CCnt,Pt,WBC,Qn,,Palmitoyl-protein thioesterase 1,Palmitoyl-protein thioesterase 1
76038-9,Tripeptidyl peptidase I,CCnt,Pt,WBC,Qn,,Tripeptidyl peptidase 1,Tripeptidyl peptidase 1
59246-9,Palmitoyl protein thioesterase,CCnc,Pt,Bld.dot,Qn,,Palmitoyl-protein thioesterase 1,Palmitoyl-protein thioesterase 1
72498-9,Tripeptidyl peptidase I,CCnc,Pt,Bld.dot,Qn,,Tripeptidyl peptidase 1,Tripeptidyl peptidase 1
24086-1,Heparan-N-sulfatas,CCnt,Pt,WBC,Qn,,Heparan-N-sulfatase,Heparan-N-sulfatase
24092-9,Alpha-N-acetylglucosaminidase,CCnt,Pt,WBC,Qn,,N-acetyl-alpha-D-glucosaminidase,N-acetyl-alpha-D-glucosaminidase
24044-0,Acetyl-CoA,glucosamine acetyltransferase,CCnt,Pt,WBC,Qn:,Heparan-alpha-glucosaminide N-acetyltransferase,Heparan-alpha-glucosaminide N-acetyltransferase
24098-6,N-Acetylglucosamine-6-Sulfatase,CCnt,Pt,WBC,Qn,,N-acetylglucosamine-6-sulfatase,N-acetylglucosamine-6-sulfatase
24089-5,Iduronate-2-Sulfatase,CCnt,Pt,WBC,Qn,,Iduronate-2-sulfatase,Iduronate-2-sulfatase
88019-5,N-acetylgalactosamine-6-sulfatase,CCnc,Pt,Bld.dot,Qn,,N-acetylgalactosamine-6-sulfatase,N-acetylgalactosamine-6-sulfatase
55916-1,Beta galactosidase,CCnc,Pt,Bld.dot,Qn,,Beta-galactosidase,Beta-galactosidase
79457-8,Beta glucuronidase,CCnc,Pt,Bld.dot,Qn,,Beta-glucuronidase,Beta-glucuronidase
24096-0,N-Acetylgalactosamine-6-Sulfatase,CCnt,Pt,WBC,Qn,,N-acetylgalactosamine-6-sulfatase,N-acetylgalactosamine-6-sulfatase
24094-5,N-Acetylgalactosamine-4-Sulfatase,CCnt,Pt,WBC,Qn,,Arylsulfatase B,Arylsulfatase B
24065-5,Beta glucuronidase,CCnt,Pt,WBC,Qn,,Beta-glucuronidase,Beta-glucuronidase
24061-4,Beta galactosidase,CCnt,Pt,WBC,Qn,,Beta-galactosidase,Beta-galactosidase
88874-3,Mycobacterium tuberculosis complex DNA,PrThr,Pt,Isolate/Specimen,Ord,Molgen,MTB Complex Result,MTB Complex Result
89372-7,Mycobacterium tuberculosis complex rpoB gene rifAMPin resistance mutation,PrThr,Pt,Isolate/Specimen,Ord,Molgen,MTB Rifampin Resistance Result,MTB Rifampin Resistance Result
95143-4,UGT1A1 gene.TA repeats,Geno,Pt,Bld/Tiss,Nom,Molgen,TA Repeat Result,TA Repeat Result
47998-0,DNA sequence variation display name,Txt,Pt,Bld/Tiss,Nar,Molgen,G6PD Phenotype,G6PD Phenotype
79719-1,DPYD gene product metabolic activity interpretation,Imp,Pt,Bld/Tiss,Ord,Molgen,DPYD Phenotype,DPYD Phenotype
94183-1,Heartland banyangvirus RNA,PrThr,Pt,XXX,Ord,Probe.amp.tar,"Heartland Virus, PCR, CSF","Heartland Virus, PCR, CSF"
87405-7,Certolizumab Ab,ACnc,Pt,Ser/Plas,Qn,IA,Anti-Certolizumab Antibody,Anti-Certolizumab Antibody
62370-2,FISH probe gene name,ID,Pt,Laboratory device,Nom,,Probes Requested,Probes Requested
85503-1,Bacterial carbapenem resistance blaOXA-48 gene,PrThr,Pt,Isolate/Specimen,Ord,Molgen,OXA-48-like Resistance Gene,OXA-48-like Resistance Gene
40969-8,Streptococcus pneumoniae Danish serotype 33F Ab.IgG,MCnc,Pt,Ser,Qn,,Serotype 33F (70),Serotype 33F (70)
86122-9,Streptococcus pneumoniae Danish serotype 11A Ab.IgG,MCnc,Pt,Ser,Qn,,Serotype 11A (43),Serotype 11A (43)
25296-5,Streptococcus pneumoniae Danish serotype 7F Ab.IgG,MCnc,Pt,Ser,Qn,,Serotype 7F (51),Serotype 7F (51)
40973-0,Streptococcus pneumoniae Danish serotype 15B Ab.IgG,MCnc,Pt,Ser,Qn,,Serotype 15B (54),Serotype 15B (54)
27395-3,Streptococcus pneumoniae Danish serotype 18C Ab.IgG,MCnc,Pt,Ser,Qn,,Serotype 18C (56),Serotype 18C (56)
40974-8,Streptococcus pneumoniae Danish serotype 19A Ab.IgG,MCnc,Pt,Ser,Qn,,Serotype 19A (57),Serotype 19A (57)
30153-1,Streptococcus pneumoniae Danish serotype 9V Ab.IgG,MCnc,Pt,Ser,Qn,,Serotype 9V (68),Serotype 9V (68)
86024-7,Streptococcus pneumoniae Danish serotype 19F Ab.IgG,MCnc,Pt,Ser,Qn,,Serotype 19F (19),Serotype 19F (19)
86045-2,Streptococcus pneumoniae Danish serotype 20A Ab.IgG,MCnc,Pt,Ser,Qn,,Serotype 20 (20),Serotype 20 (20)
86052-8,Streptococcus pneumoniae Danish serotype 22F Ab.IgG,MCnc,Pt,Ser,Qn,,Serotype 22F (22),Serotype 22F (22)
86064-3,Streptococcus pneumoniae Danish serotype 23F Ab.IgG,MCnc,Pt,Ser,Qn,,Serotype 23F (23),Serotype 23F (23)
27118-9,Streptococcus pneumoniae Danish serotype 6B Ab.IgG,MCnc,Pt,Ser,Qn,,Serotype 6B (26),Serotype 6B (26)
86098-1,Streptococcus pneumoniae Danish serotype 10A Ab.IgG,MCnc,Pt,Ser,Qn,,Serotype 10A (34),Serotype 10A (34)
86130-2,Streptococcus pneumoniae Danish serotype 5 Ab.IgG,MCnc,Pt,Ser,Qn,,Serotype 5 (5),Serotype 5 (5)
86147-6,Streptococcus pneumoniae Danish serotype 8 Ab.IgG,MCnc,Pt,Ser,Qn,,Serotype 8 (8),Serotype 8 (8)
86169-0,Streptococcus pneumoniae Danish serotype 9N Ab.IgG,MCnc,Pt,Ser,Qn,,Serotype 9N (9),Serotype 9N (9)
85977-7,Streptococcus pneumoniae Danish serotype 12F Ab.IgG,MCnc,Pt,Ser,Qn,,Serotype 12F (12),Serotype 12F (12)
85991-8,Streptococcus pneumoniae Danish serotype 14 Ab.IgG,MCnc,Pt,Ser,Qn,,Serotype 14 (14),Serotype 14 (14)
86009-8,Streptococcus pneumoniae Danish serotype 17F Ab.IgG,MCnc,Pt,Ser,Qn,,Serotype 17F (17),Serotype 17F (17)
86039-5,Streptococcus pneumoniae Danish serotype 2 Ab.IgG,MCnc,Pt,Ser,Qn,,Serotype 2 (2),Serotype 2 (2)
86080-9,Streptococcus pneumoniae Danish serotype 3 Ab.IgG,MCnc,Pt,Ser,Qn,,Serotype 3 (3),Serotype 3 (3)
86107-0,Streptococcus pneumoniae Danish serotype 4 Ab.IgG,MCnc,Pt,Ser,Qn,,Serotype 4 (4),Serotype 4 (4)
85954-6,Streptococcus pneumoniae Danish serotype 1 Ab.IgG,MCnc,Pt,Ser,Qn,,Serotype 1 (1),Serotype 1 (1)
20561-7,traMADol,MCnc,Pt,Urine,Qn,Confirm,Tramadol,Tramadol
101863-9,Complement factor H Ab,ACnc,Pt,Ser/Plas,Qn,IA,"Factor H Autoantibody, S","Factor H Autoantibody, S"
101221-0,PM-SCL-100 extractable nuclear Ab,ACnc,Pt,Ser,Qn,IA,Anti-PM/Scl-100 Ab,Anti-PM/Scl-100 Ab
90364-1,Cholesterol.in LDL.small dense,MCnc,Pt,Ser/Plas,Qn,,"Small Dense LDL Cholesterol, S","Small Dense LDL Cholesterol, S"
26643-7,Clostridium tetani toxoid Ab,PrThr,Pt,Ser,Ord,,Tetanus IgG Ab,Tetanus IgG Ab
56485-6,Taenia solium Ab.IgG,PrThr,Pt,Ser,Ord,IA,"Cysticercosis (T. solium), IgG, S","Cysticercosis (T. solium), IgG, S"
20507-0,Reagin Ab,PrThr,Pt,Ser,Ord,RPR,"RPR Screen w/ Reflex to Titer, S","RPR Screen w/ Reflex to Titer, S"
32572-0,Tilapia Ab.IgE,ACnc,Pt,Ser,Qn,,"Tilapia, IgE, S","Tilapia, IgE, S"
77399-4,Human papilloma virus 16 DNA,PrThr,Pt,Cvx,Ord,Probe.amp.tar,"HPV High Risk type 16, PCR","HPV High Risk type 16, PCR"
77400-0,Human papilloma virus 18 DNA,PrThr,Pt,Cvx,Ord,Probe.amp.tar,"HPV High Risk type 18, PCR","HPV High Risk type 18, PCR"
71431-1,Human papilloma virus 31+33+35+39+45+51+52+56+58+59+66+68 DNA,PrThr,Pt,Cvx,Ord,Probe.amp.ta,"HPV other High Risk types, PCR","HPV other High Risk types, PCR"
76575-0,Bacterial 16S rRNA,PrThr,Pt,XXX,Ord,Probe.amp.tar,"Tickborne Bacterial PCR+Sequence, B","Tickborne Bacterial PCR+Sequence, B"
9410-2,Histamine,MRat,24H,Urine,Qn,,"Histamine, 24 hr Urine","Histamine, 24 hr Urine"
72333-8,JAK2 gene.p.Val617Phe,PrThr,Pt,Bone mar,Ord,Molgen,JAK2 Result,JAK2 Result
101588-2,Histoplasma capsulatum+Blastomyces dermatitidis Ag,PrThr,Pt,Ser/Plas,Ord,IA,Histoplasma/Blastomyces Ag Result,Histoplasma/Blastomyces Ag Result
101589-0,Histoplasma capsulatum+Blastomyces dermatitidis Ag,MCnc,Pt,Ser/Plas,Qn,IA,Histoplasma/Blastomyces Ag Value,Histoplasma/Blastomyces Ag Value
48943-5,Cannabinoids,PrThr,Pt,XXX,Ord,Confirm,Cannabinoid Confirmation,Cannabinoid Confirmation
73935-9,Tetrahydrocannabinol,MCnc,Pt,Ser/Plas/Bld,Qn,Confirm,Tetrahydrocannabinol (THC),Tetrahydrocannabinol (THC)
48944-3,Carboxy tetrahydrocannabinol,MCnc,Pt,XXX,Qn,,Carboxy-THC,Carboxy-THC
48934-4,11-Hydroxy delta-9 tetrahydrocannabinol,MCnc,Pt,XXX,Qn,,Hydroxy_THC,Hydroxy_THC
82964-8,Cannabidiol,MCnc,Pt,Ser/Plas/Bld,Qn,Confirm,Cannabidiol,Cannabidiol
101450-5,Neurochondrin Ab,PrThr,Pt,Ser/Plas,Ord,CBA IFA,"Neurochondrin CBA, S","Neurochondrin CBA, S"
101449-7,Neurochondrin Ab,PrThr,Pt,CSF,Ord,CBA IFA,"Neurochondrin CBA, CSF","Neurochondrin CBA, CSF"
29904-0,Toxoplasma gondii DNA,PrThr,Pt,XXX,Ord,Probe.amp.tar,Toxoplasma gondii PCR,Toxoplasma gondii PCR
95913-0,Coccidioides sp DNA,PrThr,Pt,Tiss,Ord,Probe.amp.tar,"Coccidioides PCR, FFPE, Result","Coccidioides PCR, FFPE, Result"
97916-1,Coccidioides sp DNA,PrThr,Pt,XXX,Ord,Probe.amp.tar,"Coccidioides PCR, Result","Coccidioides PCR, Result"
33935-8,Cyclic citrullinated peptide Ab.IgG,ACnc,Pt,Ser/Plas,Qn,,"Cyclic Citrullinated Peptide Ab, S","Cyclic Citrullinated Peptide Ab, S"
5607-7,Boron,MCnc,Pt,Ser/Plas,Qn,,Boron,Boron
6833-8,Cat dander Ab.IgE,ACnc,Pt,Ser,Qn,,"Cat Epithelium, IgE, S","Cat Epithelium, IgE, S"
6143-2,Horse dander Ab.IgE,ACnc,Pt,Ser,Qn,,"Horse Dander, IgE, S","Horse Dander, IgE, S"
6098-8,Dog dander Ab.IgE,ACnc,Pt,Ser,Qn,,"Dog Dander, IgE, S","Dog Dander, IgE, S"
32682-7,Hemoglobin F/Hemoglobin.total,MFr,Pt,Bld,Qn,Electrophoresis,Hb F,Hb F
4552-6,Hemoglobin A2/Hemoglobin.total,MFr,Pt,Bld,Qn,Electrophoresis,Hb A2,Hb A2
1693-1,5-Hydroxyindoleacetate,MCnc,Pt,Ser/Plas,Qn,,"5-Hydroxyindoleacetic Acid, P","5-Hydroxyindoleacetic Acid, P"
85622-9,Zika virus RNA,PrThr,Pt,Ser/Plas,Ord,Probe.amp.tar,Zika Serum PCR Result,Zika Serum PCR Result
85623-7,Zika virus RNA,PrThr,Pt,Urine,Ord,Probe.amp.tar,Zika Urine PCR Result,Zika Urine PCR Result
34720-3,Cytomegalovirus DNA,ACnc,Pt,XXX,Qn,Probe.amp.tar,CMV Quant PCR,CMV Quant PCR
94661-6,SARS coronavirus 2 Ab,Imp,Pt,Ser/Plas,Nom,,"SARS-CoV-2 Spike Ab, Interp, S","SARS-CoV-2 Spike Ab, Interp, S"
27822-6,Protein S actual/Normal,RelTime,Pt,PPP,Qn,Coag,"Protein S Activity, P","Protein S Activity, P"
77375-4,Human papilloma virus 31+33+35+39+45+51+52+56+58+59+66+68 DNA,PrThr,Pt,XXX,Ord,Probe.amp.tar,"HPV other High Risk types, PCR","HPV other High Risk types, PCR"
97025-1,BRAF gene.p.Val600 mutations,Prid,Pt,Tiss,Nom,Molgen,Result,Result
77379-6,Human papilloma virus 16 & 18 & 31+33+35+39+45+51+52+56+58+59+66+68 DNA,Imp,Pt,Cvx,Nom,,Interpretation,Interpretation
91680-9,F8 gene intron 22 inversion targeted mutation analysis,Find,Pt,Amnio fld/CVS,Doc,Molgen,"HA F8 Int22 Inversion KM, AF or CVS","HA F8 Int22 Inversion KM, AF or CVS"
91679-1,F8 gene intron 22 inversion targeted mutation analysis,Find,Pt,Bld/Tiss,Doc,Molgen,"HA F8 Intron 22 Inversion KM, B","HA F8 Intron 22 Inversion KM, B"
85101-4,BRAF gene.p.Val600Glu,PrThr,Pt,Bone mar,Ord,Molgen,Result,Result
101142-8,NAT2 gene allele,Geno,Pt,Bld/Tiss,Nom,Molgen,NAT2 Genotype,NAT2 Genotype
101143-6,NAT2 gene product metabolic activity interpretation,Imp,Pt,Bld/Tiss,Ord,Molgen,NAT2 Phenotype,NAT2 Phenotype
101131-1,B-cell precursors,NFr,Pt,Bone mar,Qn,Flow cytometry,% B-cell Precursors,% B-cell Precursors
101128-7,Theoretical limit of detection,Num,Pt,XXX,Qn,Calculated,Patient / Sample Theoretical LOQ,Patient / Sample Theoretical LOQ
101129-5,Assay Sensitivity,Num,Pt,Laboratory device,Qn,,Validated Assay Sensitivity,Validated Assay Sensitivity
5005-4,Epstein Barr virus DNA,PrThr,Pt,XXX,Ord,Probe.amp.tar,Epstein-Barr Virus PCR,Epstein-Barr Virus PCR
23858-4,Epstein Barr virus DNA,PrThr,Pt,CSF,Ord,Probe.amp.tar,Epstein-Barr Virus PCR,Epstein-Barr Virus PCR
100976-0,Eosinophil derived neurotoxin,MCnc,Pt,Ser/Plas,Qn,,"Eosinophil Derived Neurotoxin, S","Eosinophil Derived Neurotoxin, S"
88895-8,Perampanel,MCnc,Pt,Ser/Plas,Qn,,"Perampanel, S","Perampanel, S"
93438-0,Herpes Simplex Virus 2 DNA,PrThr,Pt,Bld,Ord,Non-probe.amp.tar,"HSV 2 PCR, B","HSV 2 PCR, B"
93439-8,Herpes Simplex Virus 1 DNA,PrThr,Pt,Bld,Ord,Non-probe.amp.tar,"HSV 1 PCR, B","HSV 1 PCR, B"
42588-4,Bordetella parapertussis DNA,PrThr,Pt,Nph,Ord,Probe.amp.tar,Bordetella parapertussis PCR,Bordetella parapertussis PCR
43913-3,Bordetella pertussis DNA,PrThr,Pt,Nph,Ord,Probe.amp.tar,Bordetella pertussis PCR,Bordetella pertussis PCR
81147-1,Specimen source identification,Imp,Pt,^Patient Nar,,,Material Received,Material Received
88452-8,Babesia microti 18S rRNA gene,PrThr,Pt,Bld,Ord,Non-probe.amp.tar,Babesia microti,Babesia microti
88451-0,Babesia duncani 18S rRNA gene,PrThr,Pt,Bld,Ord,Non-probe.amp.tar,Babesia duncani,Babesia duncani
88450-2,Babesia divergens+MO-1 strain 18S rRNA gene,PrThr,Pt,Bld,Ord,Non-probe.amp.tar,Babesia divergens/MO-1,Babesia divergens/MO-1
16227-1,diazePAM,MCnc,Pt,Urine,Qn,Confirm,Diazepam,Diazepam
16228-9,Nordiazepam,MCnc,Pt,Urine,Qn,Confirm,Desmethyldiazepam,Desmethyldiazepam
16201-6,Oxazepam,MCnc,Pt,Urine,Qn,Confirm,Oxazepam,Oxazepam
19328-4,Alpha hydroxyalprazolam,MCnc,Pt,Urine,Qn,,Alpha-Hydroxyalprazolam,Alpha-Hydroxyalprazolam
17088-6,LORazepam,MCnc,Pt,Urine,Qn,Confirm,Lorazepam,Lorazepam
20532-8,Hydroxyethylflurazepam,MCnc,Pt,Urine,Qn,Confirm,Hydroxyethylflurazepam,Hydroxyethylflurazepam
20559-1,Temazepam,MCnc,Pt,Urine,Qn,Confirm,Temazepam,Temazepam
59615-5,ALPRAZolam,MCnc,Pt,Urine,Qn,Confirm,Alprazolam,Alprazolam
49876-6,Alpha hydroxytriazolam,MCnc,Pt,Urine,Qn,Confirm,Alpha-Hydroxytriazolam,Alpha-Hydroxytriazolam
59590-0,1-Hydroxymidazolam,MCnc,Pt,Urine,Qn,Confirm,Alpha-Hydroxymidazolam,Alpha-Hydroxymidazolam
87558-3,Anaplasma phagocytophilum groEL gene,PrThr,Pt,Bld,Ord,Non-probe.amp.tar,Anaplasma phagocytophilum,Anaplasma phagocytophilum
87559-1,Ehrlichia chaffeensis groEL gene,PrThr,Pt,Bld,Ord,Non-probe.amp.tar,Ehrlichia chaffeensis,Ehrlichia chaffeensis
87560-9,Ehrlichia canis+ewingii groEL gene,PrThr,Pt,Bld,Ord,Non-probe.amp.tar,Ehrlichia ewingii/canis,Ehrlichia ewingii/canis
51776-3,7-Aminoclonazepam,MCnc,Pt,Urine,Qn,Confirm,7-Aminoclonazepam,7-Aminoclonazepam
82475-5,Borrelia miyamotoi glpQ gene,PrThr,Pt,Bld,Ord,Non-probe.amp.tar,"B. miyamotoi PCR, B","B. miyamotoi PCR, B"
5000-5,Cytomegalovirus DNA,PrThr,Pt,XXX,Ord,Probe.amp.tar,Cytomegalovirus PCR,Cytomegalovirus PCR
94584-0,Varicella zoster virus DNA,PrThr,Pt,XXX,Ord,Non-probe.amp.tar,Varicella-Zoster Virus PCR,Varicella-Zoster Virus PCR
33295-7,JC virus DNA,PrThr,Pt,CSF,Ord,Probe.amp.tar,"JC Virus, PCR, CSF","JC Virus, PCR, CSF"
94250-8,Borrelia burgdorferi oppA2 gene,PrThr,Pt,XXX,Ord,Non-probe.amp.tar,B. burgdorferi PCR,B. burgdorferi PCR
94251-6,Borrelia mayonii oppA2 gene,PrThr,Pt,XXX,Ord,Non-probe.amp.tar,B. mayonii PCR,B. mayonii PCR
94252-4,Borrelia garinii+afzelii oppA2 gene,PrThr,Pt,XXX,Ord,Non-probe.amp.tar,B. garinii/B. afzelii PCR,B. garinii/B. afzelii PCR
77958-7,Dengue virus 1 & 2 & 3 & 4 RNA,Prid,Pt,CSF,Nom,Probe.amp.tar,"Dengue Virus, PCR, CSF","Dengue Virus, PCR, CSF"
49092-0,Second trimester quad maternal screen,Imp,Pt,Ser/Plas,Nar,,INTERPRETATION,INTERPRETATION
100984-4,HIV 1 RNA HIV 1 group M RNA genotype,Prid,Pt,Isolate,Nom,Genotyping,HIV-1 group M subtype,HIV-1 group M subtype
100983-6,HIV reverse transcriptase failed codons,Prid,Pt,Isolate,Genotyping,,Reverse Transcriptase failed codons,Reverse Transcriptase failed codons
100985-1,HIV protease failed codons,Prid,Pt,Isolate,Genotyping,,Protease failed codons,Protease failed codons
100986-9,HIV integrase failed codons,Prid,Pt,Isolate,Genotyping,,Integrase failed codons,Integrase failed codons
87706-8,Detection limit,Num,Pt,Laboratory device,Qn,,Lower Limit of Quantitation (LLOQ),Lower Limit of Quantitation (LLOQ)
23019-3,Coxiella burnetii Ab,PrThr,Pt,Ser,Ord,IA,"Q Fever Ab Scrn w/ Titer Reflex, S","Q Fever Ab Scrn w/ Titer Reflex, S"
94351-4,Purkinje cell cytoplasmic type 2 Ab.IgG,Titr,Pt,Ser,Qn,IF,"PCA-2 Titer, S","PCA-2 Titer, S"
86580-8,Mumps virus RNA,PrThr,Pt,Urine,Ord,Probe.amp.tar,"Mumps Virus PCR, Urine","Mumps Virus PCR, Urine"
25835-0,HIV 1 RNA,PrThr,Pt,Ser/Plas,Ord,Probe.amp.tar,HIV-1 RNA,HIV-1 RNA
69353-1,HIV 2 RNA,PrThr,Pt,Ser/Plas,Ord,Probe.amp.tar,HIV-2 RNA,HIV-2 RNA
56888-1,HIV 1+2 Ab+HIV1 p24 Ag,PrThr,Pt,Ser/Plas,Ord,IA,"HIV-1/-2 Ag and Ab Diagnostic, S","HIV-1/-2 Ag and Ab Diagnostic, S"
68961-2,HIV 1 Ab,PrThr,Pt,Ser/Plas/Bld,Ord,IA.rapid,"HIV-1 Ab Differentiation Prenatal, S","HIV-1 Ab Differentiation Prenatal, S"
81641-3,HIV 2 Ab,PrThr,Pt,Ser/Plas/Bld,Ord,IA.rapid,"HIV-2 Ab Differentiation Prenatal, S","HIV-2 Ab Differentiation Prenatal, S"
54067-4,Clostridioides difficile toxin genes,PrThr,Pt,Stool,Ord,Probe.amp.tar,"C. difficile Toxin, PCR","C. difficile Toxin, PCR"
47532-7,Mumps virus RNA,PrThr,Pt,XXX,Ord,Probe.amp.tar,"Mumps Virus PCR, Buccal","Mumps Virus PCR, Buccal"
86577-4,Measles virus RNA,PrThr,Pt,Urine,Ord,Probe.amp.tar,"Measles Virus PCR, Urine","Measles Virus PCR, Urine"
82786-5,Identifier,Find,Pt,^Clinical trial protocol,Nom,,Clinical Trials,Clinical Trials
93367-1,Variant of unknown significance,Prid,Pt,Bld/Tiss,Nom,,Variants of Unknown Significance,Variants of Unknown Significance
36908-2,Gene mutations tested for,Prid,Pt,Bld/Tiss,Nom,Molgen,Panel Gene List,Panel Gene List
22285-1,Entamoeba histolytica Ab,PrThr,Pt,Ser,Ord,,"E. histolytica Ab, IgG, S","E. histolytica Ab, IgG, S"
40674-4,Toxocara canis Ab.IgG,PrThr,Pt,Ser,Ord,IA,"Toxocara Ab, IgG, S","Toxocara Ab, IgG, S"
19253-4,Trichinella spiralis Ab,PrThr,Pt,Ser,Ord,IA,"Trichinella Ab, IgG, S","Trichinella Ab, IgG, S"
56119-1,Cellular material,MCnt,Pt,Calculus,Qn,Estimated,Stone Interpretation,Stone Interpretation
1980-2,Biotin,MCnc,Pt,Ser/Plas,Qn,,Biotin (Vitamin B7),Biotin (Vitamin B7)
13074-0,Phosphatidylcholine Ab.IgM,ACnc,Pt,Ser,Qn,,Anti-Phosphatidylcholine IgM,Anti-Phosphatidylcholine IgM
13075-7,Phosphatidylcholine Ab.IgA,ACnc,Pt,Ser,Qn,,Anti-Phosphatidylcholine IgA,Anti-Phosphatidylcholine IgA
13073-2,Phosphatidylcholine Ab.IgG,ACnc,Pt,Ser,Qn,,Anti-phosphatidylcholine IgG,Anti-phosphatidylcholine IgG
13076-5,Phosphatidylethanolamine Ab.IgG,ACnc,Pt,Ser,Qn,,Anti-Phosphatidylethanolamine IgG,Anti-Phosphatidylethanolamine IgG
13077-3,Phosphatidylethanolamine Ab.IgM,ACnc,Pt,Ser,Qn,,Anti-Phosphatidylethanolamine IgM,Anti-Phosphatidylethanolamine IgM
13078-1,Phosphatidylethanolamine Ab.IgA,ACnc,Pt,Ser,Qn,,Anti-Phosphatidylethanolamine IgA,Anti-Phosphatidylethanolamine IgA
42077-8,Phone number,Tele,Pt,^Patient,Nom,,Patient Home Phone,Patient Home Phone
77983-5,Country of usual residence,Loc,Pt,^Patient,Nom,,Patient Country,Patient Country
47679-6,Leucine,SCnc,Pt,Bld.dot,Qn,,Leucine,Leucine
47671-3,Isoleucine,SCnc,Pt,Bld.dot,Qn,,Isoleucine,Isoleucine
47799-2,Valine,SCnc,Pt,Bld.dot,Qn,,Valine,Valine
56799-0,Address,Addr,Pt,^Patient,Nom,,Patient Street Address (No PO Box),Patient Street Address (No PO Box)
68997-6,City,Loc,Pt,^Patient,Nom,,Patient City,Patient City
46499-0,State of residence,Loc,Pt,^Patient,Nom,,Patient State,Patient State
45401-7,Postal code,Loc,Pt,^Patient,Nom,,Patient Zip Code,Patient Zip Code
94572-5,Alloisoleucine,SCnc,Pt,Bld.dot,Qn,,Allo-isoleucine,Allo-isoleucine
72493-0,Cytomegalovirus DNA,ACnc,Pt,Ser/Plas,Qn,Probe.amp.tar,"CMV DNA Detect/Quant, P","CMV DNA Detect/Quant, P"
32624-9,Race,Type,Pt,^Patient,Nom,,Patient Race,Patient Race
100434-0,Orthopoxvirus.non-variola DNA,PrThr,Pt,XXX,Ord,Probe.amp.tar,"Orthopoxvirus DNA, QL PCR","Orthopoxvirus DNA, QL PCR"
100845-7,Neurofascin155 Ab.IgG4,PrThr,Pt,Ser,Ord,Flow cytometry,"Neurofascin-155 IgG4, S","Neurofascin-155 IgG4, S"
100733-5,Cholesterol.in LDL^corrected for Cholesterol.in lipoprotein (little a),MCnc,Pt,Ser,Qn,Calculated,LDL-C Corrected for Lp(a)-C,LDL-C Corrected for Lp(a)-C
96501-2,TIF1-gamma Ab,ACnc,Pt,Ser,Qn,IA,Anti-TIF-1gamma Ab,Anti-TIF-1gamma Ab
80824-6,Zika virus Ab.IgM,PrThr,Pt,Ser/Plas,Ord,IA,"Zika Virus MAC-ELISA, IgM, S","Zika Virus MAC-ELISA, IgM, S"
97607-6,Phosphatidylethanol 16,0-18,1,MCnc,Pt,Bld:Qn:,PEth 16:0/18:1 (POPEth) by LC-MS/MS,PEth 16:0/18:1 (POPEth) by LC-MS/MS
97606-8,Phosphatidylethanol 16,0-18,2,MCnc,Pt,Bld:Qn:,PEth 16:0/18:2 (PLPEth) by LC-MS/MS,PEth 16:0/18:2 (PLPEth) by LC-MS/MS
48494-9,Complement C1 esterase inhibitor actual/Normal,RelCCnc,Pt,Ser/Plas,Qn,,"C1 Esterase Inhib, Functional, S","C1 Esterase Inhib, Functional, S"
8122-4,Cells.CD3,NCnc,Pt,Bld,Qn,,CD3 T Cells,CD3 T Cells
100425-8,DiHydro T-Mas,MCnc,Pt,Ser/Plas,Qn,,DiHydro T-MAS,DiHydro T-MAS
100424-1,8(9)-Cholestenol,MCnc,Pt,Ser/Plas,Qn,,8(9)-Cholestenol,8(9)-Cholestenol
100427-4,Stigmasterol,MCnc,Pt,Ser/Plas,Qn,,Stigmasterol,Stigmasterol
100426-6,Squalene,MCnc,Pt,Ser/Plas,Qn,,Squalene,Squalene
74226-2,Plasma cells assessment,Find,Pt,Bone Mar,Nar,,Final Diagnosis,Final Diagnosis
33037-3,Anion gap 3,SCnc,Pt,Ser/Plas,Qn,,Anion Gap,Anion Gap
100351-6,Pioglitazone,PrThr,Pt,Ser/Plas,Ord,,Pioglitazone,Pioglitazone
100352-4,Rosiglitazone,PrThr,Pt,Ser/Plas,Ord,,Rosiglitazone,Rosiglitazone
93244-2,Complement Sc5b-9,MCnc,Pt,Ser/Plas,Qn,IA,"SC5b-9 Complement, P","SC5b-9 Complement, P"
6873-4,Beta hydroxybutyrate,SCnc,Pt,Ser/Plas,Qn,,3-Hydroxybutyric acid,3-Hydroxybutyric acid
75083-6,Aconitate,SCnc,Pt,Ser/Plas,Qn,,cis-Aconitic acid,cis-Aconitic acid
15038-3,Citrate,SCnc,Pt,Ser/Plas,Qn,,Citric acid,Citric acid
47536-8,3-Hydroxypropionate,SCnc,Pt,Plas,Qn,,3-Hydroxypropionic acid,3-Hydroxypropionic acid
69789-6,2-Methyl-3-Hydroxybutyrate,SCnc,Pt,Ser/Plas,Qn,,3-Hydroxy-2-methylbutyric acid,3-Hydroxy-2-methylbutyric acid
72450-0,3-Hydroxyisovalerate,SCnc,Pt,Ser/Plas,Qn,,3-Hydroxyisovaleric acid,3-Hydroxyisovaleric acid
33273-4,3-Methylglutaconate,SCnc,Pt,Ser/Plas,Qn,,3-Methylglutaconic acid,3-Methylglutaconic acid
75068-7,Malate,SCnc,Pt,Ser/Plas,Qn,,Malic acid,Malic acid
35868-9,2-Oxoisovalerate,SCnc,Pt,Ser/Plas,Qn,,2-Ketoisovaleric acid,2-Ketoisovaleric acid
35867-1,Acetoacetate,SCnc,Pt,Ser/Plas,Qn,,Acetoacetic acid,Acetoacetic acid
35870-5,2-Oxoisocaproate,SCnc,Pt,Ser/Plas,Qn,,2-Ketoisocaproic acid,2-Ketoisocaproic acid
69803-5,Alpha ketoglutarate,SCnc,Pt,Ser/Plas,Qn,,2-Ketoglutaric acid,2-Ketoglutaric acid
2524-7,Lactate,SCnc,Pt,Ser/Plas,Qn,,Lactic acid,Lactic acid
33516-6,Reticulocytes.immature/Reticulocytes.total,NFr,Pt,Bld,Qn,,Immature Retic Fraction,Immature Retic Fraction
71694-4,Hemoglobin,EntMass,Pt,Retic,Qn,Automated count,Reticulocyte Hemoglobin,Reticulocyte Hemoglobin
34456-4,Powassan virus RNA,PrThr,Pt,Bld,Ord,Probe.amp.tar,Lineage 1,Lineage 1
34457-2,Powassan virus RNA,PrThr,Pt,CSF,Ord,Probe.amp.tar,Lineage 1,Lineage 1
55144-0,Powassan virus RNA,PrThr,Pt,XXX,Ord,Probe.amp.tar,Lineage 1,Lineage 1
50728-5,Serotonin release 0.1 IU/mL heparin.unfractionated,ACnc,Pt,Ser,Qn,,Low Heparin Serotonin Release,Low Heparin Serotonin Release
50727-7,Serotonin release 100 IU/mL heparin.unfractionated,ACnc,Pt,Ser,Qn,,High Heparin Serotonin Release,High Heparin Serotonin Release
66488-8,Serotonin release.heparin.unfractionated interpretation,Imp,Pt,Ser,Nar,,Serotonin Release Assay Result,Serotonin Release Assay Result
50733-5,Serotonin release interpretation,Imp,Pt,Ser,Nom,,Interpretation,Interpretation
89543-3,Laboratory ask at order entry panel,-,Pt,^Patient,-,,HIV RNA level copies/mL <30 days =,HIV RNA level copies/mL <30 days =
70241-5,HIV 1 RNA,NCnc,Pt,Plas,Qn,Probe.amp.tar detection limit = 20 copies/mL,"HIV-1 RNA Detect/Quant, P","HIV-1 RNA Detect/Quant, P"
61199-6,HIV 1 integrase gene mutations detected,Prid,Pt,Isolate,Nom,,Integrase mutations,Integrase mutations
90080-3,Bictegravir,Susc,Pt,Isolate,Ord,Genotyping,Bictegravir,Bictegravir
96566-5,Cabotegravir,Susc,Pt,Isolate,Ord,Genotyping,Cabotegravir,Cabotegravir
72857-6,Dolutegravir,Susc,Pt,Isolate,Ord,Genotyping,Dolutegravir,Dolutegravir
72526-7,Elvitegravir,Susc,Pt,Isolate,Ord,Genotyping,Elvitegravir,Elvitegravir
72525-9,Raltegravir,Susc,Pt,Isolate,Ord,Genotyping,Raltegravir,Raltegravir
80689-3,HIV 1 RNA reverse transcriptase & protease & integrase gene mutations detected,Prid,Pt,Plas,Nom,Sequencing,"HIV-1 Genotypic Drug Resistance, P","HIV-1 Genotypic Drug Resistance, P"
45175-7,HIV nucleoside reverse transcriptase gene mutations detected,Prid,Pt,Isolate,Nom,,Nucleos(t)ide RT mutations,Nucleos(t)ide RT mutations
30287-7,Abacavir,Susc,Pt,Isolate,Ord,Genotyping,Abacavir,Abacavir
30284-4,Didanosine,Susc,Pt,Isolate,Ord,Genotyping,Didanosine,Didanosine
41402-9,Emtricitabine,Susc,Pt,Isolate,Ord,Genotyping,Emtricitabine,Emtricitabine
30283-6,lamiVUDine,Susc,Pt,Isolate,Ord,Genotyping,Lamivudine,Lamivudine
30286-9,Stavudine,Susc,Pt,Isolate,Ord,Genotyping,Stavudine,Stavudine
41396-3,Tenofovir,Susc,Pt,Isolate,Ord,Genotyping,Tenofovir,Tenofovir
30282-8,Zidovudine,Susc,Pt,Isolate,Ord,Genotyping,Zidovudine,Zidovudine
45176-5,HIV nonnucleoside reverse transcriptase gene mutations detected,Prid,Pt,Isolate,Nom,,Nonnucleoside RT mutations,Nonnucleoside RT mutations
91897-9,Doravirine,Susc,Pt,Isolate,Ord,Genotyping,Doravirine,Doravirine
30291-9,Efavirenz,Susc,Pt,Isolate,Ord,Genotyping,Efavirenz,Efavirenz
52749-9,Etravirine,Susc,Pt,Isolate,Ord,Genotyping,Etravirine,Etravirine
30289-3,Nevirapine,Susc,Pt,Isolate,Ord,Genotyping,Nevirapine,Nevirapine
68463-9,Rilpivirine,Susc,Pt,Isolate,Ord,Genotyping,Rilpivirine,Rilpivirine
33630-5,HIV protease gene mutations detected,Prid,Pt,Isolate,Nom,,Protease Mutations,Protease Mutations
49618-2,Atazanavir+Ritonavir,Susc,Pt,Isolate,Ord,Genotyping,Atazanavir + Ritonavir,Atazanavir + Ritonavir
49630-7,Darunavir+Ritonavir,Susc,Pt,Isolate,Ord,Genotyping,Darunavir + Ritonavir,Darunavir + Ritonavir
51409-1,Fosamprenavir+Ritonavir,Susc,Pt,Isolate,Ord,Genotyping,Fosamprenavir + Ritonavir,Fosamprenavir + Ritonavir
49619-0,Indinavir+Ritonavir,Susc,Pt,Isolate,Ord,Genotyping,Indinavir + Ritonavir,Indinavir + Ritonavir
42000-0,Lopinavir+Ritonavir,Susc,Pt,Isolate,Ord,Genotyping,Lopinavir + Ritonavir,Lopinavir + Ritonavir
30294-3,Nelfinavir,Susc,Pt,Isolate,Ord,Genotyping,Nelfinavir,Nelfinavir
49621-6,Saquinavir+Ritonavir,Susc,Pt,Isolate,Ord,Genotyping,Saquinavir + Ritonavir,Saquinavir + Ritonavir
49622-4,Tipranavir+Ritonavir,Susc,Pt,Isolate,Ord,Genotyping,Tipranavir + Ritonavir,Tipranavir + Ritonavir
98485-6,Amyloid beta 42 peptide/Amyloid beta 40 peptide,MRto,Pt,CSF,Qn,,Beta-Amyloid Ratio,Beta-Amyloid Ratio
6825-4,Crystals,Prid,Pt,Body fld,Nom,Microscopy.light,Crystal ID,Crystal ID
18743-5,Autopsy report,Find,Pt,{Setting},Doc,{Role},Interpretation,Interpretation
97747-0,Carcinoembryonic Ag,MCnc,Pt,Asp,Qn,,"CEA, Pancreatic Cyst","CEA, Pancreatic Cyst"
19169-2,Carcinoembryonic Ag,MCnc,Pt,Plr fld,Qn,,"CEA, Pleural Fluid","CEA, Pleural Fluid"
97750-4,Cancer Ag 19-9,ACnc,Pt,Asp,Qn,,"CA19-9, Pancreatic Cyst","CA19-9, Pancreatic Cyst"
53017-0,Sjogrens syndrome-A extractable nuclear 52kD Ab,ACnc,Pt,Ser,Qn,,"Ro52 Antibody, IgG, S","Ro52 Antibody, IgG, S"
53019-6,Sjogrens syndrome-A extractable nuclear 60kD Ab,ACnc,Pt,Ser,Qn,,"Ro60 Antibody, IgG, S","Ro60 Antibody, IgG, S"
5631-7,Copper,MCnc,Pt,Ser/Plas,Qn,,"Copper, S","Copper, S"
88629-1,Chikungunya virus Ab.IgM,PrThr,Pt,Ser/Plas,Ord,IA,"Chikungunya IgM, Ab, S","Chikungunya IgM, Ab, S"
88630-9,Chikungunya virus Ab.IgG,PrThr,Pt,Ser/Plas,Ord,IA,"Chikungunya IgG, Ab, S","Chikungunya IgG, Ab, S"
6524-3,Rabies virus Ab.Neut,ACnc,Pt,Ser,Qn,Neut,Rabies Titer-Response,Rabies Titer-Response
11526-1,Pathology study,Find,Pt,^Patient,Doc,Pathology,"EER Maternal Serum, Integrated, Sp2","EER Maternal Serum, Integrated, Sp2"
87527-8,Fasting duration,Time,Pt,^Patient,Qn,,Fasting (8 HR or more),Fasting (8 HR or more)
49406-2,Herpes virus 8 DNA,NCnc,Pt,Bld,Qn,Probe.amp.tar,"Herpesvirus 8 DNA, QN PCR","Herpesvirus 8 DNA, QN PCR"
83107-3,Natriuretic peptide.B prohormone N-Terminal,MCnc,Pt,Ser/Plas,Qn,IA,"NT-Pro BNP, S","NT-Pro BNP, S"
47238-1,Treponema pallidum Ab.IgG,PrThr,Pt,Ser,Ord,IA,"Syphilis IgG w/ Reflex, EIA, S","Syphilis IgG w/ Reflex, EIA, S"
56961-6,Nicotinamide,MCnc,Pt,Ser/Plas,Qn,,Nicotinamide,Nicotinamide
72306-4,Nicotinurate,MCnc,Pt,Ser/Plas,Qn,,Nicotinuric Acid,Nicotinuric Acid
18244-4,Niacin,MCnc,Pt,Ser/Plas,Qn,,Nicotinic Acid (Niacin),Nicotinic Acid (Niacin)
49397-3,Herpes virus 7 DNA,NCnc,Pt,Ser/Plas,Qn,Probe.amp.tar,"Herpes Virus 7 DNA, QN PCR","Herpes Virus 7 DNA, QN PCR"
86955-2,Preliminary testing affected submission for further testing,PrThr,Pt,Specimen,Ord,,HCV RNA level IU/mL last 30 days =,HCV RNA level IU/mL last 30 days =
57320-4,Trypanosoma cruzi Ab,PrThr,Pt,Ser/Plas,Ord,IA,"T. cruzi Total Ab, EIA, S","T. cruzi Total Ab, EIA, S"
14062-4,Dexamethasone,MCnc,Pt,Ser/Plas,Qn,,"Dexamethasone, S","Dexamethasone, S"
16480-6,Borrelia burgdorferi Ab.IgG,PrThr,Pt,Ser/Plas,Ord,IA,"Lyme Ab, IgG, S","Lyme Ab, IgG, S"
40612-4,Borrelia burgdorferi Ab.IgM,PrThr,Pt,Ser/Plas,Ord,IA,"Lyme Ab, IgM, S","Lyme Ab, IgM, S"
93126-1,Comparison with previous results,Find,Pt,^Patient,Doc,,Previous Run Date,Previous Run Date
99614-0,Emicizumab,MCnc,Pt,PPP,Qn,Coag,"Emicizumab, modified OSA FVIII, P","Emicizumab, modified OSA FVIII, P"
21762-0,FXN gene.GAA repeats,PrThr,Pt,Bld/Tiss,Ord,Molgen,Result,Result
24467-3,Cells.CD3+CD4+,NCnc,Pt,Bld,Qn,,CD4 T Cells,CD4 T Cells
14135-8,Cells.CD3+CD8+,NCnc,Pt,Bld,Qn,,CD8 T Cells,CD8 T Cells
62320-7,T-cell receptor excision circle,NCnc,Pt,Bld.dot,Qn,Probe.amp.tar,TREC Copies,TREC Copies
29855-4,Powassan virus Ab.IgM,PrThr,Pt,Ser,Ord,,"Powassan Virus, IgM, ELISA, S","Powassan Virus, IgM, ELISA, S"
82479-7,TRBV30 gene segment/TRBV gene segments.total,NFr,Pt,Bld,Qn,,Family 30 Diversity Ratio,Family 30 Diversity Ratio
82501-8,TRBV2 gene segments/TRBV gene segments.total,NFr,Pt,Bld,Qn,,Family 2 Diversity Ratio,Family 2 Diversity Ratio
82500-0,TRBV3-1 gene segment/TRBV gene segments.total,NFr,Pt,Bld,Qn,,Family 3-1 Diversity Ratio,Family 3-1 Diversity Ratio
82499-5,TRBV4 gene segments/TRBV gene segments.total,NFr,Pt,Bld,Qn,,Family 4 Diversity Ratio,Family 4 Diversity Ratio
82498-7,TRBV5 gene segments/TRBV gene segments.total,NFr,Pt,Bld,Qn,,Family 5 Diversity Ratio,Family 5 Diversity Ratio
82497-9,TRBV6 gene segments/TRBV gene segments.total,NFr,Pt,Bld,Qn,,Family 6 Diversity Ratio,Family 6 Diversity Ratio
82496-1,TRBV7 gene segments/TRBV gene segments.total,NFr,Pt,Bld,Qn,,Family 7 Diversity Ratio,Family 7 Diversity Ratio
82495-3,TRBV9 gene segments/TRBV gene segments.total,NFr,Pt,Bld,Qn,,Family 9 Diversity Ratio,Family 9 Diversity Ratio
82494-6,TRBV10 gene segments/TRBV gene segments.total,NFr,Pt,Bld,Qn,,Family 10 Diversity Ratio,Family 10 Diversity Ratio
82493-8,TRBV11 gene segments/TRBV gene segments.total,NFr,Pt,Bld,Qn,,Family 11 Diversity Ratio,Family 11 Diversity Ratio
82492-0,TRBV12 gene segments/TRBV gene segments.total,NFr,Pt,Bld,Qn,,Family 12 Diversity Ratio,Family 12 Diversity Ratio
82491-2,TRBV13 gene segments/TRBV gene segments.total,NFr,Pt,Bld,Qn,,Family 13 Diversity Ratio,Family 13 Diversity Ratio
82490-4,TRBV14 gene segments/TRBV gene segments.total,NFr,Pt,Bld,Qn,,Family 14 Diversity Ratio,Family 14 Diversity Ratio
82489-6,TRBV15 gene segments/TRBV gene segments.total,NFr,Pt,Bld,Qn,,Family 15 Diversity Ratio,Family 15 Diversity Ratio
82488-8,TRBV16 gene segments/TRBV gene segments.total,NFr,Pt,Bld,Qn,,Family 16 Diversity Ratio,Family 16 Diversity Ratio
82487-0,TRBV18 gene segments/TRBV gene segments.total,NFr,Pt,Bld,Qn,,Family 18 Diversity Ratio,Family 18 Diversity Ratio
82486-2,TRBV19 gene segments/TRBV gene segments.total,NFr,Pt,Bld,Qn,,Family 19 Diversity Ratio,Family 19 Diversity Ratio
82485-4,TRBV20-1 gene segment/TRBV gene segments.total,NFr,Pt,Bld,Qn,,Family 20-1 Diversity Ratio,Family 20-1 Diversity Ratio
82484-7,TRBV24-1 gene segment/TRBV gene segments.total,NFr,Pt,Bld,Qn,,Family 24-1 Diversity Ratio,Family 24-1 Diversity Ratio
82483-9,TRBV25 gene segments/TRBV gene segments.total,NFr,Pt,Bld,Qn,,Family 25 Diversity Ratio,Family 25 Diversity Ratio
82482-1,TRBV27 gene segment/TRBV gene segments.total,NFr,Pt,Bld,Qn,,Family 27 Diversity Ratio,Family 27 Diversity Ratio
82481-3,TRBV28 gene segment/TRBV gene segments.total,NFr,Pt,Bld,Qn,,Family 28 Diversity Ratio,Family 28 Diversity Ratio
82480-5,TRBV29 gene segments/TRBV gene segments.total,NFr,Pt,Bld,Qn,,Family 29 Diversity Ratio,Family 29 Diversity Ratio
21665-5,EGFR gene targeted mutation analysis,Prid,Pt,Bld/Tiss,Nom,Molgen,Result,Result
11145-0,5-Hydroxyindoleacetate/Creatinine,MRto,Pt,Urine,Qn,,"5-HIAA, Random, U","5-HIAA, Random, U"
3052-8,Triiodothyronine.reverse,MCnc,Pt,Ser/Plas,Qn,,T3 Reverse,T3 Reverse
6891-6,Testosterone.free+weakly bound/Testosterone.total,MFr,Pt,Ser/Plas,Qn,,Testost. % Free+Weakly Bound,Testost. % Free+Weakly Bound
74522-4,Complement lectin pathway actual/normal,RelACnc,Pt,Ser,Qn,IA,"MBL Complement Path, Func, S","MBL Complement Path, Func, S"
99062-2,Acetylcholine receptor modulation Ab,PrThr,Pt,Ser,Ord,Flow cytometry,"AChR Modulating Flow Cytometry, S","AChR Modulating Flow Cytometry, S"
99059-8,n-Acetylglycine/Creatinine,MRto,Pt,Urine,Qn,,n-Acetylglycine,n-Acetylglycine
97152-3,Hepatitis B virus core+little e+p22cr Ag,ACnc,Pt,Ser/Plas,Qn,IA,"HBcr Ag, Quantitative, S","HBcr Ag, Quantitative, S"
32710-6,Nitrite,PrThr,Pt,Urine,Ord,,Nitrites,Nitrites
78040-3,FISH probe target gene,ID,Pt,Laboratory device,Nom,,Probes Requested,Probes Requested
30048-3,Lysine/Creatinine,Ratio,Pt,Urine,Qn,,Lysine,Lysine
30049-1,Ornithine/Creatinine,Ratio,Pt,Urine,Qn,,Ornithine,Ornithine
30062-4,Arginine/Creatinine,Ratio,Pt,Urine,Qn,,Arginine,Arginine
9679-2,Squamous cell carcinoma Ag,MCnc,Pt,Ser/Plas,Qn,,"Squamous Cell Carcinoma Antigen, S","Squamous Cell Carcinoma Antigen, S"
13174-8,Interpretation,Imp,Pt,CSF,Nom,Immunofixation,"Immunofixation, CSF","Immunofixation, CSF"
97054-1,Granulocyte macrophage colony stimulating factor,MCnc,Pt,Ser/Plas,Qn,,GM-CSF,GM-CSF
40726-2,Hepatitis C virus Ab.IgG,PrThr,Pt,Ser/Plas,Ord,IA,"HCV Ab, S","HCV Ab, S"
43983-6,Amphetamines,PrThr,Pt,Urine,Ord,Screen>500 ng/mL,Amphetamines,Amphetamines
77396-0,Human papilloma virus 16 DNA,PrThr,Pt,Anorectal,Ord,Probe.amp.tar,"HPV High Risk type 16, PCR","HPV High Risk type 16, PCR"
77395-2,Human papilloma virus 18 DNA,PrThr,Pt,Anorectal,Ord,Probe.amp.tar,"HPV High Risk type 18, PCR","HPV High Risk type 18, PCR"
77394-5,Human papilloma virus 31+33+35+39+45+51+52+56+58+59+66+68 DNA,PrThr,Pt,Anorectal,Ord,Probe.amp.tar,"HPV other High Risk types, PCR","HPV other High Risk types, PCR"
19415-9,Tetrahydrocannabinol,PrThr,Pt,Urine,Ord,Screen,Tetrahydrocannabinol,Tetrahydrocannabinol
19359-9,Cocaine,PrThr,Pt,Urine,Ord,Screen,Cocaine,Cocaine
98241-3,CD154 function (binding to CD40),PrThr,Pt,T cells,Ord,,CD40muIg (Function),CD40muIg (Function)
98240-5,Cells.CD154,PrThr,Pt,T cells,Ord,,CD40 Ligand Expression,CD40 Ligand Expression
5193-8,Hepatitis B virus surface Ab,ACnc,Pt,Ser/Plas,Qn,IA,"HBs Ab Monitor, Post-transplant, S","HBs Ab Monitor, Post-transplant, S"
5334-8,Rubella virus Ab.IgG,ACnc,Pt,Ser/Plas,Qn,IA,Rubella IgG Antibody Index,Rubella IgG Antibody Index
11257-3,Haemophilus influenzae B Ab.IgG,MCnc,Pt,Ser,Qn,IA,"Haemophilus influenzae B Ab, IgG, S","Haemophilus influenzae B Ab, IgG, S"
13952-7,Hepatitis B virus core Ab,PrThr,Pt,Ser/Plas,Ord,IA,"HBc Total Ab Prenatal, S","HBc Total Ab Prenatal, S"
10900-9,Hepatitis B virus surface Ab,PrThr,Pt,Ser,Ord,IA,"HBs Antibody Scrn, S","HBs Antibody Scrn, S"
5196-1,Hepatitis B virus surface Ag,PrThr,Pt,Ser/Plas,Ord,IA,"HBs Antigen Scrn, S","HBs Antigen Scrn, S"
20519-5,Cocaine,MCnc,Pt,Urine,Qn,Confirm,Cocaine-by GC/MS,Cocaine-by GC/MS
19147-8,Referral lab test reference range,Find,Pt,Referral lab test,Nom,,Reference Value,Reference Value
16237-0,Butalbital,MCnc,Pt,Urine,Qn,Confirm,Butalbital-by GC/MS,Butalbital-by GC/MS
97160-6,Norclobazam,MCnc,Pt,Urine,Qn,Confirm,N-Desmethylclobazam by LC-MS/MS,N-Desmethylclobazam by LC-MS/MS
97159-8,2-Hydroxyethylflurazepam,MCnc,Pt,Urine,Qn,Confirm,2-Hydroxy Ethyl Flurazepam by LC-MS/MS,2-Hydroxy Ethyl Flurazepam by LC-MS/MS
16226-3,Benzoylecgonine,MCnc,Pt,Urine,Qn,Confirm,Benzoylecgonine-by GC/MS,Benzoylecgonine-by GC/MS
16239-6,Amobarbital,MCnc,Pt,Urine,Qn,Confirm,Amobarbital-by GC/MS,Amobarbital-by GC/MS
16240-4,PENTobarbital,MCnc,Pt,Urine,Qn,Confirm,Pentobarbital-by GC/MS,Pentobarbital-by GC/MS
16238-8,Secobarbital,MCnc,Pt,Urine,Qn,Confirm,Secobarbital-by GC/MS,Secobarbital-by GC/MS
97558-1,Acetylcholine receptor binding Ab.IgG+IgM,SCnc,Pt,Ser,Qn,IA,ACh Receptor (Muscle) Binding Ab,ACh Receptor (Muscle) Binding Ab
43730-1,Epstein Barr virus DNA,ACnc,Pt,Ser/Plas,Qn,Probe.amp.tar,"EBV DNA Detect/Quant, P","EBV DNA Detect/Quant, P"
32284-2,BK virus DNA,ACnc,Pt,Ser/Plas,Qn,Probe.amp.tar,"BKV DNA Detect/Quant, P","BKV DNA Detect/Quant, P"
32285-9,BK virus DNA,ACnc,Pt,Urine,Qn,Probe.amp.tar,"BKV DNA Detect/Quant, U","BKV DNA Detect/Quant, U"
59673-4,fentaNYL,PrThr,Pt,Urine,Ord,Screen,Fentanyl Immunoassay Screen,Fentanyl Immunoassay Screen
15045-8,Creatine,SCnc,Pt,Ser/Plas,Qn,,Creatine,Creatine
14682-9,Creatinine,SCnc,Pt,Ser/Plas,Qn,,Creatinine,Creatinine
33244-5,Guanidinoacetate,SCnc,Pt,Ser/Plas,Qn,,Guanidinoacetate,Guanidinoacetate
26842-5,Iodine,MCnc,24H,Urine,Qn,,Iodine Concentration,Iodine Concentration
54906-3,Norovirus genogroup II RNA,PrThr,Pt,Stool,Ord,Probe.amp.tar,Norovirus G2 PCR,Norovirus G2 PCR
54905-5,Norovirus genogroup I RNA,PrThr,Pt,Stool,Ord,Probe.amp.tar,Norovirus G1 PCR,Norovirus G1 PCR
85318-4,ERBB2 gene duplication,PrThr,Pt,Breast cancer specimen,Ord,FISH,Result Summary,Result Summary
18261-8,Cholesterol.in LDL,MCnc,Pt,Ser/Plas.ultracentrifugate,Qn,,"LDL Chol (Beta-Quantification), S","LDL Chol (Beta-Quantification), S"
1007-4,Direct antiglobulin test.polyspecific reagent,PrThr,Pt,RBC,Ord,,Direct Antiglobulin Test (Poly),Direct Antiglobulin Test (Poly)
46248-1,Borrelia burgdorferi Ab.IgG & IgM,Imp,Pt,Ser,Nom,IA,Lyme Ab Interpretation,Lyme Ab Interpretation
97151-5,Enterovirus RNA,PrThr,Pt,Ser/Plas,Ord,Non-probe.amp.tar,"Enterovirus PCR, P","Enterovirus PCR, P"
43583-4,Lipoprotein (little a),SCnc,Pt,Ser/Plas,Qn,,"Lipoprotein(a), S","Lipoprotein(a), S"
50722-8,VKORC1 gene targeted mutation analysis,Prid,Pt,Bld/Tiss,Nom,Molgen,Warfarin VKORC1 Resistance Genotype,Warfarin VKORC1 Resistance Genotype
93190-7,HTR2A gene.c.614-2211T>C,Geno,Pt,Bld/Tiss,Nom,Molgen,HTR2A rs7997012 Genotype,HTR2A rs7997012 Genotype
93191-5,HTR2C gene.c.-759C>T,Geno,Pt,Bld/Tiss,Nom,Molgen,HTR2C rs3813929 Genotype,HTR2C rs3813929 Genotype
93192-3,HTR2C gene.c.551-3008C>G,Geno,Pt,Bld/Tiss,Nom,Molgen,HTR2C rs1414334 Genotype,HTR2C rs1414334 Genotype
79303-4,D- & L-2-hydroxyglutarate pattern,Imp,Pt,Urine,Nar,,Interpretation,Interpretation
80100-1,D-2-hydroxyglutarate/Creatinine,SRto,Pt,Urine,Qn,,D-2-Hydroxyglutaric acid,D-2-Hydroxyglutaric acid
80099-5,L-2-hydroxyglutarate/Creatinine,SRto,Pt,Urine,Qn,,L-2-Hydroxyglutaric acid,L-2-Hydroxyglutaric acid
55752-0,Clinical information,Find,Pt,^Patient,Nar,,Clinical Summary,Clinical Summary
83056-2,Programmed cell death ligand 1 by clone 28-8,Imp,Pt,Tiss,Nar,Immune stain,Interpretation,Interpretation
83081-0,Borrelia burgdorferi Ab.IgG+IgM,PrThr,Pt,Ser,Ord,IA,"Lyme Ab Modified 2-Tier w/Reflex, S","Lyme Ab Modified 2-Tier w/Reflex, S"
96795-0,Hexacarboxylporphyrins,SCnc,Pt,Urine,Qn,,Hexacarboxylporphyrins,Hexacarboxylporphyrins
89579-7,Troponin I.cardiac,MCnc,Pt,Ser/Plas,Qn,High sensitivity,"Troponin I, High Sensitivity, P","Troponin I, High Sensitivity, P"
97148-1,Guanidinoacetate,SCnc,Pt,Urine,Qn,,Guanidinoacetate,Guanidinoacetate
3244-1,Coagulum lysis,Time,Pt,PPP,Qn,Coag,Euglobulin Clot Lysis Time,Euglobulin Clot Lysis Time
97206-7,Tropheryma whipplei DNA,PrThr,Pt,XXX,Ord,Non-probe.amp.tar,"Tropheryma whipplei PCR, Result","Tropheryma whipplei PCR, Result"
97205-9,Tropheryma whipplei DNA,PrThr,Pt,Bld,Ord,Non-probe.amp.tar,"Tropheryma whipplei PCR, B, Result","Tropheryma whipplei PCR, B, Result"
97185-3,West Nile virus RNA,PrThr,Pt,Urine,Ord,Probe.amp.tar,"West Nile Virus RNA, PCR, Urine","West Nile Virus RNA, PCR, Urine"
49287-6,Organic acids pattern,Imp,Pt,Urine,Nar,,"Organic Acids Scrn, U","Organic Acids Scrn, U"
97184-6,Ravulizumab,MCnc,Pt,Ser,Qn,,"Ravulizumab, S","Ravulizumab, S"
97149-9,Pro prostate specific Ag isoform 2,MCnc,Pt,Ser/Plas,Qn,IA,"[-2]ProPSA, S","[-2]ProPSA, S"
97150-7,Prostate health index,Score,Pt,Ser/Plas,Qn,Calculated,Prostate Health Index,Prostate Health Index
26455-6,Erythrocytes,NCnc,Pt,Body fld,Qn,,Erythrocytes,Erythrocytes
55793-4,Nucleated cells,NCnc,Pt,Body fld,Qn,,Total Nucleated Cells,Total Nucleated Cells
45284-7,DPYD gene targeted mutation analysis,Prid,Pt,Bld/Tiss,Nom,Molgen,DPYD Genotype,DPYD Genotype
93308-5,Risk of adverse drug reaction sequence variation interpretation,Imp,Pt,Bld/Tiss,Nar,,HLA-B *58:01 Phenotype,HLA-B *58:01 Phenotype
21769-5,Spinocerebellar ataxia genes.CAG repeats,PrThr,Pt,Bld/Tiss,Ord,Molgen,Result Summary,Result Summary
36911-6,Spinocerebellar ataxia gene targeted mutation analysis,Prid,Pt,Bld/Tiss,Nom,Molgen,Result,Result
21768-7,Spinocerebellar ataxia gene mutations tested for,Prid,Pt,Bld/Tiss,Nom,Molgen,Test Code,Test Code
79711-8,HLA-B*58,01,PrThr,Pt,Bld/Tiss,Ord:,HLA-B *58:01 Genotype,HLA-B *58:01 Genotype
49865-9,Coagulation factor VIII activity actual/Normal,RelACnc,Pt,PPP,Qn,Chromo,"Chromogenic FVIII, P","Chromogenic FVIII, P"
13514-5,Hemoglobin pattern,Imp,Pt,Bld,Nar,Electrophoresis,Hb Electrophoresis Summary Interp,Hb Electrophoresis Summary Interp
3128-6,Viscosity,Visc,Pt,Ser,Qn,,"Viscosity, S","Viscosity, S"
4488-3,Complement C3a,MCnc,Pt,Ser/Plas,Qn,,"C3a Level By RIA, Plasma","C3a Level By RIA, Plasma"
63557-3,Hepatitis B virus surface Ag,ACnc,Pt,Ser/Plas,Qn,IA,"HBs Ag, Quantitative, S","HBs Ag, Quantitative, S"
47321-5,Saccharomyces cerevisiae Ab.IgG,ACnc,Pt,Ser,Qn,IA,"Saccharomyces cerevisiae Ab, IgG, S","Saccharomyces cerevisiae Ab, IgG, S"
47320-7,Saccharomyces cerevisiae Ab.IgA,ACnc,Pt,Ser,Qn,IA,"Saccharomyces cerevisiae Ab, IgA, S","Saccharomyces cerevisiae Ab, IgA, S"
79712-6,HLA-A*31,01,PrThr,Pt,Bld/Tiss,Ord:,HLA-A*31:01 Genotype,HLA-A*31:01 Genotype
57979-7,HLA-B*15,02,PrThr,Pt,Bld/Tiss,Ord:,HLA-B*15:02 Genotype,HLA-B*15:02 Genotype
54451-0,CYP2C9 & VKORC1,Imp,Pt,Bld/Tiss,Nar,Molgen,Warfarin CYP2C9 and VKORC1 Promoter Phenotype,Warfarin CYP2C9 and VKORC1 Promoter Phenotype
46724-1,CYP2C9 gene allele,Geno,Pt,Bld/Tiss,Nom,Molgen,Warfarin CYP2C9 Genotype,Warfarin CYP2C9 Genotype
94417-3,SLC6A4 gene 5-HTTLPR variant,Geno,Pt,Bld/Tiss,Nom,Molgen,SLC6A4 5HTTLPR Genotype,SLC6A4 5HTTLPR Genotype
94418-1,UGT2B15 gene.c.253G>T,Geno,Pt,Bld/Tiss,Nom,Molgen,UGT2B15 rs1902023 Genotype,UGT2B15 rs1902023 Genotype
94415-7,OPRM1 gene.c.118A>G,Geno,Pt,Bld/Tiss,Nom,Molgen,OPRM1 rs1799971 Genotype,OPRM1 rs1799971 Genotype
94416-5,SCN1A gene.c.603-91G>A,Geno,Pt,Bld/Tiss,Nom,Molgen,SCN1A rs3812718 Genotype,SCN1A rs3812718 Genotype
94414-0,MTHFR gene.c.677C>T & c.1298A>C,Geno,Pt,Bld/Tiss,Nom,Molgen,MTHFR Genotype,MTHFR Genotype
94413-2,GRIK4 gene.c.83-10039T>C,Geno,Pt,Bld/Tiss,Nom,Molgen,GRIK4 rs1954787 Genotype,GRIK4 rs1954787 Genotype
94412-4,EPHX1 gene.c.416A>G,Geno,Pt,Bld/Tiss,Nom,Molgen,EPHX1 rs2234922 Genotype,EPHX1 rs2234922 Genotype
94411-6,DRD2 gene.c.-585A>G,Geno,Pt,Bld/Tiss,Nom,Molgen,DRD2 rs1799978 Genotype,DRD2 rs1799978 Genotype
50956-2,HLA-B*57,01,PrThr,Pt,Bld/Tiss,Ord:,HLA-B *57:01 Genotype,HLA-B *57:01 Genotype
81139-8,CYP3A4 gene allele,Geno,Pt,Bld/Tiss,Nom,Molgen,CYP3A4 Genotype,CYP3A4 Genotype
81145-5,CYP3A4 gene product metabolic activity interpretation,Imp,Pt,Bld/Tiss,Ord,Molgen,CYP3A4 Phenotype,CYP3A4 Phenotype
81140-6,CYP3A5 gene allele,Geno,Pt,Bld/Tiss,Nom,Molgen,CYP3A5 Genotype,CYP3A5 Genotype
79717-5,CYP3A5 gene product metabolic activity interpretation,Imp,Pt,Bld/Tiss,Ord,Molgen,CYP3A5 Phenotype,CYP3A5 Phenotype
97051-7,Interferon.beta,MCnc,Pt,Ser/Plas,Qn,,IFN-beta,IFN-beta
97052-5,Chemokine (C-C motif) ligand 2,MCnc,Pt,Ser/Plas,Qn,,MCP-1,MCP-1
97053-3,Macrophage inflammatory protein 1.alpha,MCnc,Pt,Ser/Plas,Qn,,MIP-1 alpha,MIP-1 alpha
58674-3,Cortisol^8 AM specimen,MCnc,Pt,Saliva,Qn,,AM Cortisol,AM Cortisol
58668-5,Cortisol^4 PM specimen,MCnc,Pt,Saliva,Qn,,PM Cortisol,PM Cortisol
58642-0,Cortisol^12 AM specimen,MCnc,Pt,Saliva,Qn,,Midnight Cortisol,Midnight Cortisol
2142-8,Cortisol,MCnc,Pt,Saliva,Qn,,"Cortisol, Saliva","Cortisol, Saliva"
79716-7,CYP2C9 gene product metabolic activity interpretation,Imp,Pt,Bld/Tiss,Ord,Molgen,CYP2C9 Phenotype,CYP2C9 Phenotype
79713-4,TPMT gene product metabolic activity interpretation,Imp,Pt,Bld/Tiss,Ord,Molgen,TPMT Phenotype,TPMT Phenotype
41048-0,TPMT gene targeted mutation analysis,Prid,Pt,Bld/Tiss,Nom,Molgen,TPMT Genotype,TPMT Genotype
40425-1,CYP2D6 gene allele,Geno,Pt,Bld/Tiss,Nom,Molgen,CYP2D6 Genotype,CYP2D6 Genotype
79715-9,CYP2D6 gene product metabolic activity interpretation,Imp,Pt,Bld/Tiss,Ord,Molgen,CYP2D6 Phenotype,CYP2D6 Phenotype
94402-5,ANKK1 gene.c.2137G>A,Geno,Pt,Bld/Tiss,Nom,Molgen,ANKK1 rs1800497 Genotype,ANKK1 rs1800497 Genotype
94403-3,CHRNA3 gene.c.645C>T,Geno,Pt,Bld/Tiss,Nom,Molgen,CHRNA3 rs1051730 Genotype,CHRNA3 rs1051730 Genotype
74511-7,COMT gene.c.1947G>A,Geno,Pt,Bld/Tiss,Nom,Molgen,COMT rs4680 Genotype,COMT rs4680 Genotype
94401-7,ADRA2A gene.c.-1252G>C,Geno,Pt,Bld/Tiss,Nom,Molgen,ADRA2A rs1800544 Genotype,ADRA2A rs1800544 Genotype
72884-0,CYP1A2 gene allele,Geno,Pt,Bld/Tiss,Nom,Molgen,CYP1A2 Genotype,CYP1A2 Genotype
94254-0,CYP1A2 gene product metabolic activity interpretation,Imp,Pt,Bld/Tiss,Ord,Molgen,CYP1A2 Phenotype,CYP1A2 Phenotype
57132-3,CYP2C19 gene allele,Geno,Pt,Bld/Tiss,Nom,Molgen,CYP2C19 Genotype,CYP2C19 Genotype
79714-2,CYP2C19 gene product metabolic activity interpretation,Imp,Pt,Bld/Tiss,Ord,Molgen,CYP2C19 Phenotype,CYP2C19 Phenotype
72882-4,CYP2B6 gene allele,Geno,Pt,Bld/Tiss,Nom,Molgen,CYP2B6 Genotype,CYP2B6 Genotype
79720-9,CYP2B6 gene product metabolic activity interpretation,Imp,Pt,Bld/Tiss,Ord,Molgen,CYP2B6 Phenotype,CYP2B6 Phenotype
93194-9,NUDT15 gene targeted mutation analysis,Prid,Pt,Bld/Tiss,Nom,Molgen,NUDT15 Genotype,NUDT15 Genotype
93195-6,NUDT15 gene product metabolic activity interpretation,Imp,Pt,Bld/Tiss,Ord,Molgen,NUDT15 Phenotype,NUDT15 Phenotype
93845-6,UGT1A1 gene allele,Geno,Pt,Bld/Tiss,Nom,Molgen,UGT1A1 Genotype,UGT1A1 Genotype
79718-3,UGT1A1 gene product metabolic activity interpretation,Imp,Pt,Bld/Tiss,Ord,Molgen,UGT1A1 Phenotype,UGT1A1 Phenotype
72790-9,Alpha-Phenyl-2-Piperidine acetate,MCnc,Pt,Urine,Qn,Confirm,Ritalinic Acid by LC-MS/MS,Ritalinic Acid by LC-MS/MS
20548-4,Methylphenidate,MCnc,Pt,Urine,Qn,Confirm,Methylphenidate by LC-MS/MS,Methylphenidate by LC-MS/MS
93197-2,CYP4F2 gene.c.1297G>A,Geno,Pt,Bld/Tiss,Nom,Molgen,Warfarin CYP4F2 *3 Genotype,Warfarin CYP4F2 *3 Genotype
93198-0,10q23 g.94645745G>A,Geno,Pt,Bld/Tiss,Nom,Molgen,Warfarin rs12777823 Genotype,Warfarin rs12777823 Genotype
93412-5,SLCO1B1 gene targeted mutation analysis,Find,Pt,Bld/Tiss,Doc,Molgen,SLCO1B1 Genotype,SLCO1B1 Genotype
79722-5,SLCO1B1 gene product functional interpretation,Imp,Pt,Bld/Tiss,Ord,Molgen,SLCO1B1 Phenotype,SLCO1B1 Phenotype
60279-7,IL28B gene associated variant rs12979860,PrThr,Pt,Bld/Tiss,Ord,Molgen,IL28B Genotype,IL28B Genotype
93411-7,COMT gene product metabolic activity interpretation,Imp,Pt,Bld/Tiss,Ord,Molgen,COMT Phenotype,COMT Phenotype
7291-8,Egg whole Ab.IgE,ACnc,Pt,Ser,Qn,,"Whole Egg, IgE","Whole Egg, IgE"
92816-8,Phencyclidine,MCnt,Pt,Meconium,Qn,Confirm,"PCP Confirmation, Meconium","PCP Confirmation, Meconium"
96625-9,HLA typing comment,Imp,Pt,Bld/Tiss,Nar,,Interpretation,Interpretation
58375-7,Ethyl glucuronide,PrThr,Pt,Urine,Ord,Screen,"Ethyl Glucuronide Screen, U","Ethyl Glucuronide Screen, U"
2778-9,Phosphate,MCnc,Pt,Urine,Qn,,"Phosphorus, Random, U","Phosphorus, Random, U"
74665-1,Monoclonal band observed,Prid,Pt,Ser/Plas,Nom,Immunofixation,Immunofixation D and E,Immunofixation D and E
2829-0,Potassium,SRat,24H,Urine,Qn,,"Potassium, 24 Hr, U","Potassium, 24 Hr, U"
72923-6,Specimen source,Prid,Pt,Synv fld,Nom,,Alpha Defensin Source,Alpha Defensin Source
13620-0,Specimen volume,Vol,12H,Urine,Qn,,Urine Volume,Urine Volume
75880-5,14-3-3 eta Ag,MCnc,Pt,Ser,Qn,IA,"14.3.3 ETA, Rheum. Arthritis","14.3.3 ETA, Rheum. Arthritis"
96561-6,Citrullinated alpha enolase peptide 1 Ab,ACnc,Pt,Ser,Qn,IA,"Anti-CEP-1 Ab, IgG","Anti-CEP-1 Ab, IgG"
54022-9,Mutated citrullinated vimentin Ab,ACnc,Pt,Ser,Qn,,"Anti-Sa Ab, IgG","Anti-Sa Ab, IgG"
11011-4,Hepatitis C virus RNA,ACnc,Pt,Ser/Plas,Qn,Probe.amp.tar,"HCV RNA Detect/Quant Prenatal, S","HCV RNA Detect/Quant Prenatal, S"
34671-8,8-Dehydrocholesterol,MCnc,Pt,Ser/Plas,Qn,,8-Dehydrocholesterol,8-Dehydrocholesterol
33275-9,7-Dehydrocholesterol,MCnc,Pt,Ser/Plas,Qn,,7-Dehydrocholesterol,7-Dehydrocholesterol
42725-2,Bromide,MCnc,Pt,Bld,Qn,,Bromine - Total,Bromine - Total
6864-3,Hemoglobin S,PrThr,Pt,Bld,Ord,Solubility test,"Sickle Solubility, B","Sickle Solubility, B"
94769-7,SARS coronavirus 2 Ab,ACnc,Pt,Ser/Plas,Qn,IA,"SARS-CoV-2 Spike Ab, Quant, S","SARS-CoV-2 Spike Ab, Quant, S"
6078-0,Blatella germanica Ab.IgE,ACnc,Pt,Ser,Qn,,"Cockroach, IgE","Cockroach, IgE"
10829-0,Silicon,MCnc,Pt,Ser/Plas,Qn,,Silicon,Silicon
96562-4,Cytosolic 5'-nucleotidase 1A Ab,ACnc,Pt,Ser,Qn,IA,Anti-cN-1A (NT5c1A) IBM,Anti-cN-1A (NT5c1A) IBM
29573-3,Phenylalanine,SCnc,Pt,Bld.dot,Qn,,"Phenylalanine, BS","Phenylalanine, BS"
72768-5,Zolpidem phenyl-4-carboxylate,MCnc,Pt,Urine,Qn,Confirm,Zolpidem Phenyl-4-Carboxylic acid by LC-MS/MS,Zolpidem Phenyl-4-Carboxylic acid by LC-MS/MS
96497-3,Glycine receptor alpha-1 subunit Ab.IgG,PrThr,Pt,CSF,Ord,CBA IFA,"Glycine Alpha1 LCBA, CSF","Glycine Alpha1 LCBA, CSF"
96496-5,Glycine receptor alpha-1 subunit Ab.IgG,PrThr,Pt,Ser,Ord,CBA IFA,"Glycine Alpha1 LCBA, S","Glycine Alpha1 LCBA, S"
96454-4,Coagulation factor II inhibitor,PrThr,Pt,PPP,Ord,Coag,Factor II Inhib Scrn,Factor II Inhib Scrn
26759-1,Cells.CD4+CD45RA+,NCnc,Pt,Bld,Qn,,CD4+CD45RA+ naive T cells,CD4+CD45RA+ naive T cells
85792-0,Cells.CD3+CD4+CD45RO+,NCnc,Pt,Bld,Qn,,CD4+CD45RO+ memory T cells,CD4+CD45RO+ memory T cells
96492-4,Cells.CD3+CD8+CD27+CD45RO+CD62L+,NCnc,Pt,Bld,Qn,,CD8+CD62L+CD27+CD45RO+ (Tcm),CD8+CD62L+CD27+CD45RO+ (Tcm)
34461-4,West Nile virus RNA,PrThr,Pt,CSF,Ord,Probe.amp.tar,"West Nile Virus RNA, PCR, CSF","West Nile Virus RNA, PCR, CSF"
34460-6,West Nile virus RNA,PrThr,Pt,Bld,Ord,Probe.amp.tar,"West Nile Virus RNA, PCR, Blood","West Nile Virus RNA, PCR, Blood"
32361-8,West Nile virus RNA,PrThr,Pt,Ser,Ord,Probe.amp.tar,"West Nile Virus RNA, PCR, Serum","West Nile Virus RNA, PCR, Serum"
3493-4,clomiPRAMINE+Norclomipramine,MCnc,Pt,Ser/Plas,Qn,,Clomipramine + Norclomipramine,Clomipramine + Norclomipramine
1836-6,Retinol binding protein,MCnc,Pt,Ser/Plas,Qn,,Retinol Binding Protein,Retinol Binding Protein
96654-9,HLA-DQA1,Type,Pt,Bld/Tiss,Nom,Low resolution,DQA1 - 1 Molecular,DQA1 - 1 Molecular
96648-1,HLA-DPB1,Type,Pt,Bld/Tiss,Nom,Low resolution,DPB1 - 1 Molecular,DPB1 - 1 Molecular
96643-2,HLA-DPA1,Type,Pt,Bld/Tiss,Nom,Low resolution,DPA1 - 1 Molecular,DPA1 - 1 Molecular
96664-8,HLA-DRB1,Type,Pt,Bld/Tiss,Nom,Low resolution,DRB1 - 1 Molecular,DRB1 - 1 Molecular
96673-9,HLA-DRB3 & HLA-DRB4 & HLA DRB5,Type,Pt,Bld/Tiss,Nom,,DRB345 - 1 Equivalent,DRB345 - 1 Equivalent
96672-1,HLA-DRB3 & HLA-DRB4 & HLA DRB5,Type,Pt,Bld/Tiss,Nom,Low resolution,DRB345 - 1 Molecular,DRB345 - 1 Molecular
96633-3,HLA-Bw,Type,Pt,Bld/Tiss,Nom,,Bw - 2 Equivalent,Bw - 2 Equivalent
96636-6,HLA-C,Type,Pt,Bld/Tiss,Nom,Low resolution,C - 1 Molecular,C - 1 Molecular
57298-2,HLA-DRB1,Type,Pt,Bld/Tiss,Nom,,DRB1 - 1 Equivalent,DRB1 - 1 Equivalent
38177-2,Immunoglobulin light chains.kappa.free,MRat,24H,Urine,Qn,,Free Urinary Kappa Excretion/Day,Free Urinary Kappa Excretion/Day
38178-0,Immunoglobulin light chains.lambda.free,MCnc,Pt,Urine,Qn,,Free Urinary Lambda Light Chain,Free Urinary Lambda Light Chain
38169-9,Immunoglobulin light chains.lambda.free,MRat,24H,Urine,Qn,,Free Urinary Lambda Excretion/Day,Free Urinary Lambda Excretion/Day
19153-6,Specimen volume,Vol,XXX,Urine,Qn,,Total Volume,Total Volume
2889-4,Protein,MRat,24H,Urine,Qn,,Total Protein,Total Protein
49277-7,Interpretation,Imp,24H,Urine,Nar,Immunofixation,IFE Interpretation,IFE Interpretation
38176-4,Immunoglobulin light chains.kappa.free,MCnc,Pt,Urine,Qn,,Free Urinary Kappa Light Chains,Free Urinary Kappa Light Chains
87621-9,Bordetella parapertussis IS1001 DNA,PrThr,Pt,Nph,Ord,Non-probe.amp.tar,Bordetella parapertussis,Bordetella parapertussis
82179-3,Bordetella pertussis.pertussis toxin promoter region,PrThr,Pt,Nph,Ord,Non-probe.amp.tar,Bordetella pertussis,Bordetella pertussis
1657-6,11-Deoxycortisol,MCnc,Pt,Ser/Plas,Qn,,11-Desoxycortisol,11-Desoxycortisol
96709-1,Probability of developing hepatocellular carcinoma,Likelihood,Pt,^Patient,Qn,,Probability of HCC,Probability of HCC
38360-4,Isobutyrylglycine/Creatinine,MRto,Pt,Urine,Qn,,Isobutyrylglycine,Isobutyrylglycine
13766-1,Isovalerylglycine/Creatinine,MRto,Pt,Urine,Qn,,Isovalerylglycine,Isovalerylglycine
35571-9,Tyrosine,SCnc,Pt,Bld.dot,Qn,,"Tyrosine, BS","Tyrosine, BS"
13741-4,Ethylmalonate/Creatinine,MRto,Pt,Urine,Qn,,Ethylmalonic acid,Ethylmalonic acid
38367-9,N-octanoylglycine/Creatinine,MRto,Pt,Urine,Qn,,n-Octanoylglycine,n-Octanoylglycine
13753-9,Hexanoylglycine/Creatinine,MRto,Pt,Urine,Qn,,n-Hexanoylglycine,n-Hexanoylglycine
27892-9,Butyrylglycine/Creatinine,MRto,Pt,Urine,Qn,,n-Butyrylglycine,n-Butyrylglycine
13748-9,Glutarate/Creatinine,MRto,Pt,Urine,Qn,,Glutaric acid,Glutaric acid
13793-5,Phenylpropionylglycine/Creatinine,MRto,Pt,Urine,Qn,,3-Phenylpropionylglycine,3-Phenylpropionylglycine
38417-2,Trans-cinnamoylglycine/Creatinine,MRto,Pt,Urine,Qn,,trans-Cinnamoylglycine,trans-Cinnamoylglycine
13811-5,Suberylglycine/Creatinine,MRto,Pt,Urine,Qn,,Suberylglycine,Suberylglycine
13732-3,Dodecanedioate/Creatinine,MRto,Pt,Urine,Qn,,Dodecanedioic acid,Dodecanedioic acid
50333-4,Tetradecanedioate/Creatinine,MRto,Pt,Urine,Qn,,Tetradecanedioic acid,Tetradecanedioic acid
50332-6,Hexadecanedioate/Creatinine,MRto,Pt,Urine,Qn,,Hexadecanedioic acid,Hexadecanedioic acid
13691-1,3-Methylcrotonylglycine/Creatinine,MRto,Pt,Urine,Qn,,3-Methylcrotonylglycine,3-Methylcrotonylglycine
27097-5,2-Methylbutyrylglycine/Creatinine,MRto,Pt,Urine,Qn,,2-Methylbutyrylglycine,2-Methylbutyrylglycine
13777-8,Methylsuccinate/Creatinine,MRto,Pt,Urine,Qn,,2-Methylsuccinic acid,2-Methylsuccinic acid
53718-3,Acylglycines,Imp,Pt,Urine,Nar,,Interpretation,Interpretation
5679-6,Lysergate diethylamide,MCnc,Pt,Urine,Qn,,LSD,LSD
39554-1,Endomysium Ab.IgG,PrThr,Pt,Ser,Ord,,"Endomysial IgG Ab, S","Endomysial IgG Ab, S"
82160-3,Adenovirus DNA,PrThr,Pt,Nph,Ord,Non-probe.amp.tar,Adenovirus,Adenovirus
82177-7,Mycoplasma pneumoniae DNA,PrThr,Pt,Nph,Ord,Non-probe.amp.tar,Mycoplasma pneumoniae,Mycoplasma pneumoniae
94565-9,SARS coronavirus 2 RNA,PrThr,Pt,Nph,Ord,Non-probe.amp.tar,SARS Coronavirus-2,SARS Coronavirus-2
82163-7,Human coronavirus 229E RNA,PrThr,Pt,Nph,Ord,Non-probe.amp.tar,Coronavirus 229E,Coronavirus 229E
82161-1,Human coronavirus HKU1 RNA,PrThr,Pt,Nph,Ord,Non-probe.amp.tar,Coronavirus HKU1,Coronavirus HKU1
82162-9,Human coronavirus NL63 RNA,PrThr,Pt,Nph,Ord,Non-probe.amp.tar,Coronavirus NL63,Coronavirus NL63
82164-5,Human coronavirus OC43 RNA,PrThr,Pt,Nph,Ord,Non-probe.amp.tar,Coronavirus OC43,Coronavirus OC43
82175-1,Rhinovirus+Enterovirus RNA,PrThr,Pt,Nph,Ord,Non-probe.amp.tar,Human Rhinovirus/ Enterovirus,Human Rhinovirus/ Enterovirus
82165-2,Human metapneumovirus RNA,PrThr,Pt,Nph,Ord,Non-probe.amp.tar,Human Metapneumovirus,Human Metapneumovirus
82166-0,Influenza virus A RNA,PrThr,Pt,Nph,Ord,Non-probe.amp.tar,Influenza A,Influenza A
82170-2,Influenza virus B RNA,PrThr,Pt,Nph,Ord,Non-probe.amp.tar,Influenza B,Influenza B
82171-0,Parainfluenza virus 1 RNA,PrThr,Pt,Nph,Ord,Non-probe.amp.tar,Parainfluenza Virus 1,Parainfluenza Virus 1
82172-8,Parainfluenza virus 2 RNA,PrThr,Pt,Nph,Ord,Non-probe.amp.tar,Parainfluenza Virus 2,Parainfluenza Virus 2
82173-6,Parainfluenza virus 3 RNA,PrThr,Pt,Nph,Ord,Non-probe.amp.tar,Parainfluenza Virus 3,Parainfluenza Virus 3
82174-4,Parainfluenza virus 4 RNA,PrThr,Pt,Nph,Ord,Non-probe.amp.tar,Parainfluenza Virus 4,Parainfluenza Virus 4
82176-9,Respiratory syncytial virus RNA,PrThr,Pt,Nph,Ord,Non-probe.amp.tar,Respiratory Syncytial Virus,Respiratory Syncytial Virus
82178-5,Chlamydophila pneumoniae DNA,PrThr,Pt,Nph,Ord,Non-probe.amp.tar,Chlamydia pneumoniae,Chlamydia pneumoniae
85098-2,Nitisinone,SCnc,Pt,Bld.dot,Qn,LC/MS/MS,Nitisinone,Nitisinone
47700-0,Methionine,SCnc,Pt,Bld.dot,Qn,,Methionine,Methionine
53231-7,Succinylacetone,SCnc,Pt,Bld.dot,Qn,,Succinylacetone,Succinylacetone
49487-2,Nateglinide,PrThr,Pt,Ser/Plas,Ord,,Nateglinide,Nateglinide
96250-6,Arsenic.inorganic+methylated,MCnc,Pt,Urine,Qn,,Toxic Arsenic Concentration,Toxic Arsenic Concentration
96252-2,Arsenic.methylated,MCnc,24H,Urine,Qn,,Methylated Arsenic (Toxic),Methylated Arsenic (Toxic)
96251-4,Arsenic.inorganic+methylated,MCnc,24H,Urine,Qn,,Toxic Arsenic Concentration,Toxic Arsenic Concentration
2383-8,Glutathione,MCnc,Pt,RBC,Qn,,"Glutathione, B","Glutathione, B"
10880-3,Magnesium,MCnt,Pt,Stool,Qn,,Magnesium,Magnesium
1674-1,18-Hydroxycorticosterone,MCnc,Pt,Ser/Plas,Qn,,"18-Hydroxycorticosterone, S","18-Hydroxycorticosterone, S"
10884-5,Phosphate,MCnt,Pt,Stool,Qn,,Phosphorus,Phosphorus
13298-5,HLA-A,Type,Pt,Bld/Tiss,Nom,,A - 1 Equivalent,A - 1 Equivalent
13299-3,HLA-B,Type,Pt,Bld/Tiss,Nom,,B - 1 Equivalent,B - 1 Equivalent
13302-5,HLA-C,Type,Pt,Bld/Tiss,Nom,,C - 1 Equivalent,C - 1 Equivalent
78014-8,HLA-A,Type,Pt,Bld/Tiss,Nom,Low resolution,A - 1 Molecular,A - 1 Molecular
78015-5,HLA-B,Type,Pt,Bld/Tiss,Nom,Low resolution,B - 1 Molecular,B - 1 Molecular
16233-9,Midazolam,MCnc,Pt,Urine,Qn,Confirm,Midazolam by LC-MS/MS,Midazolam by LC-MS/MS
32546-4,Glucose-6-Phosphate dehydrogenase,CCnt,Pt,RBC,Qn,,"G6PD Enzyme Activity, B","G6PD Enzyme Activity, B"
20557-5,Phentermine,MCnc,Pt,Urine,Qn,Confirm,Phentermine-by LC-MS/MS,Phentermine-by LC-MS/MS
16235-4,Methamphetamine,MCnc,Pt,Urine,Qn,Confirm,Methamphetamine-by LC-MS/MS,Methamphetamine-by LC-MS/MS
20545-0,Methylenedioxyamphetamine,MCnc,Pt,Urine,Qn,Confirm,MDA (Ecstasy metabolite)-by LC-MS/MS,MDA (Ecstasy metabolite)-by LC-MS/MS
18358-2,Methylenedioxymethamphetamine,MCnc,Pt,Urine,Qn,Confirm,MDMA (Ecstasy)-by LC-MS/MS,MDMA (Ecstasy)-by LC-MS/MS
16231-3,Flurazepam,MCnc,Pt,Urine,Qn,Confirm,Flurazepam by LC-MS/MS,Flurazepam by LC-MS/MS
17479-7,Prazepam,MCnc,Pt,Urine,Qn,Confirm,Prazepam by LC-MS/MS,Prazepam by LC-MS/MS
16232-1,Triazolam,MCnc,Pt,Urine,Qn,Confirm,Triazolam by LC-MS/MS,Triazolam by LC-MS/MS
72770-1,Zolpidem,MCnc,Pt,Urine,Qn,Confirm,Zolpidem by LC-MS/MS,Zolpidem by LC-MS/MS
16348-5,Alpha hydroxyalprazolam,MCnc,Pt,Urine,Qn,Confirm,Alpha-Hydroxyalprazolam by LC-MS/MS,Alpha-Hydroxyalprazolam by LC-MS/MS
20522-9,chlordiazePOXIDE,MCnc,Pt,Urine,Qn,Confirm,Chlordiazepoxide by LC-MS/MS,Chlordiazepoxide by LC-MS/MS
16229-7,clonazePAM,MCnc,Pt,Urine,Qn,Confirm,Clonazepam by LC-MS/MS,Clonazepam by LC-MS/MS
59635-3,cloBAZam,MCnc,Pt,Urine,Qn,Confirm,Clobazam by LC-MS/MS,Clobazam by LC-MS/MS
20528-6,Flunitrazepam,MCnc,Pt,Urine,Qn,Confirm,Flunitrazepam by LC-MS/MS,Flunitrazepam by LC-MS/MS
51777-1,7-Aminoflunitrazepam,MCnc,Pt,Urine,Qn,Confirm,7-aminoflunitrazepam by LC-MS/MS,7-aminoflunitrazepam by LC-MS/MS
53938-7,HLA-DQB1,Type,Pt,Bld/Tiss,Nom,,DQB1 - 1 Equivalent,DQB1 - 1 Equivalent
78017-1,HLA-DQB1,Type,Pt,Bld/Tiss,Nom,Low resolution,DQB1 - 1 Molecular,DQB1 - 1 Molecular
72664-6,Phosphofructokinase,CCnt,Pt,RBC,Qn,,"Phosphofructokinase, B","Phosphofructokinase, B"
12722-5,Insulin-like growth factor binding protein 1,MCnc,Pt,Ser/Plas,Qn,,IGF Binding Protein 1,IGF Binding Protein 1
44051-1,Adenylate kinase,CCnt,Pt,RBC,Qn,,"Adenylate Kinase, B","Adenylate Kinase, B"
44050-3,Glucose phosphate isomerase,CCnt,Pt,RBC,Qn,,"Glucose Phosphate Isomerase, B","Glucose Phosphate Isomerase, B"
32703-1,Cytochrome b5 reductase,CCnt,Pt,RBC,Qn,,"Cytochrome b5 Reductase, B","Cytochrome b5 Reductase, B"
26881-3,Interleukin 6,MCnc,Pt,Ser/Plas,Qn,,IL-6,IL-6
33820-2,Interferon.alpha,MCnc,Pt,Ser/Plas,Qn,,IFN-alpha,IFN-alpha
33823-6,Interleukin 18,MCnc,Pt,Ser/Plas,Qn,,IL-18,IL-18
14869-2,Pathologist review,Imp,Pt,Bld,Nom,Pathologist comment,Thalassemia Summary Interpretation,Thalassemia Summary Interpretation
14316-4,Benzodiazepines,PrThr,Pt,Urine,Ord,Screen,Benzodiazepines Immunoassay Screen,Benzodiazepines Immunoassay Screen
30078-0,Specimen weight,Mass,Pt,Stool,Qn,,Stool Weight,Stool Weight
49760-2,Adenosine deaminase,CCnc,Pt,Pericard fld,Qn,,Adenosine Deaminase Pericardial Fld,Adenosine Deaminase Pericardial Fld
35703-8,Adenosine deaminase,CCnc,Pt,CSF,Qn,,"Adenosine Deaminase, CSF","Adenosine Deaminase, CSF"
49759-4,Adenosine deaminase,CCnc,Pt,Periton fld,Qn,,Adenosine Deaminase Peritoneal Fld,Adenosine Deaminase Peritoneal Fld
35704-6,Adenosine deaminase,CCnc,Pt,Plr fld,Qn,,Adenosine Deaminase Pleural Fld,Adenosine Deaminase Pleural Fld
40988-8,Respiratory syncytial virus RNA,PrThr,Pt,XXX,Ord,Probe.amp.tar,"RSV RNA, Qualitative PCR","RSV RNA, Qualitative PCR"
2589-0,Lysozyme,MCnc,Pt,Ser/Plas,Qn,,"Lysozyme (Muramidase), P","Lysozyme (Muramidase), P"
44054-5,Triosephosphate isomerase,CCnt,Pt,RBC,Qn,,"Triosephosphate Isomerase, B","Triosephosphate Isomerase, B"
44053-7,Phosphoglycerate kinase,CCnt,Pt,RBC,Qn,,"Phosphoglycerate Kinase, B","Phosphoglycerate Kinase, B"
49216-5,Hexokinase,CCnt,Pt,RBC,Qn,,"Hexokinase, B","Hexokinase, B"
32552-2,Pyruvate kinase,CCnt,Pt,RBC,Qn,,"PK Enzyme Activity, B","PK Enzyme Activity, B"
73837-7,"Galactose-alpha-1,3-galactose Ab.IgE",ACnc,Pt,Ser,Qn,,"Galactose-alpha-1,3-galactose, IgE","Galactose-alpha-1,3-galactose, IgE"
30315-6,Acid alpha glucosidase,CCnt,Pt,Tsmi,Qn,,Maltase,Maltase
83003-4,Recoverin Ab.IgG,PrThr,Pt,Ser/Plas,Ord,Line blot,"Recoverin Immunoblot, S","Recoverin Immunoblot, S"
35333-4,Jo-1 extractable nuclear Ab,ACnc,Pt,Ser,Qn,IA,Anti-Jo-1 Ab,Anti-Jo-1 Ab
1680-8,3-Alpha-Androstanediol glucuronide,MCnc,Pt,Ser,Qn,,3A Androstanediol-G,3A Androstanediol-G
81315-4,Lactase,CCnt,Pt,Tsmi,Qn,,Lactase,Lactase
30372-7,Sucrase,CCnt,Pt,Tsmi,Qn,,Sucrase,Sucrase
81314-7,Palatinase,CCnt,Pt,Tsmi,Qn,,Palatinase,Palatinase
81322-0,"Glucan 1,4 alpha glucosidase",CCnt,Pt,Tsmi,Qn,,Glucoamylase,Glucoamylase
57779-1,Disaccharidases,Imp,Pt,Tsmi,Nar,,Interpretation,Interpretation
95567-4,5-Pregnenediol,MRat,24H,Urine,Qn,,5-Pregnenediol,5-Pregnenediol
95568-2,5-Pregnenediol,Zscore,24H,Urine,Qn,,5-Pregnenediol Z-score,5-Pregnenediol Z-score
95569-0,Tetrahydro-11-corticosterone,MRat,24H,Urine,Qn,,Tetrahydro-11-Corticosterone,Tetrahydro-11-Corticosterone
95570-8,Tetrahydro-11-corticosterone,Zscore,24H,Urine,Qn,,TH-11-Corticosterone Z-score,TH-11-Corticosterone Z-score
95571-6,11-Deoxytetrahydrocorticosterone,MRat,24H,Urine,Qn,,Tetrahydro-11-Deoxycorticosterone,Tetrahydro-11-Deoxycorticosterone
95572-4,11-Deoxytetrahydrocorticosterone,Zscore,24H,Urine,Qn,,TH-11-Deoxycorticosterone Z-score,TH-11-Deoxycorticosterone Z-score
95573-2,Pregnanediol,Zscore,24H,Urine,Qn,,Pregnanediol Z-score,Pregnanediol Z-score
95574-0,17 alpha-Hydroxypregnanolone,MRat,24H,Urine,Qn,,17a-OH-Pregnanolone,17a-OH-Pregnanolone
95564-1,16-Alpha hydroxydehydroepiandrosterone,Zscore,24H,Urine,Qn,,16a-OH-DHEA Z-score,16a-OH-DHEA Z-score
95565-8,5-Pregnenetriol,MRat,24H,Urine,Qn,,5-Pregnenetriol,5-Pregnenetriol
95566-6,5-Pregnenetriol,Zscore,24H,Urine,Qn,,5-Pregnenetriol Z-score,5-Pregnenetriol Z-score
95576-5,Pregnanetriol,Zscore,24H,Urine,Qn,,Pregnanetriol Z-score,Pregnanetriol Z-score
95577-3,Pregnanetriolone,Zscore,24H,Urine,Qn,,Pregnanetriolone Z-score,Pregnanetriolone Z-score
95578-1,Tetrahydrodeoxycortisol,Zscore,24H,Urine,Qn,,Tetrahydrodeoxycortisol Z-score,Tetrahydrodeoxycortisol Z-score
95580-7,6-Beta-Hydroxycortisol,Zscore,24H,Urine,Qn,,6B-OH-Cortisol Z-score,6B-OH-Cortisol Z-score
95581-5,Tetrahydrocortisol,Zscore,24H,Urine,Qn,,Tetrahydrocortisol Z-score,Tetrahydrocortisol Z-score
95582-3,5-Alpha tetrahydrocortisol,Zscore,24H,Urine,Qn,,5a-Tetrahydrocortisol Z-score,5a-Tetrahydrocortisol Z-score
95561-7,Etiocholanolone,Zscore,24H,Urine,Qn,,Etiocholanolone Z-score,Etiocholanolone Z-score
95579-9,Cortisol,Zscore,24H,Urine,Qn,,Cortisol Z-score,Cortisol Z-score
95560-9,Androsterone,Zscore,24H,Urine,Qn,,Androsterone Z-score,Androsterone Z-score
95559-1,Evidence of adrenal cortical hormone excess,PrThr,24H,Urine,Ord,,Hormonal Excess,Hormonal Excess
95585-6,11-Hydroxyetiocholanolone,Zscore,24H,Urine,Qn,,11B-OH-Etiocholanolone Z-score,11B-OH-Etiocholanolone Z-score
95583-1,Beta cortol,Zscore,24H,Urine,Qn,,B-Cortol Z-score,B-Cortol Z-score
95584-9,11-Hydroxyandrosterone,Zscore,24H,Urine,Qn,,11B-OH-Androsterone Z-score,11B-OH-Androsterone Z-score
95557-5,Detection basis,Type,Pt,Tumor,Nom,,Mode of Discovery,Mode of Discovery
95558-3,CT attenuation of mass,Rden,Pt,Abdomen>Adrenal gland,Qn,CT,Unenhanced CT (Hounsfield Units),Unenhanced CT (Hounsfield Units)
95586-4,Cortisone,Zscore,24H,Urine,Qn,,Cortisone Z-score,Cortisone Z-score
95587-2,Tetrahydrocortisone,Zscore,24H,Urine,Qn,,Tetrahydrocortisone Z-score,Tetrahydrocortisone Z-score
95588-0,Alpha cortolone,Zscore,24H,Urine,Qn,,a-Cortolone Z-score,a-Cortolone Z-score
95589-8,Beta cortolone,MRat,24H,Urine,Qn,,B-Cortolone,B-Cortolone
95590-6,Beta cortolone,Zscore,24H,Urine,Qn,,B-Cortolone Z-score,B-Cortolone Z-score
95591-4,11-Ketoetiocholanolone,Zscore,24H,Urine,Qn,,11-Oxoetiocholanolone Z-score,11-Oxoetiocholanolone Z-score
95526-0,Chromium,MCnc,Pt,Synv fld,Qn,,"Chromium, Synovial Fl","Chromium, Synovial Fl"
95787-8,Adrenal cortical carcinoma probability,Likelihood,Pt,^Patient,Qn,Based on clinical data,ACC - Clinical Risk,ACC - Clinical Risk
95788-6,Adrenal malignancy other than adrenal cortical carcinoma probability,Likelihood,Pt,^Patient,Qn,Based on clinical data,Other Malignancy - Clinical Risk,Other Malignancy - Clinical Risk
95789-4,Benign mass probability,Likelihood,Pt,^Patient,Qn,Based on clinical data,Benign Mass - Clinical Risk,Benign Mass - Clinical Risk
95790-2,Adrenal cortical carcinoma probability,Likelihood,Pt,^Patient,Qn,Based on clinical+lab data,ACC - Integrated Risk,ACC - Integrated Risk
95791-0,Adrenal malignancy other than adrenal cortical carcinoma probability,Likelihood,Pt,^Patient,Qn,Based on clinical+lab data,Other Malignancy - Integrated Risk,Other Malignancy - Integrated Risk
95792-8,Benign mass probability,Likelihood,Pt,^Patient,Qn,Based on clinical+lab data,Benign Mass - Integrated Risk,Benign Mass - Integrated Risk
95562-5,Dehydroepiandrosterone,Zscore,24H,Urine,Qn,,Dehydroepiandrosterone Z-score,Dehydroepiandrosterone Z-score
95563-3,16-Alpha hydroxydehydroepiandrosterone,MRat,24H,Urine,Qn,,16a-OH-Dehydroepiandrosterone,16a-OH-Dehydroepiandrosterone
95807-4,Chylomicrons,PrThr,Pt,Urine,Ord,,Interpretive Comment,Interpretive Comment
95765-4,Candida auris DNA,PrThr,Pt,XXX,Ord,Non-probe.amp.tar,"C auris PCR, Result","C auris PCR, Result"
33772-5,Pl-7 Ab,PrThr,Pt,Ser,Ord,,Anti-PL-7 Ab,Anti-PL-7 Ab
45149-2,Ej Ab,PrThr,Pt,Ser,Ord,,Anti-EJ Ab,Anti-EJ Ab
45152-6,OJ Ab,PrThr,Pt,Ser,Ord,,Anti-OJ Ab,Anti-OJ Ab
33771-7,Pl-12 Ab,PrThr,Pt,Ser,Ord,,Anti-PL-12 Ab,Anti-PL-12 Ab
4021-2,rifAMPin,MCnc,Pt,Ser/Plas,Qn,,Rifampin Level,Rifampin Level
92639-4,O-nortramadol,MCnc,Pt,Urine,Qn,Confirm,O-desmethyltramadol,O-desmethyltramadol
81743-7,Th-To Ab,PrThr,Pt,Ser,Ord,Line blot,Anti-Th/To Ab,Anti-Th/To Ab
83104-0,Mullerian inhibiting substance,MCnc,Pt,Ser/Plas,Qn,IA,"Antimullerian Hormone, S","Antimullerian Hormone, S"
26971-2,Smooth muscle Ab,PrThr,Pt,Ser,Ord,IF,"Smooth Muscle Ab Screen, S","Smooth Muscle Ab Screen, S"
19346-6,Amphetamine,MCnc,Pt,Urine,Qn,,Amphetamine,Amphetamine
5586-3,Arsenic,MCnc,Pt,Urine,Qn,,Total Arsenic Concentration,Total Arsenic Concentration
13463-5,Arsenic/Creatinine,MRto,Pt,Urine,Qn,,Arsenic Occupational Exposure,Arsenic Occupational Exposure
43236-9,Streptococcus pneumoniae Ab.IgG,MCnc,Pt,Ser,Qn,IA,"S. pneumoniae IgG Ab, Total, S","S. pneumoniae IgG Ab, Total, S"
48327-1,glyBURIDE,PrThr,Pt,Ser/Plas,Ord,,Glyburide,Glyburide
48328-9,Repaglinide,PrThr,Pt,Ser/Plas,Ord,,Repaglinide,Repaglinide
48329-7,chlorproPAMIDE,PrThr,Pt,Ser/Plas,Ord,,Chlorpropamide,Chlorpropamide
21566-5,TOLAZamide,PrThr,Pt,Ser/Plas,Ord,,Tolazamide,Tolazamide
21567-3,TOLBUTamide,PrThr,Pt,Ser/Plas,Ord,,Tolbutamide,Tolbutamide
48325-5,Glimepiride,PrThr,Pt,Ser/Plas,Ord,,Glimepiride,Glimepiride
48326-3,glipiZIDE,PrThr,Pt,Ser/Plas,Ord,,Glipizide,Glipizide
49963-2,Fibrillarin Ab,PrThr,Pt,Ser,Ord,,Anti-U3 RNP (Fibrillarin),Anti-U3 RNP (Fibrillarin)
13471-8,Cadmium/Creatinine,MRto,Pt,Urine,Qn,,Cadmium Occupational Exposure,Cadmium Occupational Exposure
13465-0,Mercury/Creatinine,MRto,Pt,Urine,Qn,,Mercury Occupational Exposure,Mercury Occupational Exposure
13466-8,Lead/Creatinine,MRto,Pt,Urine,Qn,,Lead Occupational Exposure,Lead Occupational Exposure
53779-5,Arsenic.methylated,MCnc,Pt,Urine,Qn,,Methylated Arsenic (Toxic),Methylated Arsenic (Toxic)
12481-8,Arsenic.inorganic,MCnc,Pt,Urine,Qn,,Inorganic Arsenic (Toxic),Inorganic Arsenic (Toxic)
53778-7,Arsenic.organic,MCnc,Pt,Urine,Qn,,Organic Arsenic (Non-Toxic),Organic Arsenic (Non-Toxic)
41992-9,Arsenic.inorganic,MCnc,24H,Urine,Qn,,Inorganic Arsenic (Toxic),Inorganic Arsenic (Toxic)
43181-7,Arsenic.organic,MCnc,24H,Urine,Qn,,Organic Arsenic (Non-Toxic),Organic Arsenic (Non-Toxic)
21074-0,Arsenic,MCnc,24H,Urine,Qn,,Total Arsenic Concentration,Total Arsenic Concentration
30985-6,Betula verrucosa recombinant (rBet v) 2 Ab.IgE,ACnc,Pt,Ser,Qn,,"BET v2 (Profilin), IgE, S","BET v2 (Profilin), IgE, S"
58984-6,Bromelin MUXF3 Ab.IgE,ACnc,Pt,Ser,Qn,,"MUXF3 (CCD), IgE, S","MUXF3 (CCD), IgE, S"
20651-6,Methionine,SCnc,Pt,Ser/Plas,Qn,,Methionine,Methionine
20641-7,Cysteine,SCnc,Pt,Ser/Plas,Qn,,Total Cysteine,Total Cysteine
26607-2,Cystathionine,SCnc,Pt,Ser/Plas,Qn,,Cystathionine,Cystathionine
95188-9,Cells.CD8.HLA-B8 CMV specific.CMV antigen stimulated CD107a+b expressing,NCnc,Pt,Bld,Qn,Flow cytometry,CMV CD8 T cells CD107 B8,CMV CD8 T cells CD107 B8
95187-1,Cells.CD8.HLA-B35 CMV specific.CMV antigen stimulated CD107a+b expressing,NCnc,Pt,Bld,Qn,Flow cytometry,CMV CD8 T cells CD107 B35,CMV CD8 T cells CD107 B35
95186-3,Cells.CD8.CMV specific.CMV antigen stimulated CD107a+b expressing,NCnc,Pt,Bld,Qn,Flow cytometry,Total CMV CD8 T cells CD107a/b,Total CMV CD8 T cells CD107a/b
95185-5,Cells.CD8.HLA-A1 CMV specific,NCnc,Pt,Bld,Qn,Flow cytometry,CMV CD8 T cells A1,CMV CD8 T cells A1
95202-8,Cells.CD8.HLA-A2 CMV specific,NCnc,Pt,Bld,Qn,Flow cytometry,CMV CD8 T cells A2,CMV CD8 T cells A2
95201-0,Cells.CD8.HLA-B7 CMV specific,NCnc,Pt,Bld,Qn,Flow cytometry,CMV CD8 T cells B7,CMV CD8 T cells B7
95200-2,Cells.CD8.HLA-B8 CMV specific,NCnc,Pt,Bld,Qn,Flow cytometry,CMV CD8 T cells B8,CMV CD8 T cells B8
95199-6,Cells.CD8.HLA-B35 CMV specific,NCnc,Pt,Bld,Qn,Flow cytometry,CMV CD8 T cells B35,CMV CD8 T cells B35
95198-8,Cells.CD8.CMV specific,NCnc,Pt,Bld,Qn,Flow cytometry,Total CMV CD8 T cells,Total CMV CD8 T cells
95197-0,Cells.CD8.HLA-A1 CMV specific.CMV antigen stimulated gamma interferon producing,NCnc,Pt,Bld,Qn,Flow cytometry,CMV CD8 T cells IFN-g A1,CMV CD8 T cells IFN-g A1
95196-2,Cells.CD8.HLA-A2 CMV specific.CMV antigen stimulated gamma interferon producing,NCnc,Pt,Bld,Qn,Flow cytometry,CMV CD8 T cells IFN-g A2,CMV CD8 T cells IFN-g A2
95195-4,Cells.CD8.HLA-B7 CMV specific.CMV antigen stimulated gamma interferon producing,NCnc,Pt,Bld,Qn,Flow cytometry,CMV CD8 T cells IFN-g B7,CMV CD8 T cells IFN-g B7
95194-7,Cells.CD8.HLA-B8 CMV specific.CMV antigen stimulated gamma interferon producing,NCnc,Pt,Bld,Qn,Flow cytometry,CMV CD8 T cells IFN-g B8,CMV CD8 T cells IFN-g B8
95193-9,Cells.CD8.HLA-B35 CMV specific.CMV antigen stimulated gamma interferon producing,NCnc,Pt,Bld,Qn,Flow cytometry,CMV CD8 T cells IFN-g B35,CMV CD8 T cells IFN-g B35
95192-1,Cells.CD8.CMV specific.CMV antigen stimulated gamma interferon producing,NCnc,Pt,Bld,Qn,Flow cytometry,Total CMV CD8 T cells IFN-g,Total CMV CD8 T cells IFN-g
95191-3,Cells.CD8.HLA-A1 CMV specific.CMV antigen stimulated CD107a+b expressing,NCnc,Pt,Bld,Qn,Flow cytometry,CMV CD8 T cells CD107 A1,CMV CD8 T cells CD107 A1
95190-5,Cells.CD8.HLA-A2 CMV specific.CMV antigen stimulated CD107a+b expressing,NCnc,Pt,Bld,Qn,Flow cytometry,CMV CD8 T cells CD107 A2,CMV CD8 T cells CD107 A2
95189-7,Cells.CD8.HLA-B7 CMV specific.CMV antigen stimulated CD107a+b expressing,NCnc,Pt,Bld,Qn,Flow cytometry,CMV CD8 T cells CD107 B7,CMV CD8 T cells CD107 B7
43368-0,Microsatellite instability,Prid,Pt,Tiss,Nom,Molgen,Result,Result
58383-1,Norfentanyl,MCnc,Pt,Urine,Qn,,Norfentanyl by LC-MS/MS,Norfentanyl by LC-MS/MS
94570-9,Alloisoleucine^post therapeutic diet,SCnc,Pt,Ser/Plas,Qn,,Allo-isoleucine,Allo-isoleucine
94249-0,Borrelia garinii+afzelii oppA2 gene,PrThr,Pt,Bld,Ord,Non-probe.amp.tar,"B. garinii/B. afzelii PCR, B","B. garinii/B. afzelii PCR, B"
94334-0,Enterocytozoon bieneusi 18S rRNA gene,PrThr,Pt,XXX,Ord,Non-probe.amp.tar,Enterocytozoon bieneusi,Enterocytozoon bieneusi
94861-2,Transthyretin - transthyretin peak 2,MDiff,Pt,Bld,Qn,,Mass Difference,Mass Difference
94866-1,7-Alpha hydroxy-4-cholesten-3-one,MCnc,Pt,Ser/Plas,Qn,,"7AC4, Bile Acid Synthesis, S","7AC4, Bile Acid Synthesis, S"
62292-8,Calcidiol+ercalcidiol,MCnc,Pt,Ser/Plas,Qn,,25-Hydroxy D Total,25-Hydroxy D Total
82476-3,Borrelia miyamotoi glpQ gene,PrThr,Pt,CSF,Ord,Non-probe.amp.tar,"B. miyamotoi PCR, C","B. miyamotoi PCR, C"
90234-6,Globotriaosylsphingosine,MCnc,Pt,Ser/Plas,Qn,,"Lyso-GB3, S","Lyso-GB3, S"
57317-0,Chromosome 13+18+21+X+Y aneuploidy,Find,Pt,Amnio fld/CVS,Nom,FISH,Result,Result
49054-0,Ercalcidiol,MCnc,Pt,Ser/Plas,Qn,,25-Hydroxy D2,25-Hydroxy D2
13591-3,Factor inhibitor XXX,ACnc,Pt,PPP,Qn,Coag,"General Factor Bethesda Units, P","General Factor Bethesda Units, P"
25907-7,Elastase.pancreatic,MCnt,Pt,Stool,Qn,,"Pancreatic Elastase, F","Pancreatic Elastase, F"
5630-9,Copper,MCnc,Pt,RBC,Qn,,Copper,Copper
82539-8,Anacardium occidentale recombinant (rAna o) 3 Ab.IgE,ACnc,Pt,Ser,Qn,,Cashew Component rAna o 3,Cashew Component rAna o 3
91141-2,Thiopurine methyltransferase,CCnc,Pt,RBC,Qn,Production of 6-Methylmercaptopurine,6-Methylmercaptopurine,6-Methylmercaptopurine
91142-0,Thiopurine methyltransferase,CCnc,Pt,RBC,Qn,Production of 6-Methylmercaptopurine riboside,6-Methylmercaptopurine riboside,6-Methylmercaptopurine riboside
91143-8,Thiopurine methyltransferase,CCnc,Pt,RBC,Qn,Production of 6-Methylthioguanine riboside,6-Methylthioguanine riboside,6-Methylthioguanine riboside
88739-8,TIF1-gamma Ab,ACnc,Pt,Ser,Qn,Line blot,Anti-TIF-1gamma Ab,Anti-TIF-1gamma Ab
85377-0,Neutrophil.PMA stimulated.DHR/Neutrophil.PMA stimulated.total,NFr,Pt,Bld^Control,Qn,Flow cytometry,Control % PMA ox-DHR+,Control % PMA ox-DHR+
85375-4,Neutrophil.PMA stimulated.DHR mean fluorescence intensity,Arb,Pt,Bld^Control,Qn,Flow cytometry,Control MFI PMA ox-DHR+,Control MFI PMA ox-DHR+
68549-5,U2 small nuclear ribonucleoprotein Ab,PrThr,Pt,Ser,Ord,,Anti-U2 RNP Ab,Anti-U2 RNP Ab
10894-4,Aspergillus niger Ab,PrThr,Pt,Ser,Ord,Immune diffusion,Aspergillus niger,Aspergillus niger
18485-3,Mi-2 Ab,PrThr,Pt,Ser,Ord,,Anti-Mi-2-Ab,Anti-Mi-2-Ab
18484-6,Ku Ab,PrThr,Pt,Ser,Ord,,Anti-Ku Ab,Anti-Ku Ab
73819-5,Platelet factor 4 heparin complex induced Ab.IgG,PrThr,Pt,Ser/Plas,Ord,IA,HIT Interpretation,HIT Interpretation
48664-7,Fibrinogen,MCnc,Pt,PPP,Qn,Coag.derived,"Fibrinogen, Clauss, P","Fibrinogen, Clauss, P"
88725-7,MDA5 Ab,ACnc,Pt,Ser,Qn,Line blot,Anti-MDA-5 Ab (CADM-140),Anti-MDA-5 Ab (CADM-140)
82425-0,MJ Ab,ACnc,Pt,Ser,Qn,Line blot,Anti-NXP-2 (P140) Ab,Anti-NXP-2 (P140) Ab
70257-1,Sjogrens syndrome-A extractable nuclear 52kD Ab.IgG,ACnc,Pt,Ser,Qn,IA,"Anti-SS-A 52kD Ab, IgG","Anti-SS-A 52kD Ab, IgG"
95229-1,Biliary tract neoplasm chromosome analysis,Find,Pt,Tiss,Doc,,Result,Result
94762-2,SARS coronavirus 2 Ab,PrThr,Pt,Ser/Plas,Ord,IA,"SARS-CoV-2 Nucleocapsid Total Ab, S","SARS-CoV-2 Nucleocapsid Total Ab, S"
62459-3,Coccidioides immitis Ab.IgG,PrThr,Pt,Ser,Ord,Immune diffusion,"Coccidioides, IgG, ImmDiff, S","Coccidioides, IgG, ImmDiff, S"
62458-5,Coccidioides immitis Ab.IgM,PrThr,Pt,Ser,Ord,Immune diffusion,"Coccidioides, IgM, ImmDiff, S","Coccidioides, IgM, ImmDiff, S"
13965-9,Homocysteine,SCnc,Pt,Ser/Plas,Qn,,Total Homocysteine,Total Homocysteine
13964-2,Methylmalonate,SCnc,Pt,Ser/Plas,Qn,,Methylmalonic acid,Methylmalonic acid
57662-9,U1 small nuclear ribonucleoprotein Ab,ACnc,Pt,Ser,Qn,IA,Anti-U1 RNP Ab,Anti-U1 RNP Ab
33921-8,Signal recognition particle Ab,PrThr,Pt,Ser/Plas,Ord,,Anti-SRP Ab,Anti-SRP Ab
31562-2,PM-SCL extractable nuclear Ab,ACnc,Pt,Ser,Qn,,Anti-PM/Scl-100 Ab,Anti-PM/Scl-100 Ab
33882-2,Collection date,Date,Pt,^Specimen,Qn,,Specimen collection date,Specimen collection date
51968-6,Genetic disease analysis overall interpretation,Imp,Pt,Bld/Tiss,Nom,Molgen,Abnormal result,Abnormal result
94860-4,Transthyretin,Mass,Pt,Bld,Qn,,Wild Type Mass,Wild Type Mass
94863-8,Transthyretin width at half peak height,Mass,Pt,Bld,Qn,,Wild Type Width at Half Height,Wild Type Width at Half Height
94862-0,Transthyretin peak 2,Mass,Pt,Bld,Qn,,Second Mass,Second Mass
95269-7,HLA-A+B+C Ab,PrThr,Pt,Ser/Plas,Ord,IA,HLA Class I,HLA Class I
94875-2,Nuclear Ab.IgG,ACnc,Pt,Ser/Plas,Qn,IA,"Antinuclear Ab, S","Antinuclear Ab, S"
85298-8,Body structure included in specimen,Anat,Pt,Specimen,Nom,,Source,Source
94495-9,HLA-DQA1,Type,Pt,Bld/Tiss,Nom,,DQ alpha 1,DQ alpha 1
73816-1,Platelet factor 4 heparin complex induced Ab.IgG,Imp,Pt,Ser,Nar,,HIT Comment,HIT Comment
90919-2,Coagulation factor VIII.recombinant.bound/von Willebrand factor Ag,RelRto,Pt,Plas,Qn,IA,VWF:FVIIIB,VWF:FVIIIB
35391-2,Taenia solium larva Ab.IgG,ACnc,Pt,CSF,Qn,,"Cysticercus Ab (IgG), ELISA, CSF","Cysticercus Ab (IgG), ELISA, CSF"
3191-4,Coagulation factor V inhibitor,ACnc,Pt,PPP,Qn,Coag,"FV Bethesda Units, P","FV Bethesda Units, P"
94692-1,Dermatan sulfate/Creatinine,Ratio,Pt,Urine,Qn,,Dermatan Sulfate,Dermatan Sulfate
94693-9,Heparan sulfate/Creatinine,Ratio,Pt,Urine,Qn,,Heparan Sulfate,Heparan Sulfate
94690-5,Chondroitin-6-sulfate/Creatinine,Ratio,Pt,Urine,Qn,,Chondroitin-6 Sulfate,Chondroitin-6 Sulfate
94718-4,Alpha defensins 1+2+3,PrThr,Pt,Synv fld,Ord,IA,"Alpha Defensin, Synovial Fl, LFA","Alpha Defensin, Synovial Fl, LFA"
94662-4,Coccidioides immitis Ab.IgG,PrThr,Pt,CSF,Ord,Immune diffusion,"Coccidioides, IgG, ImmDiff, CSF","Coccidioides, IgG, ImmDiff, CSF"
94663-2,Coccidioides immitis Ab.IgM,PrThr,Pt,CSF,Ord,Immune diffusion,"Coccidioides, IgM, ImmDiff, CSF","Coccidioides, IgM, ImmDiff, CSF"
75882-1,Lupus anticoagulant three screening tests W Reflex,Imp,Pt,PPP,Nom,Coag,Lupus Anticoagulant Interp,Lupus Anticoagulant Interp
17867-3,Carnitine.free (C0)/Creatinine,Ratio,Pt,Urine,Qn,,Free (FC),Free (FC)
85303-6,Body structure of origin,Anat,Pt,Breast cancer specimen,Nom,,Source,Source
94568-3,Isoleucine^post therapeutic diet,SCnc,Pt,Ser/Plas,Qn,,Isoleucine,Isoleucine
94569-1,Leucine^post therapeutic diet,SCnc,Pt,Ser/Plas,Qn,,Leucine,Leucine
94567-5,Valine^post therapeutic diet,SCnc,Pt,Ser/Plas,Qn,,Valine,Valine
16252-9,HYDROcodone,MCnc,Pt,Urine,Qn,Confirm,Hydrocodone-by LC-MS/MS,Hydrocodone-by LC-MS/MS
49101-9,Helicobacter pylori DNA,PrThr,Pt,XXX,Ord,Probe.amp.tar,Helicobacter pylori Result,Helicobacter pylori Result
91061-2,Helicobacter pylori DNA,PrThr,Pt,Stool,Ord,Probe.amp.tar,Helicobacter pylori Result,Helicobacter pylori Result
48774-4,Immunoglobulin light chains.kappa.free,MCnc,Pt,CSF,Qn,,"Kappa Free Light Chain, CSF","Kappa Free Light Chain, CSF"
7759-4,Venison Ab.IgE,ACnc,Pt,Ser,Qn,,Venison IgE,Venison IgE
94553-5,Isopentacarboxylporphyrin,MRat,24H,Stool,Qn,,Isopentacarboxyl,Isopentacarboxyl
94549-3,Isoheptacarboxylporphyrin,MRat,24H,Stool,Qn,,Isoheptacarboxyl,Isoheptacarboxyl
94550-1,Hexacarboxylporphyrin I,MRat,24H,Stool,Qn,,Hexacarboxyl I,Hexacarboxyl I
94551-9,Hexacarboxylporphyrin III,MRat,24H,Stool,Qn,,Hexacarboxyl III,Hexacarboxyl III
94552-7,Isohexacarboxylporphyrin,MRat,24H,Stool,Qn,,Isohexacarboxyl,Isohexacarboxyl
23842-8,Cobalt,MCnc,Pt,Synv fld,Qn,,"Cobalt, Synovial Fl","Cobalt, Synovial Fl"
81995-3,Corylus avellana recombinant (rCor a) 1 Ab.IgE.RAST class,PrThr,Pt,Ser,Ord,,Class,Class
88729-9,Ganglioside GQ1b Ab.IgG+IgM,ACnc,Pt,Ser,Qn,IA,"GQ1b Antibodies, IgG-IgM","GQ1b Antibodies, IgG-IgM"
94491-8,Protoporphyrin.free,MCnc,Pt,RBC,Qn,,Free Protoporphyrin,Free Protoporphyrin
94496-7,Cell suspension,Vol,Pt,Specimen,Qn,,Total cell suspension,Total cell suspension
94497-5,Packed erythrocytes,Vol,Pt,Specimen,Qn,,Packed cell volume,Packed cell volume
87406-5,Golimumab,MCnc,Pt,Ser/Plas,Qn,IA,Golimumab,Golimumab
87407-3,Golimumab Ab,MCnc,Pt,Ser/Plas,Qn,IA,Anti-Golimumab Antibody,Anti-Golimumab Antibody
49247-0,Amino acid pattern,Imp,Pt,Ser/Plas,Nar,,Interpretation (AAUCD),Interpretation (AAUCD)
87404-0,Certolizumab,MCnc,Pt,Ser/Plas,Qn,IA,Certolizumab,Certolizumab
77953-8,West Nile virus Ab.IgG,PrThr,Pt,CSF,Ord,IA,"West Nile Virus Ab, IgG, CSF","West Nile Virus Ab, IgG, CSF"
23821-2,Aspergillus fumigatus Ab,PrThr,Pt,Ser,Ord,Immune diffusion,Aspergillus fumigatus,Aspergillus fumigatus
23820-4,Aspergillus flavus Ab,PrThr,Pt,Ser,Ord,Immune diffusion,Aspergillus flavus,Aspergillus flavus
93493-5,3-Hydroxy-3-Methylglutaryl-Coenzyme A Reductase Ab.IgG,ACnc,Pt,Ser,Qn,IA,"HMG-CoA Reductase Ab, S","HMG-CoA Reductase Ab, S"
33203-1,Amyloid beta 42 peptide,MCnc,Pt,CSF,Qn,,Abeta42,Abeta42
41027-4,Tau protein/Amyloid beta 42 peptide,Ratio,Pt,CSF,Qn,,p-Tau/Abeta42,p-Tau/Abeta42
30160-6,Tau protein,MCnc,Pt,CSF,Qn,,Total-Tau,Total-Tau
72260-3,Tau protein.phosphorylated 181,MCnc,Pt,CSF,Qn,IA,Phospho-Tau(181P),Phospho-Tau(181P)
94336-5,Desmoglein 1 Ab.IgG,ACnc,Pt,Ser,Qn,IA,DSG 1,DSG 1
94337-3,Desmoglein 3 Ab.IgG,ACnc,Pt,Ser,Qn,IA,DSG 3,DSG 3
94333-2,Encephalitozoon sp 18S rRNA gene,PrThr,Pt,XXX,Ord,Non-probe.amp.tar,Encephalitozoon species,Encephalitozoon species
58916-8,Canary feather Ab.IgG,MCnc,Pt,Ser,Qn,,Canary Feathers IgG,Canary Feathers IgG
82570-3,Coryphaena hippurus Ab.IgE,ACnc,Pt,Ser,Qn,,Mahi Mahi IgE,Mahi Mahi IgE
53922-1,Thyroglobulin,MCnc,Pt,Tiss.FNA,Qn,,"Thyroglobulin, FNAB, Non Lymph Node","Thyroglobulin, FNAB, Non Lymph Node"
53920-5,Thyroglobulin,MCnc,Pt,Lymph node.FNA,Qn,,"Thyroglobulin, FNAB, Lymph Node","Thyroglobulin, FNAB, Lymph Node"
69053-7,Endocrinologist review,Imp,Pt,XXX,Nar,,"Thyroglobulin, FNAB, Interpretation","Thyroglobulin, FNAB, Interpretation"
74448-2,Sugars and polyols pattern,Imp,Pt,Urine,Nom,,Interpretation (TALDO),Interpretation (TALDO)
94247-4,Borrelia burgdorferi oppA2 gene,PrThr,Pt,Bld,Ord,Non-probe.amp.tar,"B. burgdorferi PCR, B","B. burgdorferi PCR, B"
94248-2,Borrelia mayonii oppA2 gene,PrThr,Pt,Bld,Ord,Non-probe.amp.tar,"B. mayonii PCR, B","B. mayonii PCR, B"
21565-7,tiaGABine,MCnc,Pt,Ser/Plas,Qn,,Tiagabine,Tiagabine
10988-4,fluvoxaMINE,MCnc,Pt,Ser/Plas,Qn,,Fluvoxamine (Luvox),Fluvoxamine (Luvox)
3948-7,PHENobarbital,MCnc,Pt,Ser/Plas,Qn,,"Phenobarbital, S","Phenobarbital, S"
3487-6,cloBAZam,MCnc,Pt,Ser/Plas,Qn,,Clobazam,Clobazam
73823-7,Cocaine+Benzoylecgonine,PrThr,Pt,Ser/Plas/Bld,Ord,Screen,Cocaine and Metabolite,Cocaine and Metabolite
7287-6,Anthemis cotula Ab.IgE,ACnc,Pt,Ser,Qn,,Dog Fennel (Anthemis cotula) IgE,Dog Fennel (Anthemis cotula) IgE
72887-3,Staphylococcus aureus methicillin resistance SCCmec,PrThr,Pt,Nose,Ord,Probe.amp.tar,"MRSA, PCR","MRSA, PCR"
7094-6,Cynara scolymus Ab.IgE,ACnc,Pt,Ser,Qn,,Artichoke IgE,Artichoke IgE
69565-0,Atopobium vaginae DNA,PrThr,Pt,Vag,Ord,Probe.amp.tar,Atopobium vaginae,Atopobium vaginae
69567-6,Megasphaera sp type 1 DNA,PrThr,Pt,Vag,Ord,Probe.amp.tar,Megasphaera 1,Megasphaera 1
69562-7,Candida albicans DNA,PrThr,Pt,Vag,Ord,Probe.amp.tar,"Candida albicans, NAA","Candida albicans, NAA"
69563-5,Candida glabrata DNA,PrThr,Pt,Vag,Ord,Probe.amp.tar,"Candida glabrata, NAA","Candida glabrata, NAA"
71773-6,Mycobacterium tuberculosis stimulated gamma interferon,Imp,Pt,Bld,Ord,,QuantiFERON-Tb Gold Plus Result,QuantiFERON-Tb Gold Plus Result
73818-7,Platelet factor 4 heparin complex induced Ab.IgG,OD,Pt,Ser/Plas,Qn,IA,HIT ELISA,HIT ELISA
30058-2,Serine/Creatinine,Ratio,Pt,Urine,Qn,,Serine,Serine
78697-0,Olea europaea Ab.IgG,MCnc,Pt,Ser,Qn,,Olive Black IgG,Olive Black IgG
11778-8,Delivery date,Date,Pt,^Patient,Qn,Clinical.estimated,Estimated Due Date,Estimated Due Date
83112-3,Prostate specific Ag,MCnc,Pt,Ser/Plas,Qn,IA,Total PSA,Total PSA
68546-1,Mycoplasma hominis DNA,PrThr,Pt,XXX,Ord,Probe.amp.tar,Mycoplasma hominis PCR,Mycoplasma hominis PCR
6733-0,Pigeon serum Ab,PrThr,Pt,Ser,Ord,Immune diffusion,Pigeon/Dove Serum Gel Diffusion,Pigeon/Dove Serum Gel Diffusion
63244-8,Ganglioside GM1 Ab.IgG+IgM,PrThr,Pt,Ser,Ord,IA,"GM1 Antibodies, IgG-IgM","GM1 Antibodies, IgG-IgM"
62310-8,Galactosylceramidase,CCnc,Pt,Bld.dot,Qn,,Galactocerebrosidase,Galactocerebrosidase
6164-8,Quercus virginiana Ab.IgE,ACnc,Pt,Ser,Qn,,Oak Live (Quercus virginiana) IgE,Oak Live (Quercus virginiana) IgE
6126-7,Glycyphagus domesticus Ab.IgE,ACnc,Pt,Ser,Qn,,"Glycyphagus Domesticus, IgE","Glycyphagus Domesticus, IgE"
60407-4,Helianthus annuus seed Ab.IgG,MCnc,Pt,Ser,Qn,,Sunflower Seed IgG,Sunflower Seed IgG
53935-3,Clostridium tetani toxoid Ab.IgG,ACnc,Pt,Ser/Plas,Qn,IA,Tetanus IgG Value,Tetanus IgG Value
5257-1,Mycoplasma pneumoniae Ab.IgM,PrThr,Pt,Ser,Ord,IA,"M. pneumoniae Ab, IgM, S","M. pneumoniae Ab, IgM, S"
5370-2,Streptolysin O Ab,ACnc,Pt,Ser/Plas,Qn,,"Antistrep-O Titer, S","Antistrep-O Titer, S"
55159-8,Ursodeoxycholate,SCnc,Pt,Ser/Plas,Qn,,Total Ursodeoxycholic Acid,Total Ursodeoxycholic Acid
57290-9,HLA-A,Type,Pt,Bld/Tiss,Nom,High resolution,HLA A High Resolution,HLA A High Resolution
57766-8,Histoplasma capsulatum Ag,MCnc,Pt,Body fld,Qn,,Result,Result
58448-2,Albumin ug/min,MRat,24H,Urine,Qn,Detection limit <= 20 mg/L,Albumin Excretion Rate,Albumin Excretion Rate
74865-7,IgA.lambda,MCnc,Pt,Ser/Plas,Qn,,"IgA Lambda, S","IgA Lambda, S"
50091-8,2-methyl-3-hydroxybutyrylcarnitine (C5-OH)/Creatinine,SRto,Pt,Urine,Qn,,"C5-OH Acylcarnitine, QN, U","C5-OH Acylcarnitine, QN, U"
35738-4,Inhibin A,MoM,Pt,Ser/Plas,Qn,,MoM for DIA,MoM for DIA
3559-2,Digitoxin,MCnc,Pt,Ser/Plas,Qn,,Digitoxin,Digitoxin
34596-7,3-O-Methyldopa,SCnc,Pt,CSF,Qn,,3-O-methyldopa,3-O-methyldopa
3520-4,cycloSPORINE,MCnc,Pt,Bld,Qn,,"Cyclosporine, B","Cyclosporine, B"
32435-0,Symptoms & diseases,Hx,Pt,Hereditary,Nom,,Family History of Aneuploidy,Family History of Aneuploidy
3181-5,Cardiolipin Ab.IgG,ACnc,Pt,Ser,Qn,IA,"Phospholipid Ab IgG, S","Phospholipid Ab IgG, S"
31444-3,Intrinsic factor blocking Ab,PrThr,Pt,Ser,Ord,,"Intrinsic Factor Blocking Ab, S","Intrinsic Factor Blocking Ab, S"
29901-6,HTLV I+II Ab,PrThr,Pt,Ser,Ord,IA,"HTLV-I/-II Ab Screen, S","HTLV-I/-II Ab Screen, S"
29495-9,Herpes virus 6 DNA,PrThr,Pt,XXX,Ord,Probe.amp.tar,Herpes Virus 6 DNA,Herpes Virus 6 DNA
29257-3,Mycoplasma pneumoniae DNA,PrThr,Pt,XXX,Ord,Probe.amp.tar,M. pneumoniae PCR,M. pneumoniae PCR
2483-6,Insulin-like growth factor binding protein 3,MCnc,Pt,Ser/Plas,Qn,,"IGFBP-3, S","IGFBP-3, S"
2471-1,IgM,MCnc,Pt,CSF,Qn,,Immunoglobulin M CSF,Immunoglobulin M CSF
2458-8,IgA,MCnc,Pt,Ser/Plas,Qn,,"Immunoglobulin A (IgA), S","Immunoglobulin A (IgA), S"
2472-9,IgM,MCnc,Pt,Ser/Plas,Qn,,"Immunoglobulin M (IgM), S","Immunoglobulin M (IgM), S"
24502-7,Parakeet serum Ab,PrThr,Pt,Ser,Ord,Immune diffusion,Parakeet Serum Gel Diffusion,Parakeet Serum Gel Diffusion
24505-0,Pigeon droppings Ab,PrThr,Pt,Ser,Ord,Immune diffusion,Pigeon/Dove Droppings Gel Diffusion,Pigeon/Dove Droppings Gel Diffusion
24503-5,Parakeet droppings Ab,PrThr,Pt,Ser,Ord,Immune diffusion,Parakeet Droppings Gel Diffusion,Parakeet Droppings Gel Diffusion
45224-3,Mycoplasma pneumoniae Ab.IgG,PrThr,Pt,Ser,Ord,IA,"M. pneumoniae Ab, IgG, S","M. pneumoniae Ab, IgG, S"
42621-3,Mycoplasma hominis DNA,PrThr,Pt,Bld,Ord,Probe.amp.tar,"Mycoplasma hominis PCR, B","Mycoplasma hominis PCR, B"
4084-0,Trimipramine,PrThr,Pt,Urine,Ord,,Trimipramine,Trimipramine
44877-9,Insulin dependent diabetes mellitus,PrThr,Pt,^Patient,Ord,,Insulin Req Maternal Diabetes,Insulin Req Maternal Diabetes
43595-8,Methadone,PrThr,Pt,Meconium,Ord,,Methadone,Methadone
45182-3,HIV phenotype,Susc,Pt,Isolate,Nom,Phenotyping,Phenosense Entry Fuzeon,Phenosense Entry Fuzeon
49586-1,First & Second trimester integrated maternal screen,Imp,Pt,^Patient,Nom,,Maternal Screen Interpretation,Maternal Screen Interpretation
85369-7,Neutrophils,NCnc,Pt,Bld^Control,Qn,Flow cytometry,Control Absolute Neutrophil Count,Control Absolute Neutrophil Count
8172-9,Cannabinoids,PrThr,Pt,Ser/Plas,Ord,Screen,Cannabinoids,Cannabinoids
80603-4,Coagulation factor XI inhibitor,PrThr,Pt,PPP,Ord,Coag,Factor XI Inhib Scrn,Factor XI Inhib Scrn
7431-0,Toluene diisocyanate (TDI) Ab.IgE,ACnc,Pt,Ser,Qn,,"Isocyanate TDI, IgE","Isocyanate TDI, IgE"
30519-3,Chenodeoxycholate,SCnc,Pt,Ser/Plas,Qn,,Chenodeoxycholic acid,Chenodeoxycholic acid
30052-5,Isoleucine/Creatinine,Ratio,Pt,Urine,Qn,,Isoleucine,Isoleucine
30053-3,Leucine/Creatinine,Ratio,Pt,Urine,Qn,,Leucine,Leucine
30054-1,Tyrosine/Creatinine,Ratio,Pt,Urine,Qn,,Tyrosine,Tyrosine
3002-3,Thiocyanate,MCnc,Pt,Ser/Plas,Qn,,Thiocyanate,Thiocyanate
24119-0,Cytomegalovirus Ab.IgM,PrThr,Pt,Ser/Plas,Ord,IA,"Cytomegalovirus Ab, IgM, S","Cytomegalovirus Ab, IgM, S"
11552-7,Microscopic exam,Imp,Pt,Tiss.FNA,Nom,Cytology,Adequacy Evaluation,Adequacy Evaluation
21484-1,Race,Type,Pt,^Mother,Nom,,Maternal Race,Maternal Race
20624-3,Creatinine,MCnc,24H,Urine,Qn,,Creatinine Concentration,Creatinine Concentration
18287-3,Donath Landsteiner Ab,PrThr,Pt,Ser+RBC^Control,Ord,,Donath Landsteiner,Donath Landsteiner
93881-1,N-Stearoylsphingosine,SCnc,Pt,Plas,Qn,,Ceramide (18:0),Ceramide (18:0)
93331-7,Glycolithocholate,SCnc,Pt,Ser/Plas,Qn,,Glycolithocholic acid,Glycolithocholic acid
93335-8,Glycochenodeoxycholate,SCnc,Pt,Ser/Plas,Qn,,Glycochenodeoxycholic acid,Glycochenodeoxycholic acid
90237-9,Phenylacetylcarnitine (PheC2),SCnc,Pt,Ser/Plas,Qn,,Phenylacetylcarnitine,Phenylacetylcarnitine
55135-8,BCR-ABL1 kinase domain targeted mutation analysis,Prid,Pt,Bld/Tiss,Nom,Molgen,"BCRABL Fusion (210, 190, 205, 230)","BCRABL Fusion (210, 190, 205, 230)"
64234-8,Current smoker,Find,Pt,^Patient,Ord,,Smoking,Smoking
69566-8,Bacterial vaginosis associated bacterium 2 DNA,PrThr,Pt,Vag,Ord,Probe.amp.tar,BVAB 2,BVAB 2
82382-3,Sofosbuvir,Susc,Pt,Isolate,Ord,Genotyping,Sofosbuvir resistance,Sofosbuvir resistance
77732-6,oxyCODONE+oxymorphone,PrThr,Pt,Ser/Plas/Bld,Ord,Screen,Oxycodone/Oxymorphone,Oxycodone/Oxymorphone
49088-8,Sonographer name,Pn,Pt,^Patient,Nom,,Sonographer Name,Sonographer Name
49089-6,Sonographer,ID,Pt,^Patient,Nom,,Sonographer Certification Number,Sonographer Certification Number
94267-2,Cells.CD11b,PrThr,Pt,Bld,Ord,,CD11b,CD11b
94268-0,Cells.CD11a,PrThr,Pt,Bld,Ord,,CD11a,CD11a
94265-6,Cells.CD18,PrThr,Pt,Bld,Ord,,CD18,CD18
14158-0,Cortisol,MRat,24H,Urine,Qn,,"Cortisol, U","Cortisol, U"
13176-3,Wasp venom Ab.IgE,ACnc,Pt,Ser,Qn,,"Wasp Venom, IgE","Wasp Venom, IgE"
58013-4,Norclomipramine,PrThr,Pt,Urine,Ord,,Desmethylclomipramine,Desmethylclomipramine
58014-2,Nordoxepin,PrThr,Pt,Urine,Ord,,Desmethyldoxepin,Desmethyldoxepin
53834-8,cycloSPORINE^peak,MCnc,Pt,Bld,Qn,,"Cyclosporine, Peak, B","Cyclosporine, Peak, B"
47275-3,S100 calcium binding protein B,MCnc,Pt,Ser,Qn,,"S-100B Protein, S","S-100B Protein, S"
47224-1,In vitro fertilization pregnancy,PrThr,Pt,^Patient,Ord,,IVF pregnancy,IVF pregnancy
4207-7,cycloSPORINE,Mass,Pt,Dose,Qn,,"Dose, mg","Dose, mg"
3636-8,fentaNYL,MCnc,Pt,Ser/Plas,Qn,,Fentanyl,Fentanyl
29579-0,Mycobacterial susceptibility panel,-,Pt,Isolate,OrdQn,Method for Slow-growing mycobacteria,"Susc, AFB, Slowly Growing","Susc, AFB, Slowly Growing"
27109-8,PARoxetine,PrThr,Pt,Urine,Ord,,Paroxetine,Paroxetine
8670-2,History of family member diseases,Hx,Pt,^Family member,Nom,,Family Hx Neural Tube Defect,Family Hx Neural Tube Defect
14170-5,Pituitary glycoprotein hormone.alpha subunit,MCnc,Pt,Ser,Qn,,AlphaSubunit Pituitary Tumor Marker,AlphaSubunit Pituitary Tumor Marker
14116-8,IgG synthesis rate,MRat,Pt,Ser+CSF,Qn,Calculated,"Synthesis Rate, CSF","Synthesis Rate, CSF"
18392-1,Phencyclidine,PrThr,Pt,Urine,Ord,Confirm,Phencyclidine,Phencyclidine
11781-2,Delivery date,Date,Pt,^Patient,Qn,US.composite.estimated,EDD by U/S scan,EDD by U/S scan
11055-1,Melatonin,MCnc,Pt,Ser/Plas,Qn,,Melatonin,Melatonin
12146-7,Thickness,Len,Pt,Nuchal fold^Fetus,Qn,US.measured,Nuchal Translucency (NT),Nuchal Translucency (NT)
4639-1,Hemoglobin.unstable,PrThr,Pt,RBC,Ord,,"Hb Stability, B","Hb Stability, B"
49035-9,Thickness,MoM,Pt,Nuchal fold^Fetus,Qn,US.measured,MoM for NT,MoM for NT
59711-2,Midazolam,MCnc,Pt,Ser/Plas,Qn,Confirm,Midazolam (Versed),Midazolam (Versed)
54453-6,Test method,Type,Pt,Semen,Nom,*,Study Type,Study Type
59703-9,LORazepam,MCnc,Pt,Ser/Plas,Qn,Confirm,Lorazepam (Ativan),Lorazepam (Ativan)
74221-3,Referring physician address,Addr,Pt,Provider,Nom,,Ref Path/Phys Address,Ref Path/Phys Address
7661-2,Snapper red Ab.IgE,ACnc,Pt,Ser,Qn,,Red Snapper IgE,Red Snapper IgE
85268-1,X-linked adrenoleukodystrophy newborn screening comment-discussion,Txt,Pt,Bld.dot,Nar,,LSD/X-ALD Newborn Screen Result,LSD/X-ALD Newborn Screen Result
8665-2,Date last menstrual period,Date,Pt,^Patient,Qn,,Last Menstrual Period (LMP),Last Menstrual Period (LMP)
5020-3,Legionella sp rRNA,PrThr,Pt,XXX,Ord,Probe,"Legionella PCR, Result","Legionella PCR, Result"
12201-0,Cryoglobulin,PrThr,Pt,Ser,Ord,1D cold incubation,"Cryoglobulin, S","Cryoglobulin, S"
45144-3,clomiPRAMINE,PrThr,Pt,Urine,Ord,,Clomipramine,Clomipramine
11779-6,Delivery date,Date,Pt,^Patient,Qn,Estimated from last menstrual period,EDD by LMP,EDD by LMP
93227-7,Coccidioides sp Ag,MCnc,Pt,Urine,Qn,IA,"MVista Coccidioides Ag, U","MVista Coccidioides Ag, U"
7678-6,Salvia officinalis Ab.IgE,ACnc,Pt,Ser,Qn,,Sage (Artemisia spp.) IgE,Sage (Artemisia spp.) IgE
6765-2,17-Hydroxypregnenolone,MCnc,Pt,Ser/Plas,Qn,,17-OH Pregnenolone,17-OH Pregnenolone
9353-4,Baclofen,MCnc,Pt,Ser/Plas,Qn,,Baclofen,Baclofen
7610-9,Pinus ponderosa Ab.IgE,ACnc,Pt,Ser,Qn,,Pine Ponderosa IgE,Pine Ponderosa IgE
9328-6,Carbidopa,MCnc,Pt,Ser/Plas,Qn,,Carbidopa,Carbidopa
63090-5,Beta lactoglobulin Ab.IgG,MCnc,Pt,Ser,Qn,,Beta Lactoglobulin IgG,Beta Lactoglobulin IgG
63369-3,Chronic urticaria index,ACnc,Pt,Ser,Qn,,CU Index,CU Index
63091-3,Gluten Ab.IgG,MCnc,Pt,Ser,Qn,,Gluten IgG,Gluten IgG
60411-6,Turkey Ab.IgG,MCnc,Pt,Ser,Qn,,Turkey IgG,Turkey IgG
6709-0,Hippurate,MCnc,Pt,Urine,Qn,,Hippuric Acid,Hippuric Acid
63118-4,Lens esculenta Ab.IgG,MCnc,Pt,Ser,Qn,,Lentil IgG,Lentil IgG
63095-4,Cucumis melo spp Ab.IgG,MCnc,Pt,Ser,Qn,,Melons IgG,Melons IgG
63114-3,Capsicum annuum Ab.IgG,MCnc,Pt,Ser,Qn,,Pepper Bell/Paprika IgG,Pepper Bell/Paprika IgG
63108-5,Carya illinoinensis nut Ab.IgG,MCnc,Pt,Ser,Qn,,Pecan Food IgG,Pecan Food IgG
7656-2,Rubus idaeus Ab.IgE,ACnc,Pt,Ser,Qn,,Raspberry IgG,Raspberry IgG
63120-0,Juglans spp Ab.IgG,MCnc,Pt,Ser,Qn,,Walnut Food (Juglans spp) IgG,Walnut Food (Juglans spp) IgG
7761-0,Stizostedion vitreum Ab.IgE,ACnc,Pt,Ser,Qn,,Wall-Eyed Pike IgE,Wall-Eyed Pike IgE
74872-3,21-Deoxycortisol,MCnc,Pt,Ser/Plas,Qn,,"21-Deoxycortisol, S","21-Deoxycortisol, S"
5634-1,Cyanide,MCnc,Pt,Bld,Qn,,Cyanide,Cyanide
60371-2,Cucumis sativus Ab.IgG,MCnc,Pt,Ser,Qn,,Cucumber IgG,Cucumber IgG
56253-8,Egg white Ab.IgG4,MCnc,Pt,Ser,Qn,,Egg White IgG4,Egg White IgG4
56231-4,Zea mays Ab.IgG4,MCnc,Pt,Ser,Qn,,Corn IgG4,Corn IgG4
56234-8,Cow milk Ab.IgG4,MCnc,Pt,Ser,Qn,,Milk Cow IgG4,Milk Cow IgG4
56351-0,Arachis hypogaea Ab.IgG4,MCnc,Pt,Ser,Qn,,Peanut IgG4,Peanut IgG4
56390-8,Glycine max Ab.IgG4,MCnc,Pt,Ser,Qn,,Soybean IgG4,Soybean IgG4
56417-9,Triticum aestivum Ab.IgG4,MCnc,Pt,Ser,Qn,,Wheat IgG4,Wheat IgG4
59680-9,Gabapentin,MCnc,Pt,Urine,Qn,,"Gabapentin, Urine","Gabapentin, Urine"
60374-6,Allium sativum Ab.IgG,MCnc,Pt,Ser,Qn,,Garlic IgG,Garlic IgG
53835-5,"1,5-Anhydroglucitol",MCnc,Pt,Ser/Plas,Qn,,GlycoMark,GlycoMark
60376-1,Vitis vinifera Ab.IgG,MCnc,Pt,Ser,Qn,,Grape IgG,Grape IgG
49723-0,Camellia sinensis Ab.IgG,MCnc,Pt,Ser,Qn,,Tea IgG,Tea IgG
60379-5,Hippoglossus hippoglossus Ab.IgG,MCnc,Pt,Ser,Qn,,Halibut IgG,Halibut IgG
60381-1,Citrus limon Ab.IgG,MCnc,Pt,Ser,Qn,,Lemon IgG,Lemon IgG
51919-9,Lactuca sativa Ab.IgG,MCnc,Pt,Ser,Qn,,Lettuce IgG,Lettuce IgG
60384-5,Mustard Ab.IgG,MCnc,Pt,Ser,Qn,,Mustard Food IgG,Mustard Food IgG
47544-2,5-Hydroxyindoleacetate,SCnc,Pt,CSF,Qn,,5-Hydroxyindoleacetic acid,5-Hydroxyindoleacetic acid
51901-7,Avena sativa Ab.IgG,MCnc,Pt,Ser,Qn,,Oat IgG,Oat IgG
51904-1,Citrus sinensis Ab.IgG,MCnc,Pt,Ser,Qn,,Orange IgG,Orange IgG
60390-2,Prunus persica Ab.IgG,MCnc,Pt,Ser,Qn,,Peach IgG,Peach IgG
60389-4,Pisum sativum Ab.IgG,MCnc,Pt,Ser,Qn,,Pea Green IgG,Pea Green IgG
57036-6,Phadiatop inhalant allergen Ab.IgE,ACnc,Pt,Ser,Qn,,Phadiatop (Allergy Screen),Phadiatop (Allergy Screen)
60394-4,Ananas comosus Ab.IgG,MCnc,Pt,Ser,Qn,,Pineapple IgG,Pineapple IgG
56442-7,Pork Ab.IgG4,MCnc,Pt,Ser,Qn,,Pork IgG4,Pork IgG4
51933-0,Secale cereale Ab.IgG,MCnc,Pt,Ser,Qn,,Rye Food IgG,Rye Food IgG
60400-9,Salmo salar Ab.IgG,MCnc,Pt,Ser,Qn,,Salmon IgG,Salmon IgG
60402-5,Sesamum indicum Ab.IgG,MCnc,Pt,Ser,Qn,,Sesame Seed IgG,Sesame Seed IgG
60406-6,Spinacia oleracea Ab.IgG,MCnc,Pt,Ser,Qn,,Spinach IgG,Spinach IgG
5714-1,Platinum,MCnc,Pt,Ser/Plas,Qn,,Platinum,Platinum
60398-5,Persea americana Ab.IgG,MCnc,Pt,Ser,Qn,,Avocado IgG,Avocado IgG
60352-2,Musa spp Ab.IgG,MCnc,Pt,Ser,Qn,,Banana IgG,Banana IgG
51917-3,Hordeum vulgare Ab.IgG,MCnc,Pt,Ser,Qn,,Barley IgG,Barley IgG
60353-0,Bean green Ab.IgG,MCnc,Pt,Ser,Qn,,Bean Green/String IgG,Bean Green/String IgG
60354-8,Bean kidney red Ab.IgG,MCnc,Pt,Ser,Qn,,Bean Kidney IgG,Bean Kidney IgG
58035-7,Vaccinium myrtillus Ab.IgG,MCnc,Pt,Ser,Qn,,Blueberry IgG,Blueberry IgG
60358-9,Brassica oleracea var capitata Ab.IgG,MCnc,Pt,Ser,Qn,,Cabbage IgG,Cabbage IgG
60361-3,Brassica oleracea var botrytis Ab.IgG,MCnc,Pt,Ser,Qn,,Cauliflower IgG,Cauliflower IgG
53829-8,Casein Ab.IgG,MCnc,Pt,Ser,Qn,,Casein IgG,Casein IgG
60370-4,Cancer pagurus Ab.IgG,MCnc,Pt,Ser,Qn,,Crab IgG,Crab IgG
3659-0,Furosemide,MCnc,Pt,Ser/Plas,Qn,,Furosemide,Furosemide
3687-1,Ibuprofen,MCnc,Pt,Ser/Plas,Qn,,Ibuprofen,Ibuprofen
3412-4,Bupivacaine,MCnc,Pt,Ser/Plas,Qn,,Bupivacaine,Bupivacaine
4098-0,Warfarin,MCnc,Pt,Ser/Plas,Qn,,Warfarin,Warfarin
35554-5,Chocolate Ab.IgG,MCnc,Pt,Ser,Qn,,Chocolate/Cacao IgG,Chocolate/Cacao IgG
45201-1,Egg whole Ab.IgG,MCnc,Pt,Ser,Qn,,Egg Whole IgG,Egg Whole IgG
35547-9,Lycopersicon lycopersicum Ab.IgG,MCnc,Pt,Ser,Qn,,Tomato IgG,Tomato IgG
35540-4,Agaricus hortensis Ab.IgG,MCnc,Pt,Ser,Qn,,Mushroom IgG,Mushroom IgG
40846-8,Homovanillate,SCnc,Pt,CSF,Qn,,Homovanillic acid,Homovanillic acid
42985-2,Neisseria meningitidis serogroup C Ab.IgG,MCnc,Pt,Ser,Qn,,Serogroup C,Serogroup C
42986-0,Neisseria meningitidis serogroup A Ab.IgG,MCnc,Pt,Ser,Qn,,Serogroup A,Serogroup A
35541-2,Allium cepa Ab.IgG,MCnc,Pt,Ser,Qn,,Onion IgG,Onion IgG
3988-3,Promethazine,MCnc,Pt,Ser/Plas,Qn,,Promethazine (Phenergan),Promethazine (Phenergan)
35542-0,Arachis hypogaea Ab.IgG,MCnc,Pt,Ser,Qn,,Peanut IgG,Peanut IgG
35543-8,Pork Ab.IgG,MCnc,Pt,Ser,Qn,,Pork IgG,Pork IgG
35544-6,Solanum tuberosum Ab.IgG,MCnc,Pt,Ser,Qn,,Potato White IgG,Potato White IgG
35545-3,Oryza sativa Ab.IgG,MCnc,Pt,Ser,Qn,,Rice IgG,Rice IgG
35546-1,Glycine max Ab.IgG,MCnc,Pt,Ser,Qn,,Soybean IgG,Soybean IgG
35537-0,Triticum aestivum Ab.IgG,MCnc,Pt,Ser,Qn,,Wheat IgG,Wheat IgG
2839-9,Progesterone,MCnc,Pt,Ser/Plas,Qn,,Progesterone,Progesterone
32046-5,Pregnancy associated plasma protein A,ACnc,Pt,Ser/Plas,Qn,,PAPP-A Maternal,PAPP-A Maternal
32123-2,Pregnancy associated plasma protein A,MoM,Pt,Ser/Plas,Qn,,MoM for PAPP-A,MoM for PAPP-A
29463-7,Body weight,Mass,Pt,^Patient,Qn,,Maternal Weight,Maternal Weight
3041-1,Trichloroacetate,MCnc,Pt,Urine,Qn,,Trichloroacetic Acid,Trichloroacetic Acid
18185-9,Gestational age,Time,Pt,^Fetus,Qn,,Gestational Age for Second Specimen,Gestational Age for Second Specimen
19151-0,Specimen drawn,TmStp,Pt,Ser/Plas,Qn,,Specimen,Specimen
2143-6,Cortisol,MCnc,Pt,Ser/Plas,Qn,,Cortisol,Cortisol
1656-8,11-Deoxycorticosterone,MCnc,Pt,Ser/Plas,Qn,,Deoxycorticosterone (DOC),Deoxycorticosterone (DOC)
2193-1,Dehydroepiandrosterone,MCnc,Pt,Ser/Plas,Qn,,Dehydroepiandrosterone (DHEA),Dehydroepiandrosterone (DHEA)
1668-3,17-Hydroxyprogesterone,MCnc,Pt,Ser/Plas,Qn,,17-Alpha-Hydroxyprogesterone 17-OHP,17-Alpha-Hydroxyprogesterone 17-OHP
1854-9,Androstenedione,MCnc,Pt,Ser/Plas,Qn,,Androstenedione,Androstenedione
1834-1,Alpha-1-Fetoprotein,MCnc,Pt,Ser/Plas,Qn,,Patient's AFP,Patient's AFP
20450-3,Alpha-1-Fetoprotein,MoM,Pt,Ser/Plas,Qn,,MoM for AFP,MoM for AFP
2250-9,Estriol.unconjugated,MCnc,Pt,Ser/Plas,Qn,,Patient's uE3,Patient's uE3
20466-9,Estriol.unconjugated,MoM,Pt,Ser/Plas,Qn,,MoM for uE3,MoM for uE3
19080-1,Choriogonadotropin,ACnc,Pt,Ser/Plas,Qn,,"Patient's hCG, 2nd Trimester","Patient's hCG, 2nd Trimester"
20465-1,Choriogonadotropin,MoM,Pt,Ser/Plas,Qn,,"hCG MoM, 2nd Trimester","hCG MoM, 2nd Trimester"
23883-2,Inhibin A,MCnc,Pt,Ser/Plas,Qn,,Patient's DIA,Patient's DIA
26770-8,Trichloroacetate/Creatinine,MRto,Pt,Urine,Qn,,Trichloroacetic Acid,Trichloroacetic Acid
1964-6,Bicarbonate,SCnc,Pt,Urine,Qn,,Bicarbonate,Bicarbonate
14061-6,Cyclobenzaprine,MCnc,Pt,Urine,Qn,,Cyclobenzaprine,Cyclobenzaprine
11188-0,Pepper cayenne Ab.IgE,ACnc,Pt,Ser,Qn,,Pepper Cayenne IgE,Pepper Cayenne IgE
9383-1,9-Hydroxyrisperidone,MCnc,Pt,Ser/Plas,Qn,,Paliperidone,Paliperidone
9385-6,Levodopa,MCnc,Pt,Ser/Plas,Qn,,Levodopa,Levodopa
15367-6,Ganciclovir,MCnc,Pt,Ser/Plas,Qn,,Ganciclovir,Ganciclovir
93974-4,Iohexol,MCnc,Pt,Ser/Plas,Qn,,"Iohexol, P","Iohexol, P"
9637-0,Toluene,MCnc,Pt,Bld,Qn,,Toluene,Toluene
90783-2,F2-Isoprostanes/Creatinine,MRto,Pt,Urine,Qn,,"15-F2t-Isoprostane, U","15-F2t-Isoprostane, U"
80186-0,JAK2 gene exon 12 targeted mutation analysis,Find,Pt,Bone mar,Doc,Molgen,JAK2 Sequencing Result,JAK2 Sequencing Result
44537-9,HTLV I DNA,PrThr,Pt,Bld,Ord,Probe.amp.tar,HTLV-I DNA,HTLV-I DNA
44542-9,HTLV II DNA,PrThr,Pt,Bld,Ord,Probe.amp.tar,HTLV-II DNA,HTLV-II DNA
30170-5,Periplaneta americana Ab.IgE,ACnc,Pt,Ser,Qn,,Cockroach American IgE,Cockroach American IgE
32112-5,Sertraline,PrThr,Pt,Urine,Ord,,Sertraline,Sertraline
57182-8,HIV 1 RNA tropism,Prid,Pt,Plas,Nar,,Tropotype Result,Tropotype Result
42198-2,Curvularia specifera Ab.IgE,ACnc,Pt,Ser,Qn,,Curvularia spicifera/Bipolaris IgE,Curvularia spicifera/Bipolaris IgE
7123-3,Myrica spp Ab.IgE,ACnc,Pt,Ser,Qn,,Bayberry/Wax Myrtle IgE,Bayberry/Wax Myrtle IgE
56635-6,Thyroglobulin Ab.IgG,ACnc,Pt,Ser,Qn,,Anti-Thyroglobulin IgG,Anti-Thyroglobulin IgG
3016-3,Thyrotropin,ACnc,Pt,Ser/Plas,Qn,,TSH (Thyrotropin),TSH (Thyrotropin)
6101-0,Duck meat Ab.IgE,ACnc,Pt,Ser,Qn,,Duck Meat IgE,Duck Meat IgE
7384-1,Melanogrammus aeglefinus Ab.IgE,ACnc,Pt,Ser,Qn,,Haddock IgE,Haddock IgE
50639-4,Harmonia axyridis Ab.IgE,ACnc,Pt,Ser,Qn,,Ladybeetle Asian IgE,Ladybeetle Asian IgE
49745-3,Dolichovespula maculata Ab.IgG,MCnc,Pt,Ser,Qn,,Venom W-F Hornet (D-maculata) IgG,Venom W-F Hornet (D-maculata) IgG
7718-0,Squash zucchini Ab.IgE,ACnc,Pt,Ser,Qn,,Zucchini IgE,Zucchini IgE
53612-8,Urate,MCnc,Pt,Body fld,Qn,,"Uric Acid, Body Fluid","Uric Acid, Body Fluid"
6025-1,Aspergillus fumigatus Ab.IgE,ACnc,Pt,Ser,Qn,,Aspergillus fumigatus IgE,Aspergillus fumigatus IgE
50638-6,Bixa orellana seed Ab.IgE,ACnc,Pt,Ser,Qn,,Annatto Seed IgE,Annatto Seed IgE
7131-6,Phaseolus limensis Ab.IgE,ACnc,Pt,Ser,Qn,,Bean Lima IgE,Bean Lima IgE
7187-8,Ictalurus punctatus Ab.IgE,ACnc,Pt,Ser,Qn,,Catfish IgE,Catfish IgE
6083-0,Coffea spp Ab.IgE,ACnc,Pt,Ser,Qn,,Coffee IgE,Coffee IgE
25609-9,Cochineal extract Ab.IgE,ACnc,Pt,Ser,Qn,,Carmine Dye/Red Dye IgE,Carmine Dye/Red Dye IgE
30041-8,Curcuma longa Ab.IgE,ACnc,Pt,Ser,Qn,,Turmeric IgE,Turmeric IgE
6738-9,Rumex crispus Ab.IgE,ACnc,Pt,Ser,Qn,,Dock Yellow (Rumex crispus) IgE,Dock Yellow (Rumex crispus) IgE
7383-3,Celtis occidentalis Ab.IgE,ACnc,Pt,Ser,Qn,,Hackberry (Celtis occidentalis) IgE,Hackberry (Celtis occidentalis) IgE
49739-6,Apis mellifera Ab.IgG,MCnc,Pt,Ser,Qn,,Venom Honey Bee IgG,Venom Honey Bee IgG
2464-6,IgG,MCnc,Pt,CSF,Qn,,Immunoglobulin G CSF,Immunoglobulin G CSF
7479-9,Acer rubrum Ab.IgE,ACnc,Pt,Ser,Qn,,Maple Red (Acer rubrum) IgE,Maple Red (Acer rubrum) IgE
7639-8,Chrysanthemum cinerariifolium Ab.IgE,ACnc,Pt,Ser,Qn,,Pyrethrum IgE,Pyrethrum IgE
25743-6,Chenopodium quinoa Ab.IgE,ACnc,Pt,Ser,Qn,,Quinoa IgE,Quinoa IgE
7723-0,Saccharum officinarum Ab.IgE,ACnc,Pt,Ser,Qn,,Sugar Cane IgE,Sugar Cane IgE
7676-0,Carthamus tinctorius Ab.IgE,ACnc,Pt,Ser,Qn,,Safflower IgE,Safflower IgE
7775-0,Whitefish Ab.IgE,ACnc,Pt,Ser,Qn,,Whitefish IgE,Whitefish IgE
73934-2,Meperidine,MCnc,Pt,Ser/Plas/Bld,Qn,,Meperidine,Meperidine
73933-4,Normeperidine,MCnc,Pt,Ser/Plas/Bld,Qn,,Normeperidine,Normeperidine
60412-4,Vanilla planifolia Ab.IgG,MCnc,Pt,Ser,Qn,,Vanilla IgG,Vanilla IgG
41205-6,Citrullus lanatus Ab.IgG,MCnc,Pt,Ser,Qn,,Watermelon IgG,Watermelon IgG
59058-8,Cow whey Ab.IgG,MCnc,Pt,Ser,Qn,,Whey IgG,Whey IgG
60348-0,Prunus dulcis Ab.IgG,MCnc,Pt,Ser,Qn,,Almond Food IgG,Almond Food IgG
60349-8,Malus sylvestris Ab.IgG,MCnc,Pt,Ser,Qn,,Apple IgG,Apple IgG
63079-8,Bean white Ab.IgG,MCnc,Pt,Ser,Qn,,Bean Navy/White IgG,Bean Navy/White IgG
63124-2,Ocimum basilicum Ab.IgG,MCnc,Pt,Ser,Qn,,Basil IgG,Basil IgG
42584-3,Beet Ab.IgG,MCnc,Pt,Ser,Qn,,Beet Root IgG,Beet Root IgG
63109-3,Anacardium occidentale Ab.IgG,MCnc,Pt,Ser,Qn,,Cashew IgG,Cashew IgG
63092-1,Cheese cheddar type Ab.IgG,MCnc,Pt,Ser,Qn,,Cheese Cheddar IgG,Cheese Cheddar IgG
60367-0,Cinnamomum spp Ab.IgG,MCnc,Pt,Ser,Qn,,Cinnamon IgG,Cinnamon IgG
63084-8,Cocos nucifera Ab.IgG,MCnc,Pt,Ser,Qn,,Coconut IgG,Coconut IgG
60360-5,Daucus carota Ab.IgG,MCnc,Pt,Ser,Qn,,Carrot IgG,Carrot IgG
63094-7,Petroselinum crispum Ab.IgG,MCnc,Pt,Ser,Qn,,Parsley IgG,Parsley IgG
60392-8,Piper nigrum Ab.IgG,MCnc,Pt,Ser,Qn,,Pepper Black IgG,Pepper Black IgG
62357-9,Chromosome analysis overall interpretation,Imp,Pt,Bld/Tiss,Ord,Molgen,Result Summary,Result Summary
2457-0,IgA,MCnc,Pt,CSF,Qn,,Immunoglobulin A CSF,Immunoglobulin A CSF
18332-7,Thyroperoxidase Ab.IgG,ACnc,Pt,Ser/Plas,Qn,,Anti-Thyroid Peroxidase IgG,Anti-Thyroid Peroxidase IgG
8099-4,Thyroperoxidase Ab,ACnc,Pt,Ser/Plas,Qn,,"Thyroperoxidase Ab, S","Thyroperoxidase Ab, S"
16998-7,HYDROmorphone,MCnc,Pt,Urine,Qn,Confirm,Hydromorphone-by LC-MS/MS,Hydromorphone-by LC-MS/MS
16249-5,oxyCODONE,MCnc,Pt,Urine,Qn,Confirm,Oxycodone-by LC-MS/MS,Oxycodone-by LC-MS/MS
16241-2,PHENobarbital,MCnc,Pt,Urine,Qn,Confirm,Phenobarbital-by GC/MS,Phenobarbital-by GC/MS
12727-4,prednisoLONE,MCnc,Pt,Ser/Plas,Qn,,Prednisolone,Prednisolone
35529-7,Beef Ab.IgG,MCnc,Pt,Ser,Qn,,Beef IgG,Beef IgG
35532-1,Chicken Ab.IgG,MCnc,Pt,Ser,Qn,,Chicken IgG,Chicken IgG
35534-7,Zea mays Ab.IgG,MCnc,Pt,Ser,Qn,,Corn IgG,Corn IgG
35535-4,Egg white Ab.IgG,MCnc,Pt,Ser,Qn,,Egg White IgG,Egg White IgG
35536-2,Egg yolk Ab.IgG,MCnc,Pt,Ser,Qn,,Egg Yolk IgG,Egg Yolk IgG
3737-4,Maprotiline,PrThr,Pt,Urine,Ord,,Maprotiline,Maprotiline
38893-4,ARIPiprazole,MCnc,Pt,Ser/Plas,Qn,,Aripiprazole,Aripiprazole
39618-4,Neisseria meningitidis serogroup Y Ab,MCnc,Pt,Ser,Qn,,Serogroup Y,Serogroup Y
39610-1,Neisseria meningitidis serogroup w135 Ab,MCnc,Pt,Ser,Qn,,Serogroup W-135,Serogroup W-135
4001-4,Protriptyline,PrThr,Pt,Urine,Ord,,Protriptyline,Protriptyline
40702-3,Fibrin monomer,PrThr,Pt,PPP,Ord,HA,Soluble Fibrin Monomer,Soluble Fibrin Monomer
40835-1,Fragaria vesca Ab.IgG,MCnc,Pt,Ser,Qn,,Strawberry IgG,Strawberry IgG
12434-7,predniSONE,MCnc,Pt,Ser/Plas,Qn,,Prednisone,Prednisone
12396-8,chlorproPAMIDE,MCnc,Pt,Urine,Qn,,"Chlorpropamide, UR","Chlorpropamide, UR"
12389-3,OLANZapine,MCnc,Pt,Ser/Plas,Qn,,Olanzapine,Olanzapine
10539-5,glipiZIDE,MCnc,Pt,Ser/Plas,Qn,,Glipizide,Glipizide
27025-6,glipiZIDE,MCnc,Pt,Urine,Qn,,"Glipizide, UR","Glipizide, UR"
26776-5,QUEtiapine,MCnc,Pt,Ser/Plas,Qn,,"Quetiapine (Seroquel), Serum","Quetiapine (Seroquel), Serum"
2230-1,EPINEPHrine,MCnc,Pt,Plas,Qn,,Epinephrine,Epinephrine
2232-7,EPINEPHrine,MRat,24H,Urine,Qn,,Epinephrine,Epinephrine
2218-6,DOPamine,MRat,24H,Urine,Qn,,Dopamine,Dopamine
2216-0,DOPamine,MCnc,Pt,Ser/Plas,Qn,,Dopamine,Dopamine
2465-3,IgG,MCnc,Pt,Ser/Plas,Qn,,"Immunoglobulin G (IgG), S","Immunoglobulin G (IgG), S"
2470-3,IgG/Albumin,MRto,Pt,CSF,Qn,,"IgG/Albumin, CSF","IgG/Albumin, CSF"
19471-2,FLUoxetine,PrThr,Pt,Urine,Ord,Confirm,Fluoxetine,Fluoxetine
17395-5,oxyMORphone,MCnc,Pt,Urine,Qn,Confirm,Oxymorphone-by LC-MS/MS,Oxymorphone-by LC-MS/MS
4064-2,traZODone,MCnc,Pt,Ser/Plas,Qn,,Trazodone,Trazodone
3924-8,PENTobarbital,MCnc,Pt,Ser/Plas,Qn,,"Pentobarbital, S","Pentobarbital, S"
3686-3,hydrOXYzine,MCnc,Pt,Ser/Plas,Qn,,Hydroxyzine (Vistaril),Hydroxyzine (Vistaril)
3650-9,fluPHENAZine,MCnc,Pt,Ser/Plas,Qn,,Fluphenazine,Fluphenazine
3591-5,ePHEDrine,MCnc,Pt,Ser/Plas,Qn,,Ephedrine,Ephedrine
35698-0,metFORMIN,MCnc,Pt,Ser/Plas,Qn,,Metformin,Metformin
3491-8,clomiPRAMINE,MCnc,Pt,Ser/Plas,Qn,,Clomipramine,Clomipramine
3495-9,cloNIDine,MCnc,Pt,Ser/Plas,Qn,,Clonidine,Clonidine
3548-5,diazePAM,MCnc,Pt,Ser/Plas,Qn,,Diazepam,Diazepam
3471-0,chlorproMAZINE,MCnc,Pt,Ser/Plas,Qn,,Chlorpromazine,Chlorpromazine
3457-9,chlordiazePOXIDE,MCnc,Pt,Ser/Plas,Qn,,Chlordiazepoxide,Chlordiazepoxide
3433-0,carBAMazepine.free,MCnc,Pt,Ser/Plas,Qn,,"Carbamazepine, Free, S","Carbamazepine, Free, S"
27175-9,glyBURIDE,MCnc,Pt,Urine,Qn,,"Glyburide, UR","Glyburide, UR"
27170-0,TOLBUTamide,MCnc,Pt,Urine,Qn,,"Tolbutamide, UR","Tolbutamide, UR"
27166-8,TOLAZamide,MCnc,Pt,Urine,Qn,,"Tolazamide, UR","Tolazamide, UR"
27164-3,acetoHEXAMIDE,MCnc,Pt,Urine,Qn,,"Acetohexamide, UR","Acetohexamide, UR"
24501-9,Parrot droppings Ab,PrThr,Pt,Ser,Ord,Immune diffusion,Parrott Droppings Gel Diffusion,Parrott Droppings Gel Diffusion
24500-1,Parrot serum Ab,PrThr,Pt,Ser,Ord,Immune diffusion,Parrott Serum Gel Diffusion,Parrott Serum Gel Diffusion
24498-8,Chicken serum Ab,PrThr,Pt,Ser,Ord,Immune diffusion,Chicken Serum Gel Diffusion,Chicken Serum Gel Diffusion
2416-6,Histamine,MCnc,Pt,Ser/Plas,Qn,,Histamine Plasma,Histamine Plasma
24075-4,Beta-N-acetylhexosaminidase,CCnt,Pt,WBC,Qn,,"Hexosaminidase Total, WBC","Hexosaminidase Total, WBC"
23843-6,Cockatiel droppings Ab,PrThr,Pt,Ser,Ord,Immune diffusion,Cockatiel Droppings Gel Diffusion,Cockatiel Droppings Gel Diffusion
23841-0,Choriogonadotropin.beta subunit^^adjusted,MoM,Pt,Ser/Plas,Qn,,"hCG, TOTAL MoM","hCG, TOTAL MoM"
2240-0,Estradiol.free,MCnc,Pt,Ser/Plas,Qn,,"Free Estradiol, Serum","Free Estradiol, Serum"
21473-4,Populus alba Ab.IgE,ACnc,Pt,Ser,Qn,,Poplar White (Populus alba) IgE,Poplar White (Populus alba) IgE
2104-8,Choriomammotropin,MCnc,Pt,Ser,Qn,,Human Placental Lactogen,Human Placental Lactogen
21096-3,Bean black Ab.IgE,ACnc,Pt,Ser,Qn,,Bean Black IgE,Bean Black IgE
1952-1,Beta-2-Microglobulin,MCnc,Pt,Ser/Plas,Qn,,"Beta-2-Microglobulin, S","Beta-2-Microglobulin, S"
1956-2,Beta-N-acetylhexosaminidase.A,CCnc,Pt,Ser/Plas,Qn,,"Hexosaminidase Total, S","Hexosaminidase Total, S"
19642-8,oxyCODONE,PrThr,Pt,Urine,Ord,Screen,Oxycodone Immunoassay Screen,Oxycodone Immunoassay Screen
16419-4,azaTHIOprine,MCnc,Pt,Ser/Plas,Qn,,6-Mercaptopurine,6-Mercaptopurine
46955-1,prednisoLONE,MCnc,Pt,Urine,Qn,,Prednisolone,Prednisolone
46956-9,predniSONE,MCnc,Pt,Urine,Qn,,Prednisone,Prednisone
58381-5,fentaNYL,MCnc,Pt,Urine,Qn,Confirm,Fentanyl by LC-MS/MS,Fentanyl by LC-MS/MS
59611-4,ALPRAZolam,MCnc,Pt,Ser/Plas,Qn,Confirm,Alprazolam (Xanax),Alprazolam (Xanax)
6706-6,buPROPion,MCnc,Pt,Ser/Plas,Qn,,Bupropion,Bupropion
68541-2,HYDROmorphone,MCnt,Pt,Meconium,Qn,Confirm,Hydromorphone,Hydromorphone
68543-8,oxyCODONE,MCnt,Pt,Meconium,Qn,Confirm,Oxycodone,Oxycodone
68544-6,HYDROcodone,MCnt,Pt,Meconium,Qn,Confirm,Hydrocodone,Hydrocodone
6898-1,dilTIAZem,MCnc,Pt,Ser/Plas,Qn,,Diltiazem,Diltiazem
6896-5,cloZAPine,MCnc,Pt,Ser/Plas,Qn,,Clozapine,Clozapine
7435-1,Juniperus occidentalis Ab.IgE,ACnc,Pt,Ser,Qn,,Juniper Western IgE,Juniper Western IgE
14960-9,Estradiol.free/Estradiol.total,MFr,Pt,Ser/Plas,Qn,,"Free Estradiol, Percent","Free Estradiol, Percent"
14288-5,Carnitine,SCnc,Pt,Ser/Plas,Qn,,Total,Total
14212-5,Hepatitis E virus Ab.IgM,PrThr,Pt,Ser,Ord,,"HEV IgM Ab Screen, S","HEV IgM Ab Screen, S"
14208-3,Filaria Ab.IgG4,ACnc,Pt,Ser,Qn,,Filaria Antibody (IgG4),Filaria Antibody (IgG4)
33211-4,Interleukin 8,MCnc,Pt,Ser/Plas,Qn,,"IL-8, Serum","IL-8, Serum"
33624-8,Pentacarboxylporphyrin III,MRat,24H,Stool,Qn,,Pentacarboxyl III,Pentacarboxyl III
33946-5,Ziprasidone,MCnc,Pt,Ser/Plas,Qn,,Ziprasidone,Ziprasidone
34908-4,Neopterin,MCnc,Pt,Ser/Plas,Qn,,"Neopterin, Serum","Neopterin, Serum"
34970-4,Date ultrasound,Date,Pt,^Patient,Qn,,Ultrasound Date,Ultrasound Date
14117-6,IgG clearance/Albumin clearance,Ratio,Pt,Ser+CSF,Qn,,"IgG Index, CSF","IgG Index, CSF"
13928-7,Parathyrin Ab,PrThr,Pt,Ser,Ord,,PTH Ab,PTH Ab
13879-2,Collagen type 2 Ab.IgG,ACnc,Pt,Ser,Qn,,Collagen Type II Antibodies,Collagen Type II Antibodies
13754-7,Hippurate/Creatinine,MRto,Pt,Urine,Qn,,Hippuric Acid,Hippuric Acid
11572-5,Rheumatoid factor,ACnc,Pt,Ser/Plas,Qn,,"Rheumatoid Factor, S","Rheumatoid Factor, S"
11189-8,Pepper jalapeno Ab.IgE,ACnc,Pt,Ser,Qn,,Jalapeno/Chipotle IgE,Jalapeno/Chipotle IgE
11183-1,Macadamia spp Ab.IgE,ACnc,Pt,Ser,Qn,,"Macadamia Nut, IgE","Macadamia Nut, IgE"
11175-7,Helminthosporium sativum Ab.IgE,ACnc,Pt,Ser,Qn,,Helminthosporium sativum IgE,Helminthosporium sativum IgE
75514-0,Lupus anticoagulant two screening tests W Reflex,Imp,Pt,PPP,Nom,Coag,Lupus Anticoagulant,Lupus Anticoagulant
75233-7,Norsertraline,PrThr,Pt,Urine,Ord,,Desmethylsertraline,Desmethylsertraline
78210-2,ALK gene rearrangements,Imp,Pt,Bld/Tiss,Nar,FISH,Interpretation,Interpretation
47715-8,Oxalate,SCnc,Pt,Dial fld,Qn,,"Oxalate, Dialysate Fluid","Oxalate, Dialysate Fluid"
15085-4,Oxalate,SCnc,Pt,Ser/Plas,Qn,,"Oxalate, Plasma","Oxalate, Plasma"
57802-1,Chromosome analysis.interphase,Imp,Pt,Bld/Bone mar,Nar,FISH,mSMART Evaluation,mSMART Evaluation
58912-7,Pigeon feather Ab.IgG,MCnc,Pt,Ser,Qn,,Pigeon Feathers IgG,Pigeon Feathers IgG
78915-6,FGFR1 gene rearrangements,PrThr,Pt,Bld/Tiss,Ord,FISH,Result,Result
79768-8,Platelet dense bodies,PrThr,Pt,Bld,Ord,Microscopy.electron,Platelet TEM,Platelet TEM
40667-8,Rubella virus Ab.IgG,PrThr,Pt,Ser/Plas,Ord,IA,"Rubella Ab, IgG, S","Rubella Ab, IgG, S"
60474-4,Reticulocytes,NCnc,Pt,Bld,Qn,Automated count,Absolute Reticulocyte,Absolute Reticulocyte
88517-8,Mycobacterium tuberculosis stimulated gamma interferon release by CD4+ and CD8+ T-cells^^corrected for background,ACnc,Pt,Bld,Qn,,TB2 Ag minus Nil Result,TB2 Ag minus Nil Result
6138-2,Setomelanomma rostrata Ab.IgE,ACnc,Pt,Ser,Qn,,"Helminthosporium Halodes, IgE","Helminthosporium Halodes, IgE"
30183-8,(Alternaria alternata+Aspergillus fumigatus+Candida albicans+Cladosporium herbarum+Setomelanomma rostrata+Penicillium notatum) Ab.IgE,ACnc,Pt,Ser,Qn,Multidisk,Mold Panel,Mold Panel
80351-0,Escherichia coli enterotoxigenic ltA+st1a+st1b genes,PrThr,Pt,Stool,Ord,Non-probe.amp.tar,Enterotoxigenic E. coli (ETEC),Enterotoxigenic E. coli (ETEC)
53761-3,JAK2 gene.p.Val617Phe mutant/normal,RelRto,Pt,Bld/Tiss,Qn,Molgen,JAK2 Result,JAK2 Result
43399-5,JAK2 gene.p.Val617Phe,PrThr,Pt,Bld/Tiss,Ord,Molgen,"JAK2 V617F Mutation Detection, B","JAK2 V617F Mutation Detection, B"
2243-4,Estradiol,MCnc,Pt,Ser/Plas,Qn,,"Estradiol, Mass Spectrometry, S","Estradiol, Mass Spectrometry, S"
13954-3,Hepatitis B virus little e Ag,PrThr,Pt,Ser/Plas,Ord,IA,"Hepatitis Be Ag, S","Hepatitis Be Ag, S"
53923-9,HIV 1 tropism,Prid,Pt,Bld,Nar,,Tropotype Result,Tropotype Result
1963-8,Bicarbonate,SCnc,Pt,Ser/Plas,Qn,,"Bicarbonate, S","Bicarbonate, S"
13943-6,Fructose,PrThr,Pt,Semen,Ord,,Fructose,Fructose
85372-1,Neutrophil.fMLP stimulated.DHR/Neutrophil.fMLP stimulated.total,NFr,Pt,Bld^Control,Qn,Flow cytometry,Control % fMLP ox-DHR+,Control % fMLP ox-DHR+
85371-3,Neutrophil.fMLP stimulated.DHR mean fluorescence intensity,Arb,Pt,Bld^Control,Qn,Flow cytometry,Control MFI fMLP ox-DHR+,Control MFI fMLP ox-DHR+
9356-7,busPIRone,MCnc,Pt,Ser/Plas,Qn,,Buspirone,Buspirone
9393-0,risperiDONE,MCnc,Pt,Ser/Plas,Qn,,Risperidone (Risperdal),Risperidone (Risperdal)
9318-7,Albumin/Creatinine,MRto,Pt,Urine,Qn,,Albumin/Creatinine Ratio,Albumin/Creatinine Ratio
69028-9,oxyMORphone,MCnt,Pt,Meconium,Qn,Confirm,Oxymorphone,Oxymorphone
64084-7,Mycobacterium tuberculosis stimulated gamma interferon release by CD4+ T-cells^^corrected for background,ACnc,Pt,Bld,Qn,,TB1 Ag minus Nil Result,TB1 Ag minus Nil Result
82203-1,Escherichia coli Stx1+Stx2 toxin stx1+stx2 genes,PrThr,Pt,Stool,Ord,Non-probe.amp.tar,Shiga toxin producing E. coli,Shiga toxin producing E. coli
82193-4,Parechovirus A RNA,PrThr,Pt,CSF,Ord,Non-probe.amp.tar,Human parechovirus,Human parechovirus
9813-7,Cortisol^AM peak specimen,MCnc,Pt,Ser/Plas,Qn,,AM Cortisol,AM Cortisol
9812-9,Cortisol^PM trough specimen,MCnc,Pt,Ser/Plas,Qn,,PM Cortisol,PM Cortisol
55917-9,Glucosylceramidase,CCnc,Pt,Bld.dot,Qn,,Acid Beta-Glucosidase,Acid Beta-Glucosidase
8219-8,Opiates,PrThr,Pt,Ser/Plas,Ord,Screen,Opiates,Opiates
81653-8,Blastomyces dermatitidis drk1 & Histoplasma capsulatum gapdh genes,Prid,Pt,XXX,Nom,Probe.amp.tar,Histo/Blasto Result,Histo/Blasto Result
82209-8,Adenovirus 40+41 DNA,PrThr,Pt,Stool,Ord,Non-probe.amp.tar,Adenovirus F40/41,Adenovirus F40/41
27812-7,Antithrombin Ag actual/Normal,RelMCnc,Pt,PPP,Qn,IA,"Antithrombin Antigen, P","Antithrombin Antigen, P"
27821-8,Protein S.free Ag actual/Normal,RelMCnc,Pt,PPP,Qn,IA,"Protein S Ag, Free, P","Protein S Ag, Free, P"
27823-4,Protein S Ag actual/Normal,RelMCnc,Pt,PPP,Qn,IA,"Protein S Ag, Total, P","Protein S Ag, Total, P"
49598-6,Natalizumab Ab,PrThr,Pt,Ser,Ord,IA,Tysabri/Natalizumab Immunogenicity,Tysabri/Natalizumab Immunogenicity
17314-6,Myelin associated glycoprotein Ab.IgM,ACnc,Pt,Ser,Qn,IA,"MAG Antibody, IgM","MAG Antibody, IgM"
48656-3,Ganglioside GD1a Ab,ACnc,Pt,Ser,Qn,IA,"GD1a Antibodies, IgG-IgM","GD1a Antibodies, IgG-IgM"
47393-4,Gliadin peptide Ab.IgA,PrThr,Pt,Ser,Ord,IA,"Gliadin(Deamidated) Ab, IgA, S","Gliadin(Deamidated) Ab, IgA, S"
47394-2,Gliadin peptide Ab.IgG,PrThr,Pt,Ser,Ord,IA,"Gliadin(Deamidated) Ab, IgG, S","Gliadin(Deamidated) Ab, IgG, S"
13955-0,Hepatitis C virus Ab,PrThr,Pt,Ser/Plas,Ord,IA,"HCV Ab Cadaver/Hemolyzed Screen, S","HCV Ab Cadaver/Hemolyzed Screen, S"
79182-2,RNA polymerase III Ab.IgG,ACnc,Pt,Ser/Plas,Qn,IA,"RNA Polymerase III Ab, IgG, S","RNA Polymerase III Ab, IgG, S"
47322-3,SCL-70 extractable nuclear Ab.IgG,ACnc,Pt,Ser,Qn,IA,"Scl 70 Ab, IgG, S","Scl 70 Ab, IgG, S"
35275-7,Measles virus Ab.IgG,PrThr,Pt,Ser,Ord,IA,"Measles (Rubeola) Ab, IgG, S","Measles (Rubeola) Ab, IgG, S"
34416-8,Nucleosome Ab,ACnc,Pt,Ser,Qn,IA,Chromatin (Nucleosomal) Ab,Chromatin (Nucleosomal) Ab
31201-7,HIV 1+2 Ab,PrThr,Pt,Ser/Plas,Ord,IA,"HIV-1/-2 Cadaver/Hemolyzed, S","HIV-1/-2 Cadaver/Hemolyzed, S"
43237-7,Thrombopoietin,MCnc,Pt,PPP,Qn,IA,Thrombopoietin (TPO),Thrombopoietin (TPO)
42618-9,Naloxone,PrThr,Pt,Urine,Ord,Screen,"Naloxone Screen, Total, U","Naloxone Screen, Total, U"
35469-6,Transferrin.carbohydrate deficient.disialo/Transferrin.carbohydrate deficient.tetrasialo,MRto,Pt,Ser/Plas,Qn,,Mono-oligo/Di-oligo Ratio,Mono-oligo/Di-oligo Ratio
74520-8,Complement alternate pathway AH50 actual/normal,RelACnc,Pt,Ser,Qn,IA,"Alternative Complement Path Func, S","Alternative Complement Path Func, S"
21436-1,Ovary Ab,PrThr,Pt,Ser,Ord,IF,Anti-Ovary Antibody,Anti-Ovary Antibody
12914-8,Beta-N-acetylhexosaminidase.A/Beta-N-acetylhexosaminidase.total,CFr,Pt,Ser/Plas,Qn,,"Hexosaminidase Percent A, S","Hexosaminidase Percent A, S"
12183-0,Cholesterol,MCnc,Pt,Body fld,Qn,,"Cholesterol, BF","Cholesterol, BF"
12228-3,Triglyceride,MCnc,Pt,Body fld,Qn,,"Triglycerides, BF","Triglycerides, BF"
92806-9,Keratan sulfate/Creatinine,Ratio,Pt,Urine,Qn,,Keratan Sulfate,Keratan Sulfate
21025-2,Pathologist interpretation,Imp,Pt,Body fld,Nom,,Comment,Comment
2098-2,Cholinesterase,CCnc,Pt,Ser/Plas,Qn,,"Pseudocholinesterase, Total, S","Pseudocholinesterase, Total, S"
63416-2,Pompe disease newborn screening comment-discussion,Txt,Pt,Bld.dot,Nar,,Interpretation,Interpretation
25801-2,Trichophyton mentagrophytes var interdigitale Ab.IgE,ACnc,Pt,Ser,Qn,,Trichophyton ment var interdig IgE,Trichophyton ment var interdig IgE
54390-0,Fibroblast growth factor 23.intact,MCnc,Pt,Ser/Plas,Qn,,Intact Fibroblast Growth Factor 23,Intact Fibroblast Growth Factor 23
24475-6,F2 gene.c.20210G>A,Geno,Pt,Bld/Tiss,Nom,Molgen,"Prothrombin G20210A Mutation, B","Prothrombin G20210A Mutation, B"
33623-0,Pentacarboxylporphyrin I,MRat,24H,Stool,Qn,,Pentacarboxyl  I,Pentacarboxyl  I
46718-3,Aquaporin 4 water channel Ab.IgG,PrThr,Pt,CSF,Ord,,"NMO/AQP4-IgG FACS, CSF","NMO/AQP4-IgG FACS, CSF"
43638-6,Aquaporin 4 water channel Ab.IgG,PrThr,Pt,Ser/Plas,Ord,,"NMO/AQP4 FACS, S","NMO/AQP4 FACS, S"
85363-0,21-Hydroxylase Ab,PrThr,Pt,Ser,Ord,,"21-Hydroxylase Ab, S","21-Hydroxylase Ab, S"
76691-5,Gender identity,Type,Pt,^Patient,Nom,Reported,Gender,Gender
93779-7,Large B-cell lymphoma and cell of origin,Type,Pt,Tiss,Nom,,"Lymph3Cx, Large B-cell Lymphoma, mRNA, Tissue","Lymph3Cx, Large B-cell Lymphoma, mRNA, Tissue"
93783-9,Diffuse large B-cell lymphoma cell of origin,Type,Pt,Tiss,Nom,,DLBCL  COO,DLBCL  COO
93781-3,Diffuse large B-cell lymphoma.activated B-cell subtype,Likelihood,Pt,Tiss,Qn,,DLBCL Probability,DLBCL Probability
93780-5,Primary mediastinal large B-cell lymphoma,Likelihood,Pt,Tiss,Qn,,PMBCL Probability,PMBCL Probability
93782-1,Large B-cell lymphoma,Type,Pt,Tiss,Nom,,PMBCL Call,PMBCL Call
93977-7,Complement C2.functional,ACnc,Pt,Ser/Plas,Qn,,"C2 Complement,Functional,S","C2 Complement,Functional,S"
93978-5,Complement C4.functional,ACnc,Pt,Ser/Plas,Qn,,"C4 Complement, Functional, S","C4 Complement, Functional, S"
47549-1,Adenosine deaminase,CCnt,Pt,RBC,Qn,,Adenosine Deaminase RBC,Adenosine Deaminase RBC
82991-1,Phospholipase A2 receptor Ab.IgG,PrThr,Pt,Ser/Plas,Ord,IF,"PLA2R, Immunofluorescence, S","PLA2R, Immunofluorescence, S"
73737-9,Phospholipase A2 receptor Ab.IgG,ACnc,Pt,Ser,Qn,IA,"PLA2R, Monitoring, ELISA, S","PLA2R, Monitoring, ELISA, S"
2338-2,Glucagon,MCnc,Pt,Ser/Plas,Qn,,"Glucagon, P","Glucagon, P"
49248-8,Amino acid pattern,Imp,Pt,Urine,Nar,,Interpretation (AAPD),Interpretation (AAPD)
49303-1,Amino acid pattern,Imp,Pt,CSF,Nar,,Interpretation,Interpretation
46743-1,Maple syrup urine disease,Imp,Pt,Bld.dot,Nom,,Interpretation,Interpretation
27873-9,Insulin^post CFst,ACnc,Pt,Ser/Plas,Qn,,"Insulin, S","Insulin, S"
93812-6,"1,3 beta glucan",PrThr,Pt,Ser,Ord,,Fungitell Qualitative Result,Fungitell Qualitative Result
93690-6,BRAF gene.p.Val600 mutations,Prid,Pt,Plas.cfDNA,Nom,Molgen,Result,Result
562-9,Clostridioides difficile,PrThr,Pt,Stool,Ord,Organism specific culture,C. difficile Culture,C. difficile Culture
2996-7,Tetrahydrodeoxycortisol,MRat,24H,Urine,Qn,,Tetrahydrodeoxycortisol,Tetrahydrodeoxycortisol
93706-0,Ethyl sulfate+Ethyl glucuronide,MCnc,Pt,Urine,Qn,Screen,ETG Immunoassay Screen,ETG Immunoassay Screen
36917-3,Chromosome uniparental disomy,Prid,Pt,Bld/Tiss,Nar,Molgen,Result,Result
30471-7,levETIRAcetam,MCnc,Pt,Ser/Plas,Qn,,"Levetiracetam, S","Levetiracetam, S"
3432-2,carBAMazepine,MCnc,Pt,Ser/Plas,Qn,,"Carbamazepine, Tot, S","Carbamazepine, Tot, S"
44737-5,Asialoganglioside GM1 Ab,ACnc,Pt,Ser,Qn,IA,"Asialo-GM1 Antibodies, IgG-IgM","Asialo-GM1 Antibodies, IgG-IgM"
26870-6,Ganglioside GD1b Ab,ACnc,Pt,Ser,Qn,IA,"GD1b Antibodies, IgG-IgM","GD1b Antibodies, IgG-IgM"
49090-4,Fetal trisomy 21 risk,Likelihood,Pt,^Fetus,Qn,Based on maternal age,Down syndrome maternal age risk,Down syndrome maternal age risk
19659-2,Phencyclidine,PrThr,Pt,Urine,Ord,Screen,Phencyclidine Immunoassay Screen,Phencyclidine Immunoassay Screen
82197-5,Clostridioides difficile toxin A+B tcdA+tcdB genes,PrThr,Pt,Stool,Ord,Non-probe.amp.tar,C. difficile toxin,C. difficile toxin
6948-4,lamoTRIgine,MCnc,Pt,Ser/Plas,Qn,,"Lamotrigine, S","Lamotrigine, S"
43995-0,Fetal trisomy 21 risk,Likelihood,Pt,^Fetus,Qn,,Down syndrome screen risk estimate,Down syndrome screen risk estimate
43994-3,Fetal trisomy 18 risk,Likelihood,Pt,^Fetus,Qn,,Trisomy 18 screen risk estimate,Trisomy 18 screen risk estimate
9738-6,Gabapentin,MCnc,Pt,Ser/Plas/Bld,Qn,,"Gabapentin, S","Gabapentin, S"
31500-2,Ganglioside GM1 Ab.IgG+IgM,ACnc,Pt,Ser,Qn,,"GM1 Antibodies, IgG-IgM","GM1 Antibodies, IgG-IgM"
31674-5,Ganglioside GQ1b Ab,ACnc,Pt,Ser,Qn,,"GQ1b Antibodies, IgG-IgM","GQ1b Antibodies, IgG-IgM"
51715-1,Mitochondria M2 Ab,ACnc,Pt,Ser,Qn,IA,"Mitochondrial Ab, M2, S","Mitochondrial Ab, M2, S"
93973-6,Iohexol,MCnc,Pt,Urine,Qn,,"Iohexol, U","Iohexol, U"
93880-3,N-Nervonoylsphingosine,SCnc,Pt,Plas,Qn,,Ceramide (24:1),Ceramide (24:1)
93879-5,N-Palmitoylsphingosine/N-Lignoceroylsphingosine,SRto,Pt,Plas,Qn,,Ceramide (16:0)/(24:0) ratio,Ceramide (16:0)/(24:0) ratio
93878-7,N-Stearoylsphingosine/N-Lignoceroylsphingosine,SRto,Pt,Plas,Qn,,Ceramide (18:0)/(24:0) ratio,Ceramide (18:0)/(24:0) ratio
93877-9,N-Nervonoylsphingosine/N-Lignoceroylsphingosine,SRto,Pt,Plas,Qn,,Ceramide (24:1)/(24:0) ratio,Ceramide (24:1)/(24:0) ratio
93876-1,Ceramide risk score,Score,Pt,Plas,Qn,Calculated,MI-Heart Ceramide Risk Score,MI-Heart Ceramide Risk Score
93882-9,N-Palmitoylsphingosine,SCnc,Pt,Plas,Qn,,Ceramide (16:0),Ceramide (16:0)
93856-3,Enterovirus RNA,PrThr,Pt,XXX,Ord,Non-probe.amp.tar,Enterovirus PCR,Enterovirus PCR
38188-9,Bile acid.trihydroxy,SCnc,Pt,Ser/Plas,Qn,,Trihydroxycholestanoic Acid,Trihydroxycholestanoic Acid
30518-5,Cholate,SCnc,Pt,Ser/Plas,Qn,,Total Cholic Acid,Total Cholic Acid
14628-2,Bile acid,SCnc,Pt,Ser/Plas,Qn,,Total Bile Acids,Total Bile Acids
74864-0,IgA.kappa,MCnc,Pt,Ser/Plas,Qn,,"IgA Kappa, S","IgA Kappa, S"
74869-9,IgA.kappa/IgA.lambda,MRto,Pt,Ser/Plas,Qn,,IgA K/L HLC Ratio,IgA K/L HLC Ratio
74862-4,IgG.kappa,MCnc,Pt,Ser/Plas,Qn,,"IgG Kappa, S","IgG Kappa, S"
74863-2,IgG.lambda,MCnc,Pt,Ser/Plas,Qn,,"IgG Lambda, S","IgG Lambda, S"
74868-1,IgG.kappa/IgG.lambda,MRto,Pt,Ser/Plas,Qn,,IgG K/L HLC Ratio,IgG K/L HLC Ratio
61112-9,HTLV,Type,Pt,Ser/Plas,Nom,,HTLV-I/-II Bands,HTLV-I/-II Bands
77744-1,HTLV I & II Ab band pattern,Imp,Pt,Ser/Plas,Nom,,HTLV-I/-II Discrimination,HTLV-I/-II Discrimination
93745-8,HTLV I+II Ab.IgG,PrThr,Pt,CSF,Ord,Line blot,"HTLV-1/-2 Ab Confirmation, CSF","HTLV-1/-2 Ab Confirmation, CSF"
93743-3,HTLV I & II Ab.IgG band,Type,Pt,CSF,Nom,Line blot,HTLV-1/-2 Bands,HTLV-1/-2 Bands
93742-5,HTLV I & II Ab band pattern,Imp,Pt,CSF,Nom,Line blot,HTLV-1/-2 Discrimination,HTLV-1/-2 Discrimination
93725-0,Heparan sulfate,MCnc,Pt,Ser/Plas,Qn,,Heparan Sulfate,Heparan Sulfate
93724-3,Keratan sulfate,MCnc,Pt,Ser/Plas,Qn,,Total Keratan Sulfate,Total Keratan Sulfate
93748-2,Fibrin monomer,MCnc,Pt,PPP,Qn,IA,Soluble Fibrin Monomer,Soluble Fibrin Monomer
67151-1,Troponin T.cardiac,MCnc,Pt,Ser/Plas,Qn,High sensitivity,"Troponin T, 5th gen, P","Troponin T, 5th gen, P"
48595-3,von Willebrand evaluation,Imp,Pt,PPP,Nom,,VWF:FVIIIB Interpretation,VWF:FVIIIB Interpretation
93686-4,Psychosine,SCnc,Pt,CSF,Qn,,"Psychosine, CSF","Psychosine, CSF"
93687-2,Psychosine,SCnt,Pt,RBC,Qn,,"Psychosine, RBC","Psychosine, RBC"
93688-0,Psychosine,SCnc,Pt,Bld.dot,Qn,,Psychosine,Psychosine
83124-8,Triiodothyronine,MCnc,Pt,Ser/Plas,Qn,IA,"T3 (Triiodothyronine), Total, S","T3 (Triiodothyronine), Total, S"
83119-8,Thyroxine,MCnc,Pt,Ser/Plas,Qn,IA,"T4 (Thyroxine), Total Only, S","T4 (Thyroxine), Total Only, S"
83122-2,Thyroxine.free,MCnc,Pt,Ser/Plas,Qn,IA,"T4 (Thyroxine), Free, S","T4 (Thyroxine), Free, S"
21889-1,Size,Len,Pt,Tumor,Qn,,Tumor Diameter (mm),Tumor Diameter (mm)
2895-1,Protoporphyrin.zinc,MCnc,Pt,RBC,Qn,,Zinc-Complexed Protoporphyrin,Zinc-Complexed Protoporphyrin
73884-9,Steroid fractions interpretation,Imp,24H,Urine,Nar,,Interpretation,Interpretation
6705-8,Androsterone,MRat,24H,Urine,Qn,,Androsterone,Androsterone
2268-1,Etiocholanolone,MRat,24H,Urine,Qn,,Etiocholanolone,Etiocholanolone
13612-7,Dehydroepiandrosterone,MRat,24H,Urine,Qn,,Dehydroepiandrosterone,Dehydroepiandrosterone
2834-0,Pregnanediol,MRat,24H,Urine,Qn,,Pregnanediol,Pregnanediol
2836-5,Pregnanetriol,MRat,24H,Urine,Qn,,Pregnanetriol,Pregnanetriol
50643-6,Pregnanetriolone,MRat,24H,Urine,Qn,,Pregnanetriolone,Pregnanetriolone
13611-9,6-Beta-Hydroxycortisol,MRat,24H,Urine,Qn,,6B-OH-Cortisol,6B-OH-Cortisol
2995-9,Tetrahydrocortisol,MRat,24H,Urine,Qn,,Tetrahydrocortisol,Tetrahydrocortisol
21044-3,5-Alpha tetrahydrocortisol,MRat,24H,Urine,Qn,,5a-Tetrahydrocortisol,5a-Tetrahydrocortisol
53634-2,Beta cortol,MRat,24H,Urine,Qn,,B-Cortol,B-Cortol
6701-7,11-Hydroxyandrosterone,MRat,24H,Urine,Qn,,11B-OH-Androsterone,11B-OH-Androsterone
6700-9,11-Hydroxyetiocholanolone,MRat,24H,Urine,Qn,,11B-OH-Etiocholanolone,11B-OH-Etiocholanolone
14044-2,Cortisone,MRat,24H,Urine,Qn,,Cortisone,Cortisone
16116-6,Tetrahydrocortisone,MRat,24H,Urine,Qn,,Tetrahydrocortisone,Tetrahydrocortisone
55906-2,Alpha cortolone,MRat,24H,Urine,Qn,,a-Cortolone,a-Cortolone
63932-8,Age at diagnosis,Time,Pt,^Patient,Qn,,Age at Diagnosis,Age at Diagnosis
2162-6,Creatinine,MRat,24H,Urine,Qn,,"Creatinine, 24 HR, U","Creatinine, 24 HR, U"
50410-0,Coagulation dilute Russell viper venom induced/Coagulation dilute Russell viper venom induced.excess phospholipid,Ratio,Pt,PPP,Qn,Coag,DRVVT Confirm Ratio,DRVVT Confirm Ratio
50008-2,Mixing studies,Imp,Pt,PPP,Nar,,DRVVT Interpretation,DRVVT Interpretation
32540-7,Glucosylceramidase,CCnt,Pt,WBC,Qn,,"Beta-Glucosidase, Leukocytes","Beta-Glucosidase, Leukocytes"
24101-8,Acid sphingomyelinase,CCnt,Pt,WBC,Qn,,"Acid Sphingomyelinase, Leukocytes","Acid Sphingomyelinase, Leukocytes"
24051-5,Acid alpha glucosidase,CCnt,Pt,WBC,Qn,,"Acid Alpha-Glucosidase, Leukocytes","Acid Alpha-Glucosidase, Leukocytes"
24084-6,Galactosylceramidase,CCnt,Pt,WBC,Qn,,"Galactocerebrosidase, WBC","Galactocerebrosidase, WBC"
24057-2,Alpha-L-iduronidase,CCnt,Pt,WBC,Qn,,"Alpha-L-Iduronidase, Leukocytes","Alpha-L-Iduronidase, Leukocytes"
24049-9,Alpha galactosidase A,CCnt,Pt,WBC,Qn,,"Alpha-Galactosidase, Leukocytes","Alpha-Galactosidase, Leukocytes"
6174-7,Milk Ab.IgE,ACnc,Pt,Ser,Qn,,"Milk, IgE","Milk, IgE"
63198-6,(Plantago lanceolata+Chenopodium album+Salsola kali+Rumex acetosella) Ab.IgE,ACnc,Pt,Ser,Qn,Multidisk,Weed Panel # 3,Weed Panel # 3
26889-6,Sulfate,SRat,24H,Urine,Qn,,"Sulfate, 24 Hr, U","Sulfate, 24 Hr, U"
1869-7,Apolipoprotein A-I,MCnc,Pt,Ser/Plas,Qn,,"Apolipoprotein A1, S","Apolipoprotein A1, S"
1884-6,Apolipoprotein B,MCnc,Pt,Ser/Plas,Qn,,"Apolipoprotein B, S","Apolipoprotein B, S"
27816-8,von Willebrand factor Ag actual/Normal,RelMCnc,Pt,PPP,Qn,IA,"von Willebrand Factor Ag, P","von Willebrand Factor Ag, P"
93339-0,Thrombospondin type I domain-containing 7A Ab.IgG,PrThr,Pt,Ser/Plas,Ord,IF,"THSD7A Ab, S","THSD7A Ab, S"
75131-3,Adenine,SCnc,Pt,Ser/Plas,Qn,,Adenine,Adenine
33876-4,Sulfocysteine/Creatinine,SRto,Pt,Urine,Qn,,S-Sulfocysteine,S-Sulfocysteine
38366-1,Hypoxanthine/Creatinine,SRto,Pt,Urine,Qn,,Hypoxanthine,Hypoxanthine
38371-1,Xanthine/Creatinine,SRto,Pt,Urine,Qn,,Xanthine,Xanthine
34385-5,Urate/Creatinine,SRto,Pt,Urine,Qn,,Uric Acid,Uric Acid
50398-7,Narrative diagnostic report,Imp,Pt,Bld/Tiss,Nar,Molgen,Final Diagnosis,Final Diagnosis
93359-8,Monotypic plasma cell DNA ploidy,Type,Pt,Bone mar,Nom,Flow cytometry,Monotypic Plasma Cells DNA Ploidy,Monotypic Plasma Cells DNA Ploidy
93358-0,Plasma cells.polyclonal/Cells counted,NFr,Pt,Bone mar,Qn,Flow cytometry,Polytypic PC per Total Events,Polytypic PC per Total Events
93020-6,Plasma cells.polyclonal/Plasma cells.total,NFr,Pt,Bone mar,Qn,Flow cytometry,Polytypic PC per All Plasma Cells,Polytypic PC per All Plasma Cells
93362-2,Plasma cells.monotypic population,Prid,Pt,Bone mar,Nom,Flow cytometry,Monotypic Plasma Cells:,Monotypic Plasma Cells:
93021-4,Plasma cells.abnormal marker pattern/Cells counted,NFr,Pt,Bone mar,Qn,Flow cytometry,Monotypic PC per Total Events,Monotypic PC per Total Events
93360-6,Monotypic plasma cell DNA index,Ratio,Pt,Bone mar,Qn,Flow cytometry,Monotypic Plasma Cells DNA Index,Monotypic Plasma Cells DNA Index
93313-5,Platelet glycoprotein disorder,Imp,Pt,Bld,Nar,Flow cytometry,Final Diagnosis,Final Diagnosis
93319-2,Platelet CD41 actual/normal,RelRto,Pt,Bld,Qn,Flow cytometry,GPIIb CD41,GPIIb CD41
93318-4,Platelet CD61 actual/normal,RelRto,Pt,Bld,Qn,Flow cytometry,GPIIIa CD61,GPIIIa CD61
93317-6,Platelet CD42a actual/normal,RelRto,Pt,Bld,Qn,Flow cytometry,GPIX CD42a,GPIX CD42a
93316-8,Platelet CD42b actual/normal,RelRto,Pt,Bld,Qn,Flow cytometry,GPIb-alpha CD42b,GPIb-alpha CD42b
93315-0,Platelet CD49b actual/normal,RelRto,Pt,Bld,Qn,Flow cytometry,GPIa CD49b,GPIa CD49b
93314-3,Platelet glycoprotein VI actual/normal,RelRto,Pt,Bld,Qn,Flow cytometry,GPVI,GPVI
93336-6,Bile acid,SRat,48H,Stool,Qn,,"Total Bile Acids, F","Total Bile Acids, F"
93337-4,Chenodeoxycholate+Cholate/Bile acid.total,SFr,48H,Stool,Qn,,"Bile Acids, % CDCA + CA, F","Bile Acids, % CDCA + CA, F"
30520-1,Deoxycholate,SCnc,Pt,Ser/Plas,Qn,,Total Deoxycholic acid,Total Deoxycholic acid
93325-9,Taurohyodeoxycholate,SCnc,Pt,Ser/Plas,Qn,,Taurohyodeoxycholic acid,Taurohyodeoxycholic acid
93324-2,Taurolithocholate,SCnc,Pt,Ser/Plas,Qn,,Taurolithocholic acid,Taurolithocholic acid
93333-3,Glycodeoxycholate,SCnc,Pt,Ser/Plas,Qn,,Glycodeoxycholic acid,Glycodeoxycholic acid
93330-9,Glycoursodeoxycholate,SCnc,Pt,Ser/Plas,Qn,,Glycoursodeoxycholic acid,Glycoursodeoxycholic acid
93332-5,Glycohyodeoxycholate,SCnc,Pt,Ser/Plas,Qn,,Glycohyodeoxycholic acid,Glycohyodeoxycholic acid
93327-5,Taurocholate,SCnc,Pt,Ser/Plas,Qn,,Taurocholic acid,Taurocholic acid
93328-3,Taurochenodeoxycholate,SCnc,Pt,Ser/Plas,Qn,,Taurochenodeoxycholic acid,Taurochenodeoxycholic acid
93326-7,Taurodeoxycholate,SCnc,Pt,Ser/Plas,Qn,,Taurodeoxycholic acid,Taurodeoxycholic acid
93323-4,Tauroursodeoxycholate,SCnc,Pt,Ser/Plas,Qn,,Tauroursodeoxycholic acid,Tauroursodeoxycholic acid
93329-1,Hyodeoxycholate,SCnc,Pt,Ser/Plas,Qn,,Hyodeoxycholic acid,Hyodeoxycholic acid
93334-1,Glycocholate,SCnc,Pt,Ser/Plas,Qn,,Glycocholic acid,Glycocholic acid
53842-1,Basement membrane zone BP180 Ab.IgG,ACnc,Pt,Ser/Plas,Qn,,"BP 180, S","BP 180, S"
53843-9,Basement membrane zone BP230 Ab.IgG,ACnc,Pt,Ser/Plas,Qn,,"BP 230, S","BP 230, S"
8149-7,Amphetamines,PrThr,Pt,Ser/Plas,Ord,Screen,Amphetamines,Amphetamines
20421-4,Barbiturates,PrThr,Pt,Ser/Plas,Ord,Screen,Barbiturates,Barbiturates
59705-4,Methadone,PrThr,Pt,Ser/Plas,Ord,Screen,Methadone/Metabolite,Methadone/Metabolite
8236-2,Phencyclidine,PrThr,Pt,Ser/Plas,Ord,Screen,Phencyclidine,Phencyclidine
91034-9,Methamphetamine+Methylenedioxymethamphetamine,PrThr,Pt,Ser/Plas/Bld,Ord,Screen,Methamphetamine/MDMA,Methamphetamine/MDMA
20470-1,Ethanol,PrThr,Pt,Ser/Plas,Ord,Screen,Ethanol,Ethanol
46976-7,Benzodiazepines,PrThr,Pt,Ser/Plas,Ord,Screen,Benzodiazepines,Benzodiazepines
74214-8,Apixaban,MCnc,Pt,PPP,Qn,Chromo,"Apixaban, Anti-Xa, P","Apixaban, Anti-Xa, P"
68324-3,von Willebrand factor.activity actual/Normal,RelRto,Pt,PPP,Qn,IA,"von Willebrand Factor Activity, P","von Willebrand Factor Activity, P"
80615-8,Recommended follow-up,Prid,Pt,^Patient,Nar,,"Neuroimmunology Ab Follow-up, S","Neuroimmunology Ab Follow-up, S"
49291-8,Porphyrins,Imp,Pt,Urine,Nar,,Interpretation,Interpretation
33746-9,Pathologic findings,Find,Pt,Specimen,Nar,,Interpretation,Interpretation
30122-6,Aeromonas sp,PrThr,Pt,XXX,Ord,Organism specific culture,"Aeromonas Culture, F","Aeromonas Culture, F"
18384-8,Butabarbital,MCnc,Pt,Ser/Plas,Qn,Confirm,Butabarbital,Butabarbital
82971-3,Butalbital,MCnc,Pt,Ser/Plas/Bld,Qn,Confirm,Butalbital,Butalbital
82969-7,PENTobarbital,MCnc,Pt,Ser/Plas/Bld,Qn,Confirm,Pentobarbital,Pentobarbital
82968-9,Secobarbital,MCnc,Pt,Ser/Plas/Bld,Qn,Confirm,Secobarbital,Secobarbital
60468-6,PHENobarbital,MCnc,Pt,Ser/Plas,Qn,Confirm,Phenobarbital,Phenobarbital
10851-4,Escherichia coli O157,H7,PrThr,Pt,Stool,Ord:Organism specific culture,"E. coli O157:H7 Culture, F","E. coli O157:H7 Culture, F"
40779-1,Mexiletine^trough,MCnc,Pt,Ser/Plas,Qn,,"Mexiletine, S","Mexiletine, S"
51623-7,Spermatozoa^post vasectomy,NCnc,Pt,Semen,Qn,,Sperm/mL,Sperm/mL
80722-2,Lymphocyte T-cell & B-cell & Natural killer subsets,Imp,Pt,Bld,Nar,,Comment,Comment
3255-7,Fibrinogen,MCnc,Pt,PPP,Qn,Coag,"PT-Fibrinogen, P","PT-Fibrinogen, P"
49631-5,ATN1 gene allele 1.CAG repeats,EntNum,Pt,Bld/Tiss,Qn,Molgen,Result,Result
49857-6,SMN1 gene+SMN2 gene targeted mutation analysis,Find,Pt,Bld/Tiss,Doc,Molgen,Result,Result
75384-8,PMP22 gene deletion+duplication,Find,Pt,Bld/Tiss,Doc,MLPA,Result,Result
34275-8,Creatine/Creatinine,SRto,Pt,Urine,Qn,,Creatine/Creatinine Ratio,Creatine/Creatinine Ratio
75974-6,KRAS gene targeted mutation analysis,Find,Pt,Bld/Tiss,Doc,Molgen,Result,Result
55300-8,JAK2 gene exon 12 targeted mutation analysis,Find,Pt,Bld/Tiss,Doc,Molgen,JAK2 Sequencing Result,JAK2 Sequencing Result
35474-6,Gene XXX targeted mutation analysis,Find,Pt,Bld/Tiss,Doc,Molgen,Result,Result
75385-5,DMD gene deletion+duplication,Find,Pt,Bld/Tiss,Doc,MLPA,Result,Result
22361-0,HTLV I+II Ab,PrThr,Pt,CSF,Ord,,"HTLV-1/-2 Ab Screen, CSF","HTLV-1/-2 Ab Screen, CSF"
33217-1,Spermatozoa.agglutinated,PrThr,Pt,Semen,Ord,,Agglutination,Agglutination
16693-4,Cryptococcus sp Ag,PrThr,Pt,Urine,Ord,,"Cryptococcus Ag Screen, LFA, U","Cryptococcus Ag Screen, LFA, U"
27810-1,Plasmin inhibitor actual/Normal,RelCCnc,Pt,PPP,Qn,Chromo,"Alpha-2 Plasmin Inhibitor, P","Alpha-2 Plasmin Inhibitor, P"
1755-8,Albumin,MRat,24H,Urine,Qn,,"Albumin, 24 Hr, U","Albumin, 24 Hr, U"
89999-7,Albumin,MCnc,Pt,Urine,Qn,Detection limit <= 3.0 mg/L,"Albumin, Random, U","Albumin, Random, U"
40787-4,Calculus analysis,Imp,Pt,Calculus,Nom,Infrared spectroscopy,Kidney Stone Analysis,Kidney Stone Analysis
1763-2,Aldosterone,MCnc,Pt,Ser/Plas,Qn,,"Aldosterone, RAV","Aldosterone, RAV"
93018-0,Plasma cells.polyclonal,Num,Pt,Bone mar,Qn,Flow cytometry,Poly PC Events,Poly PC Events
93017-2,Plasma cells.abnormal marker pattern,Num,Pt,Bone mar,Qn,Flow cytometry,Abnormal PC Events,Abnormal PC Events
38257-2,Cells counted.total,Num,Pt,Bone mar,Qn,,Non-Aggregate Events,Non-Aggregate Events
93019-8,Plasma cells,Num,Pt,Bone mar,Qn,Flow cytometry,Total Plasma Cell Events,Total Plasma Cell Events
55769-4,EGFR gene.c.2369C>T,PrThr,Pt,Bld/Tiss,Ord,Molgen,Result,Result
88449-4,Coagulation factor IX activity actual/Normal,RelCCnc,Pt,PPP,Qn,Chromo,"Chromogenic FIX, P","Chromogenic FIX, P"
92811-9,Borrelia afzelii+burgdorferi+garinii Ab.IgG index,ACnc,Pt,Ser+CSF,Qn,IA,Lyme CNS IgG Ab Index Value,Lyme CNS IgG Ab Index Value
2203-8,Dermatan sulfate,MCnc,Pt,Ser/Plas,Qn,,Dermatan Sulfate,Dermatan Sulfate
92763-2,7-Alpha hydroxy-4-cholesten-3-one,SCnc,Pt,Bld.dot,Qn,,7a-hydroxy-4-cholesten-3-one,7a-hydroxy-4-cholesten-3-one
92760-8,"7-Alpha,12-alpha dihydroxycholest-4-en-3-one",SCnc,Pt,Bld.dot,Qn,,"7a,12a-dihydroxycholest-4-en-3-one","7a,12a-dihydroxycholest-4-en-3-one"
92762-4,7-Alpha hydroxy-4-cholesten-3-one,SCnc,Pt,Bld,Qn,,7a-hydroxy-4-cholesten-3-one,7a-hydroxy-4-cholesten-3-one
92759-0,"7-Alpha,12-alpha dihydroxycholest-4-en-3-one",SCnc,Pt,Bld,Qn,,"7a,12a-dihydroxycholest-4-en-3-one","7a,12a-dihydroxycholest-4-en-3-one"
92752-5,Glucopsychosine,SCnc,Pt,Bld.dot,Qn,,Glucopsychosine,Glucopsychosine
92750-9,Glucopsychosine,SCnc,Pt,Ser/Plas,Qn,,Glucopsychosine,Glucopsychosine
92751-7,Glucopsychosine,SCnc,Pt,Bld,Qn,,Glucopsychosine,Glucopsychosine
92764-0,7-Ketocholesterol,SCnc,Pt,Ser/Plas,Qn,,7-Ketocholesterol,7-Ketocholesterol
92747-5,Lyso-sphingomyelin,SCnc,Pt,Ser/Plas,Qn,,Lyso-sphingomyelin,Lyso-sphingomyelin
92749-1,Lyso-sphingomyelin,SCnc,Pt,Bld.dot,Qn,,Lyso-sphingomyelin,Lyso-sphingomyelin
92748-3,Lyso-sphingomyelin,SCnc,Pt,Bld,Qn,,Lyso-sphingomyelin,Lyso-sphingomyelin
92755-8,"Cholestane-3-beta, 5-alpha, 6-beta triol",SCnc,Pt,Ser/Plas,Qn,,"Cholestane-3beta,5alpha,6beta-triol","Cholestane-3beta,5alpha,6beta-triol"
92757-4,"Cholestane-3-beta, 5-alpha, 6-beta triol",SCnc,Pt,Bld.dot,Qn,,"Cholestane-3beta,5alpha,6beta-triol","Cholestane-3beta,5alpha,6beta-triol"
92756-6,"Cholestane-3-beta, 5-alpha, 6-beta triol",SCnc,Pt,Bld,Qn,,"Cholestane-3beta,5alpha,6beta-triol","Cholestane-3beta,5alpha,6beta-triol"
92753-3,Globotriaosylsphingosine,SCnc,Pt,Bld,Qn,,Globotriaosylsphingosine,Globotriaosylsphingosine
92754-1,Globotriaosylsphingosine,SCnc,Pt,Bld.dot,Qn,,Globotriaosylsphingosine,Globotriaosylsphingosine
92761-6,7-Alpha hydroxy-4-cholesten-3-one,SCnc,Pt,Ser/Plas,Qn,,7a-hydroxy-4-cholesten-3-one,7a-hydroxy-4-cholesten-3-one
92758-2,"7-Alpha,12-alpha dihydroxycholest-4-en-3-one",SCnc,Pt,Ser/Plas,Qn,,"7a,12a-dihydroxycholest-4-en-3-one","7a,12a-dihydroxycholest-4-en-3-one"
66121-5,Pathology biopsy report,Find,Pt,Tiss,Nar,,Interpretation,Interpretation
92665-9,Growth and differentiation factor 15,MCnc,Pt,Ser/Plas,Qn,IA,"Growth Differentiation Factor 15, P","Growth Differentiation Factor 15, P"
92732-7,Codon &or region with poor sequence quality,Prid,Pt,Isolate/Specimen,Nom,Sequencing,Sequence failure at codons:,Sequence failure at codons:
82379-9,Daclatasvir,Susc,Pt,Isolate,Ord,Genotyping,Daclatasvir resistance,Daclatasvir resistance
82376-5,Elbasvir,Susc,Pt,Isolate,Ord,Genotyping,Elbasvir resistance,Elbasvir resistance
82377-3,Ledipasvir,Susc,Pt,Isolate,Ord,Genotyping,Ledipasvir resistance,Ledipasvir resistance
92735-0,Pibrentasvir,Susc,Pt,Isolate,Ord,Genotyping,Pibrentasvir resistance,Pibrentasvir resistance
73655-3,Hepatitis C virus NS5 gene mutations detected,Prid,Pt,Isolate,Nom,Genotyping,HCV NS5B RAS,HCV NS5B RAS
73654-6,Hepatitis C virus NS3 gene mutations detected,Prid,Pt,Isolate,Nom,Genotyping,HCV NS3 RAS,HCV NS3 RAS
92733-5,Glecaprevir,Susc,Pt,Isolate,Ord,Genotyping,Glecaprevir resistance,Glecaprevir resistance
82523-2,Grazoprevir,Susc,Pt,Isolate,Ord,Genotyping,Grazoprevir resistance,Grazoprevir resistance
92734-3,Voxilaprevir,Susc,Pt,Isolate,Ord,Genotyping,Voxilaprevir resistance,Voxilaprevir resistance
92731-9,Hepatitis C virus genotype,Type,Pt,Ser/Plas,Nom,Sequencing,HCV Genotype,HCV Genotype
42176-8,"1,3 beta glucan",MCnc,Pt,Ser,Qn,,Fungitell Quantitative Value,Fungitell Quantitative Value
58425-0,Ethyl sulfate,MCnc,Pt,Urine,Qn,Confirm,Ethyl Sulfate,Ethyl Sulfate
58378-1,Ethyl glucuronide,MCnc,Pt,Urine,Qn,Confirm,Ethyl Glucuronide,Ethyl Glucuronide
27820-0,Protein C Ag actual/Normal,RelMCnc,Pt,PPP,Qn,IA,"Protein C Ag, P","Protein C Ag, P"
844-1,A1 Ag,PrThr,Pt,RBC,Ord,,A1 antigen subtype,A1 antigen subtype
33863-2,Cystatin C,MCnc,Pt,Ser/Plas,Qn,,"Cystatin C, S","Cystatin C, S"
92568-5,Chorion,Type,Pt,^Fetuses,Nom,,Number of Chorions,Number of Chorions
19768-1,Reviewing cytologist,ID,Pt,Cvx/Vag,Nom,Cyto stain,Participated in the Interpretation,Participated in the Interpretation
82520-8,Velpatasvir,Susc,Pt,Isolate,Ord,Genotyping,Velpatasvir resistance,Velpatasvir resistance
49693-5,Hepatitis E virus Ab.IgG,PrThr,Pt,Ser,Ord,IA,"HEV IgG Ab, S","HEV IgG Ab, S"
7958-2,Leishmania sp Ab,PrThr,Pt,Ser,Ord,,"Leishmaniasis (Visceral) Ab, S","Leishmaniasis (Visceral) Ab, S"
74871-5,Rivaroxaban,MCnc,Pt,PPP,Qn,Chromo,"Rivaroxaban, Anti-Xa, P","Rivaroxaban, Anti-Xa, P"
32217-2,von Willebrand factor multimers,PrThr,Pt,PPP,Ord,,"von Willebrand Factor Multimer, P","von Willebrand Factor Multimer, P"
81143-0,Galactokinase,CCnt,Pt,RBC,Qn,,"Galactokinase, B","Galactokinase, B"
2923-1,Retinol,MCnc,Pt,Ser/Plas,Qn,,Vitamin A,Vitamin A
29308-4,Diagnosis,Imp,Pt,^Patient,Nom,,Diagnosis/Indication,Diagnosis/Indication
57028-3,Iron,MCnt,Pt,Liver,Qn,,"Iron, Liver Ts","Iron, Liver Ts"
55107-7,Addendum,Find,Pt,^Patient,Doc,,CLIR Supplemental Report,CLIR Supplemental Report
91670-0,Orexin-A,MCnc,Pt,CSF,Qn,,"Orexin-A/Hypocretin-1, CSF","Orexin-A/Hypocretin-1, CSF"
78987-5,Provasopressin.C-terminal,SCnc,Pt,Ser/Plas,Qn,IA,"Copeptin proAVP, P","Copeptin proAVP, P"
62359-5,Chromosome banding method,Type,Pt,Bld/Tiss,Nom,Molgen,Banding Method,Banding Method
62378-5,Chromosome copy number change,Type,Pt,Bld/Tiss,Nom,Molgen,Nomenclature,Nomenclature
35107-2,Norclobazam,MCnc,Pt,Ser/Plas,Qn,,N-desmethylclobazam,N-desmethylclobazam
88723-2,Asialoganglioside GM1 Ab.IgG+IgM,ACnc,Pt,Ser,Qn,IA,"Asialo-GM1 Antibodies, IgG-IgM","Asialo-GM1 Antibodies, IgG-IgM"
88731-5,Ganglioside GM2 Ab.IgG+IgM,ACnc,Pt,Ser,Qn,IA,"GM2 Antibodies, IgG-IgM","GM2 Antibodies, IgG-IgM"
88724-0,Ganglioside GD1a Ab.IgG+IgM,ACnc,Pt,Ser,Qn,IA,"GD1a Antibodies, IgG-IgM","GD1a Antibodies, IgG-IgM"
88730-7,Ganglioside GD1b Ab.IgG+IgM,ACnc,Pt,Ser,Qn,IA,"GD1b Antibodies, IgG-IgM","GD1b Antibodies, IgG-IgM"
80349-4,Escherichia coli enteroaggregative pAA plasmid aggR+aatA genes,PrThr,Pt,Stool,Ord,Non-probe.amp.tar,Enteroaggregative E. coli (EAEC),Enteroaggregative E. coli (EAEC)
80348-6,Escherichia coli enteropathogenic eae gene,PrThr,Pt,Stool,Ord,Non-probe.amp.tar,Enteropathogenic E. coli (EPEC),Enteropathogenic E. coli (EPEC)
80350-2,Shigella species+EIEC invasion plasmid antigen H (ipaH) gene,PrThr,Pt,Stool,Ord,Non-probe.amp.tar,Shigella/Enteroinvasive E. coli,Shigella/Enteroinvasive E. coli
30239-8,Aspartate aminotransferase,CCnc,Pt,Ser/Plas,Qn,With P-5'-P,"Aspartate Aminotransferase (AST), S","Aspartate Aminotransferase (AST), S"
59295-6,Levamisole,MCnc,Pt,Urine,Qn,,Levamisole,Levamisole
54434-6,Lipoprotein.beta.subparticle,SCnc,Pt,Ser/Plas,Qn,,"LDL Particles, S","LDL Particles, S"
49748-7,Lipoprotein.alpha,SCnc,Pt,Ser/Plas,Qn,,"HDL Particles, S","HDL Particles, S"
2089-1,Cholesterol.in LDL,MCnc,Pt,Ser/Plas,Qn,,"LDL Cholesterol (NMR), S","LDL Cholesterol (NMR), S"
1746-7,Albumin,MCnc,Pt,CSF,Qn,,"Albumin, CSF","Albumin, CSF"
81153-9,Chikungunya virus non-structural protein 1 (nsP1) RNA,PrThr,Pt,CSF,Ord,Probe.amp.tar,"Chikungunya Virus, PCR, CSF","Chikungunya Virus, PCR, CSF"
81152-1,Chikungunya virus non-structural protein 1 (nsP1) RNA,PrThr,Pt,Ser,Ord,Probe.amp.tar,"Chikungunya Virus, PCR, Serum","Chikungunya Virus, PCR, Serum"
20449-5,Borrelia burgdorferi Ab,PrThr,Pt,Ser,Ord,IA,"Lyme Disease Serology, S","Lyme Disease Serology, S"
90420-1,Transferrin.carbohydrate deficient.trisialo/Transferrin.carbohydrate deficient.tetrasialo,MRto,Pt,Ser/Plas,Qn,,Tri-sialo/Di-oligo Ratio,Tri-sialo/Di-oligo Ratio
90238-7,Salicylcarnitine,SCnc,Pt,Ser/Plas,Qn,,Salicylcarnitine,Salicylcarnitine
7905-3,Hepatitis B virus surface Ag,PrThr,Pt,Ser/Plas,Ord,Neut,"HBs Ag Confirmation Prenatal, S","HBs Ag Confirmation Prenatal, S"
32618-1,3-Methoxytyramine,MRat,24H,Urine,Qn,,"3-Methoxytyramine, U","3-Methoxytyramine, U"
10933-0,,,,,,,"Guar Gum, IgE","Guar Gum, IgE"
52984-2,Cytomegalovirus Ab.IgG avidity,Ratio,Pt,Ser/Plas,Qn,IA,CMV IgG Avidity Index,CMV IgG Avidity Index
3274-8,Heparin.unfractionated,ACnc,Pt,PPP,Qn,Chromo,"Heparin Anti-Xa, P","Heparin Anti-Xa, P"
60489-2,Streptococcus pyogenes DNA,PrThr,Pt,Thrt,Ord,Probe.amp.tar,"Group A Streptococcus PCR, Throat","Group A Streptococcus PCR, Throat"
2292-1,Formate,MCnc,Pt,Ser/Plas,Qn,,Formic Acid,Formic Acid
73710-6,(Ambrosia elatior+Ambrosia psilostachya+Ambrosia trifida) Ab.IgE,ACnc,Pt,Ser,Qn,Multidisk,Weed Panel # 4,Weed Panel # 4
75005-9,(Brassica oleracea var capitata+Capsicum annuum+Lycopersicon lycopersicum+Spinacia oleracea) Ab.IgE,ACnc,Pt,Ser,Qn,Multidisk,"Food Panel 2, IgE","Food Panel 2, IgE"
71370-1,(Guinea pig epithelium+Hamster epithelium+Mouse+Rabbit epithelium+Rat) Ab.IgE,ACnc,Pt,Ser,Qn,Multidisk,Epithelia Panel # 2,Epithelia Panel # 2
90805-3,Vedolizumab^trough,MCnc,Pt,Ser/Plas,Qn,LC/MS/MS,"Vedolizumab QN, S","Vedolizumab QN, S"
90921-8,Lysophosphatidylcholine(22,0),MCnc,Pt,Bld.dot,Qn:,C22 Lysophosphatidylcholine,C22 Lysophosphatidylcholine
90922-6,Lysophosphatidylcholine(24,0),MCnc,Pt,Bld.dot,Qn:,C24 Lysophosphatidylcholine,C24 Lysophosphatidylcholine
90923-4,Lysophosphatidylcholine(26,0),MCnc,Pt,Bld.dot,Qn:,C26 Lysophosphatidylcholine,C26 Lysophosphatidylcholine
90920-0,Lysophosphatidylcholine(20,0),MCnc,Pt,Bld.dot,Qn:,C20 Lysophosphatidylcholine,C20 Lysophosphatidylcholine
90894-7,Noroxymorphone,MCnc,Pt,Urine,Qn,Confirm,Noroxymorphone-by LC-MS/MS,Noroxymorphone-by LC-MS/MS
90739-4,Paroxysmal nocturnal hemoglobinuria GPI-Linked WBC & RBC Ag,Imp,Pt,Bld,Nar,,Interpretation,Interpretation
83084-4,Cancer Ag 19-9,ACnc,Pt,Ser/Plas,Qn,IA,"Carbohydrate Ag 19-9, S","Carbohydrate Ag 19-9, S"
83083-6,Cancer Ag 15-3,ACnc,Pt,Ser/Plas,Qn,IA,"Cancer Ag 15-3, (CA 15-3), S","Cancer Ag 15-3, (CA 15-3), S"
90442-5,Coxiella burnetii aroE gene,PrThr,Pt,Tiss,Ord,Non-probe.amp.tar,Coxiella burnetii PCR,Coxiella burnetii PCR
90443-3,Coxiella burnetii aroE gene,PrThr,Pt,Ser/Plas/Bld,Ord,Non-probe.amp.tar,Coxiella burnetii PCR,Coxiella burnetii PCR
35475-3,Transferrin.carbohydrate deficient.asialo/Transferrin.carbohydrate deficient.tetrasialo,MRto,Pt,Ser/Plas,Qn,,A-oligo/Di-oligo Ratio,A-oligo/Di-oligo Ratio
90419-3,Apolipoprotein CIII-0/Apolipoprotein CIII-2,MRto,Pt,Ser/Plas,Qn,,Apo CIII-0/Apo CIII-2 Ratio,Apo CIII-0/Apo CIII-2 Ratio
90421-9,Apolipoprotein CIII-1/Apolipoprotein CIII-2,MRto,Pt,Ser/Plas,Qn,,Apo CIII-1/Apo CIII-2 Ratio,Apo CIII-1/Apo CIII-2 Ratio
9418-5,Hydroxybupropion,MCnc,Pt,Ser/Plas,Qn,,Hydroxybupropion,Hydroxybupropion
40704-9,Maternal cell contamination,Prid,Pt,Bld,Nom,,Result,Result
57333-7,Calcium.ionized^^adjusted to pH 7.4,MCnc,Pt,Ser/Plas,Qn,ISE,"Calcium, Ionized, S","Calcium, Ionized, S"
42595-9,Hepatitis B virus DNA,ACnc,Pt,Ser/Plas,Qn,Probe.amp.tar,"HBV DNA Detect/Quant, S","HBV DNA Detect/Quant, S"
35276-5,Measles virus Ab.IgM,PrThr,Pt,Ser,Ord,IA,"Measles (Rubeola) Ab, IgM, S","Measles (Rubeola) Ab, IgM, S"
90236-1,Keratan sulfate,SCnc,Pt,Bld.dot,Qn,,Total Keratan Sulfate,Total Keratan Sulfate
90246-0,Bacterial whole genome,Seq,Pt,Isolate,Nom,Sequencing,"Bacterial Typing, Whole Genome Seq","Bacterial Typing, Whole Genome Seq"
90233-8,Dermatan sulfate,SCnc,Pt,Bld.dot,Qn,,Dermatan Sulfate,Dermatan Sulfate
90235-3,Heparan sulfate,SCnc,Pt,Bld.dot,Qn,,Heparan Sulfate,Heparan Sulfate
90248-6,Myelin oligodendrocyte glycoprotein Ab.IgG1,PrThr,Pt,Ser/Plas,Ord,Flow cytometry,"MOG FACS, S","MOG FACS, S"
90240-3,Eculizumab,MCnc,Pt,Ser,Qn,,"Eculizumab, S","Eculizumab, S"
17869-9,Orotate/Creatinine,SRto,Pt,Urine,Qn,,"Orotic Acid, U","Orotic Acid, U"
80679-4,Escherichia coli Stx1+Stx2 toxin stx1+stx2 genes,PrThr,Pt,Stool,Ord,Probe.amp.tar,Result,Result
5213-4,Heterophile Ab,PrThr,Pt,Ser,Ord,LA,"Infectious Mono Test, S","Infectious Mono Test, S"
29958-6,Ribonucleoprotein extractable nuclear Ab.IgG,ACnc,Pt,Ser,Qn,IA,"RNP Ab, IgG, S","RNP Ab, IgG, S"
61425-5,Noroxycodone,MCnc,Pt,Urine,Qn,Confirm,Noroxycodone-by LC-MS/MS,Noroxycodone-by LC-MS/MS
16250-3,Codeine,MCnc,Pt,Urine,Qn,Confirm,Codeine-by LC-MS/MS,Codeine-by LC-MS/MS
61422-2,Norhydrocodone,MCnc,Pt,Urine,Qn,Confirm,Norhydrocodone-by LC-MS/MS,Norhydrocodone-by LC-MS/MS
16251-1,Morphine,MCnc,Pt,Urine,Qn,Confirm,Morphine-by LC-MS/MS,Morphine-by LC-MS/MS
19448-0,Dihydrocodeine,MCnc,Pt,Urine,Qn,Confirm,Dihydrocodeine-by LC-MS/MS,Dihydrocodeine-by LC-MS/MS
77207-9,Naloxone,MCnc,Pt,Urine,Qn,Confirm,Naloxone-by LC-MS/MS,Naloxone-by LC-MS/MS
32660-3,6-Thioguanine,EntSub,Pt,RBC,Qn,,6-Thioguanine Nucleotides,6-Thioguanine Nucleotides
32654-6,6-Methylmercaptopurine,EntSub,Pt,RBC,Qn,,6-Methylmercaptopurine,6-Methylmercaptopurine
87436-2,Chromosome X & Y aneuploidy,Find,Pt,Bld/Tiss,Doc,FISH,Result,Result
86611-1,Chromosome analysis,Find,Pt,Amnio fld/CVS,Doc,Microarray,Result Summary,Result Summary
48002-0,Genomic source class,Type,Pt,Bld/Tiss,Nom,Molgen,Source,Source
63558-1,HLA-DQB1*06,02,PrThr,Pt,Bld/Tiss,Ord:,Narcolepsy Associated Ag Result,Narcolepsy Associated Ag Result
8215-6,Opiates,PrThr,Pt,Meconium,Ord,Confirm,Interpretation,Interpretation
2191-5,Dehydroepiandrosterone sulfate,MCnc,Pt,Ser/Plas,Qn,,"Dehydroepiandrosterone Sulfate, S","Dehydroepiandrosterone Sulfate, S"
5646-5,Ethylene glycol,MCnc,Pt,Ser/Plas/Bld,Qn,,"Ethylene Glycol, S","Ethylene Glycol, S"
83088-5,Cortisol,MCnc,Pt,Ser/Plas,Qn,IA,"Cortisol, S","Cortisol, S"
33463-1,Hepatitis B virus little e Ab.IgG,PrThr,Pt,Ser,Ord,IA,"HBe Antibody, S","HBe Antibody, S"
5743-0,Thallium,MCnc,Pt,Bld,Qn,,"Thallium, B","Thallium, B"
53808-2,Oligosaccharides pattern,Imp,Pt,Ser/Plas,Nar,,Interpretation,Interpretation
74897-0,Lithocholate,SCnc,Pt,Ser/Plas,Qn,,Lithocholic acid,Lithocholic acid
22639-9,Path report.supplemental reports,Find,Pt,Specimen,Nar,,*Previous Report Follows*,*Previous Report Follows*
79292-9,"Creatine, guanidinoacetate & creatinine pattern",Imp,Pt,Urine,Nar,,Creatine Disorders Panel Interp,Creatine Disorders Panel Interp
89331-3,Cells.CD3+CD4+CD27+CD62L+,NCnc,Pt,Bld,Qn,,CD4+CD62L+CD27+ naive T cells,CD4+CD62L+CD27+ naive T cells
89330-5,Cells.CD3+CD8+CD27+CD62L+,NCnc,Pt,Bld,Qn,,CD8+CD62L+CD27+naive T cells,CD8+CD62L+CD27+naive T cells
89329-7,Cells.CD3+CD4+CD27+CD45RO+CD62L+,NCnc,Pt,Bld,Qn,,CD4+CD62L+CD27+CD45RO+ (Tcm),CD4+CD62L+CD27+CD45RO+ (Tcm)
89328-9,Cells.CD3+CD4+CD27-CD45RO+CD62L-,NCnc,Pt,Bld,Qn,,CD4+CD62L-CD27-CD45RO+ (Tem),CD4+CD62L-CD27-CD45RO+ (Tem)
89327-1,Cells.CD3+CD8+CD27-CD45RO+CD62L-,NCnc,Pt,Bld,Qn,,CD8+CD62L-CD27- CD45RO+ (Tem),CD8+CD62L-CD27- CD45RO+ (Tem)
89326-3,Cells.CD3+CD4+CD28+HLA DR+,NCnc,Pt,Bld,Qn,,CD4+HLA DR+CD28+ T cells,CD4+HLA DR+CD28+ T cells
89325-5,Cells.CD3+CD8+CD28+HLA DR+,NCnc,Pt,Bld,Qn,,CD8+HLA DR+CD28+ T cells,CD8+HLA DR+CD28+ T cells
89316-4,Cells.CD4+CD25+CD45RO+CD127Low+,Ncnc,Pt,Bld,Qn,,CD4+CD25+CD127loCD45RO+ (Nat Tregs),CD4+CD25+CD127loCD45RO+ (Nat Tregs)
89315-6,Cells.CD4+CD25+CD45RA+CD127Low+,NCnc,Pt,Bld,Qn,,CD4+CD25+CD127loCD45RA+ Naive Tregs,CD4+CD25+CD127loCD45RA+ Naive Tregs
89317-2,Cells.CD4+CD25-CD127+,NCnc,Pt,Bld,Qn,,CD4+CD25-CD127+ (Tr1/Th3),CD4+CD25-CD127+ (Tr1/Th3)
89313-1,Cells.CD3-CD45+,NCnc,Pt,Bld,Qn,,Total CD45+CD3- cells,Total CD45+CD3- cells
89312-3,Cells.CD3+CD45+,NCnc,Pt,Bld,Qn,,Total CD45+CD3+ Cells,Total CD45+CD3+ Cells
20568-2,Prolactin,MCnc,Pt,Ser/Plas,Qn,IA,"Prolactin, S","Prolactin, S"
32399-8,Maternal risk factors,Type,Pt,^Patient,Nom,Stated,Recalculated Maternal Serum Screen,Recalculated Maternal Serum Screen
51628-6,Morphology,Imp,Pt,Bone mar,Nar,,Bone Marrow Interpretation,Bone Marrow Interpretation
1743-4,Alanine aminotransferase,CCnc,Pt,Ser/Plas,Qn,With P-5'-P,"Alanine Aminotransferase (ALT), S","Alanine Aminotransferase (ALT), S"
35175-9,Fatty acids.saturated,SCnc,Pt,Ser/Plas,Qn,,Total Saturated Acid,Total Saturated Acid
47084-9,Platelet glycoprotein Ia-IIa Ab,PrThr,Pt,Ser,Ord,IA,GPIa/IIa (Cell-2),GPIa/IIa (Cell-2)
48506-0,Platelet glycoprotein Ib-Ix Ab,PrThr,Pt,Ser,Ord,IA,GPIb/IX,GPIb/IX
87757-1,Platelet glycoprotein IV Ab,PrThr,Pt,Ser/Plas,Ord,IA,GPIV,GPIV
24375-8,Platelet Ab,PrThr,Pt,Ser,Ord,,Overall Result,Overall Result
48505-2,Platelet glycoprotein IIb-IIIa Ab,PrThr,Pt,Ser,Ord,IA,GPIIb/IIIa (Cell-1),GPIIb/IIIa (Cell-1)
70155-7,Barbiturates,PrThr,Pt,Urine,Ord,Screen>200 ng/mL,Barbiturates,Barbiturates
57318-8,Chromosome 13+18+21+X+Y aneuploidy,Find,Pt,Bld/Tiss,Nom,FISH,Result,Result
33062-1,Blood group antigens tested for,Prid,Pt,RBC,Nom,,Antigen(s) to be tested?,Antigen(s) to be tested?
906-8,Blood group antigens present,Prid,Pt,Bld,Nom,,Red Cell Antigen Typing,Red Cell Antigen Typing
30065-7,Cystine/Creatinine,Ratio,Pt,Urine,Qn,,Cystine,Cystine
8232-1,Phencyclidine,PrThr,Pt,Meconium,Ord,,Interpretation,Interpretation
46106-1,Medical record number,ID,Pt,^Patient,Nom,,Recipient,Recipient
78970-1,Phosphomannomutase 1,CCnt,Pt,WBC,Qn,,"Phosphomannomutase, Leuko","Phosphomannomutase, Leuko"
78963-6,Mannose-6-phosphate isomerase,CCnt,Pt,WBC,Qn,,"Phosphomannose Isomerase, Leuko","Phosphomannose Isomerase, Leuko"
34694-0,Vascular endothelial growth factor,MCnc,Pt,Ser/Plas,Qn,,"VEGF, P","VEGF, P"
82140-5,MYD88 gene.p.Leu265Pro targeted mutation analysis,Find,Pt,Bld/Tiss,Doc,Molgen,Final Diagnosis,Final Diagnosis
20567-4,Ferritin,MCnc,Pt,Ser/Plas,Qn,IA,"Ferritin, S","Ferritin, S"
70151-6,Opiates,PrThr,Pt,Urine,Ord,Screen>300 ng/mL,Opiates Immunoassay Screen,Opiates Immunoassay Screen
19261-7,Amphetamines,PrThr,Pt,Urine,Ord,Screen,Amphetamines Immunoassay Screen,Amphetamines Immunoassay Screen
43984-4,Benzoylecgonine,PrThr,Pt,Urine,Ord,Screen>150 ng/mL,Cocaine,Cocaine
14310-7,Phencyclidine,PrThr,Pt,Urine,Ord,Screen>25 ng/mL,Phencyclidine,Phencyclidine
14312-3,Tetrahydrocannabinol,PrThr,Pt,Urine,Ord,Screen>50 ng/mL,Tetrahydrocannabinol,Tetrahydrocannabinol
41858-2,"2-Ethylidene-1,5-Dimethyl-3,3-Diphenylpyrrolidine",PrThr,Pt,Urine,Ord,,Methadone metabolite,Methadone metabolite
42242-8,Ethanol,PrThr,Pt,Urine,Ord,Screen,Alcohol,Alcohol
42241-0,Cocaine+Benzoylecgonine,PrThr,Pt,Urine,Ord,Screen,Cocaine Immunoassay Screen,Cocaine Immunoassay Screen
70149-0,Methadone,PrThr,Pt,Urine,Ord,Screen>300 ng/mL,Methadone Immunoassay Screen,Methadone Immunoassay Screen
10576-7,Germ cells.immature,NCnc,Pt,Semen,Qn,,Germ Cells/mL,Germ Cells/mL
3684-8,Hydroxychloroquine,MCnc,Pt,Ser/Plas,Qn,,"Hydroxychloroquine, S","Hydroxychloroquine, S"
9728-7,Cells.CD3-CD16+CD56+,NCnc,Pt,Bld,Qn,,Total NK Cells,Total NK Cells
24447-5,Magnesium,MRat,24H,Urine,Qn,,"Magnesium, 24 HR, U","Magnesium, 24 HR, U"
69548-6,Genetic variant assessment,Find,Pt,Bld/Tiss,Nom,Molgen,Result,Result
9334-4,Methanol,MCnc,Pt,Bld,Qn,,"Methanol, B","Methanol, B"
5640-8,Ethanol,MCnc,Pt,Bld,Qn,,"Ethanol, B","Ethanol, B"
9425-0,Acetone,MCnc,Pt,Bld,Qn,,"Acetone, B","Acetone, B"
5667-1,Isopropanol,MCnc,Pt,Bld,Qn,,"Isopropanol, B","Isopropanol, B"
12983-3,Volatiles,Prid,Pt,Urine,Nom,,"Volatile Scrn, U","Volatile Scrn, U"
5695-2,Methanol,MCnc,Pt,Urine,Qn,,"Methanol, U","Methanol, U"
5645-7,Ethanol,MCnc,Pt,Urine,Qn,,"Ethanol, U","Ethanol, U"
5570-7,Acetone,MCnc,Pt,Urine,Qn,,"Acetone, U","Acetone, U"
9434-2,Isopropanol,MCnc,Pt,Urine,Qn,,"Isopropanol, U","Isopropanol, U"
68542-0,Codeine,MCnt,Pt,Meconium,Qn,Confirm,Codeine,Codeine
16254-5,Phencyclidine,MCnc,Pt,Urine,Qn,Confirm,Phencyclidine-by GC/MS,Phencyclidine-by GC/MS
20521-1,Carboxy tetrahydrocannabinol,MCnc,Pt,Urine,Qn,Confirm,Delta-9 Carboxy-Tetrahydrocannabinol by LC-MS/MS,Delta-9 Carboxy-Tetrahydrocannabinol by LC-MS/MS
41266-8,Volatiles,Prid,Pt,Bld,Nom,,"Volatile Scrn, B","Volatile Scrn, B"
69027-1,Morphine,MCnt,Pt,Meconium,Qn,Confirm,Morphine,Morphine
29345-6,6-Monoacetylmorphine,MCnt,Pt,Meconium,Qn,,6-Monoacetylmorphine,6-Monoacetylmorphine
27289-8,Methamphetamine,MCnt,Pt,Meconium,Qn,,Methamphetamine,Methamphetamine
26956-3,Cocaine,MCnt,Pt,Meconium,Qn,,Cocaine,Cocaine
29158-3,Opiates,MCnt,Pt,Meconium,Qn,,Opiate,Opiate
26859-9,Phencyclidine,MCnt,Pt,Meconium,Qn,,Phencyclidine,Phencyclidine
26893-8,Tetrahydrocannabinol,MCnt,Pt,Meconium,Qn,,Tetrahydrocannabinol,Tetrahydrocannabinol
69010-7,Benzoylecgonine,MCnt,Pt,Meconium,Qn,Confirm,Benzoylecgonine,Benzoylecgonine
69011-5,Cocaethylene,MCnt,Pt,Meconium,Qn,Confirm,Cocaethylene,Cocaethylene
69012-3,3-Hydroxybenzoylecgonine,MCnt,Pt,Meconium,Qn,Confirm,m-Hydroxybenzoylecgonine,m-Hydroxybenzoylecgonine
69009-9,Cocaine,MCnt,Pt,Meconium,Qn,Confirm,Cocaine,Cocaine
69024-8,Methylenedioxyethylamphetamine,MCnt,Pt,Meconium,Qn,Confirm,"3,4-methylenedioxyethylamphetamine","3,4-methylenedioxyethylamphetamine"
69025-5,Methylenedioxymethamphetamine,MCnt,Pt,Meconium,Qn,Confirm,"3,4-methylenedioxymethamphetamine","3,4-methylenedioxymethamphetamine"
58707-1,Ephedrine+Pseudoephedrine,MCnc,Pt,Urine,Qn,Confirm,Pseudoephedrine/Ephedrine-by LC-MS/MS,Pseudoephedrine/Ephedrine-by LC-MS/MS
26959-7,Amphetamine,MCnt,Pt,Meconium,Qn,,Amphetamine,Amphetamine
69022-2,Methamphetamine,MCnt,Pt,Meconium,Qn,Confirm,Methamphetamine,Methamphetamine
69023-0,Methylenedioxyamphetamine,MCnt,Pt,Meconium,Qn,Confirm,"3,4-methylenedioxyamphetamine","3,4-methylenedioxyamphetamine"
58714-7,Oxidants,PrThr,Pt,Urine,Ord,,Oxidants,Oxidants
20410-7,Amphetamines,MCnc,Pt,Urine,Qn,Confirm,Amphetamine-by LC-MS/MS,Amphetamine-by LC-MS/MS
19593-3,6-Monoacetylmorphine,MCnc,Pt,Urine,Qn,Confirm,6-Monoacetylmorphine by GC/MS,6-Monoacetylmorphine by GC/MS
47857-8,Galactitol/Creatinine,SRto,Pt,Urine,Qn,,Galactitol,Galactitol
46182-2,Coccidioides sp Ab.IgG,PrThr,Pt,Ser,Ord,,"Coccidioides, IgG, ImmDiff,S","Coccidioides, IgG, ImmDiff,S"
46183-0,Coccidioides sp Ab.IgM,PrThr,Pt,Ser,Ord,,"Coccidioides, IgM, ImmDiff,S","Coccidioides, IgM, ImmDiff,S"
65807-0,Tapentadol,MCnc,Pt,Urine,Qn,,Tapentadol,Tapentadol
65808-8,Nortapentadol,MCnc,Pt,Urine,Qn,,N-desmethyltapentadol,N-desmethyltapentadol
48107-7,Erythritol/Creatinine,SRto,Pt,Urine,Qn,,Erythritol,Erythritol
47829-7,Arabitol/Creatinine,SRto,Pt,Urine,Qn,,Arabinitol,Arabinitol
47884-2,Ribitol/Creatinine,SRto,Pt,Urine,Qn,,Ribitol,Ribitol
78967-7,Sedoheptulose/Creatinine,SRto,Pt,Urine,Qn,,Sedoheptulose,Sedoheptulose
81761-9,F8 gene intron 1 & 22 inversion targeted mutation analysis,Find,Pt,Bld/Tiss,Doc,Molgen,"HA F8 Intron 1/22 Inversion, B","HA F8 Intron 1/22 Inversion, B"
81757-7,Lymphocyte proliferation.Interleukin 2.maximum/CD3,NFr,Pt,Bld,Qn,Flow cytometry,"Max Prolif, soluble IL2 as % CD3","Max Prolif, soluble IL2 as % CD3"
82343-5,F8 gene intron 1 & 22 inversion targeted mutation analysis,Find,Pt,Amnio fld/CVS,Doc,Molgen,"HA F8 Int 1/22 Inversion, AF or CVS","HA F8 Int 1/22 Inversion, AF or CVS"
81760-1,Lymphocyte proliferation.anti-CD3.maximum/CD45,NFr,Pt,Bld,Qn,Flow cytometry,"Max Prolif, soluble aCD3 as % CD45","Max Prolif, soluble aCD3 as % CD45"
81756-9,Lymphocyte proliferation.anti-CD3.maximum/CD3,NFr,Pt,Bld,Qn,Flow cytometry,"Max Prolif, soluble aCD3 as % CD3","Max Prolif, soluble aCD3 as % CD3"
81759-3,Lymphocyte proliferation.anti-CD28.maximum/CD45,NFr,Pt,Bld,Qn,Flow cytometry,"Max Prolif, soluble aCD28 as % CD45","Max Prolif, soluble aCD28 as % CD45"
81758-5,Lymphocyte proliferation.anti-CD28.maximum/CD3,NFr,Pt,Bld,Qn,Flow cytometry,"Max Prolif, soluble aCD28 as % CD3","Max Prolif, soluble aCD28 as % CD3"
81755-1,Lymphocyte proliferation.Interleukin 2.maximum/CD45,NFr,Pt,Bld,Qn,Flow cytometry,"Max Prolif, soluble IL2 as % CD45","Max Prolif, soluble IL2 as % CD45"
81762-7,F8 gene intron 1 inversion targeted mutation analysis,Find,Pt,Bld/Tiss,Doc,Molgen,"HA F8 Intron 1 Inversion KM, B","HA F8 Intron 1 Inversion KM, B"
46154-1,Trichomonas vaginalis rRNA,PrThr,Pt,XXX,Ord,Probe.amp.tar,Trichomonas vaginalis amplified RNA,Trichomonas vaginalis amplified RNA
18337-6,Hydroxyitraconazole,MCnc,Pt,Ser/Plas,Qn,,Hydroxyitraconazole,Hydroxyitraconazole
675-9,Enterobius vermicularis,PrThr,Pt,XXX,Ord,Pinworm examination,"Pinworm Exam, Perianal","Pinworm Exam, Perianal"
33659-4,Pipecolate/Creatinine,Ratio,Pt,Urine,Qn,,"Pipecolic Acid, U","Pipecolic Acid, U"
13678-8,Alpha ketoglutarate/Creatinine,MRto,Pt,Urine,Qn,,4-hydroxy-2-oxoglutarate,4-hydroxy-2-oxoglutarate
69007-3,Carboxy tetrahydrocannabinol,MCnt,Pt,Meconium,Qn,Confirm,Carboxy-THC,Carboxy-THC
35388-8,Cholesterol.in lipoprotein (little a),MCnc,Pt,Ser/Plas,Qn,,Lp(a) Cholesterol,Lp(a) Cholesterol
82743-6,Cells.CD8+CD45RA+,NCnc,Pt,Bld,Qn,,CD8+CD45RA+ naive T cells,CD8+CD45RA+ naive T cells
85790-4,Cells.CD3+CD8+CD45RO+,NCnc,Pt,Bld,Qn,,CD8+CD45RO+ memory T cells,CD8+CD45RO+ memory T cells
45031-2,HLA-C SBT,Type,Pt,Bld/Tiss,Nom,High resolution,HLA C High Resolution,HLA C High Resolution
83085-1,Carcinoembryonic Ag,MCnc,Pt,Ser/Plas,Qn,IA,"Carcinoembryonic Ag (CEA), S","Carcinoembryonic Ag (CEA), S"
4087-3,Valproate.free,MCnc,Pt,Ser/Plas,Qn,,"Valproic Acid, Free, S","Valproic Acid, Free, S"
9571-1,Parvovirus B19 DNA,PrThr,Pt,XXX,Ord,Probe.amp.tar,Parvovirus B19 By Rapid PCR,Parvovirus B19 By Rapid PCR
5625-9,Cobalt,MCnc,Pt,Bld,Qn,,"Cobalt, B","Cobalt, B"
5619-2,Chromium,MCnc,Pt,Bld,Qn,,"Chromium, B","Chromium, B"
5722-4,Selenium,MCnc,Pt,Bld,Qn,,"Selenium, B","Selenium, B"
21668-9,F5 gene.p.Arg506Gln,PrThr,Pt,Bld/Tiss,Ord,Molgen,"Factor V Leiden (R506Q) Mutation, B","Factor V Leiden (R506Q) Mutation, B"
29742-4,Date last dose,TmStp,Pt,Dose,Qn,,Date of last dose,Date of last dose
29637-6,Time last dose,TmStp,Pt,Dose,Qn,,Time of last dose,Time of last dose
33317-9,Schistosoma sp Ab.IgG,PrThr,Pt,Ser,Ord,,"Schistosoma Ab, IgG, S","Schistosoma Ab, IgG, S"
53868-6,Glucose tetrasaccharide/Creatinine,SRto,Pt,Urine,Qn,,"Glucotetrasaccharides, U","Glucotetrasaccharides, U"
79210-1,FLT3 gene internal tandem duplication,PrThr,Pt,Bld/Tiss,Ord,Molgen,FLT3 Result,FLT3 Result
53479-2,Dihydroxycholestanoate,SCnc,Pt,Ser/Plas,Qn,,Dihydroxycholestanoic acid,Dihydroxycholestanoic acid
79469-3,Uridine diphosphate glucose-4-Epimerase,CCnt,Pt,RBC,Qn,,"UDP-galactose 4' epimerase, RBC","UDP-galactose 4' epimerase, RBC"
2145-1,Cortisol.free,MCnc,Pt,Ser/Plas,Qn,,"Cortisol, Free, S","Cortisol, Free, S"
79646-6,Delta aminolevulinate,SCnc,Pt,Ser/Plas,Qn,,"Aminolevulinic Acid, P","Aminolevulinic Acid, P"
17474-8,Porphobilinogen,SCnc,Pt,Ser/Plas,Qn,,"Porphobilinogen, P","Porphobilinogen, P"
58737-8,Parvovirus B19 Ab.IgG & IgM,Imp,Pt,Ser,Nom,,Parvovirus B19 Ab Interpretation,Parvovirus B19 Ab Interpretation
40658-7,Parvovirus B19 Ab.IgM,PrThr,Pt,Ser,Ord,IA,"Parvovirus B19 Ab, IgM, S","Parvovirus B19 Ab, IgM, S"
29660-8,Parvovirus B19 Ab.IgG,PrThr,Pt,Ser,Ord,IA,"Parvovirus B19 Ab, IgG, S","Parvovirus B19 Ab, IgG, S"
882-1,ABO & Rh group,Type,Pt,Bld,Nom,,"ABORh, RBC","ABORh, RBC"
19057-9,ABO & Rh group,Type,Pt,Bld^Newborn,Nom,,Newborn ABORh,Newborn ABORh
13942-8,Spermatozoa.motile,PrThr,Pt,Semen,Ord,Microscopy.light,Grade,Grade
29990-9,Spermatozoa^post vasectomy,PrThr,Pt,Semen,Ord,Microscopy.light,Grade,Grade
6206-7,Arachis hypogaea Ab.IgE,ACnc,Pt,Ser,Qn,,"Peanut, IgE, S","Peanut, IgE, S"
2064-4,Ceruloplasmin,MCnc,Pt,Ser/Plas,Qn,,"Ceruloplasmin, S","Ceruloplasmin, S"
11957-8,Length.crown rump,Len,Pt,^Fetus,Qn,US.measured,"Crown Rump Length, Twin B","Crown Rump Length, Twin B"
21612-7,Age,Time,Pt,^Patient,Qn,Reported,Maternal Age At Delivery,Maternal Age At Delivery
21299-3,Gestational age method,Prid,Pt,^Fetus,Nom,*,Dating,Dating
11878-6,Fetuses,Num,Pt,^Patient,Qn,US,Number of Fetuses,Number of Fetuses
29905-7,Entamoeba histolytica Ag,PrThr,Pt,Stool,Ord,IA,Entamoeba histolytica Antigen,Entamoeba histolytica Antigen
55171-3,Cytoplasmic Ab pattern,Imp,Pt,Ser,Nom,IF,Cytoplasmic Pattern:,Cytoplasmic Pattern:
5587-1,Arsenic,MRat,24H,Urine,Qn,,"Arsenic, 24 Hr, U","Arsenic, 24 Hr, U"
2082-6,Cholestanol,MCnc,Pt,Ser/Plas,Qn,,Cholestanol,Cholestanol
49311-4,Nuclear Ab pattern,Imp,Pt,Ser,Nar,IF,ANA Pattern:,ANA Pattern:
48162-2,Thymidine,SCnc,Pt,Ser/Plas,Qn,,Deoxythymidine,Deoxythymidine
74106-6,Proteinase 3 Ab.IgG,ACnc,Pt,Ser/Plas,Qn,IA,"Proteinase 3 Ab (PR3), S","Proteinase 3 Ab (PR3), S"
53827-2,Neural tube defect,Hx,Pt,^Patient,Ord,,Prev Pregnancy w/ Neural Tube Defect,Prev Pregnancy w/ Neural Tube Defect
53826-4,Trisomy 21,Hx,Pt,^Patient,Ord,,Prev Down (T21) / Trisomy Pregnancy,Prev Down (T21) / Trisomy Pregnancy
33959-8,Procalcitonin,MCnc,Pt,Ser/Plas,Qn,,"Procalcitonin, S","Procalcitonin, S"
79669-8,Dihydrothymine,SCnc,Pt,Ser/Plas,Qn,,Dihydrothymine,Dihydrothymine
79656-5,N-carbamoyl beta alanine,SCnc,Pt,Ser/Plas,Qn,,N-carbamoyl-B-alanine,N-carbamoyl-B-alanine
79582-3,Beta-ureidoisobutyrate,SCnc,Pt,Ser/Plas,Qn,,N-carbamoyl-B-aminoisobutyric acid,N-carbamoyl-B-aminoisobutyric acid
79659-9,Purine & Pyrimidine pattern,Imp,Pt,Ser/Plas,Nar,,Interpretation (PUPYP),Interpretation (PUPYP)
68340-9,Attending physician phone number,Tele,Pt,Provider,Nom,,Physician Phone Number,Physician Phone Number
55281-0,Fetuses,Num,Pt,^Patient,Qn,,Number of Fetuses,Number of Fetuses
75121-4,Thymine,SCnc,Pt,Ser/Plas,Qn,,Thymine,Thymine
75135-4,Hypoxanthine,SCnc,Pt,Ser/Plas,Qn,,Hypoxanthine,Hypoxanthine
75144-6,Xanthine,SCnc,Pt,Ser/Plas,Qn,,Xanthine,Xanthine
79654-0,Dihydroorotate,SCnc,Pt,Ser/Plas,Qn,,Dihydroorotic,Dihydroorotic
14933-6,Urate,SCnc,Pt,Ser/Plas,Qn,,Uric Acid,Uric Acid
47957-6,Deoxyuridine,SCnc,Pt,Ser/Plas,Qn,,Deoxyuridine,Deoxyuridine
75159-4,Uridine,SCnc,Pt,Ser/Plas,Qn,,Uridine,Uridine
75127-1,Deoxyinosine,SCnc,Pt,Ser/Plas,Qn,,Deoxyinosine,Deoxyinosine
75134-7,Deoxyguanosine,SCnc,Pt,Ser/Plas,Qn,,Deoxyguanosine,Deoxyguanosine
75150-3,Inosine,SCnc,Pt,Ser/Plas,Qn,,Inosine,Inosine
79670-6,Guanosine,SCnc,Pt,Ser/Plas,Qn,,Guanosine,Guanosine
79682-1,"5,6-Dihydrouracil",SCnc,Pt,Ser/Plas,Qn,,Dihydrouracil,Dihydrouracil
51602-1,Methotrexate^72H post dose,SCnc,Pt,Ser/Plas,Qn,,"Methotrexate Post Glucarpidase, S","Methotrexate Post Glucarpidase, S"
75152-9,Uracil,SCnc,Pt,Ser/Plas,Qn,,Uracil,Uracil
23811-3,Alpha-1-Fetoprotein^^adjusted,MoM,Pt,Ser/Plas,Qn,,"AFP MoM (14,0-14,6)","AFP MoM (14,0-14,6)"
48803-1,Neural tube defect risk,Likelihood,Pt,^Fetus,Qn,,Neural tube defect risk estimate,Neural tube defect risk estimate
21264-7,Estriol.unconjugated^^adjusted,MoM,Pt,Ser/Plas,Qn,,uE3 MoM,uE3 MoM
36904-1,Inhibin A^^adjusted,MoM,Pt,Ser/Plas,Qn,,INHIBIN MoM,INHIBIN MoM
83073-7,Alpha-1-Fetoprotein,MCnc,Pt,Ser/Plas,Qn,IA,AFP,AFP
83086-9,Choriogonadotropin,ACnc,Pt,Ser/Plas,Qn,IA,"hCG, TOTAL","hCG, TOTAL"
27071-0,Cells.CD45,NCnc,Pt,Bld,Qn,,CD45 Total Lymph Count,CD45 Total Lymph Count
33724-6,Collection method,Find,Pt,Specimen,Nar,,Collection Method,Collection Method
20402-4,Cells.CD16+CD56+,NCnc,Pt,Bld,Qn,,CD16+CD56 (NK cells),CD16+CD56 (NK cells)
8116-6,Cells.CD19,NCnc,Pt,Bld,Qn,,CD19 (B Cells),CD19 (B Cells)
39528-5,Adenovirus DNA,PrThr,Pt,XXX,Ord,Probe.amp.tar,Adenovirus PCR,Adenovirus PCR
81317-0,Additional pathological findings,Prid,Pt,Specimen,Nom,,Revision Description:,Revision Description:
6287-7,Saccharomyces cerevisiae Ab.IgE,ACnc,Pt,Ser,Qn,,"Baker's Yeast, IgE","Baker's Yeast, IgE"
46126-9,Endomysium Ab.IgA,PrThr,Pt,Ser,Ord,IF,Endomysial Ab,Endomysial Ab
5290-2,Reagin Ab,PrThr,Pt,CSF,Ord,VDRL,"VDRL, CSF","VDRL, CSF"
49284-3,Oligosaccharides pattern,Imp,Pt,Urine,Nar,,"Oligosaccharide Screen, U","Oligosaccharide Screen, U"
76078-5,Influenza virus A RNA,PrThr,Pt,Nph,Ord,Probe.amp.tar,"Influenza A, PCR","Influenza A, PCR"
76080-1,Influenza virus B RNA,PrThr,Pt,Nph,Ord,Probe.amp.tar,"Influenza B, PCR","Influenza B, PCR"
71776-9,Gamma interferon background,ACnc,Pt,Bld,Qn,IA,Nil Result,Nil Result
71774-4,Mitogen stimulated gamma interferon^^corrected for background,ACnc,Pt,Bld,Qn,,Mitogen minus Nil Result,Mitogen minus Nil Result
76089-2,Respiratory syncytial virus RNA,PrThr,Pt,Nph,Ord,Probe.amp.tar,"Respiratory Syncytial Virus, PCR","Respiratory Syncytial Virus, PCR"
88053-4,Cells.CD4-CD8-CD45R+TCR alpha beta+,NCnc,Pt,Bld,Qn,Flow cytometry,Absolute TCR+DNT B220+,Absolute TCR+DNT B220+
86900-8,Plasma cells.monotypic population,Prid,Pt,Bld;Nom,Flow cytometry,,Blood Plasma Cell Light Chain,Blood Plasma Cell Light Chain
87437-0,Oxyhemoglobin,MCnc,Pt,Plas,Qn,,Oxyhemoglobin,Oxyhemoglobin
34180-0,Ethanol,PrThr,Pt,Urine,Ord,Confirm,Alcohol,Alcohol
16195-0,Benzodiazepines,PrThr,Pt,Urine,Ord,Confirm,Benzodiazepines,Benzodiazepines
18390-5,Opiates,PrThr,Pt,Urine,Ord,Confirm,Opiates,Opiates
88106-0,Parathyrin.intact,MCnc,Pt,Tiss.FNA,Qn,,"PTH, FNAB, Needle Wash","PTH, FNAB, Needle Wash"
87724-1,Complement C7.functional,ACnc,Pt,Ser/Plas,Qn,,"C7 Complement, Functional, S","C7 Complement, Functional, S"
87727-4,Complement C9.functional,ACnc,Pt,Ser/Plas,Qn,,"C9 Complement, Functional, S","C9 Complement, Functional, S"
87722-5,Complement C1q.functional,ACnc,Pt,Ser/Plas,Qn,,"C1Q Complement, Functional, S","C1Q Complement, Functional, S"
87723-3,Complement C3.functional,ACnc,Pt,Ser/Plas,Qn,,"C3 Complement, Functional, S","C3 Complement, Functional, S"
87758-9,Naegleria fowleri DNA,PrThr,Pt,XXX,Ord,Probe.amp.tar,Naegleria fowleri PCR,Naegleria fowleri PCR
87730-8,HBA1 & HBA2 gene full mutation analysis,Find,Pt,Bld/Tiss,Doc,Sequencing,"Alpha Globin Gene Sequencing, B","Alpha Globin Gene Sequencing, B"
83109-9,Progesterone,MCnc,Pt,Ser/Plas,Qn,IA,"Progesterone, S","Progesterone, S"
69569-2,Risk of ovarian malignancy algorithm score^premenopausal,Score,Pt,Ser/Plas,Qn,,"Risk Score, if premenopausal","Risk Score, if premenopausal"
69570-0,Risk of ovarian malignancy algorithm score^postmenopausal,Score,Pt,Ser/Plas,Qn,,"Risk Score, if postmenopausal","Risk Score, if postmenopausal"
83082-8,Cancer Ag 125,ACnc,Pt,Ser/Plas,Qn,IA,"Cancer Ag 125 (CA 125), S","Cancer Ag 125 (CA 125), S"
12916-3,Porphobilinogen synthase,CCnc,Pt,Bld,Qn,,ALA Dehydratase,ALA Dehydratase
19099-1,Events counted,Num,Pt,XXX,Qn,,"# Monotypic PCs per 150,000 events","# Monotypic PCs per 150,000 events"
61415-6,Doxepin,PrThr,Pt,Urine,Ord,Confirm,Doxepin,Doxepin
19629-5,Norfluoxetine,PrThr,Pt,Urine,Ord,Confirm,Norfluoxetine,Norfluoxetine
16225-5,Amitriptyline,PrThr,Pt,Urine,Ord,Confirm,Amitriptyline,Amitriptyline
61427-1,Nortriptyline,PrThr,Pt,Urine,Ord,Confirm,Nortriptyline,Nortriptyline
61418-0,Imipramine,PrThr,Pt,Urine,Ord,Confirm,Imipramine,Imipramine
61412-3,Desipramine,PrThr,Pt,Urine,Ord,Confirm,Desipramine,Desipramine
12841-3,Prostate specific Ag.free/Prostate specific Ag.total,MFr,Pt,Ser/Plas,Qn,,% Free PSA,% Free PSA
35745-9,Fat/Solids.total,MRto,Pt,Stool,Qn,,Percent Fat,Percent Fat
79447-9,Staphylococcus aureus capsular polysaccharide enzyme (cpe) gene,PrThr,Pt,Nose,Ord,Probe.amp.tar,"Staphylococcus aureus, PCR","Staphylococcus aureus, PCR"
59069-5,Nuclear Ab,PrThr,Pt,Ser,Ord,Hep2 substrate,"Antinuclear Ab, HEp-2 Substrate, S","Antinuclear Ab, HEp-2 Substrate, S"
55855-1,Dicarboxydodecanoylcarnitine (C12-DC),SCnc,Pt,Ser/Plas,Qn,,"Dodecanedioylcarnitine, C12-DC","Dodecanedioylcarnitine, C12-DC"
30237-2,3-Hydroxylinoleoylcarnitine (C18,2-OH),SCnc,Pt,Ser/Plas,Qn:,"3-OH-octadecadienoylcarn, C18:2-OH","3-OH-octadecadienoylcarn, C18:2-OH"
30312-3,3-Hydroxyoleoylcarnitine (C18,1-OH),SCnc,Pt,Ser/Plas,Qn:,3-OH-octadecenoylcarnitine C18:1-OH,3-OH-octadecenoylcarnitine C18:1-OH
35656-8,3-Hydroxystearoylcarnitine (C18-OH),SCnc,Pt,Ser/Plas,Qn,,"3-OH-octadecanoylcarnitine, C18-OH","3-OH-octadecanoylcarnitine, C18-OH"
30331-3,Dodecanoylcarnitine (C12),SCnc,Pt,Ser/Plas,Qn,,"Dodecanoylcarnitine, C12","Dodecanoylcarnitine, C12"
39002-1,Adipoylcarnitine (C6-DC),SCnc,Pt,Ser/Plas,Qn,,"3-Methylglutarylcarnitine, C6-DC","3-Methylglutarylcarnitine, C6-DC"
59195-8,3-Hydroxydodecenoylcarnitine (C12,1-OH),SCnc,Pt,Ser/Plas,Qn:,"3-OH-dodecenoylcarnitine, C12:1-OH","3-OH-dodecenoylcarnitine, C12:1-OH"
30233-1,3-Hydroxydodecanoylcarnitine (C12-OH),SCnc,Pt,Ser/Plas,Qn,,"3-OH-dodecanoylcarnitine, C12-OH","3-OH-dodecanoylcarnitine, C12-OH"
30564-9,Tetradecadienoylcarnitine (C14,2),SCnc,Pt,Ser/Plas,Qn:,"Tetradecadienoylcarnitine, C14:2","Tetradecadienoylcarnitine, C14:2"
30566-4,Tetradecenoylcarnitine (C14,1),SCnc,Pt,Ser/Plas,Qn:,"Tetradecenoylcarnitine, C14:1","Tetradecenoylcarnitine, C14:1"
30565-6,Tetradecanoylcarnitine (C14),SCnc,Pt,Ser/Plas,Qn,,"Tetradecanoylcarnitine, C14","Tetradecanoylcarnitine, C14"
30190-3,3-Hydroxytetradecenoylcarnitine (C14,1-OH),SCnc,Pt,Ser/Plas,Qn:,3-OH-tetradecenoylcarnitine C14:1OH,3-OH-tetradecenoylcarnitine C14:1OH
30238-0,3-Hydroxytetradecanoylcarnitine (C14-OH),SCnc,Pt,Ser/Plas,Qn,,"3-OH-tetradecanoylcarnitine, C14-OH","3-OH-tetradecanoylcarnitine, C14-OH"
30357-8,Palmitoleylcarnitine (C16,1),SCnc,Pt,Ser/Plas,Qn:,"Hexadecenoylcarnitine, C16:1","Hexadecenoylcarnitine, C16:1"
30356-0,Palmitoylcarnitine (C16),SCnc,Pt,Ser/Plas,Qn,,"Hexadecanoylcarnitine, C16","Hexadecanoylcarnitine, C16"
30235-6,3-Hydroxypalmitoleylcarnitine (C16,1-OH),SCnc,Pt,Ser/Plas,Qn:,"3-OH-hexadecenoylcarnitine,C16:1-OH","3-OH-hexadecenoylcarnitine,C16:1-OH"
30234-9,3-Hydroxypalmitoylcarnitine (C16-OH),SCnc,Pt,Ser/Plas,Qn,,"3-OH-hexadecanoylcarnitine, C16-OH","3-OH-hexadecanoylcarnitine, C16-OH"
39000-5,3-Hydroxybutyrylcarnitine (C4-OH),SCnc,Pt,Ser/Plas,Qn,,"3-OH-iso-/butyrylcarnitine, C4-OH","3-OH-iso-/butyrylcarnitine, C4-OH"
74540-6,Hexenoylcarnitine (C6,1),SCnc,Pt,Ser/Plas,Qn:,"Hexenoylcarnitine, C6:1","Hexenoylcarnitine, C6:1"
30358-6,Hexanoylcarnitine (C6),SCnc,Pt,Ser/Plas,Qn,,"Hexanoylcarnitine, C6","Hexanoylcarnitine, C6"
39001-3,3-Hydroxyisovalerylcarnitine (C5-OH),SCnc,Pt,Ser/Plas,Qn,,"3-OH-isovalerylcarnitine, C5-OH","3-OH-isovalerylcarnitine, C5-OH"
39615-0,Benzoylcarnitine (BzCn),SCnc,Pt,Ser/Plas,Qn,,Benzoylcarnitine,Benzoylcarnitine
30236-4,3-Hydroxyhexanoylcarnitine (C6-OH),SCnc,Pt,Ser/Plas,Qn,,"3-OH-hexanoylcarnitine, C6-OH","3-OH-hexanoylcarnitine, C6-OH"
55940-1,Malonylcarnitine (C3-DC),SCnc,Pt,Ser/Plas,Qn,,"Malonylcarnitine, C3-DC","Malonylcarnitine, C3-DC"
53471-9,Decadienoylcarnitine (C10,2),SCnc,Pt,Ser/Plas,Qn:,"Decadienoylcarnitine, C10:2","Decadienoylcarnitine, C10:2"
30328-9,Decenoylcarnitine (C10,1),SCnc,Pt,Ser/Plas,Qn:,"Decenoylcarnitine, C10:1","Decenoylcarnitine, C10:1"
30327-1,Decanoylcarnitine (C10),SCnc,Pt,Ser/Plas,Qn,,"Decanoylcarnitine, C10","Decanoylcarnitine, C10"
82478-9,3-Hydroxydecenoylcarnitine (C10,1-OH),SCnc,Pt,Ser/Plas,Qn:,"3-OH-decenoylcarnitine, C10:1-OH","3-OH-decenoylcarnitine, C10:1-OH"
30349-5,Glutarylcarnitine (C5-DC),SCnc,Pt,Ser/Plas,Qn,,"Glutarylcarnitine, C5-DC","Glutarylcarnitine, C5-DC"
30332-1,Dodecenoylcarnitine (C12,1),SCnc,Pt,Ser/Plas,Qn:,"Dodecenoylcarnitine, C12:1","Dodecenoylcarnitine, C12:1"
30191-1,Acetylcarnitine (C2),SCnc,Pt,Ser/Plas,Qn,,"Acetylcarnitine, C2","Acetylcarnitine, C2"
43235-1,Acrylylcarnitine (C3,1),SCnc,Pt,Ser/Plas,Qn:,"Acrylylcarnitine, C3:1","Acrylylcarnitine, C3:1"
30551-6,Propionylcarnitine (C3),SCnc,Pt,Ser/Plas,Qn,,"Propionylcarnitine, C3","Propionylcarnitine, C3"
35655-0,Butyrylcarnitine (C4),SCnc,Pt,Ser/Plas,Qn,,"Iso-/Butyrylcarnitine, C4","Iso-/Butyrylcarnitine, C4"
51416-6,Tiglylcarnitine (C5,1),SCnc,Pt,Ser/Plas,Qn:,"Tiglylcarnitine, C5:1","Tiglylcarnitine, C5:1"
30531-8,Isovalerylcarnitine+Methylbutyrylcarnitine (C5),SCnc,Pt,Ser/Plas,Qn,,Isovaleryl-/2-Methylbutyrylcarn C5,Isovaleryl-/2-Methylbutyrylcarn C5
3415-7,Buprenorphine,MCnc,Pt,Urine,Qn,,Buprenorphine,Buprenorphine
58359-1,Buprenorphine+Norbuprenorphine,PrThr,Pt,Urine,Ord,Screen,Buprenorphine Immunoassay Screen,Buprenorphine Immunoassay Screen
35741-8,Prostate specific Ag,MCnc,Pt,Ser/Plas,Qn,Detection limit <= 0.01 ng/mL,"PSA, Ultrasensitive, S","PSA, Ultrasensitive, S"
83113-1,Prostate specific Ag.free,MCnc,Pt,Ser/Plas,Qn,IA,"Free PSA, S","Free PSA, S"
51415-8,Methylmalonylcarnitine+Succinylcarnitine (C4-DC),SCnc,Pt,Ser/Plas,Qn,,"Methylmalonyl-/succinylcarn, C4-DC","Methylmalonyl-/succinylcarn, C4-DC"
49753-7,Norbuprenorphine,MCnc,Pt,Urine,Qn,,Norbuprenorphine,Norbuprenorphine
76516-4,Gestational age^at birth,Time,Pt,^Patient,Qn,,"Gestational Age (weeks, XX.X)","Gestational Age (weeks, XX.X)"
38473-5,17-Hydroxyprogesterone,MCnc,Pt,Bld.dot,Qn,,17-OH Progesterone,17-OH Progesterone
8339-4,Body weight^at birth,Mass,Pt,^Patient,Qn,Measured,"Birth Weight (grams, XXXX)","Birth Weight (grams, XXXX)"
57715-5,Birth time,ClockTime,Pt,^Patient,Qn,,"Time of Birth (24hr time, XX:XX)","Time of Birth (24hr time, XX:XX)"
39014-6,Suberylcarnitine (C8-DC),SCnc,Pt,Ser/Plas,Qn,,"Octanedioylcarnitine, C8-DC","Octanedioylcarnitine, C8-DC"
30534-2,Linoleoylcarnitine (C18,2),SCnc,Pt,Ser/Plas,Qn:,"Octadecadienoylcarnitine, C18:2","Octadecadienoylcarnitine, C18:2"
30542-5,Oleoylcarnitine (C18,1),SCnc,Pt,Ser/Plas,Qn:,"Octadecenoylcarnitine, C18:1","Octadecenoylcarnitine, C18:1"
30560-7,Stearoylcarnitine (C18),SCnc,Pt,Ser/Plas,Qn,,"Octadecanoylcarnitine, C18","Octadecanoylcarnitine, C18"
46252-3,Acylcarnitine pattern,Imp,Pt,Ser/Plas,Nom,,Comment (ACRNS),Comment (ACRNS)
53345-5,Cortisol,MCnc,Pt,Bld.dot,Qn,,Cortisol,Cortisol
53338-0,11-Deoxycortisol,MCnc,Pt,Bld.dot,Qn,,11-deoxycortisol,11-deoxycortisol
53341-4,21-Deoxycortisol,MCnc,Pt,Bld.dot,Qn,,21-deoxycortisol,21-deoxycortisol
53336-4,17-Hydroxyprogesterone+Androstenedione/Cortisol,MRto,Pt,Bld.dot,Qn,,(17OHP+Androstenedione)/Cortisol,(17OHP+Androstenedione)/Cortisol
46758-9,Congenital adrenal hyperplasia,Imp,Pt,Bld.dot,Nom,,Interpretation (CAH2T),Interpretation (CAH2T)
79628-4,Formiminoglutamate,SCnc,Pt,Ser/Plas,Qn,,"Formiminoglutamate, FIGLU","Formiminoglutamate, FIGLU"
55871-8,Heptanoylcarnitine (C7),SCnc,Pt,Ser/Plas,Qn,,"Heptanoylcarnitine, C7","Heptanoylcarnitine, C7"
30541-7,Octenoylcarnitine (C8,1),SCnc,Pt,Ser/Plas,Qn:,"Octenoylcarnitine, C8:1","Octenoylcarnitine, C8:1"
30540-9,Octanoylcarnitine (C8),SCnc,Pt,Ser/Plas,Qn,,"Octanoylcarnitine, C8","Octanoylcarnitine, C8"
53343-0,Androstenedione,MCnc,Pt,Bld.dot,Qn,,Androstenedione,Androstenedione
32136-4,Antidepressants,PrThr,Pt,Urine,Ord,,Antidepressant Screen,Antidepressant Screen
2520-5,Lactate,SCnc,Pt,CSF,Qn,,"Lactic Acid, CSF","Lactic Acid, CSF"
19763-2,Specimen source,Prid,Pt,Cvx/Vag,Nom,Cyto stain,Pap Test Source,Pap Test Source
40727-0,Hepatitis D virus Ab,PrThr,Pt,Ser,Ord,IA,"HDV Total Ab, S","HDV Total Ab, S"
12810-8,Porphobilinogen deaminase,CCnc,Pt,Bld,Qn,,"PBG Deaminase, WB","PBG Deaminase, WB"
2812-6,Porphobilinogen deaminase,CCnc,Pt,RBC,Qn,,"PBG Deaminase, RBC","PBG Deaminase, RBC"
3968-5,Phenytoin,MCnc,Pt,Ser/Plas,Qn,,"Phenytoin, Total, S","Phenytoin, Total, S"
3969-3,Phenytoin.free,MCnc,Pt,Ser/Plas,Qn,,"Phenytoin, Free, S","Phenytoin, Free, S"
6874-2,Calcium,MRat,24H,Urine,Qn,,"Calcium, 24 HR, U","Calcium, 24 HR, U"
47260-5,Plasmodium sp DNA,Prid,Pt,Bld,Nom,Probe.amp.tar,Malaria PCR,Malaria PCR
47414-8,Pregabalin,MCnc,Pt,Ser/Plas,Qn,,"Pregabalin, S","Pregabalin, S"
6212-5,Penicillium notatum Ab.IgE,ACnc,Pt,Ser,Qn,,"Penicillium, IgE","Penicillium, IgE"
3182-3,Cardiolipin Ab.IgM,ACnc,Pt,Ser,Qn,IA,"Phospholipid Ab IgM, S","Phospholipid Ab IgM, S"
77949-6,Streptococcus pneumoniae Ag,PrThr,Pt,Urine,Ord,IA.rapid,"Streptococcus pneumoniae Ag, U","Streptococcus pneumoniae Ag, U"
5076-5,Cardiolipin Ab.IgA,ACnc,Pt,Ser,Qn,IA,"Phospholipid Ab IgA, S","Phospholipid Ab IgA, S"
8161-2,Bismuth,MCnc,Pt,Bld,Qn,,"Bismuth, B","Bismuth, B"
82251-0,Chromosome 3 & 7 & 17 aneuploidy & chromosome region 9p21 deletion,Find,Pt,Urine,Doc,FISH,Result,Result
69933-0,Ureaplasma parvum DNA,PrThr,Pt,XXX,Ord,Probe.amp.tar,"Ureaplasma parvum PCR, B","Ureaplasma parvum PCR, B"
51988-4,Ureaplasma urealyticum DNA,PrThr,Pt,XXX,Ord,Probe.amp.tar,"Ureaplasma urealyticum PCR, P","Ureaplasma urealyticum PCR, P"
65809-6,Kingella kingae DNA,PrThr,Pt,XXX,Ord,Probe.amp.tar,Kingella kingae PCR,Kingella kingae PCR
21070-8,Antibiotic XXX,Susc,Pt,Isolate,OrdQn,MIC,"Susceptibility, Aerobic, MIC","Susceptibility, Aerobic, MIC"
83093-5,Digoxin,MCnc,Pt,Ser/Plas,Qn,IA,"Digoxin, S","Digoxin, S"
46130-1,Prealbumin,MCnc,Pt,Ser/Plas,Qn,Nephelometry,"Prealbumin (PAB), S","Prealbumin (PAB), S"
13950-1,Hepatitis A virus Ab.IgM,PrThr,Pt,Ser/Plas,Ord,IA,"Hepatitis A IgM Ab, S","Hepatitis A IgM Ab, S"
38379-4,Mycobacterium tuberculosis complex DNA,PrThr,Pt,XXX,Ord,Probe.amp.tar,"MTB Complex PCR, FFPE, Result","MTB Complex PCR, FFPE, Result"
56816-2,Patient location,Loc,Pt,^Patient,Nom,,Collection Site,Collection Site
22362-8,HTLV I+II Ab,PrThr,Pt,Ser,Ord,,"HTLV-I/-II Ab Confirmation, S","HTLV-I/-II Ab Confirmation, S"
1747-5,Albumin,MCnc,Pt,Body fld,Qn,,"Albumin, BF","Albumin, BF"
41432-6,Balamuthia mandrillaris DNA,PrThr,Pt,XXX,Ord,Probe.amp.tar,Balamuthia mandrillaris PCR,Balamuthia mandrillaris PCR
41429-2,Acanthamoeba sp DNA,PrThr,Pt,XXX,Ord,Probe.amp.tar,Acanthamoeba species PCR,Acanthamoeba species PCR
69845-6,2-Hydroxyglutarate,SCnc,Pt,Ser/Plas,Qn,,2-OH Glutaric acid,2-OH Glutaric acid
69851-4,3-Hydroxyglutarate,SCnc,Pt,Ser/Plas,Qn,,3-OH Glutaric acid,3-OH Glutaric acid
27301-1,Glutarate,SCnc,Pt,Ser/Plas,Qn,,Glutaric acid,Glutaric acid
69829-0,Methylsuccinate,SCnc,Pt,Ser/Plas,Qn,,Methylsuccinic acid,Methylsuccinic acid
79476-8,Ethylmalonate,SCnc,Pt,Ser/Plas,Qn,,Ethylmalonic acid,Ethylmalonic acid
40838-5,Argininosuccinate,SCnc,Pt,CSF,Qn,,Argininosuccinic Acid,Argininosuccinic Acid
55875-9,Homocitrulline,SCnc,Pt,CSF,Qn,,Homocitrulline,Homocitrulline
26587-6,Alpha aminoadipate,SCnc,Pt,CSF,Qn,,Alpha-aminoadipic Acid,Alpha-aminoadipic Acid
26594-2,Gamma aminobutyrate,SCnc,Pt,CSF,Qn,,Gamma-amino-n-butyric Acid,Gamma-amino-n-butyric Acid
26595-9,Hydroxylysine,SCnc,Pt,CSF,Qn,,Hydroxylysine,Hydroxylysine
26592-6,Cystathionine,SCnc,Pt,CSF,Qn,,Cystathionine,Cystathionine
26602-3,Tryptophan,SCnc,Pt,CSF,Qn,,Tryptophan,Tryptophan
22658-9,Alloisoleucine,SCnc,Pt,CSF,Qn,,Allo-isoleucine,Allo-isoleucine
26596-7,Hydroxyproline,SCnc,Pt,CSF,Qn,,Hydroxyproline,Hydroxyproline
26593-4,Ethanolamine,SCnc,Pt,CSF,Qn,,Ethanolamine,Ethanolamine
26585-0,3-Methylhistidine,SCnc,Pt,CSF,Qn,,3-Methylhistidine,3-Methylhistidine
85359-8,Phosphatidylserine-prothrombin complex Ab.IgG,ACnc,Pt,Ser/Plas,Qn,IA,"PS/PT Ab, IgG, S","PS/PT Ab, IgG, S"
4024-6,Salicylates,MCnc,Pt,Ser/Plas,Qn,,"Salicylate, S","Salicylate, S"
1842-4,Ammonia,SCnc,Pt,Urine,Qn,,"Ammonium, Random, U","Ammonium, Random, U"
50545-3,Bacterial susceptibility panel,-,Pt,Isolate,OrdQn,MIC,"Susceptibility, Anaerobic, MIC","Susceptibility, Anaerobic, MIC"
29577-4,Fungal susceptibility panel,-,Pt,Isolate,OrdQn,,"Susceptibility Panel, Yeast","Susceptibility Panel, Yeast"
6080-6,Theobroma cacao Ab.IgE,ACnc,Pt,Ser,Qn,,"Cacao/Cocoa, IgE","Cacao/Cocoa, IgE"
60459-5,Complement C6.functional,ACnc,Pt,Ser/Plas,Qn,,"C6 Complement, Functional, S","C6 Complement, Functional, S"
81124-0,Coagulation factor V inhibitor,PrThr,Pt,PPP,Ord,Coag,Factor V Inhib Scrn,Factor V Inhib Scrn
81123-2,Coagulation factor VII inhibitor,PrThr,Pt,PPP,Ord,Coag,Factor VII Inhib Scrn,Factor VII Inhib Scrn
16952-4,Herpes simplex virus 1 DNA,PrThr,Pt,CSF,Ord,Probe.amp.tar,"HSV 1 PCR, C","HSV 1 PCR, C"
16960-7,Herpes simplex virus 2 DNA,PrThr,Pt,CSF,Ord,Probe.amp.tar,"HSV 2 PCR, C","HSV 2 PCR, C"
29533-7,Cryptococcus sp Ag,PrThr,Pt,XXX,Ord,,"Cryptococcus Ag Screen, LFA, PF","Cryptococcus Ag Screen, LFA, PF"
64412-0,Mycobacterium sp,ACnc,Pt,Bld,Ord,Organism specific culture,"Mycobacterial Culture, B","Mycobacterial Culture, B"
42315-2,APOE gene alleles e2 & e3 & e4,Prid,Pt,Bld/Tiss,Nom,Molgen,Result,Result
59822-7,Tacrolimus^4H post dose,MCnc,Pt,Ser/Plas,Qn,,"Tacrolimus, Peak, B","Tacrolimus, Peak, B"
43597-4,Inner Ear 68kD Ab,PrThr,Pt,Ser/Plas,Ord,IB,68kD (hsp-70) antibodies,68kD (hsp-70) antibodies
28608-8,Tryptophan/Creatinine,Ratio,Pt,Urine,Qn,,"Tryptophan, U","Tryptophan, U"
1989-3,Calcidiol,MCnc,Pt,Ser/Plas,Qn,,25-Hydroxy D3,25-Hydroxy D3
80981-4,"N,N-dimethylarginine",MCnc,Pt,Ser/Plas,Qn,,"Asymmetric dimethylarginine, P","Asymmetric dimethylarginine, P"
30198-6,Fatty acids.very long chain.C26,0/C22,0,SRto,Pt,Ser/Plas:Qn:,C26:0/C22:0,C26:0/C22:0
57723-9,Unique bar code number,ID,Pt,Current sample,Nom,,Accession Number,Accession Number
14113-5,Cells.CD56,NCnc,Pt,Bld,Qn,,Cytokine-Producing NK (CD56++),Cytokine-Producing NK (CD56++)
23201-7,Leptospira sp Ab.IgM,PrThr,Pt,Ser,Ord,IA,"Leptospira, IgM, S","Leptospira, IgM, S"
51716-9,Muscle specific receptor tyrosine kinase Ab,SCnc,Pt,Ser,Qn,,"MuSK Autoantibody, S","MuSK Autoantibody, S"
74384-9,Specimen container,Type,Pt,Specimen,Nom,,Container Type,Container Type
3934-7,Phencyclidine,MCnc,Pt,Ser/Plas,Qn,,Phencyclidine,Phencyclidine
33893-9,Karyotype,Prid,Pt,Bone mar,Nom,,Result,Result
4086-5,Valproate,MCnc,Pt,Ser/Plas,Qn,,"Valproic Acid, Tot, S","Valproic Acid, Tot, S"
85374-7,Neutrophil.PMA stimulated.DHR mean fluorescence intensity,Arb,Pt,Bld,Qn,Flow cytometry,MFI PMA ox-DHR+,MFI PMA ox-DHR+
85376-2,Neutrophil.PMA stimulated.DHR/Neutrophil.PMA stimulated.total,NFr,Pt,Bld,Qn,Flow cytometry,% PMA ox-DHR+,% PMA ox-DHR+
14334-7,Lithium,SCnc,Pt,Ser/Plas,Qn,,"Lithium, S","Lithium, S"
85370-5,Neutrophil.fMLP stimulated.DHR mean fluorescence intensity,Arb,Pt,Bld,Qn,Flow cytometry,MFI fMLP ox-DHR+,MFI fMLP ox-DHR+
85373-9,Neutrophil.fMLP stimulated.DHR/Neutrophil.fMLP stimulated.total,NFr,Pt,Bld,Qn,Flow cytometry,% FMLP ox-DHR+,% FMLP ox-DHR+
44706-0,Actin.smooth muscle Ab.IgG,ACnc,Pt,Ser,Qn,,"F-Actin Ab, IgG, S","F-Actin Ab, IgG, S"
3013-0,Thyroglobulin,MCnc,Pt,Ser/Plas,Qn,,"Thyroglobulin, Tumor Marker, S","Thyroglobulin, Tumor Marker, S"
48996-3,Amylase.pancreatic,CCnc,Pt,Body fld,Qn,,"Amylase, Pancreatic Cyst","Amylase, Pancreatic Cyst"
751-8,Neutrophils,NCnc,Pt,Bld,Qn,Automated count,Absolute Neutrophil Count,Absolute Neutrophil Count
2643-5,N-acetyl-beta-glucosaminidase,CCnc,Pt,Ser,Qn,,"Hexosaminidase A (MUGS), S","Hexosaminidase A (MUGS), S"
25308-8,Ammonia,SRat,24H,Urine,Qn,,"Ammonium, 24 Hr, U","Ammonium, 24 Hr, U"
30194-5,Fatty acids.very long chain.C22,0,SCnc,Pt,Ser/Plas,Qn:,"Docosanoic Acid, C22:0","Docosanoic Acid, C22:0"
81956-5,Date and time of death,TmStp,Pt,^Patient,Qn,,Date and Time of Death:,Date and Time of Death:
69959-5,(Alnus incana+Corylus avellana+Ulmus americana+Salix caprea+Populus deltoides) Ab.IgE,ACnc,Pt,Ser,Qn,Multidisk,Tree Panel # 3,Tree Panel # 3
82772-5,Lab result date reported,Date,Pt,^Patient,Qn,,Release Date,Release Date
54218-3,Cells.CD3+CD4+/Cells.CD3+CD8+,NRto,Pt,Bld,Qn,,4/8 Ratio,4/8 Ratio
83103-2,Lutropin,ACnc,Pt,Ser/Plas,Qn,IA,"LH, Pediatrics, S","LH, Pediatrics, S"
82785-7,Lab order date,Date,Pt,^Patient,Qn,,Order Date,Order Date
24469-9,Hemoglobin XXX/Hemoglobin.total,MFr,Pt,Bld,Qn,Electrophoresis,Variant 1,Variant 1
78748-1,Hemoglobin pattern,Imp,Pt,Bld,Nom,Capillary electrophoresis,HGBCE Interpretation,HGBCE Interpretation
20572-4,Hemoglobin A/Hemoglobin.total,MFr,Pt,Bld,Qn,Electrophoresis,Hb A,Hb A
2731-8,Parathyrin.intact,MCnc,Pt,Ser/Plas,Qn,,"Parathyroid Hormone (PTH), S","Parathyroid Hormone (PTH), S"
80660-4,Strongyloides sp Ab.IgG,PrThr,Pt,Ser,Ord,IA,"Strongyloides Ab, IgG, S","Strongyloides Ab, IgG, S"
6208-3,Carya illinoinensis nut Ab.IgE,ACnc,Pt,Ser,Qn,,"Pecan Hickory, IgE","Pecan Hickory, IgE"
29896-8,Cryptococcus sp Ag,PrThr,Pt,CSF,Ord,IA,"Cryptococcus Ag Screen w/Titer, CSF","Cryptococcus Ag Screen w/Titer, CSF"
29903-2,Cryptococcus sp Ag,PrThr,Pt,Ser,Ord,IA,"Cryptococcus Ag Screen w/Titer, S","Cryptococcus Ag Screen w/Titer, S"
72279-3,(Chicken feather+Duck feather+Goose feather+Turkey feather) Ab.IgE,ACnc,Pt,Ser,Qn,Multidisk,Feather Panel # 2,Feather Panel # 2
59193-3,Deoxyuridine/Creatinine,SRto,Pt,Urine,Qn,,Deoxyuridine,Deoxyuridine
60071-8,"2-Ethylidene-1,5-Dimethyl-3,3-Diphenylpyrrolidine",MCnc,Pt,Ser/Plas,Qn,,EDDP,EDDP
81157-0,Ubiquinone 10.reduced,MCnc,Pt,Ser/Plas,Qn,,CoQ10 reduced,CoQ10 reduced
58734-5,Collection date,TmStp,Pt,Amnio fld,Qn,,Collection Date,Collection Date
49761-0,Alpha-1-Fetoprotein,MCnc,Pt,Periton fld,Qn,,"AFP, Peritoneal Fluid","AFP, Peritoneal Fluid"
25140-5,Uracil/Creatinine,SRto,Pt,Urine,Qn,,Uracil,Uracil
79677-1,Purine & Pyrimidine pattern,Imp,Pt,Urine,Nar,,Interpretation (PUPYU),Interpretation (PUPYU)
78694-7,Dihydroorotate/Creatinine,SRto,Pt,Urine,Qn,,Dihydroorotic,Dihydroorotic
59215-4,Thymidine/Creatinine,SRto,Pt,Urine,Qn,,Deoxythymidine,Deoxythymidine
75151-1,Acadesine/Creatinine,SRto,Pt,Urine,Qn,,AICAR,AICAR
79685-4,"5,6-Dihydrouracil/Creatinine",SRto,Pt,Urine,Qn,,Dihydrouracil,Dihydrouracil
78693-9,Dihydrothymine/Creatinine,SRto,Pt,Urine,Qn,,Dihydrothymine,Dihydrothymine
59251-9,N-carbamoyl beta alanine/Creatinine,SRto,Pt,Urine,Qn,,N-carbamoyl-beta-alanine,N-carbamoyl-beta-alanine
79647-4,Beta-ureidoisobutyrate/Creatinine,SRto,Pt,Urine,Qn,,N-carbamoyl-beta-aminoisobutyric Acid,N-carbamoyl-beta-aminoisobutyric Acid
59203-0,Adenine/Creatinine,SRto,Pt,Urine,Qn,,Adenine,Adenine
75160-2,Adenosine/Creatinine,SRto,Pt,Urine,Qn,,Adenosine,Adenosine
59199-0,Deoxyadenosine/Creatinine,SRto,Pt,Urine,Qn,,Deoxyadenosine,Deoxyadenosine
59201-4,Deoxyguanosine/Creatinine,SRto,Pt,Urine,Qn,,Deoxyguanosine,Deoxyguanosine
59202-2,Deoxyinosine/Creatinine,SRto,Pt,Urine,Qn,,Deoxyinosine,Deoxyinosine
78691-3,Guanosine/Creatinine,SRto,Pt,Urine,Qn,,Guanosine,Guanosine
59210-5,Inosine/Creatinine,SRto,Pt,Urine,Qn,,Inosine,Inosine
59214-7,Succinyladenosine/Creatinine,SRto,Pt,Urine,Qn,,Succinyladenosine,Succinyladenosine
48157-2,Thymine/Creatinine,SRto,Pt,Urine,Qn,,Thymine,Thymine
59216-2,Uridine/Creatinine,SRto,Pt,Urine,Qn,,Uridine,Uridine
82342-7,F8 gene intron 1 inversion targeted mutation analysis,Find,Pt,Amnio fld/CVS,Doc,Molgen,"HA F8 Intron 1 Inversion, AF or CVS","HA F8 Intron 1 Inversion, AF or CVS"
73958-1,Cholesterol esterase,CCnc,Pt,Bld.dot,Qn,,"Lysosomal Acid Lipase, B","Lysosomal Acid Lipase, B"
77635-1,C9orf72 gene.GGGGCC repeats,EntNum,Pt,Bld/Tiss,Qn,Molgen,Result,Result
81856-7,FMR1 gene CGG repeat analysis,Find,Pt,Bld/Tiss,Doc,Molgen,Result,Result
53782-9,HTT gene.CAG repeats,EntNum,Pt,Bld/Tiss,Qn,Molgen,Result,Result
48591-2,Activated protein C resistance,Imp,Pt,PPP,Nom,,Interpretation,Interpretation
24113-3,Hepatitis B virus core Ab.IgM,PrThr,Pt,Ser/Plas,Ord,IA,"HBc IgM Ab, S","HBc IgM Ab, S"
82204-9,Escherichia coli O157 DNA,PrThr,Pt,Stool,Ord,Non-probe.amp.tar,Escherichia coli O157 serotype,Escherichia coli O157 serotype
82205-6,Cryptosporidium sp DNA,PrThr,Pt,Stool,Ord,Non-probe.amp.tar,Cryptosporidium species,Cryptosporidium species
82206-4,Cyclospora cayetanensis DNA,PrThr,Pt,Stool,Ord,Non-probe.amp.tar,Cyclospora cayetanensis,Cyclospora cayetanensis
82207-2,Entamoeba histolytica DNA,PrThr,Pt,Stool,Ord,Non-probe.amp.tar,Entamoeba histolytica,Entamoeba histolytica
82208-0,Giardia lamblia DNA,PrThr,Pt,Stool,Ord,Non-probe.amp.tar,Giardia,Giardia
82210-6,Astrovirus subtypes 1-8 RNA,PrThr,Pt,Stool,Ord,Non-probe.amp.tar,Astrovirus,Astrovirus
82211-4,Norovirus genogroup I+II RNA,PrThr,Pt,Stool,Ord,Non-probe.amp.tar,Norovirus GI/GII,Norovirus GI/GII
82212-2,Rotavirus A RNA,PrThr,Pt,Stool,Ord,Non-probe.amp.tar,Rotavirus,Rotavirus
82213-0,Sapovirus genogroups I+II+IV+V RNA,PrThr,Pt,Stool,Ord,Non-probe.amp.tar,Sapovirus,Sapovirus
82196-7,Campylobacter coli+jejuni+upsaliensis DNA,PrThr,Pt,Stool,Ord,Non-probe.amp.tar,Campylobacter species,Campylobacter species
82198-3,Plesiomonas shigelloides DNA,PrThr,Pt,Stool,Ord,Non-probe.amp.tar,Plesiomonas shigelloides,Plesiomonas shigelloides
82199-1,Salmonella enterica+bongori DNA,PrThr,Pt,Stool,Ord,Non-probe.amp.tar,Salmonella species,Salmonella species
82200-7,Vibrio cholerae+parahaemolyticus+vulnificus DNA,PrThr,Pt,Stool,Ord,Non-probe.amp.tar,Vibrio species,Vibrio species
82201-5,Vibrio cholerae DNA,PrThr,Pt,Stool,Ord,Non-probe.amp.tar,Vibrio cholerae,Vibrio cholerae
82202-3,Yersinia enterocolitica DNA,PrThr,Pt,Stool,Ord,Non-probe.amp.tar,Yersinia species,Yersinia species
40712-2,Coccidioides immitis Ab,PrThr,Pt,Ser,Ord,IA,"Coccidioides Ab Screen, S","Coccidioides Ab Screen, S"
4057-6,Tobramycin^peak,MCnc,Pt,Ser/Plas,Qn,,"Tobramycin, Peak, S","Tobramycin, Peak, S"
35670-9,Tobramycin,MCnc,Pt,Ser/Plas,Qn,,"Tobramycin, Random, S","Tobramycin, Random, S"
4059-2,Tobramycin^trough,MCnc,Pt,Ser/Plas,Qn,,"Tobramycin, Trough, S","Tobramycin, Trough, S"
55180-4,Human epididymis protein 4,SCnc,Pt,Ser/Plas,Qn,,"HE4, S","HE4, S"
26028-1,HLA-B27,PrThr,Pt,Bld/Tiss,Ord,Flow cytometry,HLA-B27 Result,HLA-B27 Result
14836-1,Methotrexate,SCnc,Pt,Ser/Plas,Qn,,"Methotrexate, S","Methotrexate, S"
6182-0,Mucor racemosus Ab.IgE,ACnc,Pt,Ser,Qn,,"Mucor, IgE","Mucor, IgE"
29659-0,Bordetella pertussis Ab.IgG,PrThr,Pt,Ser,Ord,IA,B. pertussis IgG,B. pertussis IgG
42330-1,Bordetella pertussis Ab.IgG,ACnc,Pt,Ser,Qn,IA,B.pertussis Value,B.pertussis Value
30195-2,Fatty acids.very long chain.C24,0,SCnc,Pt,Ser/Plas,Qn:,C24:0,C24:0
30197-8,Fatty acids.very long chain.C26,0,SCnc,Pt,Ser/Plas,Qn:,C26:0,C26:0
30196-0,Fatty acids.very long chain.C24,0/C22,0,SRto,Pt,Ser/Plas:Qn:,C24:0/C22:0,C24:0/C22:0
22761-1,Pristanate,SCnc,Pt,Ser/Plas,Qn,,Pristanic Acid,Pristanic Acid
22671-2,Phytanate,SCnc,Pt,Ser/Plas,Qn,,Phytanic Acid,Phytanic Acid
30550-8,Pristanate/Phytanate,SRto,Pt,Ser/Plas,Qn,,Pristanic/Phytanic,Pristanic/Phytanic
35176-7,Fatty acids.monounsaturated,SCnc,Pt,Ser/Plas,Qn,,Total Monounsaturated,Total Monounsaturated
35177-5,Fatty acids.polyunsaturated,SCnc,Pt,Ser/Plas,Qn,,Total Polyunsaturated,Total Polyunsaturated
35178-3,Fatty acids.omega 3,SCnc,Pt,Ser/Plas,Qn,,Total w3,Total w3
35179-1,Fatty acids.omega 6,SCnc,Pt,Ser/Plas,Qn,,Total w6,Total w6
24461-6,Fatty acids,SCnc,Pt,Ser/Plas,Qn,,Total Fatty Acids,Total Fatty Acids
35171-8,Homo-gamma linolenate,SCnc,Pt,Ser/Plas,Qn,,"h-g-Linolenic Acid, C20:3w6","h-g-Linolenic Acid, C20:3w6"
35169-2,Arachidate,SCnc,Pt,Ser/Plas,Qn,,"Arachidic Acid, C20:0","Arachidic Acid, C20:0"
35174-2,Docosahexaenoate,SCnc,Pt,Ser/Plas,Qn,,"DHA, C22:6w3","DHA, C22:6w3"
35181-7,Docosapentaenate w6,SCnc,Pt,Ser/Plas,Qn,,"DPA, C22:5w6","DPA, C22:5w6"
35180-9,Docosapentaenate w3,SCnc,Pt,Ser/Plas,Qn,,"DPA, C22:5w3","DPA, C22:5w3"
35182-5,Docosatetraenoate,SCnc,Pt,Ser/Plas,Qn,,"DTA, C22:4w6","DTA, C22:4w6"
35160-1,Docosenoate,SCnc,Pt,Ser/Plas,Qn,,"Docosenoic Acid, C22:1","Docosenoic Acid, C22:1"
35170-0,Nervonate,SCnc,Pt,Ser/Plas,Qn,,"Nervonic Acid, C24:1w9","Nervonic Acid, C24:1w9"
33036-5,Fatty acids.very long chain.C26,1,SCnc,Pt,Ser/Plas,Qn:,"Hexacosenoic Acid, C26:1","Hexacosenoic Acid, C26:1"
35411-8,Trienoate/Arachidonate,SRto,Pt,Ser/Plas,Qn,,Triene Tetraene Ratio,Triene Tetraene Ratio
35158-5,Myristoleate,SCnc,Pt,Ser/Plas,Qn,,"Myristoleic Acid, C14:1","Myristoleic Acid, C14:1"
35157-7,Myristate,SCnc,Pt,Ser/Plas,Qn,,"Myristic Acid, C14:0","Myristic Acid, C14:0"
35154-4,Hexadecadienoate,SCnc,Pt,Ser/Plas,Qn,,"Hexadecadienoic Acid, C16:2","Hexadecadienoic Acid, C16:2"
35155-1,Hexadecenoate,SCnc,Pt,Ser/Plas,Qn,,"Hexadecenoic Acid, C16:1w9","Hexadecenoic Acid, C16:1w9"
35162-7,Palmitoleate,SCnc,Pt,Ser/Plas,Qn,,"Palmitoleic Acid, C16:1w7","Palmitoleic Acid, C16:1w7"
35161-9,Palmitate,SCnc,Pt,Ser/Plas,Qn,,"Palmitic Acid, C16:0","Palmitic Acid, C16:0"
35163-5,Gamma linolenate,SCnc,Pt,Ser/Plas,Qn,,"g-Linolenic Acid, C18:3w6","g-Linolenic Acid, C18:3w6"
35164-3,Alpha linolenate,SCnc,Pt,Ser/Plas,Qn,,"a-Linolenic Acid, C18:3w3","a-Linolenic Acid, C18:3w3"
35165-0,Linoleate,SCnc,Pt,Ser/Plas,Qn,,"Linoleic Acid, C18:2w6","Linoleic Acid, C18:2w6"
35166-8,Oleate,SCnc,Pt,Ser/Plas,Qn,,"Oleic Acid, C18:1w9","Oleic Acid, C18:1w9"
35167-6,Vaccenate,SCnc,Pt,Ser/Plas,Qn,,"Vaccenic Acid, C18:1w7","Vaccenic Acid, C18:1w7"
35149-4,Octadecanoate,SCnc,Pt,Ser/Plas,Qn,,"Stearic Acid, C18:0","Stearic Acid, C18:0"
35173-4,Eicosapentaenoate,SCnc,Pt,Ser/Plas,Qn,,"EPA, C20:5w3","EPA, C20:5w3"
35168-4,Arachidonate,SCnc,Pt,Ser/Plas,Qn,,"Arachidonic Acid, C20:4w6","Arachidonic Acid, C20:4w6"
35172-6,Mead acid,SCnc,Pt,Ser/Plas,Qn,,"Mead Acid, C20:3w9","Mead Acid, C20:3w9"
35145-2,Octanoate,SCnc,Pt,Ser/Plas,Qn,,"Octanoic Acid, C8:0","Octanoic Acid, C8:0"
35147-8,Decenoate,SCnc,Pt,Ser/Plas,Qn,,"Decenoic Acid, C10:1","Decenoic Acid, C10:1"
35146-0,Decanoate,SCnc,Pt,Ser/Plas,Qn,,"Decanoic Acid, C10:0","Decanoic Acid, C10:0"
35151-0,Lauroleate,SCnc,Pt,Ser/Plas,Qn,,"Lauroleic Acid, C12:1","Lauroleic Acid, C12:1"
35150-2,Laurate,SCnc,Pt,Ser/Plas,Qn,,"Lauric Acid, C12:0","Lauric Acid, C12:0"
35148-6,Tetradecadienoate,SCnc,Pt,Ser/Plas,Qn,,"Tetradecadienoic Acid, C14:2","Tetradecadienoic Acid, C14:2"
75037-2,2-Hydroxyglutarate,SCnc,Pt,Bld.dot,Qn,,2-OH Glutaric acid,2-OH Glutaric acid
82505-9,3-Hydroxyglutarate,SCnc,Pt,Bld.dot,Qn,,3-OH Glutaric acid,3-OH Glutaric acid
82504-2,Glutarate,SCnc,Pt,Bld.dot,Qn,,Glutaric acid,Glutaric acid
82503-4,Methylsuccinate,SCnc,Pt,Bld.dot,Qn,,Methylsuccinic acid,Methylsuccinic acid
82502-6,Ethylmalonate,SCnc,Pt,Bld.dot,Qn,,Ethylmalonic acid,Ethylmalonic acid
82191-8,Herpes simplex virus 2 DNA,PrThr,Pt,CSF,Ord,Non-probe.amp.tar,Herpes simplex virus 2,Herpes simplex virus 2
82192-6,Herpes virus 6 DNA,PrThr,Pt,CSF,Ord,Non-probe.amp.tar,Human herpes virus 6,Human herpes virus 6
82188-4,Varicella zoster virus DNA,PrThr,Pt,CSF,Ord,Non-probe.amp.tar,Varicella zoster virus,Varicella zoster virus
82181-9,Cryptococcus gattii+neoformans DNA,PrThr,Pt,CSF,Ord,Non-probe.amp.tar,Cryptococcus neoformans/gattii,Cryptococcus neoformans/gattii
82182-7,Escherichia coli K1 DNA,PrThr,Pt,CSF,Ord,Non-probe.amp.tar,Escherichia coli K1,Escherichia coli K1
82183-5,Haemophilus influenzae DNA,PrThr,Pt,CSF,Ord,Non-probe.amp.tar,Haemophilus influenzae,Haemophilus influenzae
82184-3,Listeria monocytogenes DNA,PrThr,Pt,CSF,Ord,Non-probe.amp.tar,Listeria monocytogenes,Listeria monocytogenes
82185-0,Neisseria meningitidis DNA,PrThr,Pt,CSF,Ord,Non-probe.amp.tar,Neisseria meningitidis,Neisseria meningitidis
82186-8,Streptococcus agalactiae DNA,PrThr,Pt,CSF,Ord,Non-probe.amp.tar,Streptococcus agalactiae,Streptococcus agalactiae
82187-6,Streptococcus pneumoniae DNA,PrThr,Pt,CSF,Ord,Non-probe.amp.tar,Streptococcus pneumoniae,Streptococcus pneumoniae
82189-2,Cytomegalovirus DNA,PrThr,Pt,CSF,Ord,Non-probe.amp.tar,Cytomegalovirus,Cytomegalovirus
82194-2,Enterovirus RNA,PrThr,Pt,CSF,Ord,Non-probe.amp.tar,Enterovirus,Enterovirus
82190-0,Herpes simplex virus 1 DNA,PrThr,Pt,CSF,Ord,Non-probe.amp.tar,Herpes simplex virus 1,Herpes simplex virus 1
82385-6,Methylmalonate,SCnc,Pt,Bld.dot,Qn,,Methylmalonic Acid,Methylmalonic Acid
82386-4,2-Methylcitrate,SCnc,Pt,Bld.dot,Qn,,Methylcitric Acid,Methylcitric Acid
69961-1,Hepatitis E virus RNA,ACnc,Pt,Ser/Plas,Qn,Probe.amp.tar,"HEV RNA Detect / Quant, S","HEV RNA Detect / Quant, S"
8123-2,Cells.CD3+CD4+/100 cells,NFr,Pt,Bld,Qn,,% CD4 (T Cells),% CD4 (T Cells)
2951-2,Sodium,SCnc,Pt,Ser/Plas,Qn,,"Sodium, S","Sodium, S"
2823-3,Potassium,SCnc,Pt,Ser/Plas,Qn,,"Potassium, S","Potassium, S"
3690-5,Imipramine,MCnc,Pt,Ser/Plas,Qn,,Imipramine,Imipramine
4083-2,Trimipramine,MCnc,Pt,Ser/Plas,Qn,,"Trimipramine, S","Trimipramine, S"
3531-1,Desipramine,MCnc,Pt,Ser/Plas,Qn,,Desipramine,Desipramine
9627-1,Imipramine+Desipramine,MCnc,Pt,Ser/Plas,Qn,,Imipramine and Desipramine,Imipramine and Desipramine
56537-4,Tissue transglutaminase Ab.IgG,ACnc,Pt,Ser,Qn,EIA,"Tissue Transglutaminase Ab, IgG, S","Tissue Transglutaminase Ab, IgG, S"
46128-5,Tissue transglutaminase Ab.IgA,ACnc,Pt,Ser,Qn,EIA,"Tissue Transglutaminase Ab, IgA, S","Tissue Transglutaminase Ab, IgA, S"
3321-7,Amikacin^trough,MCnc,Pt,Ser/Plas,Qn,,"Amikacin, Trough, S","Amikacin, Trough, S"
3034-6,Transferrin,MCnc,Pt,Ser/Plas,Qn,,"Transferrin, S","Transferrin, S"
35669-1,Amikacin,MCnc,Pt,Ser/Plas,Qn,,"Amikacin, Random, S","Amikacin, Random, S"
38445-3,Calprotectin,MCnt,Pt,Stool,Qn,,"Calprotectin, F","Calprotectin, F"
3872-9,Nortriptyline,MCnc,Pt,Ser/Plas,Qn,,"Nortriptyline, S","Nortriptyline, S"
3665-7,Gentamicin^trough,MCnc,Pt,Ser/Plas,Qn,,"Gentamicin, Trough, S","Gentamicin, Trough, S"
49254-6,Bile acid pattern,Imp,Pt,Urine,Nar,,"Bile Acids, Urine","Bile Acids, Urine"
42491-1,Cannabinoids,PrThr,Pt,Bld,Ord,Screen,THC (Marijuana) Metabolite,THC (Marijuana) Metabolite
25116-5,Methylmalonate/Creatinine,SRto,Pt,Urine,Qn,,"Methylmalonic Acid, QN, U","Methylmalonic Acid, QN, U"
44828-2,Teriflunomide,MCnc,Pt,Ser/Plas,Qn,,"Leflunomide Metabolite, S","Leflunomide Metabolite, S"
3772-1,Methadone,MCnc,Pt,Ser/Plas,Qn,,Methadone,Methadone
80979-8,Frataxin,MCnc,Pt,Bld,Qn,,Frataxin,Frataxin
80912-9,Gadolinium,MCnc,Pt,Serum,Qn,,"Gadolinium, S","Gadolinium, S"
81156-2,Ubiquinone 10.reduced/Ubiquinone 10,MFr,Pt,Ser/Plas,Qn,,CoQ10 % reduced,CoQ10 % reduced
27923-2,Ubiquinone 10,MCnc,Pt,Ser/Plas,Qn,,CoQ10 Total,CoQ10 Total
45028-8,HLA-B SBT,Type,Pt,Bld/Tiss,Nom,High resolution,HLA B High Resolution,HLA B High Resolution
77348-1,Tacrolimus^trough,MCnc,Pt,Bld,Qn,,"Tacrolimus, B","Tacrolimus, B"
48654-8,Corynebacterium diphtheriae toxin Ab.IgG,ACnc,Pt,Ser,Qn,EIA,Diphtheria IgG Value,Diphtheria IgG Value
45166-6,Corynebacterium diphtheriae Ab.IgG,ACnc,Pt,Ser,Ord,,Diphtheria IgG Ab,Diphtheria IgG Ab
7816-2,Blastomyces dermatitidis Ab,ACnc,Pt,Ser,Ord,,"Blastomyces Ab, EIA, S","Blastomyces Ab, EIA, S"
27353-2,Estimated average glucose,MCnc,Pt,Bld,Qn,Estimated from glycated hemoglobin,Estimated Average Glucose,Estimated Average Glucose
32227-1,Argininosuccinate,SCnc,Pt,Ser/Plas,Qn,,Argininosuccinic Acid,Argininosuccinic Acid
3536-0,Norclomipramine,MCnc,Pt,Ser/Plas,Qn,,Norclomipramine,Norclomipramine
29566-7,West Nile virus Ab.IgG,ACnc,Pt,Ser,Ord,EIA,"West Nile Virus Ab, IgG, S","West Nile Virus Ab, IgG, S"
29569-1,West Nile virus Ab.IgM,ACnc,Pt,CSF,Ord,EIA,"West Nile Virus Ab, IgM, CSF","West Nile Virus Ab, IgM, CSF"
29567-5,West Nile virus Ab.IgM,ACnc,Pt,Ser,Ord,EIA,"West Nile Virus Ab, IgM, S","West Nile Virus Ab, IgM, S"
21582-2,Tryptase,MCnc,Pt,Ser/Plas,Qn,,"Tryptase, Autopsy","Tryptase, Autopsy"
54301-7,Homocysteine,SCnc,Pt,Bld.dot,Qn,,Homocysteine,Homocysteine
3256-5,Fibrinogen Ag,MCnc,Pt,PPP,Qn,Imm,"Fibrinogen Antigen, P","Fibrinogen Antigen, P"
21428-8,Olea europaea Ab.IgE,ACnc,Pt,Ser,Qn,,"Olive-Food, IgE","Olive-Food, IgE"
14803-1,Lactate dehydrogenase,CCnc,Pt,Body fld,Qn,,"Lactate Dehydrogenase (LD), BF","Lactate Dehydrogenase (LD), BF"
32366-7,Hepatitis B virus genotype,Prid,Pt,Ser/Plas,Nom,Probe.amp.tar,Hepatitis B Genotype,Hepatitis B Genotype
3319-1,Amikacin^peak,MCnc,Pt,Ser/Plas,Qn,,"Amikacin, Peak, S","Amikacin, Peak, S"
587-6,Helicobacter pylori,ACnc,Pt,XXX,Ord,Organism specific culture,Helicobacter pylori Culture + Susc,Helicobacter pylori Culture + Susc
69016-4,Lymphocyte proliferation.tetanus toxoid.maximum/CD45,NFr,Pt,Bld,Qn,Flow cytometry,Max Prolif of TT as % CD45,Max Prolif of TT as % CD45
69029-7,Lymphocyte proliferation.tetanus toxoid.maximum/CD3,NFr,Pt,Bld,Qn,Flow cytometry,Max Prolif of TT as % CD3,Max Prolif of TT as % CD3
60403-3,Pandalus borealis Ab.IgG,MCnc,Pt,Ser,Qn,,Shrimp IgG,Shrimp IgG
42188-3,Cells.CD3+CD16+CD56+,NCnc,Pt,Bld,Qn,,Cytotoxic NK (CD16++CD56+),Cytotoxic NK (CD16++CD56+)
26858-1,Cells.CD3+CD56+,NCnc,Pt,Bld,Qn,,NKT cells (CD3+CD56+),NKT cells (CD3+CD56+)
30042-6,Vigabatrin,MCnc,Pt,Ser/Plas,Qn,,Vigabatrin (Sabril),Vigabatrin (Sabril)
3999-0,Protriptyline,MCnc,Pt,Ser/Plas,Qn,,Protriptyline (Vivactyl),Protriptyline (Vivactyl)
3807-5,Methylphenidate,MCnc,Pt,Ser/Plas,Qn,,Methylphenidate (Ritalin),Methylphenidate (Ritalin)
3927-1,Perphenazine,MCnc,Pt,Ser/Plas,Qn,,Perphenazine,Perphenazine
17283-3,Mirtazapine,MCnc,Pt,Ser/Plas,Qn,,Mirtazapine,Mirtazapine
6953-4,Zolpidem,MCnc,Pt,Ser/Plas,Qn,,"Zolpidem, SE","Zolpidem, SE"
8243-8,Styrene,MCnc,Pt,Bld,Qn,,Styrene,Styrene
12416-4,Sotalol,MCnc,Pt,Ser/Plas,Qn,,Sotalol,Sotalol
73690-0,Nateglinide,MCnc,Pt,Urine,Qn,,"Nateglinide, UR","Nateglinide, UR"
73689-2,Repaglinide,MCnc,Pt,Urine,Qn,,"Repaglinide, UR","Repaglinide, UR"
73691-8,Glimepiride,MCnc,Pt,Urine,Qn,,"Glimepiride, UR","Glimepiride, UR"
6906-2,Sertraline,MCnc,Pt,Ser/Plas,Qn,,Sertraline,Sertraline
6897-3,Norsertraline,MCnc,Pt,Ser/Plas,Qn,,Desmethylsertraline,Desmethylsertraline
9394-8,Risperidone+9-Hydroxyrisperidone,MCnc,Pt,Ser/Plas,Qn,,Combined Total,Combined Total
13487-4,Phenol/Creatinine,MRto,Pt,Urine,Qn,,Phenol,Phenol
2758-1,Phenol,MCnc,Pt,Urine,Qn,,Phenol,Phenol
34574-4,Path report.final diagnosis,Imp,Pt,Specimen,Nom,,Final Diagnosis,Final Diagnosis
20578-1,Vancomycin,MCnc,Pt,Ser/Plas,Qn,,"Vancomycin, Random, S","Vancomycin, Random, S"
4090-7,Vancomycin^peak,MCnc,Pt,Ser/Plas,Qn,,"Vancomycin, Peak, S","Vancomycin, Peak, S"
3663-2,Gentamicin^peak,MCnc,Pt,Ser/Plas,Qn,,"Gentamicin, Peak, S","Gentamicin, Peak, S"
35668-3,Gentamicin,MCnc,Pt,Ser/Plas,Qn,,"Gentamicin, Random, S","Gentamicin, Random, S"
73687-6,Methylenedioxypyrovalerone,Threshold,Pt,Urine,Ord,Screen:,MDPV,MDPV
73686-8,Methylone,Threshold,Pt,Urine,Ord,Screen:,Methylone,Methylone
3801-8,Methsuximide,MCnc,Pt,Ser/Plas,Qn,,Methsuximide,Methsuximide
16244-6,Methaqualone,MCnc,Pt,Urine,Qn,Confirm,"Methaqualone, Urine Quant","Methaqualone, Urine Quant"
11242-5,Mercaptopurine,MCnc,Pt,Ser/Plas,Qn,,6-Mercaptopurine,6-Mercaptopurine
3697-0,Isoniazid,MCnc,Pt,Ser/Plas,Qn,,"Isoniazid (INH), S","Isoniazid (INH), S"
5748-9,Tin,MCnc,Pt,Ser/Plas,Qn,,Tin,Tin
5747-1,Tin,MCnc,Pt,Bld,Qn,,Tin,Tin
75711-2,Date of autopsy,Date,Pt,^Patient,Qn,,Date of Autopsy:,Date of Autopsy:
46979-1,Flurazepam,MCnc,Pt,Ser/Plas,Qn,Confirm,Flurazepam,Flurazepam
46980-9,N-desalkylflurazepam,MCnc,Pt,Ser/Plas,Qn,Confirm,Desalkylflurazepam,Desalkylflurazepam
73826-0,Flurazepam+N-desalkylflurazepam,MCnc,Pt,Ser/Plas/Bld,Qn,Confirm,Flurazepam + Desalkylflurazepam,Flurazepam + Desalkylflurazepam
73829-4,7-Aminoflunitrazepam,MCnc,Pt,Ser/Plas/Bld,Qn,,7-Aminoflunitrazepam,7-Aminoflunitrazepam
73828-6,Flunitrazepam,MCnc,Pt,Ser/Plas/Bld,Qn,,Flunitrazepam,Flunitrazepam
6797-5,Cyclobenzaprine,MCnc,Pt,Ser/Plas,Qn,,Cyclobenzaprine (Flexeril),Cyclobenzaprine (Flexeril)
3589-9,Encainide,MCnc,Pt,Ser/Plas,Qn,,Encainide,Encainide
10997-5,O-desmethylencainide,MCnc,Pt,Ser/Plas,Qn,,o-Demethylencainide (ODE),o-Demethylencainide (ODE)
10973-6,3 methoxy O desmethylencainide,MCnc,Pt,Ser/Plas,Qn,,3-Methoxy-ODE (MODE),3-Methoxy-ODE (MODE)
9814-5,Dextroamphetamine,MCnc,Pt,Ser/Plas,Qn,,Dextroamphetamine,Dextroamphetamine
13623-4,Dextromethorphan,MCnc,Pt,Ser/Plas,Qn,,Dextromethorphan (DM),Dextromethorphan (DM)
8159-6,Beryllium,MCnc,Pt,Bld,Qn,,Beryllium,Beryllium
9384-9,Benztropine,MCnc,Pt,Ser/Plas,Qn,,Benztropine (Cogentin),Benztropine (Cogentin)
9330-2,Benzene,MCnc,Pt,Bld,Qn,,Benzene,Benzene
5589-7,Barium,MCnc,Pt,Ser/Plas,Qn,,Barium,Barium
3317-5,Amantadine,MCnc,Pt,Ser/Plas,Qn,,Amantadine,Amantadine
3537-8,Nordiazepam,MCnc,Pt,Ser/Plas,Qn,,Nordiazepam,Nordiazepam
3862-0,Nordoxepin,MCnc,Pt,Ser/Plas,Qn,,Nordoxepin,Nordoxepin
3582-4,Doxepin+Nordoxepin,MCnc,Pt,Ser/Plas,Qn,,Doxepin and Nordoxepin,Doxepin and Nordoxepin
3335-7,Amitriptyline+Nortriptyline,MCnc,Pt,Ser/Plas,Qn,,Amitriptyline and Nortriptyline,Amitriptyline and Nortriptyline
16362-6,Ammonia,SCnc,Pt,Plas,Qn,,"Ammonia, P","Ammonia, P"
3298-7,Acetaminophen,MCnc,Pt,Ser/Plas,Qn,,"Acetaminophen, S","Acetaminophen, S"
3579-0,Doxepin,MCnc,Pt,Ser/Plas,Qn,,Doxepin,Doxepin
3333-2,Amitriptyline,MCnc,Pt,Ser/Plas,Qn,,Amitriptyline,Amitriptyline
59323-6,Rufinamide,MCnc,Pt,Ser/Plas,Qn,,"Rufinamide, S","Rufinamide, S"
16279-2,Toxoplasma gondii DNA,ACnc,Pt,Bld,Ord,Probe.amp.tar,"Toxoplasma gondii PCR, B","Toxoplasma gondii PCR, B"
2871-2,Beta globulin,MCnc,Pt,Ser/Plas,Qn,Electrophoresis,Beta Globulin,Beta Globulin
2874-6,Gamma globulin,MCnc,Pt,Ser/Plas,Qn,Electrophoresis,Gamma,Gamma
25700-6,Interpretation,Imp,Pt,Ser/Plas,Nom,Immunofixation,Immunofixation,Immunofixation
49275-1,Interpretation,Imp,Pt,Ser/Plas,Nar,Immunofixation,SPEP-IFE Interpretation,SPEP-IFE Interpretation
2885-2,Protein,MCnc,Pt,Ser/Plas,Qn,,"Total Protein, Serum","Total Protein, Serum"
2865-4,Alpha 1 globulin,MCnc,Pt,Ser/Plas,Qn,Electrophoresis,Alpha 1 Globulin,Alpha 1 Globulin
2868-8,Alpha 2 globulin,MCnc,Pt,Ser/Plas,Qn,Electrophoresis,Alpha 2 Globulin,Alpha 2 Globulin
31666-1,Sulfate-3-Glucuronyl paragloboside Ab.IgM,ACnc,Pt,Ser,Qn,,"SGPG Antibody, IgM","SGPG Antibody, IgM"
32554-8,Thiamine,SCnc,Pt,Bld,Qn,,"Thiamin (Vitamin B1), WB","Thiamin (Vitamin B1), WB"
59297-2,Lacosamide,MCnc,Pt,Ser/Plas,Qn,,"Lacosamide, S","Lacosamide, S"
54089-8,Newborn screening panel,-,Pt,^Patient,-,AHIC,Supplemental Newborn Screen Result,Supplemental Newborn Screen Result
73817-9,Percent heparin inhibition,Ratio,Pt,Ser,Qn,,Heparin Inhibition,Heparin Inhibition
14804-9,Lactate dehydrogenase,CCnc,Pt,Ser/Plas,Qn,Reaction: lactate to pyruvate,"Lactate Dehydrogenase (LD), S","Lactate Dehydrogenase (LD), S"
2955-3,Sodium,SCnc,Pt,Urine,Qn,,"Sodium, Random, U","Sodium, Random, U"
2880-3,Protein,MCnc,Pt,CSF,Qn,,"Protein, Total, CSF","Protein, Total, CSF"
4092-3,Vancomycin^trough,MCnc,Pt,Ser/Plas,Qn,,"Vancomycin, Trough, S","Vancomycin, Trough, S"
2075-0,Chloride,SCnc,Pt,Ser/Plas,Qn,,"Chloride, S","Chloride, S"
19113-0,IgE,ACnc,Pt,Ser/Plas,Qn,,"Immunoglobulin E (IgE), S","Immunoglobulin E (IgE), S"
2132-9,Cobalamins,MCnc,Pt,Ser/Plas,Qn,,"Vitamin B12 Assay, S","Vitamin B12 Assay, S"
4548-4,Hemoglobin A1c/Hemoglobin.total,MFr,Pt,Bld,Qn,,"Hemoglobin A1c, B","Hemoglobin A1c, B"
2342-4,Glucose,MCnc,Pt,CSF,Qn,,"Glucose, CSF","Glucose, CSF"
2345-7,Glucose,MCnc,Pt,Ser/Plas,Qn,,"Glucose, Random, S","Glucose, Random, S"
41171-0,Collagen crosslinked C-telopeptide,MCnc,Pt,Ser/Plas,Qn,,"Beta-CrossLaps (B-CTx), S","Beta-CrossLaps (B-CTx), S"
17861-6,Calcium,MCnc,Pt,Ser/Plas,Qn,,"Calcium, Total, S","Calcium, Total, S"
1798-8,Amylase,CCnc,Pt,Ser/Plas,Qn,,"Amylase, Total, S","Amylase, Total, S"
6768-6,Alkaline phosphatase,CCnc,Pt,Ser/Plas,Qn,,"Alkaline Phosphatase, S","Alkaline Phosphatase, S"
718-7,Hemoglobin,MCnc,Pt,Bld,Qn,,Hemoglobin,Hemoglobin
62290-2,"1,25-Dihydroxyvitamin D",MCnc,Pt,Ser/Plas,Qn,,"1,25-Dihydroxyvitamin D, S","1,25-Dihydroxyvitamin D, S"
47401-5,CV2 Ab.IgG,ACnc,Pt,Ser,Ord,IB,"CRMP-5-IgG Western Blot, S","CRMP-5-IgG Western Blot, S"
6412-1,Giardia lamblia Ag,ACnc,Pt,Stool,Ord,EIA,"Giardia Ag, F","Giardia Ag, F"
1823-4,Alpha tocopherol,MCnc,Pt,Ser/Plas,Qn,,"A-Tocopherol, Vitamin E","A-Tocopherol, Vitamin E"
47547-5,5-Methyltetrahydrofolate,SCnc,Pt,CSF,Qn,,5-Methyltetrahydrofolate,5-Methyltetrahydrofolate
30067-3,Proline/Creatinine,Ratio,Pt,Urine,Qn,,Proline,Proline
30055-8,Phenylalanine/Creatinine,Ratio,Pt,Urine,Qn,,Phenylalanine,Phenylalanine
28588-2,Beta alanine/Creatinine,Ratio,Pt,Urine,Qn,,Beta-alanine,Beta-alanine
28602-1,Beta aminoisobutyrate/Creatinine,Ratio,Pt,Urine,Qn,,Beta-aminoisobutyric Acid,Beta-aminoisobutyric Acid
28606-2,1-Methylhistidine/Creatinine,Ratio,Pt,Urine,Qn,,1-Methylhistidine,1-Methylhistidine
30047-5,Histidine/Creatinine,Ratio,Pt,Urine,Qn,,Histidine,Histidine
28594-0,3-Methylhistidine/Creatinine,Ratio,Pt,Urine,Qn,,3-Methylhistidine,3-Methylhistidine
28599-9,Cystathionine/Creatinine,Ratio,Pt,Urine,Qn,,Cystathionine,Cystathionine
30063-2,Methionine/Creatinine,Ratio,Pt,Urine,Qn,,Methionine,Methionine
28598-1,Alpha aminoadipate/Creatinine,Ratio,Pt,Urine,Qn,,Alpha-aminoadipic Acid,Alpha-aminoadipic Acid
28590-8,Alpha aminobutyrate/Creatinine,Ratio,Pt,Urine,Qn,,Alpha-amino-n-butyric Acid,Alpha-amino-n-butyric Acid
30064-0,Valine/Creatinine,Ratio,Pt,Urine,Qn,,Valine,Valine
30056-6,Glutamine/Creatinine,Ratio,Pt,Urine,Qn,,Glutamine,Glutamine
30059-0,Glutamate/Creatinine,Ratio,Pt,Urine,Qn,,Glutamic Acid,Glutamic Acid
30161-4,Citrulline/Creatinine,Ratio,Pt,Urine,Qn,,Citrulline,Citrulline
30066-5,Glycine/Creatinine,Ratio,Pt,Urine,Qn,,Glycine,Glycine
30068-1,Alanine/Creatinine,Ratio,Pt,Urine,Qn,,Alanine,Alanine
30057-4,Threonine/Creatinine,Ratio,Pt,Urine,Qn,,Threonine,Threonine
28603-9,Asparagine/Creatinine,Ratio,Pt,Urine,Qn,,Asparagine,Asparagine
28595-7,Taurine/Creatinine,Ratio,Pt,Urine,Qn,,Taurine,Taurine
73908-6,Alloisoleucine/Creatinine,Ratio,Pt,Urine,Qn,,Allo-isoleucine,Allo-isoleucine
51754-0,Histoplasma capsulatum Ag ,Mcnc,Pt,CSF,Qn,EIA,Result:,Result:
5324-9,Rickettsia typhi Ab.IgG,Titr,Pt,Ser,Qn,IF,"Murine Typhus Antibodies, IgG","Murine Typhus Antibodies, IgG"
56254-6,Egg yolk Ab.IgG4,MCnc,Pt,Ser,Qn,,Egg Yolk IgG4,Egg Yolk IgG4
56449-2,Saccharomyces cerevisiae Ab.IgG4,MCnc,Pt,Ser,Qn,,Yeast(Saccharomyces cerevisiae)IgG4,Yeast(Saccharomyces cerevisiae)IgG4
8244-6,Titanium,MCnc,Pt,Ser/Plas,Qn,,"Titanium, S","Titanium, S"
75739-3,Desmosterol,MCnc,Pt,Ser/Plas,Qn,,Desmosterol,Desmosterol
75740-1,Lathosterol,MCnc,Pt,Ser/Plas,Qn,,Lathosterol,Lathosterol
75738-5,Campesterol,MCnc,Pt,Ser/Plas,Qn,,Campesterol,Campesterol
75741-9,Beta sitosterol,MCnc,Pt,Ser/Plas,Qn,,Sitosterol,Sitosterol
75709-6,Calcitonin,MCnc,Pt,Lymph node.FNA,Qn,,"Calcitonin, FNAB, Lymph Node","Calcitonin, FNAB, Lymph Node"
75708-8,Bruton tyrosine kinase,Imp,Pt,B cells+monocytes,Nar,Flow cytometry,"Btk Protein Flow, B","Btk Protein Flow, B"
13949-3,Cytomegalovirus Ab.IgG,ACnc,Pt,Ser,Ord,EIA,"Cytomegalovirus Ab, IgG, S","Cytomegalovirus Ab, IgG, S"
62467-6,Galactomannan Ag,ACnc,Pt,XXX,Qn,EIA,"Aspergillus Ag, BAL","Aspergillus Ag, BAL"
31002-9,Phoenix dactylifera Ab.IgE,ACnc,Pt,Ser,Qn,,"Date, Fruit, IgE","Date, Fruit, IgE"
25095-1,Deoxypyridinoline/Creatinine,SRto,Pt,Urine,Qn,,"Deoxypyridinoline, Urine-ratio to CRT","Deoxypyridinoline, Urine-ratio to CRT"
7555-6,Iris germanica var florentina Ab.IgE,ACnc,Pt,Ser,Qn,,Orris Root IgE,Orris Root IgE
29616-0,Stachybotrys chartarum Ab.IgE,ACnc,Pt,Ser,Qn,,Stachybotrys chartarum/atra IgE,Stachybotrys chartarum/atra IgE
6056-6,Bombus terrestris Ab.IgE,ACnc,Pt,Ser,Qn,,Venom Bumble Bee IgE,Venom Bumble Bee IgE
60377-9,Citrus paradisis Ab.IgG,MCnc,Pt,Ser,Qn,,Grapefruit IgG,Grapefruit IgG
63131-7,Carica papaya Ab.IgG,MCnc,Pt,Ser,Qn,,Papaya IgG,Papaya IgG
60391-0,Pyrus communis Ab.IgG,MCnc,Pt,Ser,Qn,,Pear IgG,Pear IgG
60395-1,Prunus domestica Ab.IgG,MCnc,Pt,Ser,Qn,,Plum IgG,Plum IgG
63083-0,Rubus idaeus Ab.IgG,MCnc,Pt,Ser,Qn,,Raspberry IgG,Raspberry IgG
60350-6,Prunus armeniaca Ab.IgG,MCnc,Pt,Ser,Qn,,Apricot IgG,Apricot IgG
63104-4,Vaccinium oxycoccos Ab.IgG,MCnc,Pt,Ser,Qn,,Cranberry IgG,Cranberry IgG
7307-2,Epidermophyton floccosum Ab.IgE,ACnc,Pt,Ser,Qn,,Epidermophyton floccosum IgE,Epidermophyton floccosum IgE
41213-0,Xanthan gum Ab.IgE,ACnc,Pt,Ser,Qn,,Gum Xanthan IgE,Gum Xanthan IgE
7667-9,Rheum spp Ab.IgE,ACnc,Pt,Ser,Qn,,Rhubarb IgE,Rhubarb IgE
7665-3,Rhodotorula spp Ab.IgE,ACnc,Pt,Ser,Qn,,Rhodotorula IgE,Rhodotorula IgE
7404-7,Carya ovata Ab.IgE,ACnc,Pt,Ser,Qn,,Hickory Shagbark (Carya ovata) IgE,Hickory Shagbark (Carya ovata) IgE
7400-5,Amaranthus tuberculatus Ab.IgE,ACnc,Pt,Ser,Qn,,Hemp Western Water IgE,Hemp Western Water IgE
7215-7,Cheese swiss Ab.IgE,ACnc,Pt,Ser,Qn,,Cheese Swiss IgE,Cheese Swiss IgE
60368-8,Ruditapes spp Ab.IgG,MCnc,Pt,Ser,Qn,,Clam IgG,Clam IgG
49099-5,Gadus morhua Ab.IgG,MCnc,Pt,Ser,Qn,,Codfish/Scrod IgG,Codfish/Scrod IgG
60383-7,Homarus gammarus Ab.IgG,MCnc,Pt,Ser,Qn,,Lobster IgG,Lobster IgG
60388-6,Ostrea edulis Ab.IgG,MCnc,Pt,Ser,Qn,,Oyster IgG,Oyster IgG
60404-1,Snapper red Ab.IgG,MCnc,Pt,Ser,Qn,,Red Snapper IgG,Red Snapper IgG
63134-1,Sardina pilchardus Ab.IgG,MCnc,Pt,Ser,Qn,,Sardine/Pilchard IgG,Sardine/Pilchard IgG
60405-8,Solea solea Ab.IgG,MCnc,Pt,Ser,Qn,,Sole IgG,Sole IgG
60409-0,Oncorhynchus mykiss Ab.IgG,MCnc,Pt,Ser,Qn,,Trout IgG,Trout IgG
60410-8,Thunnus albacares Ab.IgG,MCnc,Pt,Ser,Qn,,Tuna IgG,Tuna IgG
7744-6,Ailanthus altissima Ab.IgE,ACnc,Pt,Ser,Qn,,Tree of Heaven (Ailanthus spp) IgE,Tree of Heaven (Ailanthus spp) IgE
60380-3,Lamb Ab.IgG,MCnc,Pt,Ser,Qn,,Lamb-Mutton IgG,Lamb-Mutton IgG
7779-2,Atriplex canescens Ab.IgE,ACnc,Pt,Ser,Qn,,Wingscale (Atriplex canescens) IgE,Wingscale (Atriplex canescens) IgE
56405-4,Lycopersicon lycopersicum Ab.IgG4,MCnc,Pt,Ser,Qn,,Tomato IgG4,Tomato IgG4
56186-0,Musa spp Ab.IgG4,MCnc,Pt,Ser,Qn,,Banana IgG4,Banana IgG4
56222-3,Chocolate Ab.IgG4,MCnc,Pt,Ser,Qn,,Chocolate/Cacao IgG4,Chocolate/Cacao IgG4
56269-4,Goat milk Ab.IgG4,MCnc,Pt,Ser,Qn,,Milk Goat IgG4,Milk Goat IgG4
56333-8,Avena sativa Ab.IgG4,MCnc,Pt,Ser,Qn,,Oat IgG4,Oat IgG4
56338-7,Citrus sinensis Ab.IgG4,MCnc,Pt,Ser,Qn,,Orange IgG4,Orange IgG4
56379-1,Oryza sativa Ab.IgG4,MCnc,Pt,Ser,Qn,,Rice IgG4,Rice IgG4
63078-0,Fagopyrum esculentum Ab.IgG,MCnc,Pt,Ser,Qn,,Buckwheat IgG,Buckwheat IgG
63106-9,Phaseolus limensis Ab.IgG,MCnc,Pt,Ser,Qn,,Bean Lima IgG,Bean Lima IgG
7571-3,Vigna sinensis Ab.IgE,ACnc,Pt,Ser,Qn,,Pea Black Eyed/Cow Pea IgE,Pea Black Eyed/Cow Pea IgE
29868-7,Gamma hydroxybutyrate,ACnc,Pt,Urine,Ord,,GHB,GHB
7420-3,Armoracia rusticana Ab.IgE,ACnc,Pt,Ser,Qn,,Horseradish IgE,Horseradish IgE
46085-7,Gamma hydroxybutyrate,ACnc,Pt,Ser/Plas,Ord,,GHB,GHB
9426-8,Barbiturates,MCnc,Pt,Urine,Qn,,Barbiturates,Barbiturates
3641-8,Flunitrazepam,MCnc,Pt,Urine,Qn,,Flunitrazepam,Flunitrazepam
9428-4,Benzodiazepines,MCnc,Pt,Urine,Qn,,Benzodiazepines,Benzodiazepines
19501-6,Ketamine cutoff,MCnc,Pt,Urine,Qn,Screen,"Ketamine Screen, UR","Ketamine Screen, UR"
7065-6,Medicago sativa Ab.IgE,ACnc,Pt,Ser,Qn,,Alfalfa (Medicago sativa) IgE,Alfalfa (Medicago sativa) IgE
6030-1,Budgerigar feather Ab.IgE,ACnc,Pt,Ser,Qn,,Parrot Australian Feathers IgE,Parrot Australian Feathers IgE
16103-4,Gelatin porcine Ab.IgE,ACnc,Pt,Ser,Qn,,Gelatin Porcine IgE,Gelatin Porcine IgE
11173-2,Ficus carica Ab.IgE,ACnc,Pt,Ser,Qn,,Fig IgE,Fig IgE
7643-0,Raphanus sativus Ab.IgE,ACnc,Pt,Ser,Qn,,Radish IgE,Radish IgE
7787-5,Yogurt Ab.IgE,ACnc,Pt,Ser,Qn,,Yogurt IgE,Yogurt IgE
7101-9,Populus tremula Ab.IgE,ACnc,Pt,Ser,Qn,,Aspen (Populus tremuloides) IgE,Aspen (Populus tremuloides) IgE
7523-4,Prunus persica var nucipersica Ab.IgE,ACnc,Pt,Ser,Qn,,Nectarine IgE,Nectarine IgE
11167-4,Cockatiel feather Ab.IgE,ACnc,Pt,Ser,Qn,,Cockatiel Feathers IgE,Cockatiel Feathers IgE
7316-3,Flounder Ab.IgE,ACnc,Pt,Ser,Qn,,Flounder IgE,Flounder IgE
7534-1,Quercus rubra Ab.IgE,ACnc,Pt,Ser,Qn,,Oak Red (Quercus rubra) IgE,Oak Red (Quercus rubra) IgE
11190-6,Mentha piperita Ab.IgE,ACnc,Pt,Ser,Qn,,Mint IgE,Mint IgE
7195-1,Juniperus virginiana Ab.IgE,ACnc,Pt,Ser,Qn,,Cedar Red IgE,Cedar Red IgE
7733-9,Manihot esculenta crantz Ab.IgE,ACnc,Pt,Ser,Qn,,Tapioca IgE,Tapioca IgE
6024-4,Aspergillus flavus Ab.IgE,ACnc,Pt,Ser,Qn,,Aspergillus flavus IgE,Aspergillus flavus IgE
21471-8,Punica granatum Ab.IgE,ACnc,Pt,Ser,Qn,,Pomegranate IgE,Pomegranate IgE
7201-7,Cheese American Ab.IgE,ACnc,Pt,Ser,Qn,,Cheese American IgE,Cheese American IgE
11191-4,Pollachius virens Ab.IgE,ACnc,Pt,Ser,Qn,,Pollock White IgE,Pollock White IgE
7703-2,Ustilago maydis Ab.IgE,ACnc,Pt,Ser,Qn,,Smut Corn (Ustilago maydis) IgE,Smut Corn (Ustilago maydis) IgE
13917-0,Coccidioides immitis Ab,Titr,Pt,CSF,Qn,Comp fix,"Coccidioides Ab, CompF, CSF","Coccidioides Ab, CompF, CSF"
14975-7,Human antimouse Ab,MCnc,Pt,Ser,Qn,,Human Anti-mouse AB (HAMA),Human Anti-mouse AB (HAMA)
48404-8,Myeloperoxidase Ab.IgG,ACnc,Pt,Ser,Qn,,"Myeloperoxidase Ab, S","Myeloperoxidase Ab, S"
56301-5,Lactalbumin alpha Ab.IgG4,MCnc,Pt,Ser,Qn,,Alpha Lactalbumin IgG4,Alpha Lactalbumin IgG4
56438-5,Beef Ab.IgG4,MCnc,Pt,Ser,Qn,,Beef IgG4,Beef IgG4
56207-4,Casein Ab.IgG4,MCnc,Pt,Ser,Qn,,Casein IgG4,Casein IgG4
56218-1,Chicken Ab.IgG4,MCnc,Pt,Ser,Qn,,Chicken IgG4,Chicken IgG4
56255-3,Egg whole Ab.IgG4,MCnc,Pt,Ser,Qn,,Egg Whole IgG4,Egg Whole IgG4
56429-4,Solanum tuberosum Ab.IgG4,MCnc,Pt,Ser,Qn,,Potato White IgG4,Potato White IgG4
74676-8,Carbapenemase,Type,Pt,Isolate,Nom,Carbapenemase Nordmann-Poirel,Carbapenemase-Carba NP Test,Carbapenemase-Carba NP Test
60472-8,Complement C5.functional,ACnc,Pt,Ser/Plas,Qn,,"C5 Complement, Functional, S","C5 Complement, Functional, S"
35538-8,Saccharomyces cerevisiae Ab.IgG,MCnc,Pt,Ser,Qn,,Yeast Saccharomyces cerevisiae IgG,Yeast Saccharomyces cerevisiae IgG
51922-3,Malt Ab.IgG,MCnc,Pt,Ser,Qn,,Malt IgG,Malt IgG
25375-7,Chymotrypsin,CCnt,Pt,Stool,Qn,,"Chymotrypsin, Stool","Chymotrypsin, Stool"
12406-5,,,,,,,Nadolol,Nadolol
9311-2,,,,,,,Albuterol,Albuterol
5752-1,,,,,,,Uranium,Uranium
6892-4,Thyroxine.free,MCnc,Pt,Ser/Plas,Qn,Dialysis,"T4, Free, Direct Dialysis","T4, Free, Direct Dialysis"
10888-6,Triacylglycerol lipase,CCnc,Pt,Urine,Qn,,"Lipase, Urine","Lipase, Urine"
15358-5,Macroamylase,ACnc,Pt,Ser/Plas,Ord,,Macroamylase,Macroamylase
5244-9,Measles virus Ab.IgG,ACnc,Pt,Ser,Qn,EIA,Measles IgG Antibody Index,Measles IgG Antibody Index
25418-5,Mumps virus Ab.IgG,ACnc,Pt,Ser,Qn,EIA,Mumps IgG Antibody Index,Mumps IgG Antibody Index
5403-1,Varicella zoster virus Ab.IgG,ACnc,Pt,Ser,Qn,EIA,Varicella IgG Antibody Index,Varicella IgG Antibody Index
6476-6,Mumps virus Ab.IgG,ACnc,Pt,Ser,Ord,EIA,"Mumps Ab, IgG, S","Mumps Ab, IgG, S"
15410-4,Varicella zoster virus Ab.IgG,ACnc,Pt,Ser,Ord,EIA,"Varicella-Zoster Ab, IgG, S","Varicella-Zoster Ab, IgG, S"
29247-4,Sirolimus,MCnc,Pt,Bld,Qn,,"Sirolimus, B","Sirolimus, B"
26590-0,Beta aminoisobutyrate,SCnc,Pt,CSF,Qn,,Beta-aminoisobutyric Acid,Beta-aminoisobutyric Acid
69014-9,Lymphocyte proliferation.Candida albicans.maximum/CD45,NFr,Pt,Bld,Qn,Flow cytometry,Max Prolif of CA as % CD45,Max Prolif of CA as % CD45
69015-6,Lymphocyte proliferation.Candida albicans.maximum/CD3,NFr,Pt,Bld,Qn,Flow cytometry,Max Prolif of CA as % CD3,Max Prolif of CA as % CD3
69038-8,Lymphocyte proliferation.phytohemagglutinin.maximum/CD45,NFr,Pt,Bld,Qn,Flow cytometry,Max Prolif of PHA as % CD45,Max Prolif of PHA as % CD45
69019-8,Lymphocyte proliferation.pokeweed mitogen stimulation/CD45,NFr,Pt,Bld,Qn,Flow cytometry,Max Prolif of PWM as % CD45,Max Prolif of PWM as % CD45
69020-6,Lymphocyte proliferation.pokeweed mitogen stimulation/CD3,NFr,Pt,Bld,Qn,Flow cytometry,Max Prolif of PWM as % CD3,Max Prolif of PWM as % CD3
69037-0,Lymphocyte proliferation.pokeweed mitogen.maximum/CD19,NFr,Pt,Bld,Qn,Flow cytometry,Max Prolif of PWM as % CD19,Max Prolif of PWM as % CD19
50544-6,Everolimus,MCnc,Pt,Bld,Qn,,"Everolimus, B","Everolimus, B"
24053-1,Alpha mannosidase,CCnt,Pt,WBC,Qn,,"Alpha-Mannosidase, Leukocytes","Alpha-Mannosidase, Leukocytes"
1974-5,Bilirubin,MCnc,Pt,Body fld,Qn,,Bilirubin (BF),Bilirubin (BF)
2685-6,Alpha-1-Acid glycoprotein,MCnc,Pt,Ser/Plas,Qn,,Alpha-1-Acid Glycoprotein,Alpha-1-Acid Glycoprotein
40622-3,Carcinoembryonic Ag,MCnc,Pt,Periton fld,Qn,,"CEA, Peritoneal Fluid","CEA, Peritoneal Fluid"
63418-8,Lactalbumin alpha Ab.IgG,MCnc,Pt,Ser,Qn,,Alpha Lactalbumin IgG,Alpha Lactalbumin IgG
46436-2,Histamine,SCnc,Pt,Bld,Qn,,"Histamine, Whole Blood","Histamine, Whole Blood"
2639-3,Myoglobin,MCnc,Pt,Ser/Plas,Qn,,"Myoglobin, S","Myoglobin, S"
12480-0,Angiotensin converting enzyme,CCnc,Pt,CSF,Qn,,Angiotensin Convert Enzyme CSF,Angiotensin Convert Enzyme CSF
62419-7,Galectin 3,MCnc,Pt,Ser/Plas,Qn,,"Galectin-3, S","Galectin-3, S"
57884-9,Cucumis melo spp Ab.IgE,ACnc,Pt,Ser,Qn,,"Melons, IgE","Melons, IgE"
5058-3,Blastomyces dermatitidis Ab,ACnc,Pt,Ser,Ord,Immune diffusion,Blastomyces Immunodiffusion,Blastomyces Immunodiffusion
12781-1,Borrelia burgdorferi Ab band pattern,Imp,Pt,Ser,Nom,IB,Interpretation,Interpretation
5583-0,Arsenic,MCnc,Pt,Bld,Qn,,"Arsenic, B","Arsenic, B"
10992-6,Norclozapine,MCnc,Pt,Ser/Plas,Qn,,Norclozapine,Norclozapine
12375-2,Clozapine+Norclozapine,MCnc,Pt,Ser/Plas,Qn,,Clozapine+Norclozapine Total,Clozapine+Norclozapine Total
22670-4,Alloisoleucine,SCnc,Pt,Ser/Plas,Qn,,Allo-isoleucine,Allo-isoleucine
20657-3,Taurine,SCnc,Pt,Ser/Plas,Qn,,Taurine,Taurine
20658-1,Threonine,SCnc,Pt,Ser/Plas,Qn,,Threonine,Threonine
20638-3,Asparagine,SCnc,Pt,Ser/Plas,Qn,,Asparagine,Asparagine
20655-7,Proline,SCnc,Pt,Ser/Plas,Qn,,Proline,Proline
20644-1,Glycine,SCnc,Pt,Ser/Plas,Qn,,Glycine,Glycine
20634-2,Alpha aminobutyrate,SCnc,Pt,Ser/Plas,Qn,,Alpha-amino-n-butyric Acid,Alpha-amino-n-butyric Acid
22672-0,Cystine,SCnc,Pt,Ser/Plas,Qn,,Cystine,Cystine
20648-2,Isoleucine,SCnc,Pt,Ser/Plas,Qn,,Isoleucine,Isoleucine
20660-7,Tyrosine,SCnc,Pt,Ser/Plas,Qn,,Tyrosine,Tyrosine
26604-9,Beta alanine,SCnc,Pt,Ser/Plas,Qn,,Beta-Alanine,Beta-Alanine
20650-8,Lysine,SCnc,Pt,Ser/Plas,Qn,,Lysine,Lysine
20637-5,Arginine,SCnc,Pt,Ser/Plas,Qn,,Arginine,Arginine
20656-5,Serine,SCnc,Pt,Ser/Plas,Qn,,Serine,Serine
20643-3,Glutamine,SCnc,Pt,Ser/Plas,Qn,,Glutamine,Glutamine
20642-5,Glutamate,SCnc,Pt,Ser/Plas,Qn,,Glutamic Acid,Glutamic Acid
20640-9,Citrulline,SCnc,Pt,Ser/Plas,Qn,,Citrulline,Citrulline
20636-7,Alanine,SCnc,Pt,Ser/Plas,Qn,,Alanine,Alanine
20661-5,Valine,SCnc,Pt,Ser/Plas,Qn,,Valine,Valine
20649-0,Leucine,SCnc,Pt,Ser/Plas,Qn,,Leucine,Leucine
14875-9,Phenylalanine,SCnc,Pt,Ser/Plas,Qn,,Phenylalanine,Phenylalanine
20652-4,Ornithine,SCnc,Pt,Ser/Plas,Qn,,Ornithine,Ornithine
20645-8,Histidine,SCnc,Pt,Ser/Plas,Qn,,Histidine,Histidine
21198-7,Choriogonadotropin.beta subunit,ACnc,Pt,Ser/Plas,Qn,,"Beta-HCG, Quantitative, S","Beta-HCG, Quantitative, S"
34444-0,Acarboxyprothrombin,MCnc,Pt,Ser/Plas,Qn,,"Des-Gamma-Carboxy Prothrombin, S","Des-Gamma-Carboxy Prothrombin, S"
2924-9,Riboflavin,MCnc,Pt,Ser/Plas,Qn,,"Riboflavin (Vitamin B2), P","Riboflavin (Vitamin B2), P"
62316-5,Acid sphingomyelinase,CCnc,Pt,Bld.dot,Qn,,Sphingomyelinase,Sphingomyelinase
55827-0,Acid alpha glucosidase,CCnc,Pt,Bld.dot,Qn,,Acid Alpha-Glucosidase,Acid Alpha-Glucosidase
55908-8,Alpha galactosidase A,CCnc,Pt,Bld.dot,Qn,,Alpha-Galactosidase,Alpha-Galactosidase
55909-6,Alpha-L-iduronidase,CCnc,Pt,Bld.dot,Qn,,Alpha-L-Iduronidase,Alpha-L-Iduronidase
62301-7,Lysosomal storage disorders,Imp,Pt,Bld.dot,Nom,,Interpretation (PLSD),Interpretation (PLSD)
26605-6,Beta aminoisobutyrate,SCnc,Pt,Ser/Plas,Qn,,Beta-aminoisobutyric Acid,Beta-aminoisobutyric Acid
20633-4,1-Methylhistidine,SCnc,Pt,Ser/Plas,Qn,,1-Methylhistidine,1-Methylhistidine
20635-9,3-Methylhistidine,SCnc,Pt,Ser/Plas,Qn,,3-Methylhistidine,3-Methylhistidine
55876-7,Homocitrulline,SCnc,Pt,Ser/Plas,Qn,,Homocitrulline,Homocitrulline
20647-4,Hydroxyproline,SCnc,Pt,Ser/Plas,Qn,,Hydroxyproline,Hydroxyproline
20639-1,Aspartate,SCnc,Pt,Ser/Plas,Qn,,Aspartic Acid,Aspartic Acid
26608-0,Ethanolamine,SCnc,Pt,Ser/Plas,Qn,,Ethanolamine,Ethanolamine
26613-0,Sarcosine,SCnc,Pt,Ser/Plas,Qn,,Sarcosine,Sarcosine
26609-8,Gamma aminobutyrate,SCnc,Pt,Ser/Plas,Qn,,Gamma-amino-n-butyric Acid,Gamma-amino-n-butyric Acid
26610-6,Hydroxylysine,SCnc,Pt,Ser/Plas,Qn,,Hydroxylysine,Hydroxylysine
20659-9,Tryptophan,SCnc,Pt,Ser/Plas,Qn,,Tryptophan,Tryptophan
26600-7,Alpha aminoadipate,SCnc,Pt,Ser/Plas,Qn,,Alpha-aminoadipic Acid,Alpha-aminoadipic Acid
9622-2,Phytonadione,MCnc,Pt,Ser/Plas,Qn,,"Vitamin K1, S","Vitamin K1, S"
24312-1,Treponema pallidum Ab,ACnc,Pt,Ser,Ord,Aggl,"Syphilis Ab by TP-PA, S","Syphilis Ab by TP-PA, S"
9811-1,Chromogranin A,MCnc,Pt,Ser/Plas,Qn,,"Chromogranin A, S","Chromogranin A, S"
13503-8,Borrelia burgdorferi Ab.IgM band pattern,Imp,Pt,Ser,Nom,IB,IgM detected against:,IgM detected against:
13502-0,Borrelia burgdorferi Ab.IgG band pattern,Imp,Pt,Ser,Nom,IB,IgG detected against:,IgG detected against:
50781-4,Cancer Ag 19-9,ACnc,Pt,Periton fld,Qn,,"CA 19-9, Peritoneal Fluid","CA 19-9, Peritoneal Fluid"
32229-7,Argininosuccinate/Creatinine,Ratio,Pt,Urine,Qn,,Argininosuccinic Acid,Argininosuccinic Acid
32248-7,Homocitrulline/Creatinine,Ratio,Pt,Urine,Qn,,Homocitrulline,Homocitrulline
30061-6,Aspartate/Creatinine,Ratio,Pt,Urine,Qn,,Aspartic Acid,Aspartic Acid
28610-4,Sarcosine/Creatinine,Ratio,Pt,Urine,Qn,,Sarcosine,Sarcosine
30050-9,Hydroxylysine/Creatinine,Ratio,Pt,Urine,Qn,,Hydroxylysine,Hydroxylysine
28601-3,Hydroxyproline/Creatinine,Ratio,Pt,Urine,Qn,,Hydroxyproline,Hydroxyproline
28605-4,Ethanolamine/Creatinine,Ratio,Pt,Urine,Qn,,Ethanolamine,Ethanolamine
28593-2,Gamma aminobutyrate/Creatinine,Ratio,Pt,Urine,Qn,,Gamma-amino-n-butyric Acid,Gamma-amino-n-butyric Acid
26598-3,Sarcosine,SCnc,Pt,CSF,Qn,,Sarcosine,Sarcosine
26589-2,Beta alanine,SCnc,Pt,CSF,Qn,,Beta-alanine,Beta-alanine
26584-3,1-Methylhistidine,SCnc,Pt,CSF,Qn,,1-Methylhistidine,1-Methylhistidine
2722-7,Pantothenate,MCnc,Pt,Ser/Plas/Bld,Qn,,Pantothenic Acid (B-5) Bioassay,Pantothenic Acid (B-5) Bioassay
22655-5,Aspartate,SCnc,Pt,CSF,Qn,,Aspartic Acid,Aspartic Acid
2469-5,IgG subclass 4,MCnc,Pt,Ser,Qn,,"IgG4, Ig Subclasses","IgG4, Ig Subclasses"
19163-5,Cancer Ag 19-9,ACnc,Pt,Plr fld,Qn,,"CA 19-9, Pleural Fluid","CA 19-9, Pleural Fluid"
32594-4,Tacrolimus,Mass,Pt,Dose,Qn,,"Dose, mg","Dose, mg"
6194-5,Citrus sinensis Ab.IgE,ACnc,Pt,Ser,Qn,,"Orange, IgE","Orange, IgE"
2697-1,Osteocalcin,MCnc,Pt,Ser/Plas,Qn,,"Osteocalcin, S","Osteocalcin, S"
7557-2,Ovomucoid Ab.IgE,ACnc,Pt,Ser,Qn,,"Ovomucoid, IgE","Ovomucoid, IgE"
20420-6,Acid phosphatase.prostatic,MCnc,Pt,Ser,Qn,,"Prostatic Acid Phosphatase, S","Prostatic Acid Phosphatase, S"
7601-8,Phthalic anhydride Ab.IgE,ACnc,Pt,Ser,Qn,,"Phthalic Anhydride, IgE","Phthalic Anhydride, IgE"
6189-5,Quercus alba Ab.IgE,ACnc,Pt,Ser,Qn,,"Oak, IgE","Oak, IgE"
6093-9,Avena sativa cultivated Ab.IgE,ACnc,Pt,Ser,Qn,,"Cultivated Oat, IgE","Cultivated Oat, IgE"
6190-3,Avena sativa Ab.IgE,ACnc,Pt,Ser,Qn,,"Oat, IgE","Oat, IgE"
10944-7,Octopus vulgaris Ab.IgE,ACnc,Pt,Ser,Qn,,"Octopus, IgE","Octopus, IgE"
6192-9,Olea europaea pollen Ab.IgE,ACnc,Pt,Ser,Qn,,"Olive-Tree, IgE","Olive-Tree, IgE"
6193-7,Allium cepa Ab.IgE,ACnc,Pt,Ser,Qn,,"Onion, IgE","Onion, IgE"
6195-2,Dactylis glomerata Ab.IgE,ACnc,Pt,Ser,Qn,,"Orchard Grass, IgE","Orchard Grass, IgE"
7552-3,Origanum vulgare Ab.IgE,ACnc,Pt,Ser,Qn,,"Oregano, IgE","Oregano, IgE"
7556-4,Ovalbumin Ab.IgE,ACnc,Pt,Ser,Qn,,"Ovalbumin, IgE","Ovalbumin, IgE"
14862-7,Oxalate,SRat,24H,Urine,Qn,,"Oxalate, 24 Hr, U (mmol/24 hr)","Oxalate, 24 Hr, U (mmol/24 hr)"
6196-0,Chrysanthemum leucanthemum Ab.IgE,ACnc,Pt,Ser,Qn,,"Ox-Eye Daisy, IgE","Ox-Eye Daisy, IgE"
7558-0,Ostrea edulis Ab.IgE,ACnc,Pt,Ser,Qn,,"Oyster, IgE","Oyster, IgE"
6216-6,Phoma betae Ab.IgE,ACnc,Pt,Ser,Qn,,"Phoma Betae, IgE","Phoma Betae, IgE"
10948-8,Pigeon feather Ab.IgE,ACnc,Pt,Ser,Qn,,"Pigeon Feathers, IgE","Pigeon Feathers, IgE"
2701-1,Oxalate,MRat,24H,Urine,Qn,,"Oxalate, 24 Hr, U (mg/24 hr)","Oxalate, 24 Hr, U (mg/24 hr)"
7563-0,Capsicum annuum Ab.IgE,ACnc,Pt,Ser,Qn,,"Paprika, IgE","Paprika, IgE"
6850-2,Carica papaya Ab.IgE,ACnc,Pt,Ser,Qn,,"Papaya, IgE","Papaya, IgE"
6851-0,Penicillin G Ab.IgE,ACnc,Pt,Ser,Qn,,"Penicillin G, IgE","Penicillin G, IgE"
40960-7,Parietal cell Ab.IgG,ACnc,Pt,Ser,Qn,,"Parietal Cell Ab, IgG, S","Parietal Cell Ab, IgG, S"
6207-5,Pyrus communis Ab.IgE,ACnc,Pt,Ser,Qn,,"Pear, IgE","Pear, IgE"
10947-0,Diospyros kaki Ab.IgE,ACnc,Pt,Ser,Qn,,"Persimmon, IgE","Persimmon, IgE"
6205-9,Prunus persica Ab.IgE,ACnc,Pt,Ser,Qn,,"Peach, IgE","Peach, IgE"
10946-2,Passiflora edulis Ab.IgE,ACnc,Pt,Ser,Qn,,"Passion Fruit, IgE","Passion Fruit, IgE"
6853-6,Prunus domestica Ab.IgE,ACnc,Pt,Ser,Qn,,"Plum, IgE","Plum, IgE"
6220-8,Solanum tuberosum Ab.IgE,ACnc,Pt,Ser,Qn,,"White Potato, IgE","White Potato, IgE"
6210-9,Penicillin V Ab.IgE,ACnc,Pt,Ser,Qn,,"Penicillin V, IgE","Penicillin V, IgE"
6262-0,Swine epithelium Ab.IgE,ACnc,Pt,Ser,Qn,,"Pig Epithelium, IgE","Pig Epithelium, IgE"
10954-6,Pinus edulis Ab.IgE,ACnc,Pt,Ser,Qn,,"Pine Nut, IgE","Pine Nut, IgE"
6199-4,Parietaria judaica Ab.IgE,ACnc,Pt,Ser,Qn,,"Parietaria Judaica, IgE","Parietaria Judaica, IgE"
6218-2,Ananas comosus Ab.IgE,ACnc,Pt,Ser,Qn,,"Pineapple, IgE","Pineapple, IgE"
7623-2,Papaver somniferum Ab.IgE,ACnc,Pt,Ser,Qn,,"Poppy Seed, IgE","Poppy Seed, IgE"
777-3,Platelets,NCnc,Pt,Bld,Qn,Automated count,Platelet Count,Platelet Count
7613-3,Pistacia vera Ab.IgE,ACnc,Pt,Ser,Qn,,"Pistachio, IgE","Pistachio, IgE"
10959-5,Pleuronectes platessa Ab.IgE,ACnc,Pt,Ser,Qn,,"Plaice, IgE","Plaice, IgE"
6200-0,Parietaria officinalis Ab.IgE,ACnc,Pt,Ser,Qn,,"Parietaria Officinalis, IgE","Parietaria Officinalis, IgE"
6219-0,Pork Ab.IgE,ACnc,Pt,Ser,Qn,,"Pork, IgE","Pork, IgE"
2779-7,Phosphate,MRat,24H,Urine,Qn,,"Phosphorus, 24 HR, U","Phosphorus, 24 HR, U"
6252-1,Stemphylium botryosum Ab.IgE,ACnc,Pt,Ser,Qn,,"Stemphyllium, IgE","Stemphyllium, IgE"
7737-0,Thymus vulgaris Ab.IgE,ACnc,Pt,Ser,Qn,,"Thyme, IgE","Thyme, IgE"
3092-4,Urea,MCnc,Pt,Urine,Qn,,"Urea, Random, U","Urea, Random, U"
33613-1,Sjogrens syndrome-B extractable nuclear Ab.IgG,ACnc,Pt,Ser,Qn,,"SS-B/La Ab, IgG, S","SS-B/La Ab, IgG, S"
33610-7,Sjogrens syndrome-A extractable nuclear Ab.IgG,ACnc,Pt,Ser,Qn,,"SS-A/Ro Ab, IgG, S","SS-A/Ro Ab, IgG, S"
6257-0,Fragaria vesca Ab.IgE,ACnc,Pt,Ser,Qn,,"Strawberry, IgE","Strawberry, IgE"
7726-3,Helianthus annuus pollen Ab.IgE,ACnc,Pt,Ser,Qn,,"Sunflower, IgE","Sunflower, IgE"
6258-8,Helianthus annuus seed Ab.IgE,ACnc,Pt,Ser,Qn,,"Sunflower Seed, IgE","Sunflower Seed, IgE"
12920-5,Sulfate,MCnc,24H,Urine,Qn,,"Sulfate Concentration, 24 Hr, U","Sulfate Concentration, 24 Hr, U"
7728-9,Xiphias gladius Ab.IgE,ACnc,Pt,Ser,Qn,,"Swordfish, IgE","Swordfish, IgE"
3021-3,Thyroxine binding globulin,MCnc,Pt,Ser/Plas,Qn,,"Thyroxine Binding Globulin, S","Thyroxine Binding Globulin, S"
16142-2,Fat,MRat,24H,Stool,Qn,,Total Fecal Fat/24 Hr,Total Fecal Fat/24 Hr
6085-5,Ambrosia elatior Ab.IgE,ACnc,Pt,Ser,Qn,,"Short Ragweed, IgE","Short Ragweed, IgE"
6245-5,Sheep wool Ab.IgE,ACnc,Pt,Ser,Qn,,"Sheep Wool, IgE","Sheep Wool, IgE"
7947-5,Legionella pneumophila Ab,ACnc,Pt,Ser,Ord,,"Legionella Pneumophila Ab, S","Legionella Pneumophila Ab, S"
18323-6,Smith extractable nuclear Ab.IgG,ACnc,Pt,Ser,Qn,,"Sm Ab, IgG, S","Sm Ab, IgG, S"
6240-6,Seminal fluid Ab.IgE,ACnc,Pt,Ser,Qn,,"Seminal Fluid, IgE","Seminal Fluid, IgE"
11200-3,Helix aspersa Ab.IgE,ACnc,Pt,Ser,Qn,,"Snail, IgE","Snail, IgE"
9780-8,Spermatozoa,NCnc,Pt,Semen,Qn,,Sperm/mL,Sperm/mL
7709-9,Solea solea Ab.IgE,ACnc,Pt,Ser,Qn,,"Sole, IgE","Sole, IgE"
6244-8,Rumex acetosella Ab.IgE,ACnc,Pt,Ser,Qn,,"Red Sorrel, IgE","Red Sorrel, IgE"
6248-9,Glycine max Ab.IgE,ACnc,Pt,Ser,Qn,,"Soybean, IgE","Soybean, IgE"
6856-9,Spinacia oleracea Ab.IgE,ACnc,Pt,Ser,Qn,,"Spinach, IgE","Spinach, IgE"
7627-3,Ipomoea batatas Ab.IgE,ACnc,Pt,Ser,Qn,,"Sweet Potato, IgE","Sweet Potato, IgE"
6857-7,Picea excelsa Ab.IgE,ACnc,Pt,Ser,Qn,,"Spruce, IgE","Spruce, IgE"
6237-2,Salmo salar Ab.IgE,ACnc,Pt,Ser,Qn,,"Salmon, IgE","Salmon, IgE"
30989-8,Sardinops melanostictus Ab.IgE,ACnc,Pt,Ser,Qn,,"Sardine (Pilchard), IgE","Sardine (Pilchard), IgE"
7713-1,Squash Ab.IgE,ACnc,Pt,Ser,Qn,,"Squash, IgE","Squash, IgE"
14038-4,Todarodes pacificus Ab.IgE,ACnc,Pt,Ser,Qn,,"Pacific Squid, IgE","Pacific Squid, IgE"
6858-5,Loligo sp Ab.IgE,ACnc,Pt,Ser,Qn,,"Squid, IgE","Squid, IgE"
24165-3,Beta vulgaris seed Ab.IgE,ACnc,Pt,Ser,Qn,,"Sugarbeet Seed, IgE","Sugarbeet Seed, IgE"
7691-9,Pecten spp Ab.IgE,ACnc,Pt,Ser,Qn,,"Scallop, IgE","Scallop, IgE"
6239-8,Atriplex lentiformis Ab.IgE,ACnc,Pt,Ser,Qn,,"Scale, IgE","Scale, IgE"
6260-4,Liquidambar styraciflua Ab.IgE,ACnc,Pt,Ser,Qn,,"Sweet Gum, IgE","Sweet Gum, IgE"
28660-9,Plasminogen actual/Normal,RelCCnc,Pt,PPP,Qn,Chromo,"Plasminogen Activity, P","Plasminogen Activity, P"
6203-4,Petroselinum crispum Ab.IgE,ACnc,Pt,Ser,Qn,,"Parsley, IgE","Parsley, IgE"
7632-3,Ligustrum vulgare Ab.IgE,ACnc,Pt,Ser,Qn,,"Privet Tree, IgE","Privet Tree, IgE"
11193-0,Cucurbita pepo seed Ab.IgE,ACnc,Pt,Ser,Qn,,"Pumpkin Seed, IgE","Pumpkin Seed, IgE"
6222-4,Syagrus romanzoffianum Ab.IgE,ACnc,Pt,Ser,Qn,,"Queen Palm, IgE","Queen Palm, IgE"
6246-3,Pandalus borealis Ab.IgE,ACnc,Pt,Ser,Qn,,"Shrimp, IgE","Shrimp, IgE"
7642-2,Rabbit meat Ab.IgE,ACnc,Pt,Ser,Qn,,"Rabbit Meat, IgE","Rabbit Meat, IgE"
6229-9,Rhizopus nigricans Ab.IgE,ACnc,Pt,Ser,Qn,,"Rhizopus Nigricans, IgE","Rhizopus Nigricans, IgE"
53892-6,Ribosomal P Ab.IgG,ACnc,Pt,Ser,Qn,,"Ribosome P Ab, IgG, S","Ribosome P Ab, IgG, S"
6230-7,Oryza sativa Ab.IgE,ACnc,Pt,Ser,Qn,,"Rice, IgE","Rice, IgE"
2828-2,Potassium,SCnc,Pt,Urine,Qn,,"Potassium, Random, U","Potassium, Random, U"
6233-1,Pigweed rough Ab.IgE,ACnc,Pt,Ser,Qn,,"Rough Pigweed, IgE","Rough Pigweed, IgE"
10960-3,Rabbit serum proteins Ab.IgE,ACnc,Pt,Ser,Qn,,"Rabbit Serum Proteins, IgE","Rabbit Serum Proteins, IgE"
6225-7,Rat serum proteins Ab.IgE,ACnc,Pt,Ser,Qn,,"Rat Serum Protein, IgE","Rat Serum Protein, IgE"
6226-5,Rat urine proteins Ab.IgE,ACnc,Pt,Ser,Qn,,"Rat Urine Protein, IgE","Rat Urine Protein, IgE"
10961-1,Rabbit urine proteins Ab.IgE,ACnc,Pt,Ser,Qn,,"Rabbit Urine Proteins, IgE","Rabbit Urine Proteins, IgE"
6224-0,Rat epithelium Ab.IgE,ACnc,Pt,Ser,Qn,,"Rat Epithelium, IgE","Rat Epithelium, IgE"
6234-9,Salsola kali Ab.IgE,ACnc,Pt,Ser,Qn,,"Russian Thistle, IgE","Russian Thistle, IgE"
11194-8,Brassica napus pollen Ab.IgE,ACnc,Pt,Ser,Qn,,"Rape Weed, IgE","Rape Weed, IgE"
7674-5,Secale cereale Ab.IgE,ACnc,Pt,Ser,Qn,,"Rye, IgE","Rye, IgE"
7369-2,Lolium perenne Ab.IgE,ACnc,Pt,Ser,Qn,,"Rye Grass, IgE","Rye Grass, IgE"
789-8,Erythrocytes,NCnc,Pt,Bld,Qn,Automated count,Erythrocytes,Erythrocytes
2078-4,Chloride,SCnc,Pt,Urine,Qn,,"Chloride, Random, U","Chloride, Random, U"
6228-1,Agrostis stolonifera Ab.IgE,ACnc,Pt,Ser,Qn,,"Red Top, IgE","Red Top, IgE"
6855-1,Phragmites communis Ab.IgE,ACnc,Pt,Ser,Qn,,"Common Reed, IgE","Common Reed, IgE"
6223-2,Rabbit epithelium Ab.IgE,ACnc,Pt,Ser,Qn,,"Rabbit Epithelium, IgE","Rabbit Epithelium, IgE"
33571-1,Jo-1 extractable nuclear Ab.IgG,ACnc,Pt,Ser,Qn,,"Jo 1 Ab, IgG, S","Jo 1 Ab, IgG, S"
15066-4,Fatty acids.nonesterified,SCnc,Pt,Ser/Plas,Qn,,"Free Fatty Acids, Total, S","Free Fatty Acids, Total, S"
2956-1,Sodium,SRat,24H,Urine,Qn,,"Sodium, 24 HR, U","Sodium, 24 HR, U"
742-7,Monocytes,NCnc,Pt,Bld,Qn,Automated count,"Monocytes, Abs","Monocytes, Abs"
6180-4,Mouse serum proteins Ab.IgE,ACnc,Pt,Ser,Qn,,"Mouse Serum Protein, IgE","Mouse Serum Protein, IgE"
6186-1,Urtica dioica Ab.IgE,ACnc,Pt,Ser,Qn,,"Nettle, IgE","Nettle, IgE"
6188-7,Nutmeg Ab.IgE,ACnc,Pt,Ser,Qn,,"Nutmeg, IgE","Nutmeg, IgE"
15060-7,Enolase.neuron specific,MCnc,Pt,Ser/Plas,Qn,,"Neuron Specific Enolase, S","Neuron Specific Enolase, S"
44802-7,Enolase.neuron specific,MCnc,Pt,CSF,Qn,,"Neuron Specific Enolase, CSF","Neuron Specific Enolase, CSF"
42531-4,Spermatozoa.motile,NCnc,Pt,Semen,Qn,,Motile/mL,Motile/mL
6478-2,Mumps virus Ab.IgM,ACnc,Pt,Ser,Ord,EIA,"Mumps Ab, IgM, S","Mumps Ab, IgM, S"
7502-8,Moth Ab.IgE,ACnc,Pt,Ser,Qn,,"Moth, IgE","Moth, IgE"
6181-2,Mouse urine proteins Ab.IgE,ACnc,Pt,Ser,Qn,,"Mouse Urine Protein, IgE","Mouse Urine Protein, IgE"
6179-6,Mouse epithelium Ab.IgE,ACnc,Pt,Ser,Qn,,"Mouse Epithelium, IgE","Mouse Epithelium, IgE"
6177-0,Aedes communis Ab.IgE,ACnc,Pt,Ser,Qn,,"Mosquito Spp., IgE","Mosquito Spp., IgE"
6185-3,Mustard Ab.IgE,ACnc,Pt,Ser,Qn,,"Mustard, IgE","Mustard, IgE"
6183-8,Artemisia vulgaris Ab.IgE,ACnc,Pt,Ser,Qn,,"Mugwort, IgE","Mugwort, IgE"
6281-0,Morus alba Ab.IgE,ACnc,Pt,Ser,Qn,,"Mulberry, IgE","Mulberry, IgE"
44449-7,Beta 2 glycoprotein 1 Ab.IgM,ACnc,Pt,Ser,Qn,EIA,"Beta 2 GP1 Ab IgM, S","Beta 2 GP1 Ab IgM, S"
6068-1,Cheese mold type Ab.IgE,ACnc,Pt,Ser,Qn,,"Cheese, Mold, IgE","Cheese, Mold, IgE"
6169-7,Festuca elatior Ab.IgE,ACnc,Pt,Ser,Qn,,"Meadow Fescue, IgE","Meadow Fescue, IgE"
10939-7,Lepidorhombus whiffiagonis Ab.IgE,ACnc,Pt,Ser,Qn,,"Megrim, IgE","Megrim, IgE"
6171-3,Melaleuca leucadendron Ab.IgE,ACnc,Pt,Ser,Qn,,"Melaleuca Leucadendron, IgE","Melaleuca Leucadendron, IgE"
6848-6,Agaricus hortensis Ab.IgE,ACnc,Pt,Ser,Qn,,"Mushroom, IgE","Mushroom, IgE"
6048-3,Mytilus edulis Ab.IgE,ACnc,Pt,Ser,Qn,,"Blue Mussel, IgE","Blue Mussel, IgE"
6173-9,Prosopis juliflora Ab.IgE,ACnc,Pt,Ser,Qn,,"Mesquite, IgE","Mesquite, IgE"
6170-5,Alopercurus pratensis Ab.IgE,ACnc,Pt,Ser,Qn,,"Meadow Foxtail, IgE","Meadow Foxtail, IgE"
19123-9,Magnesium,MCnc,Pt,Ser/Plas,Qn,,"Magnesium, S","Magnesium, S"
731-0,Lymphocytes,NCnc,Pt,Bld,Qn,Automated count,"Lymphocytes, Abs","Lymphocytes, Abs"
11180-7,Lupinus spp Ab.IgE,ACnc,Pt,Ser,Qn,,"Lupin, IgE","Lupin, IgE"
11182-3,Lysozyme Ab.IgE,ACnc,Pt,Ser,Qn,,"Lysozyme, IgE","Lysozyme, IgE"
15280-1,Mace Ab.IgE,ACnc,Pt,Ser,Qn,,"Mace, IgE","Mace, IgE"
7474-0,Scomber scombrus Ab.IgE,ACnc,Pt,Ser,Qn,,"Mackerel, IgE","Mackerel, IgE"
6166-3,Malt Ab.IgE,ACnc,Pt,Ser,Qn,,"Malt, IgE","Malt, IgE"
7731-3,Citrus reticulata Ab.IgE,ACnc,Pt,Ser,Qn,,"Mandarin, IgE","Mandarin, IgE"
42332-7,Alpha-1-Fetoprotein.L3/Alpha-1-Fetoprotein.total,MFr,Pt,Ser/Plas,Qn,,%L3,%L3
6155-6,Lamb Ab.IgE,ACnc,Pt,Ser,Qn,,"Lamb, IgE","Lamb, IgE"
6156-4,Chenopodium album Ab.IgE,ACnc,Pt,Ser,Qn,,"Lambs Quarter, IgE","Lambs Quarter, IgE"
6249-7,Palinurus spp Ab.IgE,ACnc,Pt,Ser,Qn,,"Langust(Lobster), IgE","Langust(Lobster), IgE"
6158-0,Latex Ab.IgE,ACnc,Pt,Ser,Qn,,"Latex, IgE","Latex, IgE"
6167-1,Mangifera indica Ab.IgE,ACnc,Pt,Ser,Qn,,"Mango, IgE","Mango, IgE"
10936-3,Mare milk Ab.IgE,ACnc,Pt,Ser,Qn,,"Mare's Milk, IgE","Mare's Milk, IgE"
10937-1,Origanum majorana Ab.IgE,ACnc,Pt,Ser,Qn,,"Marjoram, IgE","Marjoram, IgE"
6232-3,Iva ciliata Ab.IgE,ACnc,Pt,Ser,Qn,,"Rough Marsh Elder, IgE","Rough Marsh Elder, IgE"
6159-8,Citrus limon Ab.IgE,ACnc,Pt,Ser,Qn,,"Lemon, IgE","Lemon, IgE"
7458-3,Lens esculenta Ab.IgE,ACnc,Pt,Ser,Qn,,"Lentil, IgE","Lentil, IgE"
6160-6,Lepidoglyphus destructor Ab.IgE,ACnc,Pt,Ser,Qn,,"Lepidoglyphus Destructor, IgE","Lepidoglyphus Destructor, IgE"
6161-4,Lactuca sativa Ab.IgE,ACnc,Pt,Ser,Qn,,"Lettuce, IgE","Lettuce, IgE"
7464-1,Citrus aurantifolia Ab.IgE,ACnc,Pt,Ser,Qn,,"Lime, IgE","Lime, IgE"
11179-9,Tilia cordata Ab.IgE,ACnc,Pt,Ser,Qn,,"Linden, IgE","Linden, IgE"
7312-2,Linum usitatissimum Ab.IgE,ACnc,Pt,Ser,Qn,,"Linseed, IgE","Linseed, IgE"
32220-6,Liver kidney microsomal 1 Ab,ACnc,Pt,Ser,Qn,,"Liver/Kidney Microsome Type 1 Ab, S","Liver/Kidney Microsome Type 1 Ab, S"
6165-5,Homarus gammarus Ab.IgE,ACnc,Pt,Ser,Qn,,"Lobster, IgE","Lobster, IgE"
3040-3,Triacylglycerol lipase,CCnc,Pt,Ser/Plas,Qn,,"Lipase, S","Lipase, S"
10501-5,Lutropin,ACnc,Pt,Ser/Plas,Qn,,"Luteinizing Hormone (LH), S","Luteinizing Hormone (LH), S"
15212-4,Triacylglycerol lipase,CCnc,Pt,Body fld,Qn,,"Lipase, BF","Lipase, BF"
6150-7,Ispaghula laxative Ab.IgE,ACnc,Pt,Ser,Qn,,"Ispaghula, IgE","Ispaghula, IgE"
14035-0,Cryptomeria japonica Ab.IgE,ACnc,Pt,Ser,Qn,,"Japanese Cedar, IgE","Japanese Cedar, IgE"
11184-9,Trachurus japonicus Ab.IgE,ACnc,Pt,Ser,Qn,,"Jack Mackerel, IgE","Jack Mackerel, IgE"
6152-3,Sorghum halepense Ab.IgE,ACnc,Pt,Ser,Qn,,"Johnson Grass, IgE","Johnson Grass, IgE"
6153-1,Poa pratensis Ab.IgE,ACnc,Pt,Ser,Qn,,"June Grass, IgE","June Grass, IgE"
2466-1,IgG subclass 1,MCnc,Pt,Ser,Qn,,IgG 1,IgG 1
2467-9,IgG subclass 2,MCnc,Pt,Ser,Qn,,IgG 2,IgG 2
2468-7,IgG subclass 3,MCnc,Pt,Ser,Qn,,IgG 3,IgG 3
7129-0,Bean kidney red Ab.IgE,ACnc,Pt,Ser,Qn,,"Kidney Bean (Red), IgE","Kidney Bean (Red), IgE"
6154-9,Actinidia chinensis Ab.IgE,ACnc,Pt,Ser,Qn,,"Kiwi Fruit, IgE","Kiwi Fruit, IgE"
7429-4,Hexamethylene diisocyanate (HDI) Ab.IgE,ACnc,Pt,Ser,Qn,,"Isocyanate HDI, IgE","Isocyanate HDI, IgE"
7430-2,Diphenylmethane diisocyanate (MDI) Ab.IgE,ACnc,Pt,Ser,Qn,,"Isocyanate MDI, IgE","Isocyanate MDI, IgE"
6148-1,Insulin human Ab.IgE,ACnc,Pt,Ser,Qn,,"Insulin (Human), IgE","Insulin (Human), IgE"
30522-7,C reactive protein,MCnc,Pt,Ser/Plas,Qn,High sensitivity,"C-Reactive Protein, High Sens, S","C-Reactive Protein, High Sens, S"
37987-5,(Blatella germanica+Dermatophagoides farinae+Dermatophagoides pteronyssinus+House dust Hollister Stier) Ab.IgE,ACnc,Pt,Ser,Qn,Multidisk,House Dust Panel,House Dust Panel
2085-9,Cholesterol.in HDL,MCnc,Pt,Ser/Plas,Qn,,"Cholesterol, HDL, S","Cholesterol, HDL, S"
9828-5,House dust Greer Ab.IgE,ACnc,Pt,Ser,Qn,,"House Dust/Greer Lab, IgE","House Dust/Greer Lab, IgE"
7425-2,House dust Hollister Stier Ab.IgE,ACnc,Pt,Ser,Qn,,"House Dust/H-S Lab, IgE","House Dust/H-S Lab, IgE"
2460-4,IgD,MCnc,Pt,Ser,Qn,,"Immunoglobulin D (IgD), S","Immunoglobulin D (IgD), S"
6886-6,IgA subclass 1,MCnc,Pt,Ser,Qn,,IgA1,IgA1
6939-3,IgA subclass 2,MCnc,Pt,Ser,Qn,,IgA2,IgA2
6135-8,Hamster epithelium Ab.IgE,ACnc,Pt,Ser,Qn,,"Hamster Epithelium, IgE","Hamster Epithelium, IgE"
6139-0,Clupea harengus Ab.IgE,ACnc,Pt,Ser,Qn,,"Herring, IgE","Herring, IgE"
6144-0,Tabanus spp Ab.IgE,ACnc,Pt,Ser,Qn,,"Horsefly/Stablefly, IgE","Horsefly/Stablefly, IgE"
6134-1,Guinea pig epithelium Ab.IgE,ACnc,Pt,Ser,Qn,,"Guinea Pig Epithelium, IgE","Guinea Pig Epithelium, IgE"
7382-5,Gum arabic Ab.IgE,ACnc,Pt,Ser,Qn,,"Gum Arabic, IgE","Gum Arabic, IgE"
19741-8,Merluccius merluccius Ab.IgE,ACnc,Pt,Ser,Qn,,"Hake, Fish, IgE","Hake, Fish, IgE"
6842-9,Hippoglossus hippoglossus Ab.IgE,ACnc,Pt,Ser,Qn,,"Halibut, IgE","Halibut, IgE"
46127-7,Haptoglobin,MCnc,Pt,Ser/Plas,Qn,Nephelometry,"Haptoglobin, S","Haptoglobin, S"
6137-4,Corylus avellana pollen Ab.IgE,ACnc,Pt,Ser,Qn,,"Hazelnut-Tree, IgE","Hazelnut-Tree, IgE"
2963-7,Somatotropin,MCnc,Pt,Ser/Plas,Qn,,"Growth Hormone, S","Growth Hormone, S"
7335-3,Zingiber officinale Ab.IgE,ACnc,Pt,Ser,Qn,,"Ginger, IgE","Ginger, IgE"
7416-1,Carpinus betulus Ab.IgE,ACnc,Pt,Ser,Qn,,"Horn Beam, IgE","Horn Beam, IgE"
6844-5,Apis mellifera Ab.IgE,ACnc,Pt,Ser,Qn,,"Honeybee Venom, IgE","Honeybee Venom, IgE"
2344-0,Glucose,MCnc,Pt,Body fld,Qn,,"Glucose, BF","Glucose, BF"
6128-3,Solidago virgaurea Ab.IgE,ACnc,Pt,Ser,Qn,,"Goldenrod, IgE","Goldenrod, IgE"
6125-9,Gluten Ab.IgE,ACnc,Pt,Ser,Qn,,"Gluten, IgE","Gluten, IgE"
7340-3,Goat milk Ab.IgE,ACnc,Pt,Ser,Qn,,"Goat's Milk, IgE","Goat's Milk, IgE"
6127-5,Goat epithelium Ab.IgE,ACnc,Pt,Ser,Qn,,"Goat Epithelium, IgE","Goat Epithelium, IgE"
6129-1,Goose feather Ab.IgE,ACnc,Pt,Ser,Qn,,"Goose Feathers, IgE","Goose Feathers, IgE"
6204-2,Pisum sativum Ab.IgE,ACnc,Pt,Ser,Qn,,"Green Pea, IgE","Green Pea, IgE"
6852-8,Pepper green Ab.IgE,ACnc,Pt,Ser,Qn,,"Green Pepper, IgE","Green Pepper, IgE"
6841-1,Vitis vinifera Ab.IgE,ACnc,Pt,Ser,Qn,,"Grape, IgE","Grape, IgE"
30189-5,((Dactylis glomerata+Festuca elatior+Lolium perenne+Phleum pratense+Poa pratensis) Ab.IgE,ACnc,Pt,Ser,Qn,Multidisk,Grass Panel # 1,Grass Panel # 1
30188-7,(Cynodon dactylon+Lolium perenne+Phleum pratense+Poa pratensis+Sorghum halepense+Paspalum notatum) Ab.IgE,ACnc,Pt,Ser,Qn,Multidisk,Grass Panel # 2,Grass Panel # 2
50654-3,(Anthoxanthum odoratum+Lolium perenne+Phleum pratense+Secale cereale+Holcus lanatus) Ab.IgE,ACnc,Pt,Ser,Qn,Multidisk,Grass Panel # 3,Grass Panel # 3
19739-2,Trigonella foenum-graecum Ab.IgE,ACnc,Pt,Ser,Qn,,"Greek Fennel, IgE","Greek Fennel, IgE"
6122-6,Allium sativum Ab.IgE,ACnc,Pt,Ser,Qn,,"Garlic, IgE","Garlic, IgE"
2333-3,Gastrin,MCnc,Pt,Ser/Plas,Qn,,"Gastrin, S","Gastrin, S"
44448-9,Beta 2 glycoprotein 1 Ab.IgG,ACnc,Pt,Ser,Qn,EIA,"Beta 2 GP1 Ab IgG, S","Beta 2 GP1 Ab IgG, S"
6131-7,Citrus paradisis Ab.IgE,ACnc,Pt,Ser,Qn,,"Grapefruit, IgE","Grapefruit, IgE"
6124-2,Ambrosia trifida Ab.IgE,ACnc,Pt,Ser,Qn,,"Giant Ragweed, IgE","Giant Ragweed, IgE"
6831-2,Bean green Ab.IgE,ACnc,Pt,Ser,Qn,,"Green String Bean, IgE","Green String Bean, IgE"
31254-6,Basement membrane Ab.IgG,ACnc,Pt,Ser,Qn,,Glomerular Basement Membrane IgG Ab,Glomerular Basement Membrane IgG Ab
7332-0,Gelatin Ab.IgE,ACnc,Pt,Ser,Qn,,"Gelatin, IgE","Gelatin, IgE"
7334-6,Gerbil epithelium Ab.IgE,ACnc,Pt,Ser,Qn,,"Gerbil Epithelium, IgE","Gerbil Epithelium, IgE"
2324-2,Gamma glutamyl transferase,CCnc,Pt,Ser/Plas,Qn,,"Gamma Glutamyltransferase (GGT), S","Gamma Glutamyltransferase (GGT), S"
11186-4,Setaria italica Ab.IgE,ACnc,Pt,Ser,Qn,,"Foxtail Millet, IgE","Foxtail Millet, IgE"
2284-8,Folate,MCnc,Pt,Ser/Plas,Qn,,"Folate, S","Folate, S"
46707-6,(Anacardium occidentale+Carya illinoinensis+Juglans spp+Pistacia vera) Ab.IgE,ACnc,Pt,Ser,Qn,Multidisk,Food-Nut Panel # 2,Food-Nut Panel # 2
46714-2,(Malus sylvestris+Musa spp+Prunus persica+Pyrus communis) Ab.IgE,ACnc,Pt,Ser,Qn,Multidisk,Food-Fruit Panel,Food-Fruit Panel
46713-4,(Hordeum vulgare+Oryza sativa+Secale cereale+Triticum aestivum) Ab.IgE,ACnc,Pt,Ser,Qn,Multidisk,Food-Grain Panel,Food-Grain Panel
30187-9,(Arachis hypogaea+Cow milk+Egg white+Gadus morhua+Glycine max+Triticum aestivum) Ab.IgE,ACnc,Pt,Ser,Qn,Multidisk,Food Panel,Food Panel
46712-6,(Gadus morhua+Mytilus edulis+Pandalus borealis+Salmo salar+Thunnus albacares) Ab.IgE,ACnc,Pt,Ser,Qn,Multidisk,Food-Seafood Panel,Food-Seafood Panel
46708-4,(Arachis hypogaea+Bertholletia excelsa+Cocos nucifera+Corylus avellana+Prunus dulcis) Ab.IgE,ACnc,Pt,Ser,Qn,Multidisk,Food-Nut Panel # 1,Food-Nut Panel # 1
3562-6,Digoxin.free,MCnc,Pt,Ser/Plas,Qn,,"Digoxin, Free, S","Digoxin, Free, S"
6119-2,Formaldehyde Ab.IgE,ACnc,Pt,Ser,Qn,,"Formaldehyde, IgE","Formaldehyde, IgE"
15069-8,Fructosamine,SCnc,Pt,Ser/Plas,Qn,,"Fructosamine, S","Fructosamine, S"
6115-0,Franseria acanthicarpa Ab.IgE,ACnc,Pt,Ser,Qn,,"False Ragweed, IgE","False Ragweed, IgE"
6121-8,Fusarium moniliforme Ab.IgE,ACnc,Pt,Ser,Qn,,"Fusarium Moniliforme, IgE","Fusarium Moniliforme, IgE"
33984-6,Coagulation factor X activity actual/Normal,RelCCnc,Pt,PPP,Qn,Chromo,Factor X Chromogenic Activity Assay,Factor X Chromogenic Activity Assay
15067-2,Follitropin,ACnc,Pt,Ser/Plas,Qn,,"Follicle-Stim Hormone (FSH), S","Follicle-Stim Hormone (FSH), S"
6118-4,Kochia scoparia Ab.IgE,ACnc,Pt,Ser,Qn,,"Firebush (Kochia), IgE","Firebush (Kochia), IgE"
11172-4,Ferret epithelium Ab.IgE,ACnc,Pt,Ser,Qn,,"Ferret Epithelium, IgE","Ferret Epithelium, IgE"
13833-9,Finch feather Ab.IgE,ACnc,Pt,Ser,Qn,,"Finch Feathers, IgE","Finch Feathers, IgE"
6108-5,Sambucus nigra Ab.IgE,ACnc,Pt,Ser,Qn,,"Elder, IgE","Elder, IgE"
6109-3,Ulmus americana Ab.IgE,ACnc,Pt,Ser,Qn,,"Elm, IgE","Elm, IgE"
6114-3,Euroglyphus maynei Ab.IgE,ACnc,Pt,Ser,Qn,,"Euroglyphus Maynei, IgE","Euroglyphus Maynei, IgE"
711-2,Eosinophils,NCnc,Pt,Bld,Qn,Automated count,"Eosinophils, Abs","Eosinophils, Abs"
6112-7,Ethylene oxide Ab.IgE,ACnc,Pt,Ser,Qn,,"Ethylene Oxide, IgE","Ethylene Oxide, IgE"
30185-3,(Cat dander+Cow dander+Dog dander+Horse dander) Ab.IgE,ACnc,Pt,Ser,Qn,Multidisk,Epithelia Panel # 1,Epithelia Panel # 1
15061-5,Erythropoietin,ACnc,Pt,Ser/Plas,Qn,,"Erythropoietin (EPO), S","Erythropoietin (EPO), S"
6111-9,Epicoccum purpurascens Ab.IgE,ACnc,Pt,Ser,Qn,,"Epicoccum Purpurascens, IgE","Epicoccum Purpurascens, IgE"
6263-8,Platanus occidentalis Ab.IgE,ACnc,Pt,Ser,Qn,,"Eastern Sycamore, IgE","Eastern Sycamore, IgE"
6113-5,Eucalyptus spp Ab.IgE,ACnc,Pt,Ser,Qn,,"Eucalyptus, IgE","Eucalyptus, IgE"
3218-5,Coagulation factor X activity actual/Normal,RelTime,Pt,PPP,Qn,Coag,"Coag Factor X Assay, P","Coag Factor X Assay, P"
3226-8,Coagulation factor XI activity actual/Normal,RelTime,Pt,PPP,Qn,Coag,"Coag Factor XI Assay, P","Coag Factor XI Assay, P"
3232-6,Coagulation factor XII activity actual/Normal,RelTime,Pt,PPP,Qn,Coag,"Coag Factor XII Assay, P","Coag Factor XII Assay, P"
3289-6,Prothrombin.activity actual/Normal,RelTime,Pt,PPP,Qn,Coag,"Coag Factor II Assay, P","Coag Factor II Assay, P"
3198-9,Coagulation factor VII activity actual/Normal,RelTime,Pt,PPP,Qn,Coag,"Coag Factor VII Assay, P","Coag Factor VII Assay, P"
3187-2,Coagulation factor IX activity actual/Normal,RelTime,Pt,PPP,Qn,Coag,"Coag Factor IX Assay, P","Coag Factor IX Assay, P"
3209-4,Coagulation factor VIII activity actual/Normal,RelTime,Pt,PPP,Qn,Coag,"Coag Factor VIII Activity Assay, P","Coag Factor VIII Activity Assay, P"
6100-2,Duck feather Ab.IgE,ACnc,Pt,Ser,Qn,,"Duck Feathers, IgE","Duck Feathers, IgE"
3193-0,Coagulation factor V activity actual/Normal,RelTime,Pt,PPP,Qn,Coag,"Coag Factor V Assay, P","Coag Factor V Assay, P"
6117-6,Solenopsis invicta Ab.IgE,ACnc,Pt,Ser,Qn,,"Fire Ant, IgE","Fire Ant, IgE"
6106-9,Egg white Ab.IgE,ACnc,Pt,Ser,Qn,,"Egg White, IgE","Egg White, IgE"
7296-7,Solanum melongena Ab.IgE,ACnc,Pt,Ser,Qn,,"Eggplant, IgE","Eggplant, IgE"
6095-4,Dermatophagoides farinae Ab.IgE,ACnc,Pt,Ser,Qn,,"House Dust Mites/D.F., IgE","House Dust Mites/D.F., IgE"
7280-1,Anethum graveolens Ab.IgE,ACnc,Pt,Ser,Qn,,"Dill, IgE","Dill, IgE"
6110-1,Plantago lanceolata Ab.IgE,ACnc,Pt,Ser,Qn,,"English Plantain, IgE","English Plantain, IgE"
15342-9,Vespa crabro Ab.IgE,ACnc,Pt,Ser,Qn,,"European Hornet, IgE","European Hornet, IgE"
14036-8,Dermatophagoides microceras Ab.IgE,ACnc,Pt,Ser,Qn,,"D. Microceras, IgE","D. Microceras, IgE"
6096-2,Dermatophagoides pteronyssinus Ab.IgE,ACnc,Pt,Ser,Qn,,"House Dust Mites/D.P., IgE","House Dust Mites/D.P., IgE"
6236-4,Secale cereale pollen Ab.IgE,ACnc,Pt,Ser,Qn,,"Cultivated Rye, IgE","Cultivated Rye, IgE"
6089-7,Cottonseed Ab.IgE,ACnc,Pt,Ser,Qn,,"Cottonseed, IgE","Cottonseed, IgE"
6836-1,Chicken serum proteins Ab.IgE,ACnc,Pt,Ser,Qn,,"Chicken Serum Proteins, IgE","Chicken Serum Proteins, IgE"
6069-9,Castanea sativa pollen Ab.IgE,ACnc,Pt,Ser,Qn,,"Chestnut Tree, IgE","Chestnut Tree, IgE"
6090-5,Populus deltoides Ab.IgE,ACnc,Pt,Ser,Qn,,"Cottonwood, IgE","Cottonwood, IgE"
6724-9,Cucumis sativus Ab.IgE,ACnc,Pt,Ser,Qn,,"Cucumber, IgE","Cucumber, IgE"
6094-7,Curvularia lunata Ab.IgE,ACnc,Pt,Ser,Qn,,"Curvularia Lunata, IgE","Curvularia Lunata, IgE"
7178-7,Carum carvi Ab.IgE,ACnc,Pt,Ser,Qn,,"Caraway, IgE","Caraway, IgE"
6097-0,Taraxacum vulgare Ab.IgE,ACnc,Pt,Ser,Qn,,"Dandelion, IgE","Dandelion, IgE"
7257-9,Cow epithelium Ab.IgE,ACnc,Pt,Ser,Qn,,"Cow Epithelium, IgE","Cow Epithelium, IgE"
6092-1,Cancer pagurus Ab.IgE,ACnc,Pt,Ser,Qn,,"Crab, IgE","Crab, IgE"
7262-9,Vaccinium oxycoccos Ab.IgE,ACnc,Pt,Ser,Qn,,"Cranberry, IgE","Cranberry, IgE"
7265-2,Astacus astacus Ab.IgE,ACnc,Pt,Ser,Qn,,"Crayfish, IgE","Crayfish, IgE"
12190-5,Creatinine,MCnc,Pt,Body fld,Qn,,"Creatinine, BF","Creatinine, BF"
7248-8,Zea mays pollen Ab.IgE,ACnc,Pt,Ser,Qn,,"Corn Pollen, IgE","Corn Pollen, IgE"
6061-6,Daucus carota Ab.IgE,ACnc,Pt,Ser,Qn,,"Carrot, IgE","Carrot, IgE"
1988-5,C reactive protein,MCnc,Pt,Ser/Plas,Qn,,"C-Reactive Protein (CRP), S","C-Reactive Protein (CRP), S"
6259-6,Castanea sativa Ab.IgE,ACnc,Pt,Ser,Qn,,"Chestnut, Sweet, IgE","Chestnut, Sweet, IgE"
6082-2,Gadus morhua Ab.IgE,ACnc,Pt,Ser,Qn,,"Codfish, IgE","Codfish, IgE"
4532-8,Complement total hemolytic CH50,ACnc,Pt,Ser/Plas,Qn,,"Complement, Total, S","Complement, Total, S"
2157-6,Creatine kinase,CCnc,Pt,Ser/Plas,Qn,,"Creatine Kinase (CK), S","Creatine Kinase (CK), S"
16650-4,Coriandrum sativum Ab.IgE,ACnc,Pt,Ser,Qn,,"Coriander, IgE","Coriander, IgE"
6087-1,Zea mays Ab.IgE,ACnc,Pt,Ser,Qn,,"Corn-Food, IgE","Corn-Food, IgE"
19737-6,Cotton fibers Ab.IgE,ACnc,Pt,Ser,Qn,,"Cotton Fiber, IgE","Cotton Fiber, IgE"
6687-8,Citrate,MRat,24H,Urine,Qn,,"Citrate Excretion, 24 Hr, U","Citrate Excretion, 24 Hr, U"
31290-0,Centromere Ab.IgG,ACnc,Pt,Ser,Qn,,"Centromere Ab, IgG, S","Centromere Ab, IgG, S"
53760-5,Cladosporium sp Ab.IgE,ACnc,Pt,Ser,Qn,,"Cladosporium, IgE","Cladosporium, IgE"
6076-4,Ruditapes spp Ab.IgE,ACnc,Pt,Ser,Qn,,"Clam, IgE","Clam, IgE"
7234-8,Syzygium aromaticum Ab.IgE,ACnc,Pt,Ser,Qn,,"Clove, IgE","Clove, IgE"
2079-2,Chloride,SRat,24H,Urine,Qn,,"Chloride, 24 HR, U","Chloride, 24 HR, U"
6175-4,Panicum milliaceum Ab.IgE,ACnc,Pt,Ser,Qn,,"Common Millet, IgE","Common Millet, IgE"
6070-7,Chicken feather Ab.IgE,ACnc,Pt,Ser,Qn,,"Chicken Feathers, IgE","Chicken Feathers, IgE"
6719-9,Prunus avium Ab.IgE,ACnc,Pt,Ser,Qn,,"Cherry, IgE","Cherry, IgE"
7200-9,Chaetomium globosum Ab.IgE,ACnc,Pt,Ser,Qn,,"Chaetomium Globosum, IgE","Chaetomium Globosum, IgE"
40879-9,Chicken Ab.IgE,ACnc,Pt,Ser,Qn,,"Chicken, IgE","Chicken, IgE"
2093-3,Cholesterol,MCnc,Pt,Ser/Plas,Qn,,"Cholesterol, Total, S","Cholesterol, Total, S"
10925-6,Scomber japonicus Ab.IgE,ACnc,Pt,Ser,Qn,,"Chub Mackerel, IgE","Chub Mackerel, IgE"
6837-9,Cinnamomum spp Ab.IgE,ACnc,Pt,Ser,Qn,,"Cinnamon, IgE","Cinnamon, IgE"
21197-9,Cholesterol esters/Cholesterol.total,MFr,Pt,Ser/Plas,Qn,,"Cholesteryl Esters, S","Cholesteryl Esters, S"
14444-4,Cholesterol,MCnc,Pt,Urine,Qn,,"Cholesterol, Random, U","Cholesterol, Random, U"
1992-7,Calcitonin,MCnc,Pt,Ser/Plas,Qn,,"Calcitonin, S","Calcitonin, S"
6077-2,Xanthium commune Ab.IgE,ACnc,Pt,Ser,Qn,,"Cocklebur, IgE","Cocklebur, IgE"
6067-3,Cheese cheddar type Ab.IgE,ACnc,Pt,Ser,Qn,,"Cheese, Cheddar, IgE","Cheese, Cheddar, IgE"
6081-4,Cocos nucifera Ab.IgE,ACnc,Pt,Ser,Qn,,"Coconut, IgE","Coconut, IgE"
6059-0,Candida albicans Ab.IgE,ACnc,Pt,Ser,Qn,,"Candida Albicans(Monilia), IgE","Candida Albicans(Monilia), IgE"
19734-3,Chicken droppings Ab.IgE,ACnc,Pt,Ser,Qn,,"Chicken Droppings, IgE","Chicken Droppings, IgE"
6066-5,Acremonium sp Ab.IgE,ACnc,Pt,Ser,Qn,,"Cephalosporium Acremonium, IgE","Cephalosporium Acremonium, IgE"
6178-8,Juniperus sabinoides Ab.IgE,ACnc,Pt,Ser,Qn,,"Mountain Cedar, IgE","Mountain Cedar, IgE"
26049-7,Libocedrus decurrens Ab.IgE,ACnc,Pt,Ser,Qn,,"Cedar, IgE","Cedar, IgE"
6065-7,Apium graveolens Ab.IgE,ACnc,Pt,Ser,Qn,,"Celery, IgE","Celery, IgE"
7171-2,Canary feather Ab.IgE,ACnc,Pt,Ser,Qn,,"Canary Feathers, IgE","Canary Feathers, IgE"
2037-0,Carcinoembryonic Ag,MCnc,Pt,CSF,Qn,,"Carcinoembryonic Ag (CEA), CSF","Carcinoembryonic Ag (CEA), CSF"
27818-4,Protein C actual/Normal,RelCCnc,Pt,PPP,Qn,Chromo,"Protein C Activity, P","Protein C Activity, P"
4478-4,Complement C1q,MCnc,Pt,Ser/Plas,Qn,,"Complement C1q, S","Complement C1q, S"
4485-9,Complement C3,MCnc,Pt,Ser/Plas,Qn,,"Complement C3, S","Complement C3, S"
4498-2,Complement C4,MCnc,Pt,Ser/Plas,Qn,,"Complement C4, S","Complement C4, S"
4505-4,Complement C5,MCnc,Pt,Ser/Plas,Qn,,"C5 Complement, Antigen, S","C5 Complement, Antigen, S"
50997-6,Complement C8.functional,ACnc,Pt,Ser/Plas,Qn,,"C8 Complement, Functional, S","C8 Complement, Functional, S"
17842-6,Cancer Ag 27-29,ACnc,Pt,Ser/Plas,Qn,,Breast Carcinoma Assoc Ag(CA 27.29),Breast Carcinoma Assoc Ag(CA 27.29)
7169-6,Brassica oleracea var capitata Ab.IgE,ACnc,Pt,Ser,Qn,,"Cabbage, IgE","Cabbage, IgE"
6058-2,Phalaris arundinacea Ab.IgE,ACnc,Pt,Ser,Qn,,"Canary Grass, IgE","Canary Grass, IgE"
6835-3,Brassica oleracea var botrytis Ab.IgE,ACnc,Pt,Ser,Qn,,"Cauliflower, IgE","Cauliflower, IgE"
7179-5,Ceratonia siliqua Ab.IgE,ACnc,Pt,Ser,Qn,,"Carob, IgE","Carob, IgE"
1975-2,Bilirubin,MCnc,Pt,Ser/Plas,Qn,,"Bilirubin Total, S","Bilirubin Total, S"
15283-5,Betula verrucosa Ab.IgE,ACnc,Pt,Ser,Qn,,"Silver Birch, IgE","Silver Birch, IgE"
7151-4,Rubus fruticosus Ab.IgE,ACnc,Pt,Ser,Qn,,"Blackberry, IgE","Blackberry, IgE"
24159-6,Pepper white+Pepper black Ab.IgE,ACnc,Pt,Ser,Qn,,"Black/White Pepper, IgE","Black/White Pepper, IgE"
7152-2,Vaccinium myrtillus Ab.IgE,ACnc,Pt,Ser,Qn,,"Blueberry, IgE","Blueberry, IgE"
30934-4,Natriuretic peptide.B,MCnc,Pt,Ser/Plas,Qn,,B-Type Natriuretic Peptide (BNP),B-Type Natriuretic Peptide (BNP)
6049-1,Botrytis cinerea Ab.IgE,ACnc,Pt,Ser,Qn,,"Botrytis Cinerea, IgE","Botrytis Cinerea, IgE"
10922-3,Bovine serum albumin Ab.IgE,ACnc,Pt,Ser,Qn,,"Bovine Serum Albumin, IgE","Bovine Serum Albumin, IgE"
6037-6,Hordeum vulgare Ab.IgE,ACnc,Pt,Ser,Qn,,"Barley, IgE","Barley, IgE"
6062-4,Casein Ab.IgE,ACnc,Pt,Ser,Qn,,"Casein, IgE","Casein, IgE"
7118-3,Ocimum basilicum Ab.IgE,ACnc,Pt,Ser,Qn,,"Basil, IgE","Basil, IgE"
6052-5,Brassica oleracea var italica Ab.IgE,ACnc,Pt,Ser,Qn,,"Broccoli, IgE","Broccoli, IgE"
6053-3,Bromus inermis Ab.IgE,ACnc,Pt,Ser,Qn,,"Brome Grass, IgE","Brome Grass, IgE"
7160-5,Brassica oleracea var gemmifera Ab.IgE,ACnc,Pt,Ser,Qn,,"Brussel Sprouts, IgE","Brussel Sprouts, IgE"
10921-5,Blomia tropicalis Ab.IgE,ACnc,Pt,Ser,Qn,,"Blomia Tropicalis, IgE","Blomia Tropicalis, IgE"
6054-1,Fagopyrum esculentum Ab.IgE,ACnc,Pt,Ser,Qn,,"Buckwheat, IgE","Buckwheat, IgE"
3094-0,Urea nitrogen,MCnc,Pt,Ser/Plas,Qn,,"Bld Urea Nitrog(BUN), S","Bld Urea Nitrog(BUN), S"
6047-5,Chironomus thummi Ab.IgE,ACnc,Pt,Ser,Qn,,"Blood Worm, IgE","Blood Worm, IgE"
7155-5,Acer negundo Ab.IgE,ACnc,Pt,Ser,Qn,,"Box Eld/Maple, S, IgE","Box Eld/Maple, S, IgE"
4477-6,Complement C1 esterase inhibitor,MCnc,Pt,Ser/Plas,Qn,,"C1 Esterase Inhibitor Antigen, S","C1 Esterase Inhibitor Antigen, S"
704-7,Basophils,NCnc,Pt,Bld,Qn,Automated count,"Basophils, Abs","Basophils, Abs"
7125-8,Laurus nobilis Ab.IgE,ACnc,Pt,Ser,Qn,,"Bay Leaf, IgE","Bay Leaf, IgE"
15339-5,Trogoderma angustum Ab.IgE,ACnc,Pt,Ser,Qn,,"Berlin Beetle, IgE","Berlin Beetle, IgE"
7272-8,Taxodium distichum Ab.IgE,ACnc,Pt,Ser,Qn,,"Bald Cypress, IgE","Bald Cypress, IgE"
6304-0,Budgerigar droppings Ab.IgE,ACnc,Pt,Ser,Qn,,"Budgerigar Droppings, IgE","Budgerigar Droppings, IgE"
6038-4,Fagus grandifolia Ab.IgE,ACnc,Pt,Ser,Qn,,"Beech, IgE","Beech, IgE"
6039-2,Beef Ab.IgE,ACnc,Pt,Ser,Qn,,"Beef, IgE","Beef, IgE"
19728-5,Beet Ab.IgE,ACnc,Pt,Ser,Qn,,"Beets (Beetroot), IgE","Beets (Beetroot), IgE"
6279-4,Bean white Ab.IgE,ACnc,Pt,Ser,Qn,,"White Bean, IgE","White Bean, IgE"
6041-8,Cynodon dactylon Ab.IgE,ACnc,Pt,Ser,Qn,,"Bermuda Grass, IgE","Bermuda Grass, IgE"
14041-8,Choriogonadotropin.beta subunit,ACnc,Pt,CSF,Qn,,"Chorionic Gonad Beta-Subunit QN,CSF","Chorionic Gonad Beta-Subunit QN,CSF"
1968-7,Bilirubin.glucuronidated+Bilirubin.albumin bound,MCnc,Pt,Ser/Plas,Qn,,"Bilirubin, Direct","Bilirubin, Direct"
11202-9,Artemisia dracunculus Ab.IgE,ACnc,Pt,Ser,Qn,,"Tarragon, IgE","Tarragon, IgE"
6860-1,Trichophyton rubrum Ab.IgE,ACnc,Pt,Ser,Qn,,"Trichophyton Rubrum, IgE","Trichophyton Rubrum, IgE"
6264-6,Camellia sinensis Ab.IgE,ACnc,Pt,Ser,Qn,,"Tea, IgE","Tea, IgE"
5385-0,Thyrotropin receptor Ab,ACnc,Pt,Ser,Qn,,"Thyrotropin Receptor Ab, S","Thyrotropin Receptor Ab, S"
6265-3,Phleum pratense Ab.IgE,ACnc,Pt,Ser,Qn,,"Timothy Grass, IgE","Timothy Grass, IgE"
6690-2,Leukocytes,NCnc,Pt,Bld,Qn,Automated count,Leukocytes,Leukocytes
3160-9,Specimen volume,Vol,Pt,Semen,Qn,,Semen Volume,Semen Volume
7753-7,Turkey feather Ab.IgE,ACnc,Pt,Ser,Qn,,"Turkey Feathers, IgE","Turkey Feathers, IgE"
11204-5,Ulocladium chartarum Ab.IgE,ACnc,Pt,Ser,Qn,,"Ulocladium Chartarum, IgE","Ulocladium Chartarum, IgE"
6034-3,Paspalum notatum Ab.IgE,ACnc,Pt,Ser,Qn,,"Bahia Grass, IgE","Bahia Grass, IgE"
10920-7,Phyllostachys pubescens Ab.IgE,ACnc,Pt,Ser,Qn,,"Bamboo Shoot, IgE","Bamboo Shoot, IgE"
6266-1,Lycopersicon lycopersicum Ab.IgE,ACnc,Pt,Ser,Qn,,"Tomato, IgE","Tomato, IgE"
6272-9,Holcus lanatus Ab.IgE,ACnc,Pt,Ser,Qn,,"Velvet Leaf, IgE","Velvet Leaf, IgE"
32789-0,Viscosity,Visc,Pt,Semen,Ord,,Viscosity,Viscosity
3084-1,Urate,MCnc,Pt,Ser/Plas,Qn,,"Uric Acid, S","Uric Acid, S"
26801-1,Protein,MRat,12H,Urine,Qn,,"Protein, Total, 12 HR, U","Protein, Total, 12 HR, U"
30184-6,(Acer negundo+Betula verrucosa+Quercus alba+Ulmus americana+Juglans californica) Ab.IgE,ACnc,Pt,Ser,Qn,Multidisk,Tree Panel # 1,Tree Panel # 1
6270-3,Thunnus albacares Ab.IgE,ACnc,Pt,Ser,Qn,,"Tuna, IgE","Tuna, IgE"
6271-1,Turkey meat Ab.IgE,ACnc,Pt,Ser,Qn,,"Turkey, IgE","Turkey, IgE"
2881-1,Protein,MCnc,Pt,Body fld,Qn,,"Protein, Total, BF","Protein, Total, BF"
28009-9,Specimen volume,Vol,Pt,Urine,Qn,,Specimen Volume,Specimen Volume
30182-0,(Olea europaea+Salix caprea+Pinus strobus+Eucalyptus spp+Acacia longifolia+Melaleuca leucadendron) Ab.IgE,ACnc,Pt,Ser,Qn,Multidisk,Tree Panel # 4,Tree Panel # 4
6268-7,Oncorhynchus mykiss Ab.IgE,ACnc,Pt,Ser,Qn,,"Trout, IgE","Trout, IgE"
6267-9,Trichoderma viride Ab.IgE,ACnc,Pt,Ser,Qn,,"Trichoderma Viride, IgE","Trichoderma Viride, IgE"
6256-2,Tyrophagus putrescentiae Ab.IgE,ACnc,Pt,Ser,Qn,,"Tyrophagus Putrescentiae, IgE","Tyrophagus Putrescentiae, IgE"
14450-1,Triglyceride,MCnc,Pt,Urine,Qn,,"Triglycerides, Random, U","Triglycerides, Random, U"
2571-8,Triglyceride,MCnc,Pt,Ser/Plas,Qn,,"Triglycerides, S","Triglycerides, S"
3087-4,Urate,MRat,24H,Urine,Qn,,"Uric Acid, 24 HR, U","Uric Acid, 24 HR, U"
46721-7,Ustilago nuda Ab.IgE,ACnc,Pt,Ser,Qn,,"Ustilago Nuda, Mold Grain Rust, IgE","Ustilago Nuda, Mold Grain Rust, IgE"
6261-2,Anthoxanthum odoratum Ab.IgE,ACnc,Pt,Ser,Qn,,"Sweet Vernal Grass, IgE","Sweet Vernal Grass, IgE"
3093-2,Urea nitrogen,MCnc,Pt,Body fld,Qn,,"Urea Nitrogen, BF","Urea Nitrogen, BF"
63481-6,Urea,MCnc,24H,Urine,Qn,,Urea Concentration,Urea Concentration
7756-0,Vanilla planifolia Ab.IgE,ACnc,Pt,Ser,Qn,,"Vanilla, IgE","Vanilla, IgE"
6280-2,Dolichovespula maculata Ab.IgE,ACnc,Pt,Ser,Qn,,"White Faced Hornet Venom, IgE","White Faced Hornet Venom, IgE"
48999-7,Urea,MRat,24H,Urine,Qn,,"Urea, 24 HR, U","Urea, 24 HR, U"
6274-5,Juglans california Ab.IgE,ACnc,Pt,Ser,Qn,,"Walnut Tree, IgE","Walnut Tree, IgE"
6277-8,Triticum aestivum pollen Ab.IgE,ACnc,Pt,Ser,Qn,,"Cultivated Wheat, IgE","Cultivated Wheat, IgE"
6282-8,Pinus strobus Ab.IgE,ACnc,Pt,Ser,Qn,,"White Pine, IgE","White Pine, IgE"
24480-6,(Ambrosia elatior+Artemisia vulgaris+Chenopodium album+Plantago lanceolata+Salsola kali) Ab.IgE,ACnc,Pt,Ser,Qn,Multidisk,Weed Panel # 1,Weed Panel # 1
7407-0,Carya tomentosa Ab.IgE,ACnc,Pt,Ser,Qn,,"White Hickory, IgE","White Hickory, IgE"
7770-1,Citrullus lanatus Ab.IgE,ACnc,Pt,Ser,Qn,,"Watermelon, IgE","Watermelon, IgE"
6275-2,Ambrosia psilostachya Ab.IgE,ACnc,Pt,Ser,Qn,,"Western Ragweed, IgE","Western Ragweed, IgE"
6740-5,Vespula spp Ab.IgE,ACnc,Pt,Ser,Qn,,"Yellow Jacket Venom, IgE","Yellow Jacket Venom, IgE"
10579-1,Leukocytes,NCnc,Pt,Semen,Qn,,WBC/mL,WBC/mL
24493-9,(Ambrosia psilostachya+Artemisia vulgaris+Atriplex lentiformis+Chenopodium album+Plantago lanceolata) Ab.IgE,ACnc,Pt,Ser,Qn,Multidisk,Weed Panel # 2,Weed Panel # 2
7774-3,Cow whey Ab.IgE,ACnc,Pt,Ser,Qn,,"Whey, IgE","Whey, IgE"
6276-0,Triticum aestivum Ab.IgE,ACnc,Pt,Ser,Qn,,"Wheat, IgE","Wheat, IgE"
6285-1,Salix caprea Ab.IgE,ACnc,Pt,Ser,Qn,,"Willow, IgE","Willow, IgE"
6286-9,Artemisia absinthium Ab.IgE,ACnc,Pt,Ser,Qn,,"Wormwood, IgE","Wormwood, IgE"
16922-7,Elymus triticoides Ab.IgE,ACnc,Pt,Ser,Qn,,"Wild Rye Grass, IgE","Wild Rye Grass, IgE"
6288-5,Dolichovespula arenaria Ab.IgE,ACnc,Pt,Ser,Qn,,"Yellow Faced Hornet Venom, IgE","Yellow Faced Hornet Venom, IgE"
6107-7,Egg yolk Ab.IgE,ACnc,Pt,Ser,Qn,,"Egg Yolk, IgE","Egg Yolk, IgE"
21365-2,Leptin,MCnc,Pt,Ser/Plas,Qn,,Leptin,Leptin
35384-7,,,,,,,"Estradiol, Serum","Estradiol, Serum"
34146-1,Neopterin,SCnc,Pt,CSF,Qn,,Neopterin,Neopterin
51203-8,Ropivacaine,MCnc,Pt,Ser/Plas,Qn,,Ropivacaine,Ropivacaine
6021-0,Malus sylvestris Ab.IgE,ACnc,Pt,Ser,Qn,,"Apple, IgE","Apple, IgE"
7091-2,Prunus armeniaca Ab.IgE,ACnc,Pt,Ser,Qn,,"Apricot, IgE","Apricot, IgE"
13359-5,Character,Aper,Pt,Semen,Nom,,Appearance,Appearance
6022-8,Ascaris sp Ab.IgE,ACnc,Pt,Ser,Qn,,"Ascaris, IgE","Ascaris, IgE"
6278-6,Fraxinus americana Ab.IgE,ACnc,Pt,Ser,Qn,,"White Ash, IgE","White Ash, IgE"
1951-3,Beta-2-Microglobulin,MCnc,Pt,CSF,Qn,,"Beta-2-Microglobulin, CSF","Beta-2-Microglobulin, CSF"
1953-9,Beta-2-Microglobulin,MCnc,Pt,Urine,Qn,,"Beta-2 Microglobulin, U","Beta-2 Microglobulin, U"
7099-5,Asparagus officinalis Ab.IgE,ACnc,Pt,Ser,Qn,,"Asparagus, IgE","Asparagus, IgE"
6830-4,Aspergillus niger Ab.IgE,ACnc,Pt,Ser,Qn,,"Aspergillus niger, IgE","Aspergillus niger, IgE"
6035-0,Musa spp Ab.IgE,ACnc,Pt,Ser,Qn,,"Banana, IgE","Banana, IgE"
17838-4,Alkaline phosphatase.bone,MCnc,Pt,Ser/Plas,Qn,,"Bone Alkaline Phosphatase, S","Bone Alkaline Phosphatase, S"
15284-3,Alnus incana Ab.IgE,ACnc,Pt,Ser,Qn,,"Grey Alder, IgE","Grey Alder, IgE"
7445-0,Lactalbumin alpha Ab.IgE,ACnc,Pt,Ser,Qn,,"Alpha-Lactalbumin, IgE","Alpha-Lactalbumin, IgE"
6019-4,Prunus dulcis Ab.IgE,ACnc,Pt,Ser,Qn,,"Almond, IgE","Almond, IgE"
6020-2,Alternaria alternata Ab.IgE,ACnc,Pt,Ser,Qn,,"Alternaria Tenuis, IgE","Alternaria Tenuis, IgE"
6029-3,Aureobasidium pullulans Ab.IgE,ACnc,Pt,Ser,Qn,,"Aureobasidium Pullulans, IgE","Aureobasidium Pullulans, IgE"
6033-5,Persea americana Ab.IgE,ACnc,Pt,Ser,Qn,,"Avocado, IgE","Avocado, IgE"
1761-6,Aldolase,CCnc,Pt,Ser/Plas,Qn,,"Aldolase, S","Aldolase, S"
6829-6,Amoxicillin Ab.IgE,ACnc,Pt,Ser,Qn,,"Amoxicillin, IgE","Amoxicillin, IgE"
6712-4,Ampicillin Ab.IgE,ACnc,Pt,Ser,Qn,,"Ampicillin, IgE","Ampicillin, IgE"
7079-7,Engraulis encrasicolus Ab.IgE,ACnc,Pt,Ser,Qn,,"Anchovy, IgE","Anchovy, IgE"
10919-9,Anisakis Ab.IgE,ACnc,Pt,Ser,Qn,,"Anisakis, Parasite, IgE","Anisakis, Parasite, IgE"
7081-3,Pimpinella anisum Ab.IgE,ACnc,Pt,Ser,Qn,,"Anise, IgE","Anise, IgE"
13590-5,Activated protein C resistance,TRto,Pt,PPP,Qn,Coag,APCRV Ratio,APCRV Ratio
6032-7,Casuarina equisetifolia Ab.IgE,ACnc,Pt,Ser,Qn,,"Australian Pine, IgE","Australian Pine, IgE"
1795-4,Amylase,CCnc,Pt,Body fld,Qn,,"Amylase, BF","Amylase, BF"
44447-1,Beta 2 glycoprotein 1 Ab.IgA,ACnc,Pt,Ser,Qn,EIA,"Beta 2 GP1 Ab IgA, S","Beta 2 GP1 Ab IgA, S"
6015-2,Acacia longifolia Ab.IgE,ACnc,Pt,Ser,Qn,,"Acacia, IgE","Acacia, IgE"
6254-7,Acarus siro Ab.IgE,ACnc,Pt,Ser,Qn,,"Acarus Siro, IgE","Acarus Siro, IgE"
2742-5,Angiotensin converting enzyme,CCnc,Pt,Ser/Plas,Qn,,"Angiotensin Converting Enzyme, S","Angiotensin Converting Enzyme, S"
2141-0,Corticotropin,MCnc,Pt,Plas,Qn,,"Adrenocorticotropic Hormone, P","Adrenocorticotropic Hormone, P"
5133-4,DNAse B Ab.Streptococcal,ACnc,Pt,Ser,Qn,,"Anti-DNase B Titer, S","Anti-DNase B Titer, S"
53962-7,Alpha-1-Fetoprotein.tumor marker,MCnc,Pt,Ser/Plas,Qn,,"Alpha-Fetoprotein, Tumor Marker, S","Alpha-Fetoprotein, Tumor Marker, S"
10587-4,Sexual abstinence duration,Time,Pt,^Patient,Qn,,Abstinence,Abstinence
1833-3,Alpha-1-Fetoprotein,MCnc,Pt,CSF,Qn,,"Alpha-Fetoprotein, CSF","Alpha-Fetoprotein, CSF"
1835-8,Alpha-2-Macroglobulin,MCnc,Pt,Ser/Plas,Qn,,"Alpha-2-Macroglobulin, S","Alpha-2-Macroglobulin, S"
7073-0,Amylase Ab.IgE,ACnc,Pt,Ser,Qn,,"Alpha-Amylase, IgE","Alpha-Amylase, IgE"
43588-3,Varicella zoster virus Ab.IgM,ACnc,Pt,Ser,Ord,IF,"Varicella-Zoster Ab, IgM, S","Varicella-Zoster Ab, IgM, S"
3206-0,Coagulation factor VIII inhibitor,ACnc,Pt,PPP,Ord,Coag,"Coag Factor VIII Assay Inhib Scrn,P","Coag Factor VIII Assay Inhib Scrn,P"
6771-0,Alpha 1 antitrypsin,MCnc,Pt,Ser/Plas,Qn,Nephelometry,"Alpha-1-Antitrypsin, S","Alpha-1-Antitrypsin, S"
9407-8,Alpha 1 antitrypsin,MCnc,Pt,Stool,Qn,,"Alpha-1-Antitrypsin, Random, F","Alpha-1-Antitrypsin, Random, F"
24078-8,Cerebroside sulfatase,CCnt,Pt,WBC,Qn,,"Arylsulfatase A, Leukocytes","Arylsulfatase A, Leukocytes"
55730-6,Fetal blood,Vol,Pt,Bld,Qn,,Fetal-Maternal Bleed,Fetal-Maternal Bleed
46608-6,Primary referring physician ID,ID,Pt,Provider,Nom,,Referring Pathologist/Physician,Referring Pathologist/Physician
56940-0,Inhibin B,MCnc,Pt,Ser/Plas,Qn,EIA,"Inhibin B, S","Inhibin B, S"
3124-5,Vanillylmandelate/Creatinine,MRto,Pt,Urine,Qn,,"Vanillylmandelic Acid, Random, U","Vanillylmandelic Acid, Random, U"
2139-4,Corticosterone,MCnc,Pt,Ser/Plas,Qn,,"Corticosterone, S","Corticosterone, S"
2837-3,Pregnenolone,MCnc,Pt,Ser/Plas,Qn,,"Pregnenolone, S","Pregnenolone, S"
1688-1,4-Pyridoxate,MCnc,Pt,Ser/Plas,Qn,,"Pyridoxic Acid (PA), P","Pyridoxic Acid (PA), P"
11146-8,Homovanillate/Creatinine,MRto,Pt,Urine,Qn,,"Homovanillic Acid (HVA), Random, U","Homovanillic Acid (HVA), Random, U"
16275-0,Bartonella sp DNA,ACnc,Pt,Bld,Ord,Probe.amp.tar,Bartonella PCR,Bartonella PCR
13751-3,Glycolate/Creatinine,MRto,Pt,Urine,Qn,,Glycolate,Glycolate
13749-7,Glycerate/Creatinine,MRto,Pt,Urine,Qn,,Glycerate,Glycerate
13483-3,Oxalate/Creatinine,MRto,Pt,Urine,Qn,,Oxalate,Oxalate
57741-1,Lymphocyte proliferation.OKT3 stimulation,NRat,Pt,Bld,Qn,,Max Prolif of PHA as % CD3,Max Prolif of PHA as % CD3
25166-0,Uroporphyrin,SCnc,Pt,Urine,Qn,,"Uroporphyrin, Octa","Uroporphyrin, Octa"
34314-5,Heptacarboxylporphyrin,SCnc,Pt,Urine,Qn,,Heptacarboxylporphyrins,Heptacarboxylporphyrins
34352-5,Pentacarboxylporphyrins,SCnc,Pt,Urine,Qn,,Pentacarboxylporphyrins,Pentacarboxylporphyrins
25167-8,Coproporphyrin,SCnc,Pt,Urine,Qn,,"Coproporphyrin, Tetra","Coproporphyrin, Tetra"
2811-8,Porphobilinogen,SCnc,Pt,Urine,Qn,,Porphobilinogen,Porphobilinogen
14282-8,Acylcarnitine,SCnc,Pt,Ser/Plas,Qn,,Acylcarnitine (AC),Acylcarnitine (AC)
14286-9,Carnitine.free (C0),SCnc,Pt,Ser/Plas,Qn,,Free (FC),Free (FC)
30193-7,Acylcarnitine/Carnitine.free (C0),SRto,Pt,Ser/Plas,Qn,,AC/FC Ratio,AC/FC Ratio
721-1,Hemoglobin.free,MCnc,Pt,Plas,Qn,,Total Plasma Hemoglobin,Total Plasma Hemoglobin
2813-4,Porphobilinogen synthase,CCnc,Pt,RBC,Qn,,ALA Dehydratase,ALA Dehydratase
2814-2,Porphyrins,MCnc,Pt,RBC,Qn,,"Total Porphyrins, RBC","Total Porphyrins, RBC"
5686-1,Mercury,MCnt,Pt,Hair,Qn,,"Mercury, Hair","Mercury, Hair"
5673-9,Lead,MCnt,Pt,Hair,Qn,,"Lead, Hair","Lead, Hair"
5584-8,Arsenic,MCnt,Pt,Hair,Qn,,"Arsenic, Hair","Arsenic, Hair"
49596-0,Uroporphyrinogen decarboxylase,ACnc,Pt,RBC,Qn,,"UPG Decarboxylase, RBC","UPG Decarboxylase, RBC"
43934-9,Amphetamines,MCnt,Pt,Meconium,Qn,Confirm,Amphetamine,Amphetamine
11074-2,Norfentanyl,MCnc,Pt,Ser/Plas,Qn,,Norfentanyl,Norfentanyl
20489-1,Streptococcus pneumoniae Ag,ACnc,Pt,CSF,Ord,,"Streptococcus pneumoniae Ag, CSF","Streptococcus pneumoniae Ag, CSF"
5612-7,Cadmium,MRat,24H,Urine,Qn,,"Cadmium, 24 Hr, U","Cadmium, 24 Hr, U"
5677-0,Lead,MRat,24H,Urine,Qn,,"Lead, 24 Hr, U","Lead, 24 Hr, U"
14882-5,Porphobilinogen,SRat,24H,Urine,Qn,,Porphobilinogen,Porphobilinogen
25494-6,Pentacarboxylporphyrins,SRat,24H,Urine,Qn,,Pentacarboxylporphyrins,Pentacarboxylporphyrins
15041-7,Coproporphyrin,SRat,24H,Urine,Qn,,"Coproporphyrin, Tetra","Coproporphyrin, Tetra"
25438-3,Hexacarboxylporphyrin,SRat,24H,Urine,Qn,,Hexacarboxylporphyrins,Hexacarboxylporphyrins
15096-1,Uroporphyrin,SRat,24H,Urine,Qn,,"Uroporphyrin, Octa","Uroporphyrin, Octa"
25434-2,Heptacarboxylporphyrin,SRat,24H,Urine,Qn,,Heptacarboxylporphyrins,Heptacarboxylporphyrins
17866-5,Carnitine/Creatinine,Ratio,Pt,Urine,Qn,,Total,Total
2915-7,Renin,CCnc,Pt,Plas,Qn,,"Renin Activity, P","Renin Activity, P"
10342-4,Sulfamethoxazole,MCnc,Pt,Ser/Plas,Qn,,"Sulfamethoxazole, S","Sulfamethoxazole, S"
6895-7,Butalbital,MCnc,Pt,Ser/Plas,Qn,,"Butalbital, S","Butalbital, S"
2666-6,Norepinephrine,MCnc,Pt,Plas,Qn,,Norepinephrine,Norepinephrine
1765-7,Aldosterone,MRat,24H,Urine,Qn,,"Aldosterone, U","Aldosterone, U"
16757-7,Diazepam+Nordiazepam,MCnc,Pt,Ser/Plas,Qn,,Diazepam and Nordiazepam,Diazepam and Nordiazepam
23825-3,Beta-N-acetylhexosaminidase.A/Beta-N-acetylhexosaminidase.total,CFr,Pt,WBC,Qn,,"Hexosaminidase Percent A, WBC","Hexosaminidase Percent A, WBC"
42726-0,Cerebroside sulfatase,CCnc,24H,Urine,Qn,,"Arylsulfatase A, U","Arylsulfatase A, U"
26982-9,Cells.CD4+CD25+,NCnc,Pt,Bld,Qn,,Activated CD4 T cells (4+CD25+),Activated CD4 T cells (4+CD25+)
3638-4,Flecainide,MCnc,Pt,Ser/Plas,Qn,,"Flecainide, S","Flecainide, S"
6774-4,Desethylamiodarone,MCnc,Pt,Ser/Plas,Qn,,Desethylamiodarone,Desethylamiodarone
3330-8,Amiodarone,MCnc,Pt,Ser/Plas,Qn,,"Amiodarone, S","Amiodarone, S"
2668-2,Norepinephrine,MRat,24H,Urine,Qn,,Norepinephrine,Norepinephrine
11005-6,Trimethoprim,MCnc,Pt,Ser/Plas,Qn,,"Trimethoprim, S","Trimethoprim, S"
6905-4,Propafenone,MCnc,Pt,Ser/Plas,Qn,,"Propafenone, S","Propafenone, S"
6899-9,Felbamate,MCnc,Pt,Ser/Plas,Qn,,"Felbamate (Felbatol), S","Felbamate (Felbatol), S"
27882-0,Proinsulin,SCnc,Pt,Ser/Plas,Qn,,"Proinsulin, P","Proinsulin, P"
10989-2,Itraconazole,MCnc,Pt,Ser/Plas,Qn,,"Itraconazole, S","Itraconazole, S"
2258-2,Estrone,MCnc,Pt,Ser/Plas,Qn,,"Estrone, S","Estrone, S"
1848-1,Androstanolone,MCnc,Pt,Ser/Plas,Qn,,"Dihydrotestosterone, S","Dihydrotestosterone, S"
23905-3,Mycophenolate,MCnc,Pt,Ser/Plas,Qn,,Mycophenolic Acid,Mycophenolic Acid
23906-1,Mycophenolate glucuronide,MCnc,Pt,Ser/Plas,Qn,,MPA Glucuronide,MPA Glucuronide
3639-2,5-Fluorocytosine,MCnc,Pt,Ser/Plas,Qn,,"5-Flucytosine, S","5-Flucytosine, S"
15087-0,Parathyrin related protein,SCnc,Pt,Ser/Plas,Qn,,PTH-Related Peptide,PTH-Related Peptide
38364-6,Haloperidol.reduced,MCnc,Pt,Ser/Plas,Qn,,Reduced Haloperidol,Reduced Haloperidol
3669-9,Haloperidol,MCnc,Pt,Ser/Plas,Qn,,"Haloperidol, S","Haloperidol, S"
3853-9,Nicotine,MCnc,Pt,Ser/Plas,Qn,,Nicotine,Nicotine
10365-5,Cotinine,MCnc,Pt,Ser/Plas,Qn,,Cotinine,Cotinine
10366-3,Cotinine,MCnc,Pt,Urine,Qn,,Cotinine,Cotinine
33915-0,Anabasine,MCnc,Pt,Urine,Qn,,Anabasine,Anabasine
33917-6,Nornicotine,MCnc,Pt,Urine,Qn,,Nornicotine,Nornicotine
3854-7,Nicotine,MCnc,Pt,Urine,Qn,,Nicotine,Nicotine
31019-3,10-Hydroxycarbazepine,MCnc,Pt,Ser/Plas,Qn,,"Oxcarbazepine Metabolite (MHC), S","Oxcarbazepine Metabolite (MHC), S"
41745-1,Betamethasone,MCnc,Pt,Ser/Plas,Qn,,Betamethasone,Betamethasone
41747-7,Budesonide,MCnc,Pt,Ser/Plas,Qn,,Budesonide,Budesonide
41754-3,Fludrocortisone,MCnc,Pt,Ser/Plas,Qn,,Fludrocortisone,Fludrocortisone
41762-6,Megestrol acetate,MCnc,Pt,Ser/Plas,Qn,,Megestrol Acetate,Megestrol Acetate
14186-1,Methylprednisolone,MCnc,Pt,Ser/Plas,Qn,,Methylprednisolone,Methylprednisolone
41767-5,Triamcinolone acetonide,MCnc,Pt,Ser/Plas,Qn,,Triamcinolone Acetonide,Triamcinolone Acetonide
46946-0,Betamethasone,MCnc,Pt,Urine,Qn,,Betamethasone,Betamethasone
46947-8,Budesonide,MCnc,Pt,Urine,Qn,,Budesonide,Budesonide
46948-6,Dexamethasone,MCnc,Pt,Urine,Qn,,Dexamethasone,Dexamethasone
46949-4,Fludrocortisone,MCnc,Pt,Urine,Qn,,Fludrocortisone,Fludrocortisone
46953-6,Megestrol acetate,MCnc,Pt,Urine,Qn,,Megestrol Acetate,Megestrol Acetate
46954-4,Methylprednisolone,MCnc,Pt,Urine,Qn,,Methylprednisolone,Methylprednisolone
46958-5,Triamcinolone acetonide,MCnc,Pt,Urine,Qn,,Triamcinolone Acetonide,Triamcinolone Acetonide
27057-9,Serotonin,MCnc,Pt,Ser,Qn,,"Serotonin, S","Serotonin, S"
2939-7,Serotonin,MCnc,Pt,Bld,Qn,,"Serotonin, B","Serotonin, B"
29620-2,Zonisamide,MCnc,Pt,Ser/Plas,Qn,,"Zonisamide, S","Zonisamide, S"
18253-5,Serotonin,MRat,24H,Urine,Qn,,"Serotonin, 24 Hr, U","Serotonin, 24 Hr, U"
38370-3,Voriconazole,MCnc,Pt,Ser/Plas,Qn,,"Voriconazole, S","Voriconazole, S"
4028-7,Secobarbital,MCnc,Pt,Ser/Plas,Qn,,"Secobarbital, S","Secobarbital, S"
3338-1,Amobarbital,MCnc,Pt,Ser/Plas,Qn,,"Amobarbital, S","Amobarbital, S"
53731-6,Posaconazole,MCnc,Pt,Ser/Plas,Qn,,"Posaconazole, S","Posaconazole, S"
22643-1,Threonine,SCnc,Pt,CSF,Qn,,Threonine,Threonine
22644-9,Serine,SCnc,Pt,CSF,Qn,,Serine,Serine
26603-1,Asparagine,SCnc,Pt,CSF,Qn,,Asparagine,Asparagine
22652-2,Glutamate,SCnc,Pt,CSF,Qn,,Glutamic Acid,Glutamic Acid
22641-5,Glutamine,SCnc,Pt,CSF,Qn,,Glutamine,Glutamine
22645-6,Proline,SCnc,Pt,CSF,Qn,,Proline,Proline
22650-6,Glycine,SCnc,Pt,CSF,Qn,,Glycine,Glycine
22657-1,Alanine,SCnc,Pt,CSF,Qn,,Alanine,Alanine
22654-8,Citrulline,SCnc,Pt,CSF,Qn,,Citrulline,Citrulline
26586-8,Alpha aminobutyrate,SCnc,Pt,CSF,Qn,,Alpha-amino-n-butyric Acid,Alpha-amino-n-butyric Acid
22649-8,Valine,SCnc,Pt,CSF,Qn,,Valine,Valine
22653-0,Cystine,SCnc,Pt,CSF,Qn,,Cystine,Cystine
22648-0,Methionine,SCnc,Pt,CSF,Qn,,Methionine,Methionine
22659-7,Isoleucine,SCnc,Pt,CSF,Qn,,Isoleucine,Isoleucine
9412-8,Leucine,SCnc,Pt,CSF,Qn,,Leucine,Leucine
22642-3,Tyrosine,SCnc,Pt,CSF,Qn,,Tyrosine,Tyrosine
22646-4,Phenylalanine,SCnc,Pt,CSF,Qn,,Phenylalanine,Phenylalanine
22647-2,Ornithine,SCnc,Pt,CSF,Qn,,Ornithine,Ornithine
22651-4,Lysine,SCnc,Pt,CSF,Qn,,Lysine,Lysine
9453-2,Histidine,SCnc,Pt,CSF,Qn,,Histidine,Histidine
22656-3,Arginine,SCnc,Pt,CSF,Qn,,Arginine,Arginine
26614-8,Taurine,SCnc,Pt,CSF,Qn,,Taurine,Taurine
30106-9,Acetylcholinesterase,ACnc,Pt,Amnio fld,Ord,,"Acetylcholinesterase, AF","Acetylcholinesterase, AF"
43243-5,Isobutyrylcarnitine (C4),SCnc,Pt,Ser/Plas,Qn,,"Iso-/Butyrylcarnitine, C4","Iso-/Butyrylcarnitine, C4"
11888-5,Gestational age,Time,Pt,^Fetus,Qn,US.composite.estimated,GA at Collection by Scan,GA at Collection by Scan
11885-1,Gestational age,Time,Pt,^Fetus,Qn,Estimated from last menstrual period,GA at Collection by Dates,GA at Collection by Dates
1813-5,Alpha galactosidase A,CCnc,Pt,Ser/Plas,Qn,,"Alpha-Galactosidase,S","Alpha-Galactosidase,S"
5574-9,Aluminum,MCnc,Pt,Ser/Plas,Qn,,"Aluminum, S","Aluminum, S"
34963-9,Cells.CD3+TCR alpha beta+,NCnc,Pt,Bld,Qn,,alpha/beta-TCR DNT,alpha/beta-TCR DNT
26707-0,Aluminum,MRat,24H,Urine,Qn,,"Aluminum, 24 Hr, U","Aluminum, 24 Hr, U"
17357-5,Neutrophil cytoplasmic Ab.perinuclear,ACnc,Pt,Ser,Ord,IF,p-ANCA,p-ANCA
8157-0,Arsenic,MCnt,Pt,Nail,Qn,,"Arsenic, Nails","Arsenic, Nails"
44357-2,Galactomannan Ag,ACnc,Pt,Ser/Plas,Qn,EIA,"Aspergillus Ag, S","Aspergillus Ag, S"
48864-3,Bartonella sp DNA,ACnc,Pt,XXX,Ord,Probe.amp.tar,Bartonella PCR,Bartonella PCR
1982-8,Biotinidase,CCnc,Pt,Ser/Plas,Qn,,"Biotinidase, S","Biotinidase, S"
53111-1,Butyrylcarnitine (C4)/Creatinine,SRto,Pt,Urine,Qn,,"C4 Acylcarnitine, QN, U","C4 Acylcarnitine, QN, U"
54279-5,Glutarylcarnitine (C5-DC)/Creatinine,SRto,Pt,Urine,Qn,,"C5-DC Acylcarnitine, QN, U","C5-DC Acylcarnitine, QN, U"
43576-8,Acylcarnitine/Carnitine.free (C0),Ratio,Pt,Urine,Qn,,AC/FC Ratio,AC/FC Ratio
51741-7,Blastomyces dermatitidis Ab,ACnc,Pt,CSF,Ord,Immune diffusion,Blastomyces Immunodiffusion (CSF),Blastomyces Immunodiffusion (CSF)
9558-8,Cells.CD20,NCnc,Pt,Bld,Qn,,CD20 Absolute,CD20 Absolute
5609-3,Cadmium,MCnc,Pt,Bld,Qn,,"Cadmium, B","Cadmium, B"
5627-5,Cobalt,MCnc,Pt,Ser/Plas,Qn,,"Cobalt, S","Cobalt, S"
29916-4,Cobalt,MRat,24H,Urine,Qn,,"Cobalt, 24 Hr, U","Cobalt, 24 Hr, U"
15046-6,Creatine,SCnc,Pt,Urine,Qn,,Creatine,Creatine
14683-7,Creatinine,SCnc,Pt,Urine,Qn,,Creatinine,Creatinine
5622-6,Chromium,MCnc,Pt,Ser/Plas,Qn,,"Chromium, S","Chromium, S"
5624-2,Chromium,MRat,24H,Urine,Qn,,"Chromium, 24 Hr, U","Chromium, 24 Hr, U"
8198-4,Copper,MCnt,Pt,Tiss,Qn,,"Copper, Liver Ts","Copper, Liver Ts"
5633-3,Copper,MRat,24H,Urine,Qn,,"Copper, 24 Hr, U","Copper, 24 Hr, U"
13966-7,Cystine,SRat,24H,Urine,Qn,,Cystine,Cystine
25464-9,Lysine,SRat,24H,Urine,Qn,,Lysine,Lysine
25491-2,Ornithine,SRat,24H,Urine,Qn,,Ornithine,Ornithine
25322-9,Arginine,SRat,24H,Urine,Qn,,Arginine,Arginine
14045-9,D-lactate,SCnc,Pt,Ser/Plas,Qn,,"D-Lactate, P","D-Lactate, P"
14046-7,D-lactate,SCnc,Pt,Urine,Qn,,"D-Lactate, U","D-Lactate, U"
49061-5,Hepatic iron index,Ratio,Pt,Liver,Qn,,Hepatic Iron Index,Hepatic Iron Index
14726-4,Fluoride,SCnc,Pt,Ser/Plas,Qn,,"Fluoride, P","Fluoride, P"
55731-4,Inject Rh immune globulin,Mass,Pt,Dose,Qn,,Rh Immune Globulin,Rh Immune Globulin
10331-7,Rh,Type,Pt,Bld,Nom,,Mother's Rh,Mother's Rh
26691-6,Uroporphyrin 1 isomer,MRat,24H,Stool,Qn,,Uroporphyrin I,Uroporphyrin I
33585-1,Uroporphyrin 3 isomer,MRat,24H,Stool,Qn,,Uroporphyrin III,Uroporphyrin III
49900-4,Heptacarboxylporphyrin I,MRat,24H,Stool,Qn,,Heptacarboxyl I,Heptacarboxyl I
49901-2,Heptacarboxylporphyrin III,MRat,24H,Stool,Qn,,Heptacarboxyl III,Heptacarboxyl III
23845-1,Coproporphyrin 1,MRat,24H,Stool,Qn,,Coproporphyrin I,Coproporphyrin I
23846-9,Coproporphyrin 3,MRat,24H,Stool,Qn,,Coproporphyrin III,Coproporphyrin III
33625-5,Isocoproporphyrin,MRat,24H,Stool,Qn,,Isocoproporphyrin,Isocoproporphyrin
2891-0,Protoporphyrin,MRat,24H,Stool,Qn,,Protoporphyrin,Protoporphyrin
33618-0,Coproporphyrin 3/Coproporphyrin 1,MRto,24H,Stool,Qn,,CoproIII/CoproI ratio,CoproIII/CoproI ratio
24047-3,Alpha fucosidase,CCnt,Pt,WBC,Qn,,"Alpha-Fucosidase, Leukocytes","Alpha-Fucosidase, Leukocytes"
2312-7,Galactose 1 phosphate,MCnc,Pt,RBC,Qn,,"Galactose-1-Phosphate, RBC","Galactose-1-Phosphate, RBC"
2308-5,Galactose,MCnc,Pt,Ser/Plas,Qn,,"Galactose, QN, P","Galactose, QN, P"
24082-0,Galactose 1 phosphate uridyl transferase,CCnt,Pt,RBC,Qn,,"Gal-1-P Uridyltransferase, RBC","Gal-1-P Uridyltransferase, RBC"
33780-8,Galactose 1 phosphate uridyl transferase phenotype,Type,Pt,Bld,Nom,,"Gal-1-Phos Urdyltrns Phenotype,RBC","Gal-1-Phos Urdyltrns Phenotype,RBC"
8201-6,Gadolinium,MRat,24H,Urine,Qn,,"Gadolinium, 24 Hr, U","Gadolinium, 24 Hr, U"
5685-3,Mercury,MCnc,Pt,Bld,Qn,,"Mercury, B","Mercury, B"
8204-0,Mercury,MCnt,Pt,Nail,Qn,,"Mercury, Nails","Mercury, Nails"
6693-6,Mercury,MRat,24H,Urine,Qn,,"Mercury, 24 Hr, U","Mercury, 24 Hr, U"
1695-6,5-Hydroxyindoleacetate,MRat,24H,Urine,Qn,,"5-Hydroxyindoleacetic Acid, U","5-Hydroxyindoleacetic Acid, U"
4579-9,Hemoglobin F,ACnc,Pt,Bld,Ord,,"Hb F Distribution, B","Hb F Distribution, B"
2721-9,Pancreatic polypeptide,MCnc,Pt,Ser/Plas,Qn,,"Pancreatic Polypeptide, P","Pancreatic Polypeptide, P"
2436-4,Homovanillate,MRat,24H,Urine,Qn,,"Homovanillic Acid, Adult (>14 yr)","Homovanillic Acid, Adult (>14 yr)"
13760-4,Homovanillate/Creatinine,MRto,24H,Urine,Qn,,"Homovanillic Acid, Child (<15 yr)","Homovanillic Acid, Child (<15 yr)"
2494-3,Iodine,MCnc,Pt,Ser/Plas,Qn,,"Iodine, S","Iodine, S"
32781-7,Legionella sp Ag,ACnc,Pt,Urine,Ord,,"Legionella Ag, U","Legionella Ag, U"
21987-3,Geographic place of death,Type,Pt,^Patient,Nom,,Place of Death:,Place of Death:
22638-1,Path report.comments,Imp,Pt,Specimen,Nar,,Addendum Comment:,Addendum Comment:
6321-4,Borrelia burgdorferi Ab.IgM,ACnc,Pt,Ser,Ord,IB,IgM Immunoblot,IgM Immunoblot
6320-6,Borrelia burgdorferi Ab.IgG,ACnc,Pt,Ser,Ord,IB,IgG Immunoblot,IgG Immunoblot
5681-2,Manganese,MCnc,Pt,Bld,Qn,,"Manganese, B","Manganese, B"
5683-8,Manganese,MCnc,Pt,Ser/Plas,Qn,,"Manganese, S","Manganese, S"
8203-2,Manganese,MRat,24H,Urine,Qn,,"Manganese, 24 Hr, U","Manganese, 24 Hr, U"
5698-6,Molybdenum,MCnc,Pt,Ser/Plas,Qn,,"Molybdenum, S","Molybdenum, S"
5702-6,Nickel,MCnc,Pt,Ser/Plas,Qn,,"Nickel, S","Nickel, S"
5705-9,Nickel,MRat,24H,Urine,Qn,,"Nickel, 24 Hr, U","Nickel, 24 Hr, U"
2902-5,Pyrimidine-5-Nucleotidase,ACnc,Pt,Bld,Ord,,"Pyrimidine 5' Nucleotidase, B","Pyrimidine 5' Nucleotidase, B"
22758-7,Plasminogen activator inhibitor 1 Ag,MCnc,Pt,PPP,Qn,Imm,"PAI-1 Ag, P","PAI-1 Ag, P"
8202-4,Lead,MCnt,Pt,Nail,Qn,,"Lead, Nails","Lead, Nails"
32334-5,Pipecolate,SCnc,Pt,Ser/Plas,Qn,,"Pipecolic Acid, S","Pipecolic Acid, S"
2815-9,Porphyrins,MCnc,Pt,Ser/Plas,Qn,,"Porphyrins, Total, P","Porphyrins, Total, P"
2905-8,Pyruvate,MCnc,Pt,Bld,Qn,,"Pyruvic Acid, B","Pyruvic Acid, B"
14121-8,Pyruvate,SCnc,Pt,Bld,Qn,,"Pyruvic Acid, B","Pyruvic Acid, B"
14122-6,Pyruvate,SCnc,Pt,CSF,Qn,,"Pyruvic Acid, CSF","Pyruvic Acid, CSF"
5880-0,Rotavirus Ag,ACnc,Pt,Stool,Ord,EIA,"Rotavirus Ag, F","Rotavirus Ag, F"
5724-0,Selenium,MCnc,Pt,Ser/Plas,Qn,,"Selenium, S","Selenium, S"
5746-3,Thallium,MRat,24H,Urine,Qn,,"Thallium, 24 Hr, U","Thallium, 24 Hr, U"
17713-9,Topiramate,MCnc,Pt,Ser/Plas,Qn,,"Topiramate, S","Topiramate, S"
29891-9,Carbon dioxide^post dose urea,ACnc,Pt,Exhl gas,Ord,,H. pylori C Urea Breath Test,H. pylori C Urea Breath Test
2492-7,Iodine,MRat,24H,Urine,Qn,,"Iodine, 24 Hr, U","Iodine, 24 Hr, U"
3125-2,Vasoactive intestinal peptide,MCnc,Pt,Ser/Plas,Qn,,"Vasoactive Intestinal Polypeptide,P","Vasoactive Intestinal Polypeptide,P"
5693-7,Methanol,MCnc,Pt,Ser/Plas,Qn,,"Methanol, S","Methanol, S"
5643-2,Ethanol,MCnc,Pt,Ser/Plas,Qn,,"Ethanol, S","Ethanol, S"
5568-1,Acetone,MCnc,Pt,Ser/Plas,Qn,,"Acetone, S","Acetone, S"
5669-7,Isopropanol,MCnc,Pt,Ser/Plas,Qn,,"Isopropanol, S","Isopropanol, S"
32044-0,Volatiles,Prid,Pt,Ser/Plas,Nom,,"Volatile Scrn, S","Volatile Scrn, S"
3122-9,Vanillylmandelate,MRat,24H,Urine,Qn,,"Vanillylmandelic Acid, Adult (>14y)","Vanillylmandelic Acid, Adult (>14y)"
30571-4,Vanillylmandelate/Creatinine,MRto,24H,Urine,Qn,,"Vanillylmandelic Acid, Child (<15y)","Vanillylmandelic Acid, Child (<15y)"
5763-8,Zinc,MCnc,Pt,Ser/Plas,Qn,,"Zinc, S","Zinc, S"
5765-3,Zinc,MRat,24H,Urine,Qn,,"Zinc, 24 Hr, U","Zinc, 24 Hr, U"
32286-7,Hepatitis C virus genotype,Prid,Pt,Ser/Plas,Nom,Probe.amp.tar,"HCV Genotype, S","HCV Genotype, S"
49700-8,Metanephrine.free,SCnc,Pt,Ser/Plas,Qn,,"Metanephrine, Free","Metanephrine, Free"
40851-8,Normetanephrine.free,SCnc,Pt,Ser/Plas,Qn,,"Normetanephrine, Free","Normetanephrine, Free"
53707-6,CV2 Ab.IgG,ACnc,Pt,CSF,Ord,IB,"CRMP-5-IgG Western Blot, CSF","CRMP-5-IgG Western Blot, CSF"
30552-4,Pyridoxal phosphate,MCnc,Pt,Ser/Plas,Qn,,"Pyridoxal 5-Phosphate (PLP), P","Pyridoxal 5-Phosphate (PLP), P"
6371-9,Cryptosporidium sp Ag,ACnc,Pt,Stool,Ord,EIA,"Cryptosporidium Ag, F","Cryptosporidium Ag, F"
1903-4,Ascorbate,MCnc,Pt,Ser/Plas,Qn,,"Ascorbic Acid, P","Ascorbic Acid, P"
21112-8,Birth date,TmStp,Pt,^Patient,Qn,,Maternal date of birth,Maternal date of birth
43993-5,Age.at delivery,Time,Pt,^Patient,Qn,,Calculated age at EDD,Calculated age at EDD
2478-6,Inhibin,MCnc,Pt,Ser/Plas,Qn,,INHIBIN,INHIBIN
3616-0,Ethosuximide,MCnc,Pt,Ser/Plas,Qn,,"Ethosuximide, S","Ethosuximide, S"
3422-3,Caffeine,MCnc,Pt,Ser/Plas,Qn,,"Caffeine, S","Caffeine, S"
3714-3,Lidocaine,MCnc,Pt,Ser/Plas,Qn,,"Lidocaine, S","Lidocaine, S"
3834-9,N-acetylprocainamide,MCnc,Pt,Ser/Plas,Qn,,"N-acetylprocainamide, S","N-acetylprocainamide, S"
3983-4,Procainamide+N-acetylprocainamide,MCnc,Pt,Ser/Plas,Qn,,Procainamide + NAPA,Procainamide + NAPA
3982-6,Procainamide,MCnc,Pt,Ser/Plas,Qn,,"Procainamide, S","Procainamide, S"
4049-3,Theophylline,MCnc,Pt,Ser/Plas,Qn,,"Theophylline, S","Theophylline, S"
16141-4,Nitrogen,MRat,24H,Stool,Qn,,"Nitrogen, Total, F","Nitrogen, Total, F"
2660-9,Nitrogen,MRat,24H,Urine,Qn,,"Nitrogen, Total, U","Nitrogen, Total, U"
11060-1,Reducing substances,ACnc,Pt,Stool,Ord,,"Reducing Substance, F","Reducing Substance, F"
42178-4,Lipoprotein.X,ACnc,Pt,Ser/Plas,Ord,,LpX,LpX
39556-6,Coagulation factor X inhibitor,ACnc,Pt,PPP,Ord,Coag,Factor X Inhib Scrn,Factor X Inhib Scrn
30086-3,Coagulation factor IX inhibitor,ACnc,Pt,PPP,Ord,Coag,Factor IX Inhib Scrn,Factor IX Inhib Scrn
