Brand Name,Generic Name,Form,Strength,Pack Size,Class,Manufacturer
 Infanrix,Dtpa Vaccine, inj, 1 dose,1,Immunological Agents (Immunological agents),Glaxosmithkline Pharma
 Tritanrix,Dtpw/hepatitis B Vaccine, inj, 1 dose,1,Immunological Agents (Immunological agents),Glaxosmithkline Pharma
 Volumatic Spacer,(n/a), -, -,1,Misc. Agents (Misc. drugs),Glaxosmithkline Pharma
 Babyhaler,(n/a), inhaler, -,1,Misc. Agents (Misc. drugs),Glaxosmithkline Pharma
 Avandamet,Rosiglitazone/metformin, tabs, 2mg/500mg,28,Antidiabetics: Other (Endocrine system drugs),Glaxosmithkline Pharma
 Betaloc Zok,Metoprolol, tabs, 25mg,14,Beta-blockers (Cardiovascular drugs),Astrazeneca
 Forane,Isoflurane, liquid, 100ml,1,General Anaesthetics (CNS agents),Abbott (usa)
 Erythrocin,Erythromycin, tabs, 250mg,100,Antibacterials: Macrolides (Anti-infectives),Abbott (usa)
 Throx,Roxithromycin, syp, 60ml,1,Antibacterials: Macrolides (Anti-infectives),Alembic
 Pan,Pantoprazole, tabs, 40mg,30,Proton Pump Inhibitors (Gastrointestinal drugs),Alkem Labs
 Pan,Pantoprazole, tabs, 20mg,30,Proton Pump Inhibitors (Gastrointestinal drugs),Alkem Labs
 Moxicam,Meloxicam, tabs, 15mg,10,Nsaids (Musculoskeletal agents),Nic Pharma
 Moxicam,Meloxicam, tabs, 7.5mg,10,Nsaids (Musculoskeletal agents),Nic Pharma
 Forcef,Cefuroxime, inj, 250mg,1,Antibacterials: Cephalosporins (Anti-infectives),Aristo Pharma
 Flexon,Paracetamol/ibuprofen, tabs, 500/400mg,10,Nsaids (Musculoskeletal agents),Aristo Pharma
 Flucon,Fluconazole, tabs, 50mg,10,Antifungals (Anti-infectives),Nic Pharma
 Flucon,Fluconazole, caps, 200mg,10,Antifungals (Anti-infectives),Nic Pharma
 Flucon,Fluconazole, caps, 150mg,10,Antifungals (Anti-infectives),Nic Pharma
 Fexofen,Fexofenadine, tabs, 180mg,10,Antihistamines (Respiratory system drugs),Aristo Pharma
 Fexofen,Fexofenadine, tabs, 120mg,10,Antihistamines (Respiratory system drugs),Aristo Pharma
 Xpect B,Cough Expectorant, syp, 100ml,1,Mucolytics/expectorants (Respiratory system drugs),Ochoa Las (india)
 Cyprol,Cyproheptadine, syp, 200ml,1,Antihistamines (Respiratory system drugs),Ochoa Las (india)
 Clavam,Amoxicillin/clavulanate, tabs, 1g,10,Antibacterials: Penicillins (Anti-infectives),Alkem Labs
 Clavam,Amoxicillin/clavulanate, syp, 228mg/5ml 100ml,1,Antibacterials: Penicillins (Anti-infectives),Alkem Labs
 Clavam,Amoxicillin/clavulanate, inj, 1.2g,1,Antibacterials: Penicillins (Anti-infectives),Alkem Labs
 Cefim,Cefixime, syp, 60ml,1,Antibacterials: Cephalosporins (Anti-infectives),Hilton Pharma Pakistan
 Cardil,Carvedilol, tabs, 6.25mg,30,Beta-blockers (Cardiovascular drugs),Nic Pharma
 Breeze,Cold/flu Remedy, caps, -,10,Cold Remedies (Respiratory system drugs),Nic Pharma
 Arsun Aq,Artesunate/amodiaquine, tabs, 200/612mg,6,Antimalarials (Anti-infectives),Medisel
 Ambrodil,Ambroxol, tabs, 30mg,100,Mucolytics/expectorants (Respiratory system drugs),Aristo Pharma
 Haemaccel,Polygeline, infusion, 500ml,1,Blood/plasma Products (Nutrition and blood agents),Nicholas Piramal
 Human Albumin,Albumin, inj, 20% 100ml,1,Blood/plasma Products (Nutrition and blood agents),Emcure Pharmaceuticals
 Zerocid,Ranitidine, tabs, 300mg,100,H-2 Receptor Antagonists (Gastrointestinal drugs),Zest Pharma
 Zerocid,Ranitidine, tabs, 150mg,100,H-2 Receptor Antagonists (Gastrointestinal drugs),Zest Pharma
 Normed,Norfloxacin, tabs, 400mg,200,Antibacterials: Floroquinolones (Anti-infectives),Emcure Pharmaceuticals
 Zimat,Cetirizine, tabs, 10mg,100,Antihistamines (Respiratory system drugs),Kopran
 Ciproquin,Ciprofloxacin, tabs, 500mg,100,Antibacterials: Floroquinolones (Anti-infectives),Kopran
 Lysine Acetyl Salicylate,Lysine-acetylsalicylic Acid, inj, 1g,1,Nsaids (Musculoskeletal agents),Troikaa Pharma
 Ketamax,Ketamine, inj, 50mg/ml 10ml,1,General Anaesthetics (CNS agents),Troikaa Pharma
 Ibudyne,Ibuprofen, tabs, 200mg,100,Nsaids (Musculoskeletal agents),Troikaa Pharma
 Ibudyne,Ibuprofen, tabs, 200mg,1000,Nsaids (Musculoskeletal agents),Troikaa Pharma
 Quinax,Quinine, inj, 600mg/2ml,1,Antimalarials (Anti-infectives),Troikaa Pharma
 Hydrocortisone,Hydrocortisone, inj, 100mg,1,Corticosteroids (Endocrine system drugs),Troikaa Pharma
 Recatix Forte,Glucosamine/chondrointin, tabs, 500/200mg,30,Vitamins/minerals (Nutrition and blood agents),Comed Chemicals
 Copar,Metoclopramide/paracetamol, tabs, 10/500mg,10,Antimuscarinic Drugs (Gastrointestinal drugs),Comed Chemicals
 Codroxil,Cefadroxil, tabs, 500mg,10,Antibacterials: Cephalosporins (Anti-infectives),Comed Chemicals
 Codroxil-kid,Cefadroxil, tabs, 250mg,10,Antibacterials: Cephalosporins (Anti-infectives),Comed Chemicals
 Virux,Acyclovir, tabs, 200mg,30,Antiviral Agents (Anti-infectives),Square Pharmaceuticals
 Virux,Acyclovir, cream, 5g,1,Antiviral Agents (Anti-infectives),Square Pharmaceuticals
 Vasopril,Enalapril, tabs, 10mg,100,Ace Inhibitors (Cardiovascular drugs),Square Pharmaceuticals
 Vasopril,Enalapril, tabs, 5mg,100,Ace Inhibitors (Cardiovascular drugs),Square Pharmaceuticals
 Seclo,Omeprazole, caps, 20mg,30,Proton Pump Inhibitors (Gastrointestinal drugs),Square Pharmaceuticals
 Remac,Clarithromycin, tabs, 500mg,10,Antibacterials: Macrolides (Anti-infectives),Square Pharmaceuticals
 Ciproken,Ciprofloxacin, eye drops, 3% 5ml,1,Antibacterials: Floroquinolones (Anti-infectives),Square Pharmaceuticals
 Clofenac,Diclofenac, tabs, 50mg,100,Nsaids (Musculoskeletal agents),Square Pharmaceuticals
 Ciproken,Ciprofloxacin, tabs, 500mg,20,Antibacterials: Floroquinolones (Anti-infectives),Square Pharmaceuticals
 Ciproken,Ciprofloxacin, tabs, 250mg,30,Antibacterials: Floroquinolones (Anti-infectives),Square Pharmaceuticals
 Cefotil,Cefuroxime, tabs, 250mg,20,Antibacterials: Cephalosporins (Anti-infectives),Square Pharmaceuticals
 Ibidroxil,Cefadroxil, syp, 250mg/5ml 60ml,1,Antibacterials: Cephalosporins (Anti-infectives),Glaxosmithkline (egy)
 Ibidroxil,Cefadroxil, syp, 125mg/5ml 60ml,1,Antibacterials: Cephalosporins (Anti-infectives),Glaxosmithkline (egy)
 Dyclomax,Diclofenac, tabs, 100mg,30,Nsaids (Musculoskeletal agents),Glaxosmithkline (hsa)
 Amoxil,Amoxiciillin, inj, 250mg,10,Antibacterials: Penicillins (Anti-infectives),Glaxosmithkline (hsa)
 Alben,Albendazole, tabs, 400mg,1,Anthelmintics (Anti-infectives),Glaxosmithkline (hsa)
 Mixavit,Vitamin/mineral Preparation, syp, 120ml,1,Vitamins/minerals (Nutrition and blood agents),Julphar Gulf Pharma
 Petrin,Loratadine, tabs, 10mg,100,Antihistamines (Respiratory system drugs),Beximco Pharma
 Arixon,Ceftriaxone, inj, 500mg iv/im,1,Antibacterials: Cephalosporins (Anti-infectives),Beximco Pharma
 Amdocal,Amlodipine, tabs, 5mg,50,Calcium Channel Blokers (Cardiovascular drugs),Beximco Pharma
 Bextrum,Vitamin/mineral Preparation, tabs, -,30,Vitamins/minerals (Nutrition and blood agents),Beximco Pharma
 Orfix,Cefixime, tabs, 200mg,10,Antibacterials: Cephalosporins (Anti-infectives),Orchid Healthcare
 Mirtaz,Mirtazapine, tabs, 30mg,30,Antidepressants: Other (CNS agents),Sun Pharma
 Mirtaz,Mirtazapine, tabs, 15mg,30,Antidepressants: Other (CNS agents),Sun Pharma
 Nyolol,Timolol, gel, 5g,1,Beta-blockers (Cardiovascular drugs),Novartis Opth
 Hypotears,Vitamin A, eye oint, 10g,1,Vitamins/minerals (Nutrition and blood agents),Novartis Opth
 Deep Freeze,Liniment/balm, gel, 35g,1,Dermatological Agents (Dermatological agents),Mentholatum
 Deep Freeze,Liniment/balm, gel, 100gm,1,Dermatological Agents (Dermatological agents),Mentholatum
 Biorem,Rifampicin, caps, 300mg,100,Antitubercular Agents (Anti-infectives),Bio-generics
 Prim E,Vitamin E, caps, 1000iu,30,Vitamins/minerals (Nutrition and blood agents),Mega
 Nat-c,Vitamin C, caps, 1000mg,30,Vitamins/minerals (Nutrition and blood agents),Mega
 Livolin,Vitamin/mineral Preparation, caps, -,30,Vitamins/minerals (Nutrition and blood agents),Mega
 Fastum,Ketoprofen, gel, 100g,1,Nsaids (Musculoskeletal agents),Menarini Int
 Pneumo 23,Pneumococcal Vaccine, inj, 1 dose,1,Immunological Agents (Immunological agents),Pasteur Merieux
 Nasonex,Mometasone, nasal spray, 50mcg/dose 120doses,1,Corticosteroids (Endocrine system drugs),Essex (schering - Plough)
 Lotriderm,Clotrimazole/beclomethasone, cream, 30g,1,Dermatological Agents (Dermatological agents),Essex (schering - Plough)
 Garamycin,Gentamicin, cream, 15g,1,Antibacterials: Aminoglycoside (Anti-infectives),Essex (schering - Plough)
 Elocom,Mometasone, oint, 15gm,1,Corticosteroids (Endocrine system drugs),Essex (schering - Plough)
 Diprogenta,Gentamicin/betamethasone, oint, 15gm,1,Dermatological Agents (Dermatological agents),Essex (schering - Plough)
 Celestoderm V Garamycin,Betamethasone/gentamicin, oint, 15gm,1,Dermatological Agents (Dermatological agents),Essex (schering - Plough)
 Zysunate,Artesunate, tabs, 50mg,12,Antimalarials (Anti-infectives),"Zydus Cadila H/care, India"
 R-cin,Rifampicin, caps, 300mg,100,Antitubercular Agents (Anti-infectives),Lupin Labs
 Odoxil,Cefadroxil, syp, 125mg/5ml 60ml,1,Antibacterials: Cephalosporins (Anti-infectives),Lupin Labs
 Diclonac,Diclofenac, gel, 30g,1,Nsaids (Musculoskeletal agents),Lupin Labs
 Ceff,Cephalexin, caps, 250mg,100,Antibacterials: Cephalosporins (Anti-infectives),Lupin Labs
 Zofran,Ondansetron, inj, 4mg/2ml,5,Antiemetics (Gastrointestinal drugs),Glaxosmithkline Pharma
 Ventolin,Salbutamol, syp, 2mg/5ml100ml,1,Selective Beta-2 Agonists (Respiratory system drugs),Glaxosmithkline Pharma
 Ventolin,Salbutamol, nebulizer, 10ml,1,Selective Beta-2 Agonists (Respiratory system drugs),Glaxosmithkline Pharma
 Ventolin,Salbutamol, inj, 0.5mg/ml,5,Selective Beta-2 Agonists (Respiratory system drugs),Glaxosmithkline Pharma
 Betnovate N,Betamethasone/neomycin, oint, 15g,1,Dermatological Agents (Dermatological agents),Glaxosmithkline (hsa)
 Betnovate,Betamethasone, oint, 30g,1,Corticosteroids (Endocrine system drugs),Glaxosmithkline Pharma
 Bactroban,Mupirocin, cream, 15g,1,Antibacterials: Others (Anti-infectives),Glaxosmithkline Pharma
 Aterax,Hydroxyzine, tabs, 25mg,100,Antihistamines (Respiratory system drugs),Ucb Pharm Sa Pty
 Ivydexnicol,Dexamethasone/chloramphenicol, eye drops, 5ml,1,Eye/ear/nose Preparations (Eye ENT agents),Ivee Aqua Epz
 Ivydexgenta,Dexamethasone/gentamycin, e/e drops, 5ml,1,Dermatological Agents (Dermatological agents),Ivee Aqua Epz
 Actal Tums Orange,Calcium Carbonate, tabs, 500mg,100,Antacids (Gastrointestinal drugs),Glaxosmithkline Pharma
 Panadol Actifast,Paracetamol, tabs, 500mg,20,Nsaids (Musculoskeletal agents),Glaxosmithkline Pharma
 Actifed Wet Cough,Cough Expectorant, syp, 100ml,1,Mucolytics/expectorants (Respiratory system drugs),Glaxosmithkline Pharma
 Eurax,Crotamiton, cream, 20g,1,Dermatological Agents (Dermatological agents),Novartis Cons
 Unienzyme,Digestive Enzymes, tabs, -,100,Misc. Agents (Misc. drugs),Unichem Labs
 Kontab,Anti-inflammatory Enzymes, tabs, -,50,Misc. Agents (Misc. drugs),Efroze Chemical
 Trizymal,Digestive Enzymes, tabs, -,30,Misc. Agents (Misc. drugs),Efroze Chemical
 Advil Cs,Ibuprofen/pseudoephedrine, tabs, 200/30mg,20,Cold Remedies (Respiratory system drugs),Wyeth Consumer
 Digestomen,Digestive Enzymes, tabs, -,30,Misc. Agents (Misc. drugs),Menarini Int
 Levitra,Vardenafil, tabs, 20mg,4,"Erectile Dysfunction Agents (Urinary, Obstetrics and Gynaecological agents)",Bayer Schering Pharma
 Levitra,Vardenafil, tabs, 10mg,4,"Erectile Dysfunction Agents (Urinary, Obstetrics and Gynaecological agents)",Bayer Schering Pharma
 Levitra,Vardenafil, tabs, 5mg,4,"Erectile Dysfunction Agents (Urinary, Obstetrics and Gynaecological agents)",Bayer Schering Pharma
 Tazocin,Piperacillin/tacobactam, inj, 4g,1,Antibacterials: Penicillins (Anti-infectives),Wyeth Sa
 Betaday,Bambuterol, tabs, 10mg,30,Selective Beta-2 Agonists (Respiratory system drugs),Sun Pharma
 Normolip,Gemfibrozil, caps, 300mg,60,Fibrates (Cardiovascular drugs),Sun Pharma
 Citrosoda,Sodium Citrate+bicarbonate/tartaric Acid/citric Acid, powder, 120g,1,Misc. Agents (Misc. drugs),Adcork Ingram
 Adco-sodasol,Sodium Citrate+bicarbonate/tartaric Acid/citric Acid, powder, 60g,1,Misc. Agents (Misc. drugs),Adcork Ingram
 Pynstop,Paracetamol/dicyclomine/codeine/caffeine, tabs, -,100,Nsaids (Musculoskeletal agents),Adcork Ingram
 Parimed,Pamidronate, inj, 60mg,1,Biphosphonates (Misc. drugs),Surgilinks Ltd
 Parimed,Pamidronate, inj, 30mg,1,Biphosphonates (Misc. drugs),Surgilinks Ltd
 Beclasone C,Beclomethasone/clioquinol, cream, 15g,1,Dermatological Agents (Dermatological agents),Emcure Pharmaceuticals
 Sylate,Etamsylate, inj, 250mg/2ml,10,Haemostatics/antifibrinlytics (Nutrition and blood agents),Emcure Pharmaceuticals
 Sylate,Etamsylate, tabs, 500mg,20,Haemostatics/antifibrinlytics (Nutrition and blood agents),Emcure Pharmaceuticals
 Venofer,Iron Sucrose, inj, 100mg,5,Haematinics/iron Preparations (Nutrition and blood agents),Vifor Int
 Sputex,Cough Expectorant, syp, 100ml,1,Mucolytics/expectorants (Respiratory system drugs),Argos Pharma
 P-febrin,Paracetamol/ibuprofen, tabs, 500/400mg,100,Nsaids (Musculoskeletal agents),Argos Pharma
 Fendol,Chlorzoxazone/diclofenac/paracetamol, tabs, 500/50/500mg,100,Skeletal Muscle Relaxants (Musculoskeletal agents),Argos Pharma
 Zetaxim,Cefuroxime, inj, 1g,1,Antibacterials: Cephalosporins (Anti-infectives),Wockhardt Ltd
 Zetaxim,Cefotaxime, inj, 500mg,1,Antibacterials: Cephalosporins (Anti-infectives),Wockhardt Ltd
 Wokadine,Povidone-iodine, pess, 200mg,14,Disinfectants/antiseptics (Misc. drugs),Wockhardt Ltd
 Wokadine Surgical Scrub,Povidone-iodine, solution, 500ml,1,Disinfectants/antiseptics (Misc. drugs),Wockhardt Ltd
 Wokadine,Povidone-iodine, solution, 500ml,1,Disinfectants/antiseptics (Misc. drugs),Wockhardt Ltd
 Wokadine,Povidone-iodine, solution, 100ml,1,Disinfectants/antiseptics (Misc. drugs),Wockhardt Ltd
 Wokadine,Povidone-iodine, powder, 10g,1,Disinfectants/antiseptics (Misc. drugs),Wockhardt Ltd
 Wokadine,Povidone-iodine, oint, 250g,1,Disinfectants/antiseptics (Misc. drugs),Wockhardt Ltd
 Kefstar,Cefuroxime, syp, 125mg/5ml 50ml,1,Antibacterials: Cephalosporins (Anti-infectives),Wockhardt Ltd
 Kefstar,Cefuroxime, tabs, 500mg,10,Antibacterials: Cephalosporins (Anti-infectives),Wockhardt Ltd
 Kefstar,Cefuroxime, tabs, 250mg,10,Antibacterials: Cephalosporins (Anti-infectives),Wockhardt Ltd
 Bestum,Ceftazidime, inj, 1g,1,Antibacterials: Cephalosporins (Anti-infectives),Wockhardt Ltd
 Bestum,Ceftazidime, inj, 500mg,1,Antibacterials: Cephalosporins (Anti-infectives),Wockhardt Ltd
 Bestum,Ceftazidime, inj, 250mg,1,Antibacterials: Cephalosporins (Anti-infectives),Wockhardt Ltd
 Ultraflox,Ciprofloxacin, tabs, 500mg,10,Antibacterials: Floroquinolones (Anti-infectives),Balpharma Ltd
 Grisoral,Griseofulvin, tabs, 250mg,100,Antifungals (Anti-infectives),Balpharma Ltd
 Fluvin,Griseofulvin, tabs, 500mg,100,Antifungals (Anti-infectives),Bombay Tab
 Fluvin,Griseofulvin, tabs, 125mg,150,Antifungals (Anti-infectives),Bombay Tab
 Pefan,Pefloxacin, tabs, 400mg,100,Antibacterials: Floroquinolones (Anti-infectives),Bombay Tab
 Tina,Tinidazole, tabs, 500mg,4,Antiprozoal Agents (Anti-infectives),Bombay Tab
 Korandil,Enalapril, tabs, 10mg,100,Ace Inhibitors (Cardiovascular drugs),Remedica Ltd
 Epsitron,Captopril, tabs, 25mg,100,Ace Inhibitors (Cardiovascular drugs),Remedica Ltd
 Glyformin,Metformin, tabs, 500mg,100,Antidiabetics:biguanides (Endocrine system drugs),Remedica Ltd
 Restatin,Nystatin, tabs," 500,000 iu",100,Antifungals (Anti-infectives),Remedica Ltd
 Hydralazine,Hydralazine, tabs, 25mg,1000,Vasodilators (Cardiovascular drugs),Remedica Ltd
 Methyldopa,Methyldopa, tabs, 500mg,500,Cns Alpha Agonists (CNS agents),Remedica Ltd
 Methyldopa,Methyldopa, tabs, 250mg,1000,Cns Alpha Agonists (CNS agents),Remedica Ltd
 Ermycin,Erythromycin, tabs, 250mg,1000,Antibacterials: Macrolides (Anti-infectives),Remedica Ltd
 Stadine,Stavudine, caps, 40mg,60,Antiretrovirals (Anti-infectives),Emcure Pharmaceuticals
 Stadine,Stavudine, caps, 30mg,60,Antiretrovirals (Anti-infectives),Emcure Pharmaceuticals
 Nevir,Nevirapine, syp, 50mg/5ml 100ml,1,Antiretrovirals (Anti-infectives),Emcure Pharmaceuticals
 Nevir,Nevirapine, tabs, 200mg,60,Antiretrovirals (Anti-infectives),Emcure Pharmaceuticals
 Lazid,Lamivudine/zidovudine, tabs, 150/300mg,60,Antiretrovirals (Anti-infectives),Emcure Pharmaceuticals
 Lavir,Lamivudine, tabs, 150mg,60,Antiretrovirals (Anti-infectives),Emcure Pharmaceuticals
 Emtri,Lamivudine/stavudine/nevirapine, tabs, 150/40/200mg,60,Antiretrovirals (Anti-infectives),Emcure Pharmaceuticals
 Emtri,Lamivudine/stavudine/nevirapine, tabs, 150/30/200mg,60,Antiretrovirals (Anti-infectives),Emcure Pharmaceuticals
 Zosec,Omeprazole, tabs, 20mg,10,Proton Pump Inhibitors (Gastrointestinal drugs),Emcure Pharmaceuticals
 Vintor,Erythropoietin, inj, 4000iu,1,Blood/plasma Products (Nutrition and blood agents),Emcure Pharmaceuticals
 Vintor,Erythropoietin, inj, 2000iu,1,Blood/plasma Products (Nutrition and blood agents),Emcure Pharmaceuticals
 Vifex,Cough Expectorant, syp, 100ml,1,Mucolytics/expectorants (Respiratory system drugs),Emcure Pharmaceuticals
 Tzex,Tinidazole, tabs, 500mg,4,Antiprozoal Agents (Anti-infectives),Zest Pharma
 Throcin,Erythromycin, tabs, 250mg,100,Antibacterials: Macrolides (Anti-infectives),Emcure Pharmaceuticals
 Orofer Chewable,Iron/haematinic Preparation, tabs, -,30,Haematinics/iron Preparations (Nutrition and blood agents),Emcure Pharmaceuticals
 Orofer,Iron/haematinic Preparation, caps, -,40,Haematinics/iron Preparations (Nutrition and blood agents),Emcure Pharmaceuticals
 Ifen,Ibuprofen, tabs, 400mg,500,Nsaids (Musculoskeletal agents),Emcure Pharmaceuticals
 Ifen,Ibuprofen, tabs, 200mg,1000,Nsaids (Musculoskeletal agents),Zest Pharma
 Emsulide,Nimesulide, tabs, 100mg,200,Nsaids (Musculoskeletal agents),Emcure Pharmaceuticals
 Emanzen Forte,Serratiopeptidase, tabs, 10g,30,Misc. Agents (Misc. drugs),Emcure Pharmaceuticals
 C-tri T,Cefuroxime, tabs, 250mg,10,Antibacterials: Cephalosporins (Anti-infectives),Emcure Pharmaceuticals
 C-tri,Ceftriaxone, inj, 1g,1,Antibacterials: Cephalosporins (Anti-infectives),Emcure Pharmaceuticals
 C-tax,Cefixime, tabs, 200mg,10,Antibacterials: Cephalosporins (Anti-infectives),Emcure Pharmaceuticals
 C-tax,Cefixime, syp, 50mg/5ml 100ml,1,Antibacterials: Cephalosporins (Anti-infectives),Emcure Pharmaceuticals
 Ciprobiotic,Ciprofloxacin, tabs, 500mg,100,Antibacterials: Floroquinolones (Anti-infectives),Emcure Pharmaceuticals
 Bimode Sr,Glipizide, tabs, 10mg,100,Sulphonylureas (Endocrine system drugs),Emcure Pharmaceuticals
 Beclasone N,Beclomethasone/neomycin, cream, 15g,1,Dermatological Agents (Dermatological agents),Emcure Pharmaceuticals
 Augpen,Amoxicillin/clavulanate, syp, 312mg/5ml 100ml,1,Antibacterials: Penicillins (Anti-infectives),Emcure Pharmaceuticals
 Augpen,Amoxicillin/clavulanate, syp, 156mg/5ml 100ml,1,Antibacterials: Penicillins (Anti-infectives),Emcure Pharmaceuticals
 Augpen,Amoxicillin/clavulanate, tabs, 625mg,14,Antibacterials: Penicillins (Anti-infectives),Emcure Pharmaceuticals
 Atorec,Atorvastatin, tabs, 20mg,30,Statins (Cardiovascular drugs),Emcure Pharmaceuticals
 Atorec,Atorvastatin, tabs, 10mg,30,Statins (Cardiovascular drugs),Emcure Pharmaceuticals
 Reclide,Gliclazide, tabs, 80mg,20,Sulphonylureas (Endocrine system drugs),Dr Reddys Labs
 Rafree,Meloxicam, tabs, 7.5mg,20,Nsaids (Musculoskeletal agents),Dr Reddys Labs
 Mitotax,Paclitaxel, inj, 100mg,1,Anticancer/immunosuppressants: Other (Oncology & immunosuppression drugs),Dr Reddys Labs
 Mitotax,Paclitaxel, inj, 30mg,1,Anticancer/immunosuppressants: Other (Oncology & immunosuppression drugs),Dr Reddys Labs
 Docetere,Docetaxel, inj, 80mg,1,Anticancer/immunosuppressants: Other (Oncology & immunosuppression drugs),Dr Reddys Labs
 Docetere,Docetaxel, inj, 20mg,1,Anticancer/immunosuppressants: Other (Oncology & immunosuppression drugs),Dr Reddys Labs
 Lactulac,Lactulose, solution, 200ml,1,Laxatives (Gastrointestinal drugs),Questa Care Inc
 Cartilion,Glucosamine/chondrointin, caps, 500/200mg,30,Vitamins/minerals (Nutrition and blood agents),Cosme Pharma
 Spizef,Cefuroxime, inj, 750mg,1,Antibacterials: Cephalosporins (Anti-infectives),Orchid Healthcare
 Spizef,Cefuroxime, tabs, 500mg,10,Antibacterials: Cephalosporins (Anti-infectives),Orchid Healthcare
 Spizef,Cefuroxime, tabs, 250mg,10,Antibacterials: Cephalosporins (Anti-infectives),Orchid Healthcare
 Orzid,Ceftazidime, inj, 1g,1,Antibacterials: Cephalosporins (Anti-infectives),Orchid Healthcare
 Orzid,Ceftazidime, inj, 250mg,1,Antibacterials: Cephalosporins (Anti-infectives),Orchid Healthcare
 Tax-o-bid,Cefotaxime, inj, 500mg,1,Antibacterials: Cephalosporins (Anti-infectives),Orchid Healthcare
 Tax-o-bid,Cefotaxime, inj, 1g,1,Antibacterials: Cephalosporins (Anti-infectives),Orchid Healthcare
 Cefogram,Ceftriaxone, inj, 1g,1,Antibacterials: Cephalosporins (Anti-infectives),Orchid Healthcare
 Veniz Xr,Venlafaxine, tabs, 75mg,30,Antidepressants: Other (CNS agents),Sun Pharma
 Sompraz,Esomeprazole, tabs, 40mg,30,Proton Pump Inhibitors (Gastrointestinal drugs),Sun Pharma
 Sompraz,Esomeprazole, tabs, 20mg,30,Proton Pump Inhibitors (Gastrointestinal drugs),Sun Pharma
 Prolinate,Fluphenazine, inj, 25mg,5,Antipsychotics (CNS agents),Sun Pharma
 Oxetol,Oxcarbazepine, tabs, 300mg,30,Antiepileptics (CNS agents),Sun Pharma
 Octride,Octreotide, inj, 50mcg,1,Hypothalamic/pituitary Hormones (Endocrine system drugs),Sun Pharma
 Nitrest,Zolpidem, tabs, 10mg,30,Anxiolytics/sedatives/hypnotics/neuroleptics (CNS agents),Sun Pharma
 Lithosun Sr,Lithium Carbonate, tabs, 400mg,100,Antipsychotics (CNS agents),Sun Pharma
 Gatilox,Gatifloxacin, tabs, 400mg,5,Antibacterials: Floroquinolones (Anti-infectives),Sun Pharma
 Suprafen,Ibuprofen, tabs, 400mg,100,Nsaids (Musculoskeletal agents),Deva (turkey)
 Desefin,Ceftriaxone, inj, 500mg im/iv,1,Antibacterials: Cephalosporins (Anti-infectives),Pharmaco Healthcare
 Desefin,Ceftriaxone, inj, 1g im/iv,1,Antibacterials: Cephalosporins (Anti-infectives),Pharmaco Healthcare
 Ciflosin,Ciprofloxacin, tabs, 500mg,10,Antibacterials: Floroquinolones (Anti-infectives),Deva (turkey)
 Quinamor,Quinine, syp, 60ml,1,Antimalarials (Anti-infectives),Sphinx Pharma
 Mucosal,Ambroxol, syp, 100ml,1,Mucolytics/expectorants (Respiratory system drugs),Sphinx Pharma
 Funginex,Nystatin, drops, 100000iu 30ml,1,Antifungals (Anti-infectives),Sphinx Pharma
 Criptocan,Fluconazole, syp, 50mg/35ml,1,Antifungals (Anti-infectives),Sphinx Pharma
 Alzinex,Cetirizine, syp, 5mg/5ml 60ml,1,Antihistamines (Respiratory system drugs),Sphinx Pharma
 Vitanorm,Iron/haematinic Preparation, syp, 200ml,1,Haematinics/iron Preparations (Nutrition and blood agents),Sphinx Pharma
 Voltaren,Diclofenac, tabs, 50mg,20,Nsaids (Musculoskeletal agents),Novartis Pharma
 Tegretol,Carbamazepine, syp, 20mg/ml 100ml,1,Antiepileptics (CNS agents),Novartis Pharma
 Epanutin,Phenytoin, inj, 50mg/5ml,5,Antiepileptics (CNS agents),Pfizer Global Pharma
 Mobic,Meloxicam, inj, 15mg/1.5ml,5,Nsaids (Musculoskeletal agents),Boehringer Ingelheim
 Lovir,Acyclovir, tabs, 400mg,25,Antiviral Agents (Anti-infectives),Ranbaxy Labs
 Evit,Vitamin E, caps, 400iu,30,Vitamins/minerals (Nutrition and blood agents),Geltec Private Pvt (banner Pharma)
 Evit,Vitamin E, caps, 200iu,30,Vitamins/minerals (Nutrition and blood agents),Geltec Private Pvt (banner Pharma)
 Griseofil,Griseofulvin, tabs, 250mg,100,Antifungals (Anti-infectives),Fourrts Pvt (india)
 Oflomac,Ofloxacin, tabs, 200mg,60,Antibacterials: Floroquinolones (Anti-infectives),Macleods Pharma
 Macox,Rifampicin, caps, 300mg,100,Antitubercular Agents (Anti-infectives),Macleods Pharma
 Anti Thyrox,Carbimazole, tabs, 5mg,100,Antithyroid Drugs (Endocrine system drugs),Macleods Pharma
 Freeflex Forte,Glucosamine/chondrointin, tabs, 500/400mg,30,Vitamins/minerals (Nutrition and blood agents),Geltec Private Pvt (banner Pharma)
 Freeflex,Glucosamine/chondrointin, tabs, 410/100mg,30,Vitamins/minerals (Nutrition and blood agents),Geltec Private Pvt (banner Pharma)
 Remidin,Chlorhexidine, mouth wash, 0.2% 100ml,1,Disinfectants/antiseptics (Misc. drugs),Indoco Remedies
 Indo,Erythromycin, tabs, 500mg,100,Antibacterials: Macrolides (Anti-infectives),Indoco Remedies
 Cycloxan,Cyclophosphamide, inj, 200mg,1,Alkylating Cytotoxic Drugs (Oncology & immunosuppression drugs),Biochem (india)
 Cefoxim,Cefuroxime, tabs, 500mg,10,Antibacterials: Cephalosporins (Anti-infectives),Biochem (india)
 Cefoxim,Cefuroxime, tabs, 250mg,10,Antibacterials: Cephalosporins (Anti-infectives),Biochem (india)
 Bleochem,Bleomycin Sulphate, inj, 15mg,1,Cytotoxic Antibiotics (Oncology & immunosuppression drugs),Biochem (india)
 Biocristine,Vincristine, inj, 1mg,1,Anticancer/immunosuppressants: Other (Oncology & immunosuppression drugs),Biochem (india)
 Neuro-forte,Vitamin B1/b6/b12, tabs, -,20,Vitamins/minerals (Nutrition and blood agents),Centaur Pharma
 Micona,Miconazole, oral gel, 20mg/ml 40g,1,Antifungals (Anti-infectives),Centaur Pharma
 Bonium,Calcium/vitamin D, tabs, -,30,Vitamins/minerals (Nutrition and blood agents),Centaur Pharma
 Jersol Concentrate,Chlorhexidine/cetrimide, liquid, 1.5/15% 5l,1,Disinfectants/antiseptics (Misc. drugs),Regal Pharma
 Chlorocide,Chloramphenicol, caps, 250mg,1000,Antibacterials: Chloramphenicol (Anti-infectives),Regal Pharma
 Junior Aspirin,Aspirin, tabs, 80mg,1000,Nsaids (Musculoskeletal agents),Regal Pharma
 Dermidex,Miconazole, cream, 2% 15g,1,Antifungals (Anti-infectives),Regal Pharma
 Bispanol,Hyoscine Butylbromide, tabs, 10mg,100,Antimuscarinic Drugs (Gastrointestinal drugs),Regal Pharma
 Storvas,Atorvastatin, tabs, 20mg,30,Statins (Cardiovascular drugs),Ranbaxy Labs
 Storvas,Atorvastatin, tabs, 10mg,30,Statins (Cardiovascular drugs),Ranbaxy Labs
 Cifran,Ciprofloxacin, inj, 200mg/100ml,1,Antibacterials: Floroquinolones (Anti-infectives),Ranbaxy Labs
 Ceroxim,Cefuroxime, tabs, 500mg,10,Antibacterials: Cephalosporins (Anti-infectives),Ranbaxy Labs
 Ceroxim,Cefuroxime, tabs, 250mg,10,Antibacterials: Cephalosporins (Anti-infectives),Ranbaxy Labs
 Omepren,Omeprazole, caps, 20mg,20,Proton Pump Inhibitors (Gastrointestinal drugs),Blue Cross Labs
 Blucef,Cephalexin, tabs, 250mg,100,Antibacterials: Cephalosporins (Anti-infectives),Blue Cross Labs
 Blucef,Cephalexin, tabs, 125mg,100,Antibacterials: Cephalosporins (Anti-infectives),Blue Cross Labs
 Novomix 30 Penfill,Insulin, inj, 30/70 3ml,5,Antidiabetics: Insulin (Endocrine system drugs),Novartis Pharma
 Novomix 30,Insulin, inj, 30/70 3ml,5,Antidiabetics: Insulin (Endocrine system drugs),Novo-nordisk A/s
 Centrum Select 50+,Vitamin/mineral Preparation, tabs, -,60,Vitamins/minerals (Nutrition and blood agents),Wyeth Consumer
 Centrum Select 50+,Vitamin/mineral Preparation, tabs, -,30,Vitamins/minerals (Nutrition and blood agents),Wyeth Consumer
 Gsunate,Artesunate, tabs, 100mg,6,Antimalarials (Anti-infectives),"Bliss Gvs Pharma, India"
 Provive,Propofol, inj, 1% 20ml,1,General Anaesthetics (CNS agents),Claris Lifesc
 Sensinil,Lignocaine, inj, 2% 30ml,1,Local Anaesthetics (Musculoskeletal agents),Claris Lifesc
 Heparin,Heparin, inj, 5000iu/5ml,1,Anticoagulants (Cardiovascular drugs),Claris Lifesc
 Ketajex,Ketamine, inj, 50mg/10ml,1,General Anaesthetics (CNS agents),Claris Lifesc
 Flemnil,Bromhexine/pseudoephedrine, syp, 120ml,1,Mucolytics/expectorants (Respiratory system drugs),"Raptakos, Brett"
 Subsyde Gel,Diclofenac, gel, 1% 15g,1,Nsaids (Musculoskeletal agents),"Raptakos, Brett"
 Subsyde Cr,Diclofenac, tabs, 100mg,10,Nsaids (Musculoskeletal agents),"Raptakos, Brett"
 Paracetamol Denk,Paracetamol, supp, 125mg,10,Nsaids (Musculoskeletal agents),Denk Pharma
 Metformin Denk,Metformin, tabs, 850mg,120,Antidiabetics:biguanides (Endocrine system drugs),Denk Pharma
 Sessoforte,Methyltestosterone, tabs, -,30,Androgens (Endocrine system drugs),Denk Pharma
 Diclo Denk,Diclofenac, tabs, 50mg,100,Nsaids (Musculoskeletal agents),Denk Pharma
 Miconal Douche,Miconazole, kit, 0.2%,1,Antifungals (Anti-infectives),Ecobi Pharma
 Anti-d Rho,Human Anti-d Immunoglobulin, inj, -,1,Immunological Agents (Immunological agents),Metro Pharma
 Drox,Cefadroxil, caps, 500mg,100,Antibacterials: Cephalosporins (Anti-infectives),Aurobindo Pharma
 Tozaar-h,Losartan/hydrochlorthiazide, tabs, 50/12.5mg,28,Angiotensin Ii Rec. Antagonists (Cardiovascular drugs),Torrent Ltd
 Syscan,Fluconazole, inj, 2% 100ml,1,Antifungals (Anti-infectives),Torrent Ltd
 Syscan,Fluconazole, caps, 200mg,4,Antifungals (Anti-infectives),Torrent Ltd
 Syscan,Fluconazole, caps, 150mg,1,Antifungals (Anti-infectives),Torrent Ltd
 Syscan,Fluconazole, caps, 100mg,10,Antifungals (Anti-infectives),Torrent Ltd
 Serenata,Sertraline, tabs, 50mg,50,Ssris (CNS agents),Torrent Ltd
 Nikoran,Nicorandil, tabs, 10mg,80,Vasodilators (Cardiovascular drugs),Torrent Ltd
 Nikoran,Nicorandil, tabs, 5mg,80,Vasodilators (Cardiovascular drugs),Torrent Ltd
 Nexpro,Esomeprazole, tabs, 40mg,50,Proton Pump Inhibitors (Gastrointestinal drugs),Torrent Ltd
 Mosid Mt,Mosapride, tabs, 5mg,30,Misc. Agents (Misc. drugs),Torrent Ltd
 Lefra,Leflunomide, tabs, 20mg,100,Anticancer/immunosuppressants: Other (Oncology & immunosuppression drugs),Torrent Ltd
 Fegem,Iron Hydroxide/folic Acid, syp, 150ml,1,Haematinics/iron Preparations (Nutrition and blood agents),Torrent Ltd
 Fegem-100,Iron Hydroxide/folic Acid, tabs, -,100,Haematinics/iron Preparations (Nutrition and blood agents),Torrent Ltd
 Fegem-50,Iron Hydroxide/folic Acid, tabs, -,100,Haematinics/iron Preparations (Nutrition and blood agents),Torrent Ltd
 Halothane,Halothane, inj, 250ml,1,General Anaesthetics (CNS agents),Nicholas Piramal
 Santexcin,Dihydroartemisinin, syp, 160mg/80ml,1,Antimalarials (Anti-infectives),Nic Pharma
 Ocodol,Tramadol, caps, 50mg,100,Opiod Analgesics (Musculoskeletal agents),Ochoa Las (india)
 Ocodol,Tramadol, inj, 100mg/2ml,10,Opiod Analgesics (Musculoskeletal agents),Ochoa Las (india)
 Ocodol,Tramadol, inj, 50mg/ml,10,Opiod Analgesics (Musculoskeletal agents),Ochoa Las (india)
 Zincoa,Vitamin/mineral Preparation, drops, 15ml,1,Vitamins/minerals (Nutrition and blood agents),Ochoa Las (india)
 Trufer Plus,Iron Hydroxide/folic Acid, tabs, 100mg/350mcg,30,Haematinics/iron Preparations (Nutrition and blood agents),Ochoa Las (india)
 Trucal-m,Calcium/vitamin D, tabs, 400mg/200iu,100,Vitamins/minerals (Nutrition and blood agents),Ochoa Las (india)
 Ococef,Cefadroxil, syp, 250mg/5ml 100ml,1,Antibacterials: Cephalosporins (Anti-infectives),Ochoa Las (india)
 Ococef,Cefadroxil, susp, 125mg/5ml 100ml,1,Antibacterials: Cephalosporins (Anti-infectives),Ochoa Las (india)
 Ococef Dt,Cefadroxil, caps, 500mg,60,Antibacterials: Cephalosporins (Anti-infectives),Ochoa Las (india)
 Thiopentone Sodium,Thiopentone Sodium, inj, 500mg,1,General Anaesthetics (CNS agents),Rotex Medica
 Quinine,Quinine, inj, 300mg/2ml,1,Antimalarials (Anti-infectives),Rotex Medica
 Oxytocin,Oxytocin, inj, 10iu/ml,1,Hypothalamic/pituitary Hormones (Endocrine system drugs),Rotex Medica
 Hyoscine,Hyoscine Butylbromide, inj, 20mg/ml,1,Antimuscarinic Drugs (Gastrointestinal drugs),Rotex Medica
 Hydrocortisone,Hydrocortisone, inj, 100mg,1,Corticosteroids (Endocrine system drugs),Rotex Medica
 Fluphenazine,Fluphenazine, inj, 25mg/ml,1,Antipsychotics (CNS agents),Rotex Medica
 Zentakelfin,Sulfamethoxypyrazine/pyrimethamine, tabs, 500/25mg,2,Antimalarials (Anti-infectives),Medisel
 Rifakem,Rifampicin, caps, 300mg,100,Antitubercular Agents (Anti-infectives),Medisel
 Rifakem,Rifampicin, caps, 150mg,100,Antitubercular Agents (Anti-infectives),Medisel
 Malidar,Sulfadoxine/pyrimethamine, tabs, 500/25mg,3,Antimalarials (Anti-infectives),Medisel
 Temlo,Timolol, eye drops, 0.25% 5ml,1,Beta-blockers (Cardiovascular drugs),Square Pharmaceuticals
 Deflux,Domperidone, tabs, 10mg,100,Antiemetics (Gastrointestinal drugs),Beximco Pharma
 Tycil,Amoxiciillin, drops, 15ml,1,Antibacterials: Penicillins (Anti-infectives),Beximco Pharma
 Gentosep,Gentamicin, cream, 15mg,1,Antibacterials: Aminoglycoside (Anti-infectives),Beximco Pharma
 Nordette,Ethinylestradiol/levonorgesttrel, tabs, 21s,1,Oestrogens (Endocrine system drugs),Wyeth Sa
 Endoxan,Cyclophosphamide, powder, 200mg,1,Alkylating Cytotoxic Drugs (Oncology & immunosuppression drugs),Baxter Oncology
 Nolvadex,Tamoxifen, tabs, 20mg,30,Anticancer/immunosuppressants: Other (Oncology & immunosuppression drugs),Astrazeneca
 Rheumatic,Liniment/balm, cream, 15g,1,Dermatological Agents (Dermatological agents),Nem Labs.
 Oxycort,Oxytetracycline/polymixicin, e/e susp, 4ml,1,Dermatological Agents (Dermatological agents),Nem Labs.
 Polybion,Vit B Complex, syp, 100ml,1,Vitamins/minerals (Nutrition and blood agents),Merck (india)
 Neurobion,Vitamin B1/b6/b12, inj, -,50,Vitamins/minerals (Nutrition and blood agents),Merck (india)
 Lomflox,Lomefloxacin, tabs, 400mg,5,Antibacterials: Floroquinolones (Anti-infectives),Ipca
 Ipcavite M,Vitamin/mineral Preparation, drops, 15ml,1,Vitamins/minerals (Nutrition and blood agents),Ipca
 Momecort,Mometasone, oint, 15g,1,Corticosteroids (Endocrine system drugs),Cipla Ltd
 Momecort,Mometasone, cream, 15g,1,Corticosteroids (Endocrine system drugs),Cipla Ltd
 Sofderm,Vitamin E/aloe Vera, lotion, 100ml,1,Dermatological Agents (Dermatological agents),Cipla Ltd
 Budecort,Budesonide, inhaler, 200mcg/dose 200doses,1,Corticosteroids (Endocrine system drugs),Cipla Ltd
 Foracort,Budesonide/formoterol, inhaler, 200/6 mcg 120 doses,1,Corticosteroids (Endocrine system drugs),Cipla Ltd
 Foracort,Budesonide/formoterol, inhaler, 100/6 mcg 120 doses,1,Corticosteroids (Endocrine system drugs),Cipla Ltd
 Zolicid Gel,Antacid, susp, 180ml,1,Antacids (Gastrointestinal drugs),Cipla Ltd
 Clopress,Clopidogrel, tabs, 75mg,30,Antiplatelet Drugs (Cardiovascular drugs),Cipla Ltd
 Atorcip,Atorvastatin, tabs, 10mg,30,Statins (Cardiovascular drugs),Cipla Ltd
 Kwinil,Quinine, tabs, 300mg,100,Antimalarials (Anti-infectives),Intas Exports
 Kwinil,Quinine, inj, 600mg/2ml,100,Antimalarials (Anti-infectives),Intas Exports
 Dicloflame,Diclofenac, inj, 75mg/3ml,100,Nsaids (Musculoskeletal agents),Intas Exports
 Chlorointa,Chloroquine, inj, 40mg/ml 30ml,100,Antimalarials (Anti-infectives),Intas Exports
 Carditas Retard,Nifedipine, tabs, 20mg,100,Calcium Channel Blokers (Cardiovascular drugs),Intas Exports
 Zen Retard,Carbamazepine, tabs, 400mg,50,Antiepileptics (CNS agents),Intas Exports
 Melonex,Meloxicam, tabs, 7.5mg,100,Nsaids (Musculoskeletal agents),Intas Exports
 Moza,Mosapride, tabs, 2.5mg,30,Misc. Agents (Misc. drugs),Intas Exports
 Heligo Kit,Lansoprazole/clarithromycin/tinidazole, tabs, 60/500/1000mg,7,Helicobacter Eradication Agents (Gastrointestinal drugs),Intas Exports
 Fcn,Fluconazole, caps, 150mg,1,Antifungals (Anti-infectives),Intas Exports
 Neumicin,Benzathine Penicillin, inj, 2.4 mu,1,Antibacterials: Penicillins (Anti-infectives),Flamingo Impex Pvt
 Medipoc,Procaine Penicillin, inj, -,1,Antibacterials: Penicillins (Anti-infectives),Flamingo Impex Pvt
 Hydrocortin,Hydrocortisone, inj, 100mg,1,Corticosteroids (Endocrine system drugs),Flamingo Impex Pvt
 Chloramphenicol,Chloramphenicol, inj, 1g,1,Antibacterials: Chloramphenicol (Anti-infectives),Flamingo Impex Pvt
 Vitalize,Vitamin/mineral Preparation, caps, -,30,Vitamins/minerals (Nutrition and blood agents),Flamingo Impex Pvt
 Trixone,Ceftriaxone, inj, 250mg,1,Antibacterials: Cephalosporins (Anti-infectives),Flamingo Impex Pvt
 Trixone,Ceftriaxone, inj, 500mg im/iv,1,Antibacterials: Cephalosporins (Anti-infectives),Flamingo Impex Pvt
 Tikocin,Rifampicin, tabs, 150mg,100,Antitubercular Agents (Anti-infectives),Flamingo Impex Pvt
 Profen Plus,Paracetamol/ibuprofen, tabs, 325/400mg,10,Nsaids (Musculoskeletal agents),Flamingo Impex Pvt
 Megacid,Antacid, tabs, -,1000,Antacids (Gastrointestinal drugs),Flamingo Impex Pvt
 Hyomide,Hyoscine Butylbromide, tabs, 10mg,100,Antimuscarinic Drugs (Gastrointestinal drugs),Flamingo Impex Pvt
 Haclox,Ampicillin/cloxacillin, caps, 500mg,100,Antibacterials: Penicillins (Anti-infectives),Flamingo Impex Pvt
 Ferrous Sulphate,Iron/haematinic Preparation, tabs, 200mg,1000,Haematinics/iron Preparations (Nutrition and blood agents),Flamingo Impex Pvt
 Relcer,Antacid, tabs, -,10,Antacids (Gastrointestinal drugs),Glenmark Pharma
 Liceoma,Lindane, lotion, 60ml,1,Dermatological Agents (Dermatological agents),Glenmark Pharma
 Klenzit,Adapalene, gel, 0.1% 15g,1,Dermatological Agents (Dermatological agents),Glenmark Pharma
 Safepride,Mosapride, tabs, 5mg,10,Misc. Agents (Misc. drugs),Glenmark Pharma
 Safepride,Mosapride, tabs, 2.5mg,10,Misc. Agents (Misc. drugs),Glenmark Pharma
 Esose,Esomeprazole, tabs, 40mg,10,Proton Pump Inhibitors (Gastrointestinal drugs),Glenmark Pharma
 Esose,Esomeprazole, tabs, 20mg,10,Proton Pump Inhibitors (Gastrointestinal drugs),Glenmark Pharma
 Arinate,Artesunate, tabs, 50mg,6,Antimalarials (Anti-infectives),Dafra Pharma
 Valcyte,Valganciclovir, tabs, 450mg,60,Antiviral Agents (Anti-infectives),Roche Pdts Ltd
 Panderm,Nystatin/neomycin/gramicidin/triamcinolon, oint, 15g,1,Dermatological Agents (Dermatological agents),Julphar Gulf Pharma
 Panderm,Nystatin/neomycin/gramicidin/triamcinolon, cream, 15g,1,Dermatological Agents (Dermatological agents),Julphar Gulf Pharma
 Supraproct,Tribenoside/lignocaine, cream, 30g,1,Misc. Agents (Misc. drugs),Julphar Gulf Pharma
 Supraproct,Tribenoside/lignocaine, supp, -,10,Misc. Agents (Misc. drugs),Julphar Gulf Pharma
 Julmentin,Amoxicillin/clavulanate, tabs, 625mg,20,Antibacterials: Penicillins (Anti-infectives),Julphar Gulf Pharma
 Julmentin,Amoxicillin/clavulanate, syp, 156mg/5ml 100ml,1,Antibacterials: Penicillins (Anti-infectives),Julphar Gulf Pharma
 Mesporin,Ceftriaxone, inj, 2g iv,1,Antibacterials: Cephalosporins (Anti-infectives),Mepha
 Onazin,Tetrahydrozoline, eye drops, 0.5mg/ml 10ml,1,Sympathomimetics (Cardiovascular drugs),Ursapharma
 Mevrin,Mebeverine, tabs, 135mg,40,Antimuscarinic Drugs (Gastrointestinal drugs),S. J. & G Fazul
 Probeta,Betamethasone, ent drops, 0.1% 7.5ml,1,Corticosteroids (Endocrine system drugs),Atco Labs
 Amoking,Amodiaquine, tabs, 200mg,1,Antimalarials (Anti-infectives),Efroze Chemical
 Framydex,Framycetin/gramicidin/dexamethasone, e/e susp, 8ml,1,Eye/ear/nose Preparations (Eye ENT agents),Helix Pharma Ltd
 Sante,Omeprazole, caps, 20mg,14,Proton Pump Inhibitors (Gastrointestinal drugs),Macter Int
 Paramac,Paracetamol, syp, 120mg/5ml 100ml,1,Nsaids (Musculoskeletal agents),Macter Int
 Contractubex,Heparin/allantoin, gel, 50g,1,Dermatological Agents (Dermatological agents),Merz & Co Ltd
 Contractubex,Heparin/allantoin, gel, 20g,1,Dermatological Agents (Dermatological agents),Merz & Co Ltd
 Contratubex,Heparin/allantoin, gel, 50gm,1,Dermatological Agents (Dermatological agents),Merz & Co Ltd
 Pefaxin,Pefloxacin, tabs, 400mg,20,Antibacterials: Floroquinolones (Anti-infectives),Emil Pharma
 Zyncet,Cetirizine, syp, 60ml,1,Antihistamines (Respiratory system drugs),Unichem Labs
 Zyncet,Cetirizine, tabs, 10mg,50,Antihistamines (Respiratory system drugs),Unichem Labs
 Unimezol,Metronidazole, tabs, 200mg,1000,Antiprozoal Agents (Anti-infectives),Unichem Labs
 Trizac,Fluoxetine, caps, 20mg,100,Ssris (CNS agents),Unichem Labs
 Tg-tor,Atorvastatin, tabs, 20mg,10,Statins (Cardiovascular drugs),Unichem Labs
 Tg-tor,Atorvastatin, tabs, 10mg,10,Statins (Cardiovascular drugs),Unichem Labs
 Losar,Losartan, tabs, 50mg,100,Angiotensin Ii Rec. Antagonists (Cardiovascular drugs),Unichem Labs
 Ferroluv,Iron/haematinic Preparation, tabs, -,60,Haematinics/iron Preparations (Nutrition and blood agents),Unichem Labs
 Domadol,Tramadol, inj, 100mg,5,Opiod Analgesics (Musculoskeletal agents),Unichem Labs
 Rabipur,Rabies Vaccine, inj, 2.5 iu,1,Immunological Agents (Immunological agents),Chiron-behring
 Altacite Plus,Antacid, tabs, -,20,Antacids (Gastrointestinal drugs),Peckforton
 Kolanticon,Antacid, susp, 500ml,1,Antacids (Gastrointestinal drugs),Peckforton
 Kolanticon,Antacid, susp, 200ml,1,Antacids (Gastrointestinal drugs),Peckforton
 Amoxillin,Amoxiciillin, caps, 250mg,100,Antibacterials: Penicillins (Anti-infectives),Esseti Farma
 Amoxillin,Amoxiciillin, caps, 500mg,100,Antibacterials: Penicillins (Anti-infectives),Esseti Farma
 Biflocin,Amoxicillin/flucloxacillin, caps, 250mg,100,Antibacterials: Penicillins (Anti-infectives),Esseti Farma
 Bells Pure Cod Liver Oil,Vitamin/mineral Preparation, syp, 150ml,1,Vitamins/minerals (Nutrition and blood agents),"Bells, Sons &co"
 Oxymyxin,Oxytetracycline/polymixicin, e/e susp, 4ml,1,Dermatological Agents (Dermatological agents),Bulk
 Kenzene,Lindane, lotion, 60ml,1,Dermatological Agents (Dermatological agents),Bulk
 Omicin,Lincomycin, caps, 500mg,10,Antibacterials: Lincosamides (Anti-infectives),Bulk
 Nystal,Nystatin, drops, 30ml,1,Antifungals (Anti-infectives),Bulk
 Megafin,Sulfamethoxypyrazine/pyrimethamine, drops, -,1,Antimalarials (Anti-infectives),Bulk
 Megafin,Sulfamethoxypyrazine/pyrimethamine, tabs, 500/25mg,2,Antimalarials (Anti-infectives),Bulk
 Lyocaine-a,Lignocaine/adrenaline, inj, 30ml,1,Local Anaesthetics (Musculoskeletal agents),Bulk
 Lyocaine,Lignocaine, inj, 2% 30ml,1,Local Anaesthetics (Musculoskeletal agents),Bulk
 Jefcan,Fluconazole, syp, 50mg/5ml 35ml,1,Antifungals (Anti-infectives),Bulk
 Jefcan,Fluconazole, caps, 150mg,1,Antifungals (Anti-infectives),Bulk
 Jefcan,Fluconazole, caps, 50mg,14,Antifungals (Anti-infectives),Bulk
 Hitoral,Ketoconazole, tabs, 200mg,10,Antifungals (Anti-infectives),Bulk
 Gynolut,Norethisterone, tabs, 5mg,30,Progestogens (Endocrine system drugs),Bulk
 Fucivate,Fusidic Acid/betamethasone, oint, 10g,1,Dermatological Agents (Dermatological agents),Bulk
 Fucimin,Fusidic Acid, oint, 10g,1,Antibacterials: Others (Anti-infectives),Bulk
 F-syrup,Theophylline/ephedrine, syp, 100ml,1,Xanthines (Respiratory system drugs),Bulk
 F-tabs,Theophylline/ephedrine, tabs, -,1000,Xanthines (Respiratory system drugs),Bulk
 Dekozi,Cold/flu Remedy, syp, 100ml,1,Cold Remedies (Respiratory system drugs),Bulk
 Dynocin,Minocycline, caps, 50mg,60,Antibacterials: Tetracyclines (Anti-infectives),Bulk
 Clophene,Clomiphene, tabs, 50mg,30,Antioestrogens (Endocrine system drugs),Bulk
 Cipiem,Chlorpheniramine, tabs, 4mg,1000,Antihistamines (Respiratory system drugs),Bulk
 Bulkuine,Chloroquine, inj, 30ml,1,Antimalarials (Anti-infectives),Bulk
 Bulkot Mixi,Clotrimazole/beclomethasone/gentamicin, cream, 20g,1,Dermatological Agents (Dermatological agents),Bulk
 Bulkot-b,Clotrimazole/beclomethasone, cream, 15g,1,Dermatological Agents (Dermatological agents),Bulk
 Bulkot,Clotrimazole, powder, 20g,1,Antifungals (Anti-infectives),Bulk
 Biometrine,Ergometrine, inj, -,1,Ergot Alkaloids (CNS agents),Bulk
 Biocinon,Oxytocin, inj, 5iu,1,Hypothalamic/pituitary Hormones (Endocrine system drugs),Bulk
 Betacort,Betamethasone, cream, 0.05% 15g,1,Corticosteroids (Endocrine system drugs),Bulk
 Analine,Adrenaline, inj, 30ml,1,Sympathomimetics (Cardiovascular drugs),Bulk
 Amotaq,Amodiaquine, syp, 60ml,1,Antimalarials (Anti-infectives),Bulk
 Vermisan,Mebendazole, syp, 30ml,1,Anthelmintics (Anti-infectives),Biodeal Labds Ltd
 Trogyl Plus,Diloxanide/metronidazole, syp, 100ml,1,Antiprozoal Agents (Anti-infectives),Biodeal Labds Ltd
 Trogyl,Metronidazole, syp, 200mg/5ml 100ml,1,Antiprozoal Agents (Anti-infectives),Biodeal Labds Ltd
 Asmadeal,Theophylline/ephedrine, syp, 15/12mg/5ml 100ml,1,Xanthines (Respiratory system drugs),Biodeal Labds Ltd
 Alcosed Expect,Chlorpheniramine/pseudoephedrine/guaiphenesin/sodium Citrate/ammonium Chloride, syp, 100ml,1,Mucolytics/expectorants (Respiratory system drugs),Biodeal Labds Ltd
 Alcosed Plain,Chlorpheniramine/pseudoephedrine, syp, 2/30/5ml 100ml,1,Cold Remedies (Respiratory system drugs),Biodeal Labds Ltd
 Human Albumin,Albumin, inj, 20% 100ml,1,Blood/plasma Products (Nutrition and blood agents),Teva (israel)
 Anti-d,Human Anti-d Immunoglobulin, inj, 2ml,1,Immunological Agents (Immunological agents),Assia Pharma
 Vincristine,Vincristine, inj, 2mg,1,Anticancer/immunosuppressants: Other (Oncology & immunosuppression drugs),Teva (israel)
 Vincristine,Vincristine, inj, 1mg,1,Anticancer/immunosuppressants: Other (Oncology & immunosuppression drugs),Teva (israel)
 Tamoxifen,Tamoxifen, tabs, 10mg,30,Anticancer/immunosuppressants: Other (Oncology & immunosuppression drugs),Teva (israel)
 Rescuvolin,Calcium Folinate, tabs, 15mg,10,Anticancer/immunosuppressants: Other (Oncology & immunosuppression drugs),Pharmachemie Bv
 Leucovorin,Calcium Folinate, tabs, 15mg,10,Anticancer/immunosuppressants: Other (Oncology & immunosuppression drugs),Teva (israel)
 Doxorubicin,Doxorubicin, inj, 50mg,1,Cytotoxic Antibiotics (Oncology & immunosuppression drugs),Teva (israel)
 Doxorubicin,Doxorubicin, inj, 10mg,1,Cytotoxic Antibiotics (Oncology & immunosuppression drugs),Teva (israel)
 Blastovin,Vinblastine, inj, 10mg,1,Anticancer/immunosuppressants: Other (Oncology & immunosuppression drugs),Teva (israel)
 Vancomycin,Vancomycin, inj, 500mg,1,Glycopeptide Antibiotics (Anti-infectives),Teva (israel)
 Stilla,Tetrahydrozoline, eye drops, 0.05% 15ml,1,Sympathomimetics (Cardiovascular drugs),Teva (israel)
 Primonil,Imipramine, tabs, 25mg,50,Tricyclic Or Related Antidepressants (CNS agents),Assia Pharma
 Ceforal,Cephalexin, syp, 250mg/5ml 60ml,1,Antibacterials: Cephalosporins (Anti-infectives),Teva (israel)
 Ceforal,Cephalexin, syp, 125mg/5ml 50ml,1,Antibacterials: Cephalosporins (Anti-infectives),Teva (israel)
 Ceforal,Cephalexin, caps, 500mg,10,Antibacterials: Cephalosporins (Anti-infectives),Teva (israel)
 Ceforal,Cephalexin, caps, 250mg,12,Antibacterials: Cephalosporins (Anti-infectives),Teva (israel)
 Acamoli Strawberry,Paracetamol, susp, 150ml,1,Nsaids (Musculoskeletal agents),Teva (israel)
 Sulfabiotic,Sulphacetamide/neomycin/gramicidn, powder, 10g,1,Antibacterials: Others (Anti-infectives),Sarabhai (india)
 Anasica,Lignocaine, inj, 2% 30ml,1,Local Anaesthetics (Musculoskeletal agents),Sarabhai (india)
 Zid,Diclofenac, tabs, 50mg,100,Nsaids (Musculoskeletal agents),Sarabhai (india)
 Hilac,Lactulose, syp, 120ml,1,Laxatives (Gastrointestinal drugs),Hilton Pharma Pakistan
 Trinocort,Triamcinilone, inj, 40mg,1,Corticosteroids (Endocrine system drugs),Sarabhai (india)
 Trimin,Vit B1/b6/b12 + C, inj, -,3,Vitamins/minerals (Nutrition and blood agents),Sarabhai (india)
 Glyphomin,Vit B Complex, syp, 250ml,1,Vitamins/minerals (Nutrition and blood agents),Sarabhai (india)
 Ruviplex,Iron/haematinic Preparation, syp, 240ml,1,Haematinics/iron Preparations (Nutrition and blood agents),Sarabhai (india)
 Hemomin,Iron/haematinic Preparation, caps, -,30,Haematinics/iron Preparations (Nutrition and blood agents),Sarabhai (india)
 Cromiton-hc,Crotamiton/hydrocortisone, cream, 10g,1,Dermatological Agents (Dermatological agents),Sarabhai (india)
 Cofnil-n,Antitussive, syp, 100ml,1,Cough Suppressants (Respiratory system drugs),Sarabhai (india)
 Mazapine,Carbamazepine, tabs, 200mg,100,Antiepileptics (CNS agents),Sarabhai (india)
 Mycorest,Fluconazole, caps, 150mg,1,Antifungals (Anti-infectives),Recon Ltd
 Mycorest,Fluconazole, caps, 50mg,4,Antifungals (Anti-infectives),Recon Ltd
 Artemedine,Artemether, inj, 80mg/ml,6,Antimalarials (Anti-infectives),Kunming Pharma
 Lignocaine+ Adrenaline,Lignocaine/adrenaline, inj, 30ml,1,Local Anaesthetics (Musculoskeletal agents),Abacus Pharma
 Lignocaine,Lignocaine, inj, 2% 30ml,1,Local Anaesthetics (Musculoskeletal agents),Abacus Pharma
 Vivian,Diclofenac, gel, 30g,1,Nsaids (Musculoskeletal agents),Abacus Pharma
 Ibu-400,Ibuprofen, tabs, 400mg,100,Nsaids (Musculoskeletal agents),Abacus Pharma
 Ibu-200,Ibuprofen, tabs, 200mg,100,Nsaids (Musculoskeletal agents),Abacus Pharma
 Vivian,Diclofenac, inj, 75mg/3ml,1,Nsaids (Musculoskeletal agents),Abacus Pharma
 Vivian,Diclofenac, tabs, 50mg,100,Nsaids (Musculoskeletal agents),Abacus Pharma
 Majerol,Carbamazepine, tabs, 200mg,100,Antiepileptics (CNS agents),Abacus Pharma
 Malarid,Amodiaquine, tabs, 200mg,25,Antimalarials (Anti-infectives),Abacus Pharma
 Ceepro,Ciprofloxacin, tabs, 500mg,100,Antibacterials: Floroquinolones (Anti-infectives),Lincoln (india)
 Omlink,Omeprazole, caps, 20mg,10,Proton Pump Inhibitors (Gastrointestinal drugs),Lincoln (india)
 Norzole,Norfloxacin, tabs, 400mg,100,Antibacterials: Floroquinolones (Anti-infectives),Lincoln (india)
 Konazole,Ketoconazole, cream, 2% 15g,1,Antifungals (Anti-infectives),Lincoln (india)
 Konazole,Ketoconazole, tabs, 200mg,30,Antifungals (Anti-infectives),Lincoln (india)
 Feton,Iron Hydroxide/folic Acid, tabs, -,30,Haematinics/iron Preparations (Nutrition and blood agents),Lincoln (india)
 Feton,Iron Hydroxide/folic Acid, syp, 150ml,1,Haematinics/iron Preparations (Nutrition and blood agents),Lincoln (india)
 Flucan,Fluconazole, caps, 150mg,10,Antifungals (Anti-infectives),Lincoln (india)
 Stocrin,Efavirenz, caps, 200mg,90,Antiretrovirals (Anti-infectives),Merck Sharpe
 Stocrin,Efavirenz, tabs, 600mg,30,Antiretrovirals (Anti-infectives),Merck Sharpe
 Sertima,Sertraline, tabs, 50mg,30,Ssris (CNS agents),Intas Exports
 Safecal,Calcium/vitamin D, tabs, -,30,Vitamins/minerals (Nutrition and blood agents),Glenmark Pharma
 Ranstan,Mefenamic Acid, caps, 250mg,10,Nsaids (Musculoskeletal agents),Lords Healthcare
 Posalfilin,Podophyllin/salisylic Acid, oint, 10g,1,Dermatological Agents (Dermatological agents),Norgine Ltd (uk)
 Polysilane,Antacid, tabs, -,32,Antacids (Gastrointestinal drugs),Sanofi-aventis
 Paclitaxel,Paclitaxel, inj, 30mg/ml,1,Anticancer/immunosuppressants: Other (Oncology & immunosuppression drugs),Bulk
 Pirox,Piroxicam, gel, 0.5% 30g,1,Nsaids (Musculoskeletal agents),Cipla Ltd
 Pelox,Pefloxacin, tabs, 400mg,10,Antibacterials: Floroquinolones (Anti-infectives),Wockhardt Ltd
 Pectylin-c,Cough Expectorant, syp, 120ml,1,Mucolytics/expectorants (Respiratory system drugs),Ipca
 Omicap,Omeprazole, caps, 20mg,30,Proton Pump Inhibitors (Gastrointestinal drugs),Micro Exports
 Oflox,Ofloxacin, eye drops, 5ml,1,Antibacterials: Floroquinolones (Anti-infectives),Allergan Ltd
 Obrex,Cough Syrup, syp, 100ml,1,Antitussives (Respiratory system drugs),Lab & Allied
 Norcuron,Vecuronium, inj, 4mg/ml,10,Neuromuscular Blockers (Musculoskeletal agents),Essex (organon Pharma)
 Norcuron,Vecuronium, inj, 10mg/5ml,10,Neuromuscular Blockers (Musculoskeletal agents),Essex (organon Pharma)
 Neonox T,Norfloxacin/tinidazole, tabs, 400/500mg,100,Misc. Agents (Misc. drugs),Argos Pharma
 Mucaine,Antacid, syp, 200ml,1,Antacids (Gastrointestinal drugs),Wyeth Sa
 Mitomycin,Mitomycin, inj, 10mg,1,Cytotoxic Antibiotics (Oncology & immunosuppression drugs),Bulk
 Macrozide,Pyrazinamide, tabs, 500mg,100,Antitubercular Agents (Anti-infectives),Macleods Pharma
 Lozart,Losartan, tabs, 50mg,30,Angiotensin Ii Rec. Antagonists (Cardiovascular drugs),Cipla Ltd
 Lipitas,Atorvastatin, tabs, 20mg,10,Statins (Cardiovascular drugs),Intas Exports
 Lans-od,Lansoprazole, caps, 30mg,10,Proton Pump Inhibitors (Gastrointestinal drugs),Recon Ltd
 K-grad,Potassium Chloride, tabs, 600mg,48,Vitamins/minerals (Nutrition and blood agents),Wockhardt Ltd
 Irovel-h,Irbesartan/hydrochlorthiazide, tabs, 150/12.5mg,30,Angiotensin Ii Rec. Antagonists (Cardiovascular drugs),Sun Pharma
 Irifone,Etofenamate, gel, 5% 50g,1,Nsaids (Musculoskeletal agents),Pharmathen
 Hydrotopic,Hydrocortisone, cream, 15g,1,Corticosteroids (Endocrine system drugs),Biodeal Labds Ltd
 Hydrocortisone,Hydrocortisone, tabs, 10mg,30,Corticosteroids (Endocrine system drugs),Bristol-myers
 Hiflux,Fluoxetine, caps, 20mg,7,Ssris (CNS agents),Hilton Pharma
 Grovit,Vitamin/mineral Preparation, drops, 15ml,1,Vitamins/minerals (Nutrition and blood agents),Usv Ltd (india)
 Grovit,Vitamin/mineral Preparation, syp, 100ml,1,Vitamins/minerals (Nutrition and blood agents),Usv Ltd (india)
 Grovit,Vitamin/mineral Preparation, tabs, -,30,Vitamins/minerals (Nutrition and blood agents),Usv Ltd (india)
 Gramoneg,Nalidixic Acid, tabs, 500mg,120,Antibacterials: Floroquinolones (Anti-infectives),Ranbaxy Labs
 Glovate,Clobetasol, oint, 30g,1,Dermatological Agents (Dermatological agents),Bulk
 Gestazine,Silver Sulphadiazine, oint, 250mg,1,Antibacterials: Others (Anti-infectives),Gesto Pharma
 Gestamine,Chlorpheniramine, syp, 100ml,1,Antihistamines (Respiratory system drugs),Gesto Pharma
 Fletchers Enema,Enema, enema, 128ml,1,Misc. Agents (Misc. drugs),Pharmax (uk)
 Esokit,Esomeprazole/clarithromycin/amoxicillin, kit, 20/500/1000g,1,Helicobacter Eradication Agents (Gastrointestinal drugs),Cipla Ltd
 Erocin,Erythromycin, tabs, 250mg,1000,Antibacterials: Macrolides (Anti-infectives),Lab & Allied
 Epilat,Nifedipine, tabs, 20mg,30,Calcium Channel Blokers (Cardiovascular drugs),Eipico (egypt)
 Encephabol,Pyritinol, syp, 100ml,1,Vitamins/minerals (Nutrition and blood agents),Merck (india)
 Encephabol,Pyritinol, caps, 200mg,30,Vitamins/minerals (Nutrition and blood agents),Merck (india)
 Driclor,Aluminum Chloride, liquid, 20% 20ml,1,Misc. Agents (Misc. drugs),Stiefel Labs
 Diacron,Gliclazide, tabs, 80mg,100,Sulphonylureas (Endocrine system drugs),P. T. Tempo
 Diactin,Glipizide, tabs, 5mg,100,Sulphonylureas (Endocrine system drugs),Beximco Pharma
 Depcon,Fluoxetine, caps, 20mg,14,Ssris (CNS agents),Bulk
 Danazol,Danazol, caps, 200mg,30,Antioestrogens (Endocrine system drugs),Bio-generics
 Danazol,Danazol, caps, 200mg,10,Antioestrogens (Endocrine system drugs),Bulk
 Cyprol,Cyproheptadine, syp, 100ml,1,Antihistamines (Respiratory system drugs),Ochoa Las (india)
 Codis,Aspirin/codeine, tabs, 500/8mg,24,Nsaids (Musculoskeletal agents),Reckitt Benckiser
 Citra,Cetirizine, tabs, 10mg,10,Antihistamines (Respiratory system drugs),Hilton Pharma
 Cialis,Tadalafil, tabs, 20mg,4,"Erectile Dysfunction Agents (Urinary, Obstetrics and Gynaecological agents)",Eli Lilly & Co
 Cefantral,Cefotaxime, inj, 1g,1,Antibacterials: Cephalosporins (Anti-infectives),Lupin Labs
 Carnation Caps,Salicylic Acid, bunion rings, -,5,Dermatological Agents (Dermatological agents),Metro Pharma
 Carboplatin,Carboplatin, inj, 450mg,1,Anticancer/immunosuppressants: Other (Oncology & immunosuppression drugs),Statim Pharma
 Carboplatin,Carboplatin, inj, 150mg,1,Anticancer/immunosuppressants: Other (Oncology & immunosuppression drugs),Statim Pharma
 Candistan,Clotrimazole, vaginal crm, 20,1,Antifungals (Anti-infectives),Caroga Pharma
 Caloderm,Calamine, lotion, 100ml,1,Dermatological Agents (Dermatological agents),Cosmos Ltd
 Calcium Lactate,Calcium Lactate, tabs, 300mg,1000,Vitamins/minerals (Nutrition and blood agents),Lab & Allied
 Calcio-bc,Calcium/phosphorous/vit D3/b Complex/vit C, caps, -,20,Vitamins/minerals (Nutrition and blood agents),J. Uriach & Cia
 Cadrol Forte,Theophylline/ephedrine, tabs, 15/12mg,100,Xanthines (Respiratory system drugs),Cosmos Ltd
 Buspar,Buspirone, tabs, 5mg,100,Anxiolytics/sedatives/hypnotics/neuroleptics (CNS agents),Bristol-myers
 Buspar,Buspirone, tabs, 10mg,100,Anxiolytics/sedatives/hypnotics/neuroleptics (CNS agents),Bristol-myers
 Blistex,Cold/flu Remedy, cream, 4.25g,1,Cold Remedies (Respiratory system drugs),Ddd (uk)
 Biovital Paed,Vitamin/mineral Preparation, liquid, 325ml,1,Vitamins/minerals (Nutrition and blood agents),Highchem
 Biovital Adult,Vitamin/mineral Preparation, liquid, 325ml,1,Vitamins/minerals (Nutrition and blood agents),Highchem
 Bioclox,Cloxacillin, syp, 125mg/5ml 100ml,1,Antibacterials: Penicillins (Anti-infectives),Biodeal Labds Ltd
 Bioclox,Cloxacillin, caps, 250mg,1000,Antibacterials: Penicillins (Anti-infectives),Biodeal Labds Ltd
 Biocel,Amoxiciillin, syp, 125mg/5ml 100ml,1,Antibacterials: Penicillins (Anti-infectives),Bio-generics
 Bezalip,Bezafibrate, tabs, 200mg,100,Fibrates (Cardiovascular drugs),Roche Pdts Ltd
 Betasalic,Betamethasone/salicylic Acid, lotion, 30ml,1,Dermatological Agents (Dermatological agents),Bulk
 Betasalic,Betamethasone/salicylic Acid, oint, 20g,1,Dermatological Agents (Dermatological agents),Bulk
 Bentopic,Betamethasone, oint, 15g,1,Corticosteroids (Endocrine system drugs),Biodeal Labds Ltd
 Bena Expectorant,Cough Expectorant, syp, 120ml,1,Mucolytics/expectorants (Respiratory system drugs),"Xepa-soul, Malaysia"
 Menthodex,Cough Syrup, syp, 100ml,1,Antitussives (Respiratory system drugs),"Bells, Sons &co"
 Belifax,Omeprazole, caps, 20mg,14,Proton Pump Inhibitors (Gastrointestinal drugs),Pharmathen
 Bcg Vaccine,Bcg Vaccine, inj, -,1,Immunological Agents (Immunological agents),Serum Institute
 Bactigras,Chlorhexidine, dressing, 10*40cm,10,Disinfectants/antiseptics (Misc. drugs),Smith And Nephew
 Bactigras,Chlorhexidine, dressing, 10*10cm,10,Disinfectants/antiseptics (Misc. drugs),Smith And Nephew
 Bacteranios,Contact Disinfectant, liquid, 5lt,1,Disinfectants/antiseptics (Misc. drugs),Laboratories Anios
 Aerius,Desloratidine, tabs, 5mg,30,Antihistamines (Respiratory system drugs),Essex (schering - Plough)
 Cobolmin,Mecobalamin, inj, 500mcg,1,Vitamins/minerals (Nutrition and blood agents),Macter Int
 Cobolmin,Mecobalamin, tabs, 500mcg,20,Vitamins/minerals (Nutrition and blood agents),Macter Int
 Artequin,Artesunate/mefloquine, tabs, 600/750mg,6,Antimalarials (Anti-infectives),Mepha
 Exetar-ws,Coal Tar/salicylic Acid/sulphur, oint, 20g,1,Dermatological Agents (Dermatological agents),Ochoa Las (india)
 Virumerz,Tromantadine, gel, 10g,1,Antiviral Agents (Anti-infectives),Merz & Co Ltd
 Lostatin,Lovastatin, tabs, 20mg,100,Statins (Cardiovascular drugs),Dr Reddys Labs
 Campto,Irinotecan, inj, 100mg/5ml,1,Anticancer/immunosuppressants: Other (Oncology & immunosuppression drugs),Sanofi-aventis
 Campto,Irinotecan, inj, 40mg/2ml,1,Anticancer/immunosuppressants: Other (Oncology & immunosuppression drugs),Sanofi-aventis
 Tavegyl,Clemastine, tabs, 1mg,20,Antihistamines (Respiratory system drugs),Novartis Cons
 Tabrophage,Metformin, tabs, 500mg,50,Antidiabetics:biguanides (Endocrine system drugs),Tabros Pharma
 Rendells,Nonoxinol 9, vaginal tab, 9%,12,Misc. Agents (Misc. drugs),Wj Rendells (uk)
 Fertophene,Clomiphene, tabs, 50mg,30,Antioestrogens (Endocrine system drugs),Panacea Biotica
 Oxymetholone,Oxymetholone, tabs, 50mg,100,Androgens (Endocrine system drugs),Minerva Pharma
 Depo-provera,Medroxyprogesterone Acetate, inj, 150mg,1,Progestogens (Endocrine system drugs),Pfizer-pharmacia
 Bulkot,Clotrimazole, mouth paint, 1% 15ml,1,Antifungals (Anti-infectives),Bulk
 Medi-keel,Cetylpyridium/benzocaine, lozenges, 1.4/10mg,16,Disinfectants/antiseptics (Misc. drugs),Adcork Ingram
 Pyralvex,Anthraquinone Glycosides/salicylic Acid, mouth paint, 10ml,1,Misc. Agents (Misc. drugs),Norgine Ltd (uk)
 Medigel,Aminacrine/lignocaine, oral gel, 0.66%/0.05% 15g,1,Misc. Agents (Misc. drugs),Ddd (uk)
 Neo-rinactive,Budesonide, nasal spray, 50mcg/doe 10ml,1,Corticosteroids (Endocrine system drugs),Cusi Alcon (spain)
 Zylowin Paed,Xylometazoline (hydrochloride), nose drops, 0.05% 10ml,1,Sympathomimetics (Cardiovascular drugs),Cosmos Ltd
 Zylowin Adult,Xylometazoline (hydrochloride), nose drops, 0.1% 10ml,1,Sympathomimetics (Cardiovascular drugs),Cosmos Ltd
 Zylol Adult,Xylometazoline (hydrochloride), nose drops, 0.1% 10ml,1,Sympathomimetics (Cardiovascular drugs),Bulk
 Rhinojet,Oxymetazoline, nasal spray, 10ml,1,Sympathomimetics (Cardiovascular drugs),Merck (india)
 Effinox Adult,Ephedrine, nose drops, 1% 15ml,1,Sympathomimetics (Cardiovascular drugs),Lab & Allied
 Effinox Paed,Ephedrine, nose drops, 0.5% 15ml,1,Sympathomimetics (Cardiovascular drugs),Lab & Allied
 Candid,Clotrimazole, ear drops, 1% 15ml,1,Antifungals (Anti-infectives),Glenmark Pharma
 Bulkot,Clotrimazole, ear drops, 1% 15ml,1,Antifungals (Anti-infectives),Bulk
 Suxamethonium,Suxamethonium, inj, 50mg/ml 2ml,1,Neuromuscular Blockers (Musculoskeletal agents),Rotex Medica
 Pavulon,Pancuronium, inj, 2mg/ml 2ml,50,Neuromuscular Blockers (Musculoskeletal agents),Essex (organon Pharma)
 Panuron,Pancuronium, inj, 2mg/ml,5,Neuromuscular Blockers (Musculoskeletal agents),Troikaa Pharma
 Pancuronium,Pancuronium, inj, 2mg/ml,1,Neuromuscular Blockers (Musculoskeletal agents),Rotex Medica
 Ondansetron,Ondansetron, inj, 4mg/2ml,1,Antiemetics (Gastrointestinal drugs),Bulk
 Eloxin,Meclizine/caffeine, tabs, 25/50mg,1000,Antihistamines (Respiratory system drugs),Elys Chemical
 Peptomet,Domperidone, tabs, 10mg,20,Antiemetics (Gastrointestinal drugs),Remedica Ltd
 Motinorm,Domperidone, tabs, 10mg,100,Antiemetics (Gastrointestinal drugs),Medley Pharma
 Domperon,Domperidone, tabs, 10mg,100,Antiemetics (Gastrointestinal drugs),Cadila Pharma
 Ramine,Imipramine, tabs, 25mg,1000,Tricyclic Or Related Antidepressants (CNS agents),West-coast Int
 Imipramin,Imipramine, tabs, 25mg,1000,Tricyclic Or Related Antidepressants (CNS agents),Gracure (india)
 Pascalium,Bromazepam, tabs, 1.5mg,30,Anxiolytics/sedatives/hypnotics/neuroleptics (CNS agents),Pharmathen
 Fitoval,Sodium Valproate, tabs, 200mg,100,Antiepileptics (CNS agents),Bulk
 Convulex,Sodium Valproate, syp, 50mg/ml 100ml,1,Antiepileptics (CNS agents),Gerot Pharmaceuticals
 Taver,Carbamazepine, tabs, 200mg,50,Antiepileptics (CNS agents),Medochemie
 Storilat,Carbamazepine, tabs, 200mg,1000,Antiepileptics (CNS agents),Remedica Ltd
 Rivolepsin,Carbamazepine, tabs, 200mg,50,Antiepileptics (CNS agents),Rivopharma
 Lepsin,Carbamazepine, tabs, 200mg,50,Antiepileptics (CNS agents),Macter Int
 Carpaz,Carbamazepine, tabs, 200mg,100,Antiepileptics (CNS agents),Rolab
 Carbazina,Carbamazepine, tabs, 200mg,100,Antiepileptics (CNS agents),Flamingo Impex Pvt
 Avant,Haloperidol, tabs, 1.5mg,100,Antipsychotics (CNS agents),Medochemie
 Calm,Diazepam, tabs, 5mg,1000,Anxiolytics/sedatives/hypnotics/neuroleptics (CNS agents),Lab & Allied
 Assival,Diazepam, tabs, 5mg,1000,Anxiolytics/sedatives/hypnotics/neuroleptics (CNS agents),Teva (israel)
 Hipnotil,Chlorpromazine, tabs, 100mg,1000,Antipsychotics (CNS agents),Macs Pharmaceuticals
 Lotem,Paracetamol/ibuprofen, susp, 125/100mg/5ml 100ml,1,Nsaids (Musculoskeletal agents),Adcork Ingram
 Nimodip,Nimodipine, tabs, 30mg,30,Calcium Channel Blokers (Cardiovascular drugs),Usv Ltd (india)
 Flecor-n,Nifedipine, tabs, 20mg,30,Calcium Channel Blokers (Cardiovascular drugs),Biospray (sa)
 Odace,Lisinopril, tabs, 10mg,100,Ace Inhibitors (Cardiovascular drugs),Cadila Pharma
 Odace,Lisinopril, tabs, 5mg,100,Ace Inhibitors (Cardiovascular drugs),Cadila Pharma
 Ethanolamine,Ethanolamine Oleate, inj, 5% 5ml,10,Misc. Agents (Misc. drugs),Martindale (uk)
 Enil,Enalapril, tabs, 5mg,100,Ace Inhibitors (Cardiovascular drugs),Usv Ltd (india)
 Dazil,Diltiazem, tabs, 60mg,50,Vasodilators (Cardiovascular drugs),Aegis Ltd
 Rivtopril,Captopril, tabs, 50mg,20,Ace Inhibitors (Cardiovascular drugs),Rivopharma
 Rivtopril,Captopril, tabs, 25mg,20,Ace Inhibitors (Cardiovascular drugs),Rivopharma
 Velorin,Atenolol, tabs, 50mg,30,Beta-blockers (Cardiovascular drugs),Remedica Ltd
 Tenolol,Atenolol, tabs, 50mg,200,Beta-blockers (Cardiovascular drugs),Ipca
 Tenolol,Atenolol, tabs, 100mg,100,Beta-blockers (Cardiovascular drugs),Ipca
 Tenol,Atenolol, tabs, 50mg,100,Beta-blockers (Cardiovascular drugs),West-coast Int
 Milorex,Amiloride/hydrochlorthiazide, tabs, 5/50mg,500,Potassium-sparing Diuretics (Cardiovascular drugs),Remedica Ltd
 Co-amiloride,Amiloride/hydrochlorthiazide, tabs, 5/50mg,28,Potassium-sparing Diuretics (Cardiovascular drugs),Cox Pharma
 Diamox,Acetazolamide, tabs, 250mg,112,Carbonic Anhydrase Inhibitors (Cardiovascular drugs),Wyeth Sa
 Geangin,Verapamil, inj, 2.5mg/ml 2ml,5,Antiarrythmic Drugs (Cardiovascular drugs),Gea Ltd
 Geangin,Verapamil, tabs, 240mg,100,Antiarrythmic Drugs (Cardiovascular drugs),Gea Ltd
 Geangin,Verapamil, tabs, 40mg,100,Antiarrythmic Drugs (Cardiovascular drugs),Gea Ltd
 Metoprolol,Metoprolol, tabs, 100mg,100,Beta-blockers (Cardiovascular drugs),Cox Pharma
 Sulphasalazine,Sulphasalazine, tabs, 500mg,112,Aminosalicylates (Gastrointestinal drugs),Cox Pharma
 Loptil,Loperamide, caps, 2mg,3,Antidiarrheorals (Gastrointestinal drugs),Ray Pharma
 Loperium,Loperamide, tabs, 2mg,1000,Antidiarrheorals (Gastrointestinal drugs),Remedica Ltd
 Diadis,Attapulgite/furazolidine, syp, 60ml,1,Antidiarrheorals (Gastrointestinal drugs),Cosmos Ltd
 Dialin,Loperamide, caps, 2mg,10,Antidiarrheorals (Gastrointestinal drugs),Regal Pharma
 Diadis,Attapulgite/furazolidine, tabs, 350mg/100mg,100,Antidiarrheorals (Gastrointestinal drugs),Cosmos Ltd
 Diastop,Attapulgite/al(oh)3, tabs, 350/100mg,100,Antidiarrheorals (Gastrointestinal drugs),Cosmos Ltd
 Livoluk,Lactulose, syp, 3.325g/5ml 200ml,1,Laxatives (Gastrointestinal drugs),Panacea Biotica
 Zotac,Ranitidine, tabs, 150mg,20,H-2 Receptor Antagonists (Gastrointestinal drugs),Bulk
 Vominal,Metoclopromide, inj, 5mg/ml 2ml,1,Antiemetics (Gastrointestinal drugs),West-coast Int
 Perinorm,Metoclopromide, inj, 5mg/ml 2ml,10,Antiemetics (Gastrointestinal drugs),Ipca
 Perinorm,Metoclopromide, tabs, 10mg,200,Antiemetics (Gastrointestinal drugs),Ipca
 Metomide,Metoclopromide, inj, 5mg/ml 2ml,1,Antiemetics (Gastrointestinal drugs),Bulk
 Metamide,Metoclopromide, tabs, 10mg,1000,Antiemetics (Gastrointestinal drugs),West-coast Int
 Cloperan,Metoclopromide, tabs, 10mg,1000,Antiemetics (Gastrointestinal drugs),Remedica Ltd
 Epirax,Clidinium/chlordiazepoxide, tabs, 2.5/5mg,30,Antimuscarinic Drugs (Gastrointestinal drugs),Eipico (egypt)
 Allucid Plus,Al(oh)3/mg(oh)2/simethicone, syp, 200ml,1,Antacids (Gastrointestinal drugs),Biodeal Labds Ltd
 Rivostatin,Nystatin, oral susp," 100,000 iu/ml 30ml",1,Antifungals (Anti-infectives),Rivopharma
 Fungicide,Ketoconazole, tabs, 200mg,30,Antifungals (Anti-infectives),Torrent Ltd
 Griseofil,Griseofulvin, tabs, 500mg,100,Antifungals (Anti-infectives),Fourrts Pvt (india)
 Forecox Trac,Rifampicin/isoniazid/pyrazinamide/ethambutol, tabs, 150/75/275/400mg,60,Antitubercular Agents (Anti-infectives),Macleods Pharma
 Forecox,Rifampicin/isoniazid/pyrazinamide/ethambutol, tabs, 225/150/750/400mg,60,Antitubercular Agents (Anti-infectives),Macleods Pharma
 Macox,Rifampicin, caps, 150mg,100,Antitubercular Agents (Anti-infectives),Macleods Pharma
 Biorem,Rifampicin, caps, 150mg,100,Antitubercular Agents (Anti-infectives),Bio-generics
 T-butol,Ethambutol, caps, 400mg,100,Antitubercular Agents (Anti-infectives),Flamingo Impex Pvt
 Lincomycin,Lincomycin, caps, 500mg,100,Antibacterials: Lincosamides (Anti-infectives),Rivopharma
 Lincomycin,Lincomycin, caps, 500mg,100,Antibacterials: Lincosamides (Anti-infectives),Flamingo Impex Pvt
 Lincomycin,Lincomycin, inj, 600mg/2ml,1,Antibacterials: Lincosamides (Anti-infectives),Gracure (india)
 Lincomycin,Lincomycin, caps, 500mg,100,Antibacterials: Lincosamides (Anti-infectives),Gracure (india)
 Torocef,Ceftriaxone, inj, 1g,1,Antibacterials: Cephalosporins (Anti-infectives),Torrent Ltd
 Forsef,Ceftriaxone, inj, 1gm,1,Antibacterials: Cephalosporins (Anti-infectives),Bilim (turkey)
 Forsef,Ceftriaxone, inj, 500mg,1,Antibacterials: Cephalosporins (Anti-infectives),Bilim (turkey)
 Felexin,Cephalexin, syp, 125mg/5ml 100ml,1,Antibacterials: Cephalosporins (Anti-infectives),Remedica Ltd
 Felexin,Cephalexin, syp, 250mg/5ml 60ml,1,Antibacterials: Cephalosporins (Anti-infectives),Remedica Ltd
 Cefalin,Cephalexin, caps, 500mg,100,Antibacterials: Cephalosporins (Anti-infectives),Flamingo Impex Pvt
 Cefazolin Denk,Cefazolin, inj, 500mg,1,Antibacterials: Cephalosporins (Anti-infectives),Denk Pharma
 Cefazoline Denk,Cefazolin, inj, 1g,1,Antibacterials: Cephalosporins (Anti-infectives),Denk Pharma
 Cesadroxyl,Cefadroxil, caps, 500mg,40,Antibacterials: Cephalosporins (Anti-infectives),Dabur Pharma
 Cefadroxil,Cefadroxil, syp, 125mg/5ml 100ml,1,Antibacterials: Cephalosporins (Anti-infectives),Pharco Pharmaceuticals
 Cefadroxil,Cefadroxil, syp, 125mg/5ml 60ml,1,Antibacterials: Cephalosporins (Anti-infectives),Pharco Pharmaceuticals
 Cefadroxil,Cefadroxil, tabs, 500mg,8,Antibacterials: Cephalosporins (Anti-infectives),Pharco Pharmaceuticals
 Tienam,Imipenem/cilastin, inj, 500mg,1,Antibacterials: Others (Anti-infectives),Merck Sharpe
 Unipen,Phenoxymethylpenicillin, syp, 125mg/5ml 100ml,1,Antibacterials: Penicillins (Anti-infectives),Regal Pharma
 Unipen,Phenoxymethylpenicillin, syp, 125mg/5ml 60ml,1,Antibacterials: Penicillins (Anti-infectives),Regal Pharma
 Fluxacap,Flucloxacillin, caps, 250mg,100,Antibacterials: Penicillins (Anti-infectives),Biodeal Labds Ltd
 Mediclox,Cloxacillin, syp, 125mg/5ml 100ml,1,Antibacterials: Penicillins (Anti-infectives),Regal Pharma
 Debenzacin,Benzathine Penicillin, inj, 2.4mu,1,Antibacterials: Penicillins (Anti-infectives),Lab & Allied
 Debenzacin,Benzathine Penicillin, inj, 1.2mu,1,Antibacterials: Penicillins (Anti-infectives),Lab & Allied
 Penadur La,Benzathine Penicillin, inj, 1.2mu,1,Antibacterials: Penicillins (Anti-infectives),Wyeth Sa
 Penadur La,Benzathine Penicillin, inj, 2.4mu,1,Antibacterials: Penicillins (Anti-infectives),Wyeth Sa
 Rosiclox,Ampicillin/cloxacillin, syp, 250mg/5ml 100ml,1,Antibacterials: Penicillins (Anti-infectives),Ranbaxy Labs
 Rosiclox,Ampicillin/cloxacillin, caps, 500mg,100,Antibacterials: Penicillins (Anti-infectives),Ranbaxy Labs
 Rivocloxin,Ampicillin/cloxacillin, syp, 250mg/5ml 100ml,1,Antibacterials: Penicillins (Anti-infectives),Rivopharma
 Lampocloxa,Ampicillin/cloxacillin, caps, 500mg,100,Antibacterials: Penicillins (Anti-infectives),Esseti Farma
 Frampiclox,Ampicillin/cloxacillin, neo-nt drop, 90mg/0.6ml 8ml,1,Antibacterials: Penicillins (Anti-infectives),Surgilinks Ltd
 Clamp,Ampicillin/cloxacillin, inj, 500mg,1,Antibacterials: Penicillins (Anti-infectives),Dr Reddys Labs
 Clamp,Ampicillin/cloxacillin, caps, 500mg,15,Antibacterials: Penicillins (Anti-infectives),Dr Reddys Labs
 Axyclox,Ampicillin/cloxacillin, caps, 500mg,500,Antibacterials: Penicillins (Anti-infectives),Gesto Pharma
 Ampixal,Ampicillin/cloxacillin, caps, 500mg,100,Antibacterials: Penicillins (Anti-infectives),Teva (israel)
 Uniamp,Ampicillin, syp, 125mg/5ml 100ml,1,Antibacterials: Penicillins (Anti-infectives),Regal Pharma
 Uniamp,Ampicillin, syp, 125mg/5ml 60ml,1,Antibacterials: Penicillins (Anti-infectives),Regal Pharma
 Uniamp,Ampicillin, caps, 500mg,500,Antibacterials: Penicillins (Anti-infectives),Regal Pharma
 Uniamp,Ampicillin, caps, 250mg,1000,Antibacterials: Penicillins (Anti-infectives),Regal Pharma
 Campillin,Ampicillin, caps, 500mg,100,Antibacterials: Penicillins (Anti-infectives),Cosmos Ltd
 Campillin,Ampicillin, caps, 250mg,100,Antibacterials: Penicillins (Anti-infectives),Cosmos Ltd
 Augpen,Amoxicillin/clavulanate, syp, 156mg/5ml 60ml,1,Antibacterials: Penicillins (Anti-infectives),Emcure Pharmaceuticals
 Augpen,Amoxicillin/clavulanate, tabs, 375mg,30,Antibacterials: Penicillins (Anti-infectives),Emcure Pharmaceuticals
 Lmx,Amoxicillin/lactic Acid Bacillus, caps, 500mg,60,Antibacterials: Penicillins (Anti-infectives),Cadila Pharma
 Lmx,Amoxicillin/lactic Acid Bacillus, tabs, 250mg,100,Antibacterials: Penicillins (Anti-infectives),Cadila Pharma
 Unixil,Amoxiciillin, syp, 125mg/5ml 100ml,1,Antibacterials: Penicillins (Anti-infectives),Regal Pharma
 Unixil,Amoxiciillin, caps, 500mg,500,Antibacterials: Penicillins (Anti-infectives),Regal Pharma
 Unixil,Amoxiciillin, caps, 250mg,1000,Antibacterials: Penicillins (Anti-infectives),Regal Pharma
 Ranoxyl,Amoxiciillin, caps, 250mg,1000,Antibacterials: Penicillins (Anti-infectives),Ranbaxy Labs
 Kacinth A,Kanamycin, inj, 100mg/ml,10,Antibacterials: Aminoglycoside (Anti-infectives),Pharmathen
 Kacinth A,Kanamycin, inj, 250mg/ml,1,Antibacterials: Aminoglycoside (Anti-infectives),Pharmathen
 Amikacin,Amikacin, inj, 500mg/2ml,1,Antibacterials: Aminoglycoside (Anti-infectives),Medisel
 Pefloxacin,Pefloxacin, tabs, 400mg,10,Antibacterials: Floroquinolones (Anti-infectives),Gracure (india)
 Uriflox,Norfloxacin, tabs, 400mg,10,Antibacterials: Floroquinolones (Anti-infectives),Flamingo Impex Pvt
 Uniflox,Norfloxacin, tabs, 400mg,100,Antibacterials: Floroquinolones (Anti-infectives),Universal Cooporation
 Teeflox,Norfloxacin, tabs, 400mg,10,Antibacterials: Floroquinolones (Anti-infectives),Bulk
 Zeflox,Norfloxacin, tabs, 400mg,10,Antibacterials: Floroquinolones (Anti-infectives),Emcure Pharmaceuticals
 Norotec,Norfloxacin, tabs, 400mg,10,Antibacterials: Floroquinolones (Anti-infectives),Win-medicare (india)
 Normax,Norfloxacin, tabs, 400mg,10,Antibacterials: Floroquinolones (Anti-infectives),Ipca
 Norlab,Norfloxacin, tabs, 400mg,100,Antibacterials: Floroquinolones (Anti-infectives),Lab & Allied
 Norfocin,Norfloxacin, tabs, 400mg,20,Antibacterials: Floroquinolones (Anti-infectives),Macs Pharmaceuticals
 Norcin,Norfloxacin, tabs, 400mg,20,Antibacterials: Floroquinolones (Anti-infectives),Zest Pharma
 Loxone,Norfloxacin, tabs, 400mg,10,Antibacterials: Floroquinolones (Anti-infectives),Micro Exports
 Floxied,Norfloxacin, tabs, 400mg,10,Antibacterials: Floroquinolones (Anti-infectives),Allied Pharma
 Lomaday,Lomefloxacin, tabs, 400mg,20,Antibacterials: Floroquinolones (Anti-infectives),Dr Reddys Labs
 Ciprolet,Ciprofloxacin, tabs, 500mg,20,Antibacterials: Floroquinolones (Anti-infectives),Dr Reddys Labs
 Ciprolet,Ciprofloxacin, tabs, 250mg,20,Antibacterials: Floroquinolones (Anti-infectives),Dr Reddys Labs
 Zupricin,Mupirocin, oint, 2% 15g,1,Antibacterials: Others (Anti-infectives),Glenmark Pharma
 Zmox,Amoxiciillin, caps, 500mg,100,Antibacterials: Penicillins (Anti-infectives),Aurobindo Pharma
 Zmox,Amoxiciillin, caps, 250mg,100,Antibacterials: Penicillins (Anti-infectives),Aurobindo Pharma
 Vitacal,Calcium Carbonate/vitamin D, tabs, 200 iu/400mg,30,Vitamins/minerals (Nutrition and blood agents),Cosmos Ltd
 Throx,Roxithromycin, tabs, 150mg,10,Antibacterials: Macrolides (Anti-infectives),Alkem Labs
 Ticlovas,Ticlopidine, tabs, 250mg,20,Antiplatelet Drugs (Cardiovascular drugs),Usv Ltd (india)
 Sinobid,Norfloxacin, tabs, 400mg,14,Antibacterials: Floroquinolones (Anti-infectives),Biospray (sa)
 Savid,Sparfloxacin, tabs, 200mg,6,Antibacterials: Floroquinolones (Anti-infectives),Universal Cooporation
 Rinosol,Beclomethasone, inhaler, 250mcg/dose 200 doses,1,Corticosteroids (Endocrine system drugs),Biospray (sa)
 Renor,Norfloxacin, tabs, 400mg,100,Antibacterials: Floroquinolones (Anti-infectives),Aurobindo Pharma
 Recipro,Ciprofloxacin, tabs, 500mg,100,Antibacterials: Floroquinolones (Anti-infectives),Aurobindo Pharma
 Ordace,Lisinopril, tabs, 5mg,100,Ace Inhibitors (Cardiovascular drugs),Cadila Pharma
 Nimetech,Nimesulide, tabs, 100mg,100,Nsaids (Musculoskeletal agents),Macleods Pharma
 Gvither,Artemether, inj, 80mg/ml,6,Antimalarials (Anti-infectives),"Bliss Gvs Pharma, India"
 Gvither,Artemether, syp, 300mg/100ml,1,Antimalarials (Anti-infectives),"Bliss Gvs Pharma, India"
 Emoxclav,Amoxicillin/clavulanate, syp, 312mg/5ml 100 ml,1,Antibacterials: Penicillins (Anti-infectives),Eipico (egypt)
 Emoxclav,Amoxicillin/clavulanate, syp, 156mg/5ml 100 ml,1,Antibacterials: Penicillins (Anti-infectives),Eipico (egypt)
 Elkostop,Omeprazole, caps, 20mg,14,Proton Pump Inhibitors (Gastrointestinal drugs),Minerva Pharma
 Artesiane,Artesunate, syp, 300mg/100ml,1,Antimalarials (Anti-infectives),Dafra Pharma
 Artemether,Artemether, inj, 80mg,5,Antimalarials (Anti-infectives),Dafra Pharma
 Artemether,Artemether, inj, 20mg,10,Antimalarials (Anti-infectives),Dafra Pharma
 Arinate,Artesunate, tabs, 100mg,6,Antimalarials (Anti-infectives),Dafra Pharma
 Quinimax,Quinine/quinidine/cinchonine/cinchonidine, tabs, 500mg,9,Antimalarials (Anti-infectives),Sanofi-aventis
 Quinimax,Quinine/quinidine/cinchonine/cinchonidine, tabs, 125mg,18,Antimalarials (Anti-infectives),Sanofi-aventis
 Quinimax,Quinine/quinidine/cinchonine/cinchonidine, inj, 500mg,3,Antimalarials (Anti-infectives),Sanofi-aventis
 Quinimax,Quinine/quinidine/cinchonine/cinchonidine, inj, 250mg,3,Antimalarials (Anti-infectives),Sanofi-aventis
 Esmeron,Rocuronium Bromide, inj, 50mg/5ml,12,Neuromuscular Blockers (Musculoskeletal agents),Essex (organon Pharma)
 Alenost,Alendronate, tabs, 10mg,50,Biphosphonates (Misc. drugs),Macleods Pharma
 Tarka,Trandolapril/verapamil, tabs, 2/180mg,30,Ace Inhibitors (Cardiovascular drugs),Abbott (usa)
 Acne Clear,Triclosan, soap bar, 100g,1,Disinfectants/antiseptics (Misc. drugs),Janssen-cilag
 Acne Clear,Miconazole/benzoyl Peroxide, cream, 2%/5% 15g,1,Dermatological Agents (Dermatological agents),Janssen-cilag
 Aurorix,Moclobemide, tabs, 150mg,30,Monoamine-oxidase Inhibitors (CNS agents),Roche Pdts Ltd
 Lomotil,Diphenoxylate/atropine, tabs, 2.5/0.025mg,8,Antidiarrheorals (Gastrointestinal drugs),Pfizer-pharmacia
 Lomotil,Diphenoxylate/atropine, tabs, 2.5/0.025mg,100,Antidiarrheorals (Gastrointestinal drugs),Pfizer-pharmacia
 Farmorubicin,Epirubicin, inj, 50mg 25ml,1,Cytotoxic Antibiotics (Oncology & immunosuppression drugs),Pfizer-pharmacia
 Farmorubicin,Epirubicin, inj, 10mg 5ml,1,Cytotoxic Antibiotics (Oncology & immunosuppression drugs),Pfizer-pharmacia
 Cytosar,Cytarabine, inj, 100mg 5ml,1,Antimetabolite Cytotoxics (Oncology & immunosuppression drugs),Pfizer-pharmacia
 Caverject,Alprostadil, inj, 20mcg,1,Prostagladins & Analogues (Misc. drugs),Pfizer-pharmacia
 Caverject,Alprostadil, inj, 10mcg,1,Prostagladins & Analogues (Misc. drugs),Pfizer-pharmacia
 Allergo-comod,Sodium Cromoglycate, eye drops, 10ml,1,Prophylactic Anti-allergens (Respiratory system drugs),Ursapharma
 Havrix,Hepatitis A Vaccine, inj, 720 eu,1,Immunological Agents (Immunological agents),Glaxosmithkline Pharma
 Oconor-t,Norfloxacin/tinidazole, tabs, 400/500mg,100,Misc. Agents (Misc. drugs),Ochoa Las (india)
 Spersallerg,Antazoline/tetrazoline, eye drops, 10ml,1,Eye/ear/nose Preparations (Eye ENT agents),Novartis Opth
 Spersadoxyline,Dexamethasone/chloramphenicol/tetrazoline, eye drops, 5ml,1,Eye/ear/nose Preparations (Eye ENT agents),Novartis Opth
 Locacorten Tar,Flumetasone/coal Tar/salicylic Acid, oint, 60g,1,Dermatological Agents (Dermatological agents),Novartis Pharma
 Locasalen,Flumetasone/salicylic Acid, oint, 15g,1,Dermatological Agents (Dermatological agents),Novartis Pharma
 Desferal,Desferoxamine, inj, 500mg,10,Chelating Agents/antidotes (Misc. drugs),Novartis Pharma
 Forceval Protein,Amino Acids/carbohydrate/vitamins/minerals, powder, 30g,8,Vitamins/minerals (Nutrition and blood agents),Alliance Pharma
 Cobalin-h,Hydroxycobalamin, inj, 1000mcg 1ml,5,Vitamins/minerals (Nutrition and blood agents),Archimedes Pharma
 Ethyl Chloride,Ethyl Chloride, spray, 100ml,1,Local Anaesthetics (Musculoskeletal agents),Walter Ritter
 Gravol,Dimenhydrinate, supp, 25mg,10,Antihistamines (Respiratory system drugs),Carter Horner
 Trizivir,Abacavir/lamivudine/zidovudine, tabs, 300/150/300mg,60,Antiretrovirals (Anti-infectives),Glaxosmithkline Pharma
 Purinenthol,Mercaptopurine, tabs, 50mg,25,Antimetabolite Cytotoxics (Oncology & immunosuppression drugs),Glaxosmithkline Pharma
 Pentostam,Sodium Stigbogluconate, inj, 100ml,1,Leishmaniacides (Anti-infectives),Glaxosmithkline Pharma
 Otosporin,Hydrocortisone/neomycin/polymixin B, ear drops, 10mg/3400 iu/10000 iu in 5ml,1,Dermatological Agents (Dermatological agents),Glaxosmithkline Pharma
 Nimbex,Cisatracurium, inj, 10ml,5,Neuromuscular Blockers (Musculoskeletal agents),Glaxosmithkline Pharma
 Nimbex,Cisatracurium, inj, 2.5ml,5,Neuromuscular Blockers (Musculoskeletal agents),Glaxosmithkline Pharma
 Malarone,Atovaquone/proguanil, tabs, 250/100mg,12,Antimalarials (Anti-infectives),Glaxosmithkline Pharma
 Cicatrin,Neomycin/bacitracin/cysteine/glycine/threonine, powder, 15g,1,Dermatological Agents (Dermatological agents),Glaxosmithkline Pharma
 Cicatrin,Neomycin/bacitracin/cysteine/glycine/threonine, cream, 15g,1,Dermatological Agents (Dermatological agents),Glaxosmithkline Pharma
 Tilcotil,Tenoxicam, tabs, 20mg,10,Nsaids (Musculoskeletal agents),Roche Pdts Ltd
 Mandol,Cefamandole, inj, 1g,1,Antibacterials: Cephalosporins (Anti-infectives),Eli Lilly & Co
 Mandol,Cefamandole, inj, 0.5g,1,Antibacterials: Cephalosporins (Anti-infectives),Eli Lilly & Co
 Polio Vaccine,Polio Vaccine, drops, 10 doses,1,Immunological Agents (Immunological agents),Pasteur Merieux
 Dt Vax,Diphtheria/tetanus Vaccine, inj, 20 dose,20,Immunological Agents (Immunological agents),Pasteur Merieux
 Dt Vax,Diphtheria/tetanus Vaccine, inj, 10 dose,1,Immunological Agents (Immunological agents),Pasteur Merieux
 Alka-selzer,Aspirin/citric Acid/sodium Bicarbonate, effe. tabs, -,20,Misc. Agents (Misc. drugs),Bayer Schering Pharma
 Alka-selzer,Aspirin/citric Acid/sodium Bicarbonate, effe. tabs, -,10,Misc. Agents (Misc. drugs),Bayer Schering Pharma
 Rantudil Retard,Acemetacin, caps, 90mg,20,Nsaids (Musculoskeletal agents),Bayer Schering Pharma
 Rantudil Forte,Acemetacin, caps, 60mg,20,Nsaids (Musculoskeletal agents),Bayer Schering Pharma
 Streptase,Streptokinase, inj, 1500iu,1,Fibrinolyic Drugs (Nutrition and blood agents),Sanofi-aventis
 Taxotere,Docetaxel, inj, 80mg/2ml,1,Anticancer/immunosuppressants: Other (Oncology & immunosuppression drugs),Sanofi-aventis
 Taxotere,Docetaxel, inj, 20mg/2ml,1,Anticancer/immunosuppressants: Other (Oncology & immunosuppression drugs),Sanofi-aventis
 Ethrane,Enflurane, liquid, 250ml,1,General Anaesthetics (CNS agents),Abbott (usa)
 Warfarin,Warfarin, tabs, 3mg,28,Anticoagulants (Cardiovascular drugs),Cox Pharma
 Warfarin,Warfarin, tabs, 1mg,28,Anticoagulants (Cardiovascular drugs),Cox Pharma
 Wartral,Warfarin, tabs, 5mg,100,Anticoagulants (Cardiovascular drugs),Metro Pharma
 Vincristine,Vincristine, inj, 1mg,1,Anticancer/immunosuppressants: Other (Oncology & immunosuppression drugs),Metro Pharma
 Vitamin A,Vitamin A, caps, 200000iu,100,Vitamins/minerals (Nutrition and blood agents),Metro Pharma
 Selegiline,Selegiline, tabs, 10mg,30,Dopaminergic Agonists (CNS agents),Metro Pharma
 Selegiline,Selegiline, tabs, 5mg,60,Dopaminergic Agonists (CNS agents),Metro Pharma
 Tiroy,Thyroxine Sodium, tabs, 100mcg,100,Thyroid Hormones (Endocrine system drugs),Metro Pharma
 Tiroy,Thyroxine Sodium, tabs, 50mcg,100,Thyroid Hormones (Endocrine system drugs),Metro Pharma
 Tiroy,Thyroxine Sodium, tabs, 25mcg,100,Thyroid Hormones (Endocrine system drugs),Metro Pharma
 Sotalol,Sotalol, tabs, 160mg,28,Beta-blockers (Cardiovascular drugs),Metro Pharma
 Sotalol,Sotalol, tabs, 80mg,28,Beta-blockers (Cardiovascular drugs),Metro Pharma
 Spironolactone,Spironolactone, tabs, 100mg,28,Potassium-sparing Diuretics (Cardiovascular drugs),Metro Pharma
 Spironolactone,Spironolactone, tabs, 25mg,28,Potassium-sparing Diuretics (Cardiovascular drugs),Metro Pharma
 Senizole Forte,Secnidazole, tabs, 1g,2,Antiprozoal Agents (Anti-infectives),Metro Pharma
 Propylthiouracil,Propylthiouracil, tabs, 50mg,100,Antithyroid Drugs (Endocrine system drugs),Metro Pharma
 Primaquine,Primaquine, tabs, 7.5mg,100,Antimalarials (Anti-infectives),Metro Pharma
 Oxybutynin,Oxybutynin, tabs, 5mg,84,Antimuscarinic Drugs (Gastrointestinal drugs),Metro Pharma
 Oxybutynin,Oxybutynin, tabs, 2.5mg,84,Antimuscarinic Drugs (Gastrointestinal drugs),Metro Pharma
 Ondansetron,Ondansetron, inj, 4mg/2ml,1,Antiemetics (Gastrointestinal drugs),Metro Pharma
 Mozit,Proguanil, tabs, 100mg,100,Antimalarials (Anti-infectives),Metro Pharma
 Minocycline,Minocycline, tabs, 100mg,28,Antibacterials: Tetracyclines (Anti-infectives),Metro Pharma
 Minocycline,Minocycline, tabs, 50mg,28,Antibacterials: Tetracyclines (Anti-infectives),Metro Pharma
 Merakle,Atenolol, tabs, 100mg,30,Beta-blockers (Cardiovascular drugs),Metro Pharma
 Merakle,Atenolol, tabs, 50mg,30,Beta-blockers (Cardiovascular drugs),Metro Pharma
 Merakle,Atenolol, tabs, 25mg,30,Beta-blockers (Cardiovascular drugs),Metro Pharma
 Lisinopril,Lisinopril, tabs, 5mg,28,Ace Inhibitors (Cardiovascular drugs),Metro Pharma
 Isosorbide Dinitrate,Isosorbide Dinitrate, tabs, 20mg,56,Vasodilators (Cardiovascular drugs),Cox Pharma
 Haloperidol,Haloperidol, tabs, 5mg,100,Antipsychotics (CNS agents),Cosmos Ltd
 Glyceryl Trinitrate,Glyceryl Trinitrate, tabs, 500mcg,100,Vasodilators (Cardiovascular drugs),Metro Pharma
 Fluracil,Fluorouracil, inj, 500mg/10ml,5,Antimetabolite Cytotoxics (Oncology & immunosuppression drugs),Biochem (india)
 Fluoexetine,Fluoxetine, caps, 20mg,30,Ssris (CNS agents),Metro Pharma
 Etopside,Etoposide, inj, 100mg/5ml,1,Anticancer/immunosuppressants: Other (Oncology & immunosuppression drugs),Metro Pharma
 Dacarbazine,Dacarbazine, inj, 200mg,1,Alkylating Cytotoxic Drugs (Oncology & immunosuppression drugs),Modern Pharma
 Cabrel,Carbimazole, tabs, 5mg,100,Antithyroid Drugs (Endocrine system drugs),Metro Pharma
 Alfacalcidol,Vitamin D, caps, 0.25mcg,30,Vitamins/minerals (Nutrition and blood agents),Metro Pharma
 Polyspectran,Gramicidin/neomycin/polymixin, e/e drops, 5ml,1,Dermatological Agents (Dermatological agents),Dr. Thilo
 Halocef,Cefaclor, drops, 10ml,1,Antibacterials: Cephalosporins (Anti-infectives),Aristo Pharma
 Forcef,Cefuroxime, inj, 750mg iv/im,1,Antibacterials: Cephalosporins (Anti-infectives),Aristo Pharma
 Ambrodil Plus,Ambroxol, syp, 100ml,1,Mucolytics/expectorants (Respiratory system drugs),Aristo Pharma
 Ambrodil,Ambroxol, syp, 30mg/5ml 100ml,1,Mucolytics/expectorants (Respiratory system drugs),Aristo Pharma
 Spersadex Compound,Dexamethasone/chloramphenicol, eye drops, 1/5mg/ml 5ml,1,Eye/ear/nose Preparations (Eye ENT agents),Novartis Opth
 Spersadex,Dexamethasone, eye drops, 1% 5ml,1,Corticosteroids (Endocrine system drugs),Novartis Opth
 Okacin,Lomefloxacin, eye drops, 3mg/ml 5ml,1,Antibacterials: Floroquinolones (Anti-infectives),Novartis Opth
 Oculosan,Zinc Sulphate/naphazoline, eye drops, 0.2/0.05mg/ml 10ml,1,Eye/ear/nose Preparations (Eye ENT agents),Novartis Opth
 Naclof,Diclofenac, ear drops, 1mg/ml 5ml,1,Nsaids (Musculoskeletal agents),Novartis Opth
 Famvir,Famciclovir, tabs, 125mg,10,Antiviral Agents (Anti-infectives),Novartis Pharma
 Plasmotrim,Artesunate, supp, 50mg,6,Antimalarials (Anti-infectives),Mepha
 Plasmotrim,Artesunate, tabs, 200mg,6,Antimalarials (Anti-infectives),Mepha
 Plasmotrim,Artesunate, tabs, 50mg,12,Antimalarials (Anti-infectives),Mepha
 Metformin,Metformin, tabs, 850mg,56,Antidiabetics:biguanides (Endocrine system drugs),Ivax Pharma
 Metformin,Metformin, tabs, 500mg,500,Antidiabetics:biguanides (Endocrine system drugs),Ivax Pharma
 Theo Sr,Theophylline, caps, 200mg,10,Xanthines (Respiratory system drugs),Glaxosmithkline (egy)
 Supravit,Vitamin/mineral Preparation, caps, -,28,Vitamins/minerals (Nutrition and blood agents),Glaxosmithkline (egy)
 Calmepam,Bromazepam, tabs, 3mg,10,Anxiolytics/sedatives/hypnotics/neuroleptics (CNS agents),Glaxosmithkline (egy)
 Calmepam,Bromazepam, tabs, 1.5mg,30,Anxiolytics/sedatives/hypnotics/neuroleptics (CNS agents),Glaxosmithkline (egy)
 Ziagen,Abacavir, syp, 20mg/ml 240ml,1,Antiretrovirals (Anti-infectives),Glaxosmithkline Pharma
 Typherix,Typhoid Vaccine, inj, 25mcg/0.5ml,1,Immunological Agents (Immunological agents),Glaxosmithkline Pharma
 Tracrium,Atracurium, inj, 10mg/2.5ml,5,Neuromuscular Blockers (Musculoskeletal agents),Glaxosmithkline Pharma
 Sudafed,Pseudoephedrine, tabs, -,12,Sympathomimetics (Cardiovascular drugs),Glaxosmithkline Pharma
 Mencevax Acwy,Meningococcal Vaccine, inj, 0.5ml,1,Immunological Agents (Immunological agents),Glaxosmithkline Pharma
 Havrix,Hepatitis A Vaccine, inj, 1440eu,1,Immunological Agents (Immunological agents),Glaxosmithkline Pharma
 Duxima,Cefuroxime, inj, 1g,1,Antibacterials: Cephalosporins (Anti-infectives),Omaera Pharma
 Rheuma-denk,Etofenamate, gel, 20g,1,Nsaids (Musculoskeletal agents),Denk Pharma
 Typhim,Typhoid Vaccine, inj, 20 doses,1,Immunological Agents (Immunological agents),Pasteur Merieux
 Tetavax,Tetanus Toxoid, inj, 10 dose,10,Immunological Agents (Immunological agents),Pasteur Merieux
 Euvax B Paed,Hepatitis B Vaccine, inj, 10 doses,1,Immunological Agents (Immunological agents),Pasteur Merieux
 Anti-snake Venom Serum (fav Africa),Anti-snake Venom, inj, 10ml,1,Chelating Agents/antidotes (Misc. drugs),Pasteur Merieux
 Beplex Forte,Vitamin B/c (high Potency), inj, 11ml+ 1ml vial,1,Vitamins/minerals (Nutrition and blood agents),Anglo French
 Beplex Forte,Vitamin B/c (high Potency), tabs, -,30,Vitamins/minerals (Nutrition and blood agents),Anglo French
 Mercilon,Ethinylestradiol/desogestrel, tabs, 20mcg/150mcg,21,Oestrogens (Endocrine system drugs),Essex (organon Pharma)
 Cotecxin,Dihydroartemisinin, syp, 80ml,1,Antimalarials (Anti-infectives),Holley Cotec
 Cotecxin,Dihydroartemisinin, tabs, 60mg,8,Antimalarials (Anti-infectives),Holley Cotec
 Niften,Nifedipine/atenolol, caps, 20/50mg,28,Calcium Channel Blokers (Cardiovascular drugs),Astrazeneca
 Uprima,Apomorphine, tabs, 3mg,4,Dopaminergic Agonists (CNS agents),Abbott (usa)
 Reductil,Sibutramine, caps, 10mg,30,Misc. Agents (Misc. drugs),Abbott (usa)
 Hytrin,Terazosin, tabs, 2mg,28,Alpha Adrenergic Blockers (Cardiovascular drugs),Abbott (usa)
 Forane,Isoflurane, liquid, 250ml,1,General Anaesthetics (CNS agents),Abbott (usa)
 Concavit,Vitamin/mineral Preparation, caps, -,25,Vitamins/minerals (Nutrition and blood agents),Wallace (uk)
 Combutol,Ethambutol, tabs, 800mg,100,Antitubercular Agents (Anti-infectives),Lupin Labs
 Combutol,Ethambutol, tabs, 400mg,100,Antitubercular Agents (Anti-infectives),Lupin Labs
 Ciphene,Clomiphene, tabs, 50mg,30,Antioestrogens (Endocrine system drugs),Metro Pharma
 Clavulin,Amoxicillin/clavulanate, tabs, 625mg,14,Antibacterials: Penicillins (Anti-infectives),Glaxosmithkline (hsa)
 Clavulin,Amoxicillin/clavulanate, syp, 228mg/5ml 70ml,1,Antibacterials: Penicillins (Anti-infectives),Glaxosmithkline (hsa)
 Clarytas,Clarithromycin, tabs, 250mg,30,Antibacterials: Macrolides (Anti-infectives),Intas Exports
 Cisplatin,Cisplatin, inj, 50mg,1,Anticancer/immunosuppressants: Other (Oncology & immunosuppression drugs),Serum Institute
 Cisplatin,Cisplatin, inj, 50mg,1,Anticancer/immunosuppressants: Other (Oncology & immunosuppression drugs),Assia Pharma
 Cisplatin,Cisplatin, inj, 10mg,1,Anticancer/immunosuppressants: Other (Oncology & immunosuppression drugs),Assia Pharma
 Chericof,Cough Syrup, syp, 100ml,1,Antitussives (Respiratory system drugs),Ranbaxy Labs
 Cardivas,Carvedilol, tabs, 25mg,30,Beta-blockers (Cardiovascular drugs),Sun Pharma
 Cardinoretic,Atenolol/bendrofluazide, tabs, 50/12.5mg,30,Beta-blockers (Cardiovascular drugs),Cosmos Ltd
 Canesten,Clotrimazole, spray, 40ml,1,Antifungals (Anti-infectives),Bayer Schering Pharma
 Canesten,Clotrimazole, cream, 20g,1,Antifungals (Anti-infectives),Bayer Consumer
 Canesten,Clotrimazole, pess, 500mg,1,Antifungals (Anti-infectives),Bayer Schering Pharma
 Calcimax,Vitamin/mineral Preparation, syp, 150ml,1,Vitamins/minerals (Nutrition and blood agents),Metro Pharma
 Biospirin,Lysine-acetylsalicylic Acid, inj, 1g,1,Nsaids (Musculoskeletal agents),Bulk
 Biflocin,Amoxicillin/flucloxacillin, caps, 500mg,100,Antibacterials: Penicillins (Anti-infectives),Esseti Farma
 Betason S,Betamethasone/salicylic Acid, oint, 10g,1,Dermatological Agents (Dermatological agents),Phar. Man. Co. (pmc)
 Betagan,Levobunolol, eye drops, 5ml,1,Beta-blockers (Cardiovascular drugs),Allergan Ltd
 Bells Baby Cough,Cough Syrup, syp, 100ml,1,Antitussives (Respiratory system drugs),"Bells, Sons &co"
 Balcon,Baclofen, tabs, 10mg,100,Skeletal Muscle Relaxants (Musculoskeletal agents),Unicure Remedies
 Aspergic,Lysine-acetylsalicylic Acid, inj, 500mg,20,Nsaids (Musculoskeletal agents),Sanofi-aventis
 Aspergic,Lysine-acetylsalicylic Acid, satchet, 500mg,20,Nsaids (Musculoskeletal agents),Sanofi-aventis
 Aspergic,Lysine-acetylsalicylic Acid, satchet, 250mg,20,Nsaids (Musculoskeletal agents),Sanofi-aventis
 Ascodex,Cough Syrup, syp, 100ml,1,Antitussives (Respiratory system drugs),Glenmark Pharma
 Asistovit-m,Vitamin/mineral Preparation, tabs, -,30,Vitamins/minerals (Nutrition and blood agents),Beximco Pharma
 Appevite Forte,Vitamin/mineral Preparation, syp, 100ml,1,Vitamins/minerals (Nutrition and blood agents),Sphinx Pharma
 Appevite Forte,Vitamin/mineral Preparation, syp, 200ml,1,Vitamins/minerals (Nutrition and blood agents),Sphinx Pharma
 Apo-carbamazepine,Carbamazepine, tabs, 200mg,100,Antiepileptics (CNS agents),Apotex (canada)
 Apo-ranitidine,Ranitidine, tabs, 150mg,60,H-2 Receptor Antagonists (Gastrointestinal drugs),Apotex (canada)
 Anusol Hc,Compound Antihaemorrhoidal Preparation, supp, -,12,Misc. Agents (Misc. drugs),Pfizer Cons
 Anugesic Hc,Compound Antihaemorrhoidal Preparation, supp, -,12,Misc. Agents (Misc. drugs),Pfizer Cons
 Anifed Retard,Nifedipine, tabs, 20mg,50,Calcium Channel Blokers (Cardiovascular drugs),Giorgio Zoja
 Anifed,Nifedipine, tabs, 10mg,40,Calcium Channel Blokers (Cardiovascular drugs),Giorgio Zoja
 Alvita,Vitamin/mineral Preparation, syp, 60ml,1,Vitamins/minerals (Nutrition and blood agents),Sphinx Pharma
 Altivite,Vitamin/mineral Preparation, syp, 100ml,1,Vitamins/minerals (Nutrition and blood agents),Sphinx Pharma
 Alsartan H,Losartan/hydrochlorthiazide, tabs, 50/12.5mg,28,Angiotensin Ii Rec. Antagonists (Cardiovascular drugs),Aristo Pharma
 Alaxin,Dihydroartemisinin, susp, 160mg/80ml,1,Antimalarials (Anti-infectives),"Bliss Gvs Pharma, India"
 Akineton,Biperiden, tabs, 2mg,500,Antimuscarinic Drugs (Gastrointestinal drugs),Abbott (usa)
 Turiv 30,Lamivudine/stavudine, tabs, 150/30mg,60,Antiretrovirals (Anti-infectives),Cosmos Ltd
 Venlift Od,Venlafaxine, tabs, 37.5mg,100,Antidepressants: Other (CNS agents),Torrent Ltd
 Vaxapos,Tetrahydrozoline, eye drops, 0.5mg,1,Sympathomimetics (Cardiovascular drugs),Ursapharma
 Xoprim,Pyrimethamine, tabs, 25mg,30,Antimalarials (Anti-infectives),Cosmos Ltd
 Zylo-p,Povidone-iodine, oint, 15g,1,Disinfectants/antiseptics (Misc. drugs),Leben Labs
 Zovanta,Pantoprazole, tabs, 40mg,20,Proton Pump Inhibitors (Gastrointestinal drugs),Dr Reddys Labs
 Zoter,Terfenadine, tabs, 60mg,100,Antihistamines (Respiratory system drugs),Cadila Pharma
 Zolidon,Cefuroxime, syp, 125mg/5ml 50ml,1,Antibacterials: Cephalosporins (Anti-infectives),Cosmos Ltd
 Zerodol,Aceclofenac, tabs, 100mg,30,Nsaids (Musculoskeletal agents),Ipca
 Zarontin,Ethosuximide, syp, 300ml,1,Antiepileptics (CNS agents),Pfizer Global Pharma
 Xyzal,Levocetirizine, syp, 75ml,1,Antihistamines (Respiratory system drugs),Ucb Pharm Sa Pty
 Paracetamol,Paracetamol, syp, 60ml,1,Nsaids (Musculoskeletal agents),Piochem Ltd
 Piobrust,Paracetamol/ibuprofen, susp, 60ml,1,Nsaids (Musculoskeletal agents),Piochem Ltd
 Piobrust,Paracetamol/ibuprofen, susp, 100ml,1,Nsaids (Musculoskeletal agents),Piochem Ltd
 Piogel,Antacid, susp, 200ml,1,Antacids (Gastrointestinal drugs),Piochem Ltd
 Piogel,Antacid, susp, 100ml,1,Antacids (Gastrointestinal drugs),Piochem Ltd
 Vista Timol,Timolol, eye drops, 0.5%,1,Beta-blockers (Cardiovascular drugs),Martindale (uk)
 Viminova Plus,Vitamin/mineral Preparation, tabs, -,30,Vitamins/minerals (Nutrition and blood agents),Scanpharm
 Vaxigrip Ad,Influenza Vaccine, inj, 0.5 ml 1 dose,1,Immunological Agents (Immunological agents),Pasteur Merieux
 Vancocin,Vancomycin, inj, 500mg,1,Glycopeptide Antibiotics (Anti-infectives),Eli Lilly & Co
 Urimylon,Nalidixic Acid, caps, 500mg,56,Antibacterials: Floroquinolones (Anti-infectives),Globe Pharmacy Ltd
 Univir,Acyclovir, cream, 5% 10g,1,Antiviral Agents (Anti-infectives),Universal Cooporation
 Ultop,Pantoprazole, tabs, 40mg,100,Proton Pump Inhibitors (Gastrointestinal drugs),Leben Labs
 Ultop,Pantoprazole, tabs, 20mg,100,Proton Pump Inhibitors (Gastrointestinal drugs),Leben Labs
 Tussitot,Cough Syrup, syp, 100ml,1,Antitussives (Respiratory system drugs),Adcork Ingram
 Tryactin,Antacid, susp, 100ml,1,Antacids (Gastrointestinal drugs),Lab & Allied
 Trufer,Iron Hydroxide/folic Acid, drops, 15ml,1,Haematinics/iron Preparations (Nutrition and blood agents),Ochoa Las (india)
 Trufer,Iron Hydroxide/folic Acid, syp, 150ml,1,Haematinics/iron Preparations (Nutrition and blood agents),Ochoa Las (india)
 Togaplus,Spectinomycin, inj, 2g,1,Antibacterials: Others (Anti-infectives),Harleys Ltd
 Toff Plus,Cold/flu Remedy, caps, -,20,Cold Remedies (Respiratory system drugs),Panacea Biotica
 Symmtrel,Amantadine, tabs, 100mg,56,Dopaminergic Agonists (CNS agents),Allaince Pharma
 Strox,Ciprofloxacin, tabs, 250mg,10,Antibacterials: Floroquinolones (Anti-infectives),Universal Cooporation
 Sporanox,Itraconazole, caps, 100mg,14,Antifungals (Anti-infectives),Janssen-cilag
 Sporanox,Itraconazole, susp, 150ml,1,Antifungals (Anti-infectives),Janssen-cilag
 Spiriva (refill),Tiotropium, inhaler, 30s,1,Antimuscarinic Bronchodilators (Respiratory system drugs),Boehringer Ingelheim
 Spacovin,Drotaverine, tabs, 40mg,100,Antimuscarinic Drugs (Gastrointestinal drugs),M J Biopharm
 Siam,Antacid, susp, 120ml,1,Antacids (Gastrointestinal drugs),Efroze Chemical
 Siam,Antacid, tabs, -,200,Antacids (Gastrointestinal drugs),Efroze Chemical
 Scantihis,Astemizole, tabs, 10mg,24,Antihistamines (Respiratory system drugs),P. T. Tempo
 Sandostatin,Octreotide, inj, 0.05mg/ml,5,Hypothalamic/pituitary Hormones (Endocrine system drugs),Novartis Cons
 Ryniz Promethazine,Carbocisteine/promethazine, syp, 100ml,1,Mucolytics/expectorants (Respiratory system drugs),Bulk
 Ryniz Infant,Carbocisteine, syp, 100ml,1,Mucolytics/expectorants (Respiratory system drugs),Bulk
 Roletra,Loratadine, tabs, 10mg,10,Antihistamines (Respiratory system drugs),Ranbaxy Labs
 Rocephin,Ceftriaxone, inj, 2g iv,1,Antibacterials: Cephalosporins (Anti-infectives),Roche Pdts Ltd
 Rinosol,Beclomethasone, nasal spray, 50mcg/d 200 doses,1,Corticosteroids (Endocrine system drugs),Biospray (sa)
 Restopon,Ranitidine, tabs, 150mg,20,H-2 Receptor Antagonists (Gastrointestinal drugs),Medivet Pdts Ltd
 Repace,Losartan, tabs, 25mg,30,Angiotensin Ii Rec. Antagonists (Cardiovascular drugs),Sun Pharma
 Reme-d,Magnesium Hydroxide, syp, 114ml,1,Antacids (Gastrointestinal drugs),Globe Pharmacy Ltd
 Ranison,Ranitidine, tabs, 150mg,100,H-2 Receptor Antagonists (Gastrointestinal drugs),Jayson Pharma.
 Ranison,Ranitidine, inj, 50mg/2ml,10,H-2 Receptor Antagonists (Gastrointestinal drugs),Jayson Pharma.
 Premil,Repaglinide, tabs, 0.5mg,30,Antidiabetics: Other (Endocrine system drugs),Beximco Pharma
 Povimed Antiseptic,Povidone-iodine, solution, 1lt,1,Disinfectants/antiseptics (Misc. drugs),Medisel
 Povisep,Povidone-iodine, mouth wash, 125ml,1,Disinfectants/antiseptics (Misc. drugs),Jayson Pharma.
 Povisep Antiseptic,Povidone-iodine, solution, 100ml,1,Disinfectants/antiseptics (Misc. drugs),Jayson Pharma.
 Povisep Surgical Scrub,Povidone-iodine, solution, 500ml,1,Disinfectants/antiseptics (Misc. drugs),Jayson Pharma.
 Povisep,Povidone-iodine, cream, 25gm,1,Disinfectants/antiseptics (Misc. drugs),Jayson Pharma.
 Phyllobid,Theophylline, tabs, 300mg,100,Xanthines (Respiratory system drugs),Wockaine (k) Ltd
 Phyllobid,Theophylline, tabs, 200mg,100,Xanthines (Respiratory system drugs),Wockaine (k) Ltd
 Peptica,Antacid, susp, 200ml,1,Antacids (Gastrointestinal drugs),Geno Pharma
 Pelox,Pefloxacin, inj, 400mg/100ml,1,Antibacterials: Floroquinolones (Anti-infectives),Wockhardt Ltd
 Pactadyl,Cough Syrup, syp, 100ml,1,Antitussives (Respiratory system drugs),Elys Chemical
 Pantocid,Pantoprazole, tabs, 20mg,50,Proton Pump Inhibitors (Gastrointestinal drugs),Sun Pharma
 Panorub,Liniment/balm, cream, 45g,1,Dermatological Agents (Dermatological agents),Cosmos Ltd
 Pamifos,Pamidronate, inj, 90mg,1,Biphosphonates (Misc. drugs),Universal Cooporation
 Pamired,Pamidronate, inj, 60mg,1,Biphosphonates (Misc. drugs),Dr Reddys Labs
 Pamired,Pamidronate, inj, 30mg,1,Biphosphonates (Misc. drugs),Dr Reddys Labs
 One A Day Women,Vitamin/mineral Preparation, caps, -,30,Vitamins/minerals (Nutrition and blood agents),Mepha
 Norvir,Ritonavir, caps, 100mg,84,Antiretrovirals (Anti-infectives),Abbott (usa)
 Norflox,Norfloxacin, tabs, 400mg,10,Antibacterials: Floroquinolones (Anti-infectives),Cipla Ltd
 Nise,Nimesulide, gel, 20g,1,Nsaids (Musculoskeletal agents),Dr Reddys Labs
 Nexito,Escitalopram, tabs, 20mg,30,Ssris (CNS agents),Sun Pharma
 Nasotal,Sodium Cromoglycate, spray, 2%,1,Prophylactic Anti-allergens (Respiratory system drugs),Amoun Pharma
 Nafasol,Naproxen (sodium), tabs, 500mg,30,Nsaids (Musculoskeletal agents),Surgilinks Ltd
 Nafasol,Naproxen (sodium), tabs, 250mg,30,Nsaids (Musculoskeletal agents),Surgilinks Ltd
 Mundel,Clopidogrel, tabs, 75mg,30,Antiplatelet Drugs (Cardiovascular drugs),Prism Life Sciences
 Mucohex,Bromhexine, tabs, 8mg,1000,Mucolytics/expectorants (Respiratory system drugs),Biodeal Labds Ltd
 Mexic,Meloxicam, tabs, 15mg,30,Nsaids (Musculoskeletal agents),Prism Life Sciences
 Mexic,Meloxicam, tabs, 7.5mg,30,Nsaids (Musculoskeletal agents),Prism Life Sciences
 Mentholatum Balm,Liniment/balm, oint, 30g,1,Dermatological Agents (Dermatological agents),Metro Pharma
 Menthodex,Cough Syrup, syp, 200ml,1,Antitussives (Respiratory system drugs),"Bells, Sons &co"
 Manix,Herbal Remedy, tabs, -,20,Misc. Agents (Misc. drugs),Wockhardt Ltd
 Lofral,Amlodipine, tabs, 5mg,30,Calcium Channel Blokers (Cardiovascular drugs),Mepha
 Levobact,Levofloxacin, tabs, 500mg,5,Antibacterials: Floroquinolones (Anti-infectives),Micro Exports
 Lenoday,Levofloxacin, tabs, 250mg,1,Antibacterials: Floroquinolones (Anti-infectives),Recon Ltd
 Lamitor,Lamotrigine, tabs, 25mg,30,Antiepileptics (CNS agents),Torrent Ltd
 Lyfe,Oral Rehydration Salts, satchet, -,50,Antidiarrheorals (Gastrointestinal drugs),Lab & Allied
 Lomide,Loperamide, caps, 2mg,6,Antidiarrheorals (Gastrointestinal drugs),Universal Cooporation
 Lokit,Omeprazole, caps, 20mg,100,Proton Pump Inhibitors (Gastrointestinal drugs),Kopran
 Lizolid,Linezolid, inj, 600mg/300ml,1,Antibacterials: Others (Anti-infectives),Glenmark Pharma
 Lipiget,Atorvastatin, tabs, 20mg,10,Statins (Cardiovascular drugs),Getz Pharma Ltd
 Lipitin A,Atorvastatin, tabs, 20mg,30,Statins (Cardiovascular drugs),Flamingo Impex Pvt
 Lipitas,Atorvastatin, tabs, 40mg,10,Statins (Cardiovascular drugs),Intas Exports
 Leflox,Levofloxacin, tabs, 500mg,10,Antibacterials: Floroquinolones (Anti-infectives),Getz Pharma Ltd
 Leflox,Levofloxacin, tabs, 250mg,10,Antibacterials: Floroquinolones (Anti-infectives),Getz Pharma Ltd
 Lariago,Chloroquine, inj, 30ml,1,Antimalarials (Anti-infectives),Ipca
 L-cetrizet,Levocetirizine, tabs, 5mg,30,Antihistamines (Respiratory system drugs),Sun Pharma
 Ketosteril,Vitamin/mineral Preparation, tabs, -,100,Vitamins/minerals (Nutrition and blood agents),Fresenius Kabi
 Ivyzinc,Zinc Sulphate, drops, 10ml,1,Eye/ear/nose Preparations (Eye ENT agents),Ivee Aqua Epz
 Ivycarp,Pilocarpine, eye drops, 2% 5ml,1,Cholinergic Agonists (Respiratory system drugs),Ivee Aqua Epz
 Itranox,Itraconazole, caps, 100mg,4,Antifungals (Anti-infectives),Egyptian Co For Chem & Pharm
 Irinotel,Irinotecan, inj, 100mg/5ml,1,Anticancer/immunosuppressants: Other (Oncology & immunosuppression drugs),Dabur Pharma
 Irinotel,Irinotecan, inj, 40mg/2ml,1,Anticancer/immunosuppressants: Other (Oncology & immunosuppression drugs),Dabur Pharma
 Irek-12,Vitamin/mineral Preparation, caps, -,30,Vitamins/minerals (Nutrition and blood agents),Micro Exports
 Intacycline,Tetracycline, oint, 20g,1,Antibacterials: Tetracyclines (Anti-infectives),Regal Pharma
 Hemvit,Vitamin/mineral Preparation, syp, 200ml,1,Vitamins/minerals (Nutrition and blood agents),Flamingo Impex Pvt
 Gynotocin,Oxytocin, inj, 5 iu,1,Hypothalamic/pituitary Hormones (Endocrine system drugs),Sigma Pharma
 Gvfluc,Fluconazole, caps, 150mg,1,Antifungals (Anti-infectives),"Bliss Gvs Pharma, India"
 Glipistin,Glipizide, tabs, 5mg,30,Sulphonylureas (Endocrine system drugs),Prism Life Sciences
 Glibomet,Glibenclamide/metformin, tabs, 2.5/400mg,40,Sulphonylureas (Endocrine system drugs),Menarini Int
 Getryl,Glimepiride, tabs, 1mg,20,Sulphonylureas (Endocrine system drugs),Getz Pharma Ltd
 Gesicaine,Lignocaine/adrenaline, inj, 30ml,1,Local Anaesthetics (Musculoskeletal agents),Sarabhai (india)
 Gelusil,Antacid, tabs, -,96,Antacids (Gastrointestinal drugs),Pfizer Cons
 Fungistat,Miconazole, cream, 20g,1,Antifungals (Anti-infectives),Elys Chemical
 Flugram,Ciprofloxacin, tabs, 500mg,1,Antibacterials: Floroquinolones (Anti-infectives),Usv Ltd (india)
 Fresubin Hp,Vitamin/mineral Preparation, liquid, 500ml,1,Vitamins/minerals (Nutrition and blood agents),Fresenius Kabi
 Fosenema,Enema, liquid, 150ml,1,Misc. Agents (Misc. drugs),Surgilinks Ltd
 Flutrox,Fluconazole, caps, 200mg,10,Antifungals (Anti-infectives),Universal Cooporation
 Flutrox,Fluconazole, caps, 150mg,1,Antifungals (Anti-infectives),Universal Cooporation
 Fludecan,Fluphenazine, inj, 5mg/ml,5,Antipsychotics (CNS agents),Sigma Pharma
 Flucovance,Glibenclamide/metformin, tabs, 1.25/250mg,1,Sulphonylureas (Endocrine system drugs),Merck (india)
 Flucoric,Fluconazole, caps, 150mg,10,Antifungals (Anti-infectives),Ranbaxy Labs
 Flucold,Cold/flu Remedy, caps, -,10,Cold Remedies (Respiratory system drugs),Cosmos Ltd
 Flamon,Verapamil, tabs, 120mg,30,Antiarrythmic Drugs (Cardiovascular drugs),Mepha
 Flamon,Verapamil, tabs, 80mg,20,Antiarrythmic Drugs (Cardiovascular drugs),Mepha
 Flamodip,Amlodipine, tabs, 10mg,30,Calcium Channel Blokers (Cardiovascular drugs),Flamingo Impex Pvt
 Ferinova,Iron/haematinic Preparation, drops, 10ml,1,Haematinics/iron Preparations (Nutrition and blood agents),Lupin Labs
 Ferinova,Iron/haematinic Preparation, caps, -,100,Haematinics/iron Preparations (Nutrition and blood agents),Lupin Labs
 Femix For Women,Herbal Remedy, caps, -,20,Misc. Agents (Misc. drugs),Wockhardt Ltd
 Exebute,Butenafine, cream, 15g,1,Antifungals (Anti-infectives),Ochoa Las (india)
 Estovon,Vitamin/mineral Preparation, caps, -,30,Vitamins/minerals (Nutrition and blood agents),Geltec Private Pvt (banner Pharma)
 Elyvate G,Betamethasone/gentamicin, cream, 15g,1,Dermatological Agents (Dermatological agents),Elys Chemical
 Ebastel,Ebastine, syp, 5mg/5ml 120ml,1,Antihistamines (Respiratory system drugs),Almirall Prodes
 Earex,Almond Oil/camphor Oil/arachis Oil, ear drops, 15ml,1,Misc. Agents (Misc. drugs),Simco Ltd
 Disogel,Antacid, tabs, -,100,Antacids (Gastrointestinal drugs),Concept Pharmaceuticals
 Diabetone,Vitamin/mineral Preparation, caps, -,30,Vitamins/minerals (Nutrition and blood agents),Vitabiotics
 Dermogen,Gentamicin, cream, 15g,1,Antibacterials: Aminoglycoside (Anti-infectives),"Xepa-soul, Malaysia"
 Dentogel,(n/a), gel, 10g,1,Misc. Agents (Misc. drugs),Indoco Remedies
 Daxotel,Docetaxel, inj, 80mg,1,Anticancer/immunosuppressants: Other (Oncology & immunosuppression drugs),Dabur Pharma
 Daxotel,Docetaxel, inj, 20mg,1,Anticancer/immunosuppressants: Other (Oncology & immunosuppression drugs),Dabur Pharma
 Cristovin,Vincristine, inj, 1mg,1,Anticancer/immunosuppressants: Other (Oncology & immunosuppression drugs),Teva (israel)
 Coviro-ls,Lamivudine/stavudine, tabs, 150/40mg,1,Antiretrovirals (Anti-infectives),Ranbaxy Labs
 Cosvate,Clobetasol, cream, 15g,1,Dermatological Agents (Dermatological agents),Cosme Pharma
 Cosmiclox,Ampicillin/cloxacillin, drops, 10ml,1,Antibacterials: Penicillins (Anti-infectives),Cosmos Ltd
 Cosmag,Antacid, tabs, -,20,Antacids (Gastrointestinal drugs),Cosmos Ltd
 Corsodyl,Chlorhexidine, mouth wash, 300ml,1,Disinfectants/antiseptics (Misc. drugs),Metro Pharma
 Coliza,Simethicone, drops, 40mg/5ml 15ml,1,Antacids (Gastrointestinal drugs),Coral India (dwd)
 Colchicine,Colchicine, tabs, 5000mcg,100,Antigout Agents (Musculoskeletal agents),Metro Pharma
 Cofex,Cough Syrup, syp, 100ml,1,Antitussives (Respiratory system drugs),Neema Pharmacy
 Cofex,Cough Expectorant, syp, 100ml,1,Mucolytics/expectorants (Respiratory system drugs),Neema Pharmacy
 Clomitrop,Clomiphene, tabs, 50mg,50,Antioestrogens (Endocrine system drugs),Europa Healthcare
 Ciplar 40,Propranolol, tabs, 40mg,1000,Beta-blockers (Cardiovascular drugs),Cipla Ltd
 Ciloprine C,Ciprofloxacin, ear drops, 12ml,1,Antibacterials: Floroquinolones (Anti-infectives),Janssen-cilag
 Chaleate,Chlorpheniramine, syp, 100ml,1,Antihistamines (Respiratory system drugs),Lab & Allied
 Cezolin,Cefazolin, inj, 500mg,1,Antibacterials: Cephalosporins (Anti-infectives),Lupin Labs
 Cezolin,Cefazolin, inj, 250mg,1,Antibacterials: Cephalosporins (Anti-infectives),Lupin Labs
 Cetiran,Cetirizine, tabs, 10mg,100,Antihistamines (Respiratory system drugs),Li Taka Pharma.
 Cetin,Loratadine, tabs, 10mg,10,Antihistamines (Respiratory system drugs),Zest Pharma
 Cercef,Cephalexin, syp, 250mg/5ml,1,Antibacterials: Cephalosporins (Anti-infectives),Ranbaxy Labs
 Cefadrox,Cefadroxil, caps, 500mg,20,Antibacterials: Cephalosporins (Anti-infectives),Europa Healthcare
 Carvas,Carvedilol, tabs, 12.5mg,100,Beta-blockers (Cardiovascular drugs),Medley Pharma
 Mint,Calcium Carbonate, tabs w+p, 750mg,30,Antacids (Gastrointestinal drugs),Lederle
 Calcitrol,Vitamin D, tabs, 0.25mg,30,Vitamins/minerals (Nutrition and blood agents),Surgipharm
 Calmpose,Diazepam, tabs w+p, 5mg,1,Anxiolytics/sedatives/hypnotics/neuroleptics (CNS agents),Ranbaxy Labs
 Cadicoff,Cough Syrup, syp, 60ml,1,Antitussives (Respiratory system drugs),Cadila Pharma
 Bromocryptine,Bromocriptine, tabs, 2.5mg,30,Dopaminergic Agonists (CNS agents),Norton
 Biovit,Vitamin/mineral Preparation, powder, 200g,1,Vitamins/minerals (Nutrition and blood agents),Teva (israel)
 Atorcip Ez,Atorvastatin/ezetimibe, tabs, 10/10 mg,30,Statins (Cardiovascular drugs),Cipla Ltd
 Atenova,Atenolol, tabs, 100mg,140,Beta-blockers (Cardiovascular drugs),Lupin Labs
 Atenova,Atenolol, tabs, 50mg,140,Beta-blockers (Cardiovascular drugs),Lupin Labs
 Atcocee,Vitamin C, tabs, 500mg,40,Vitamins/minerals (Nutrition and blood agents),Atco Labs
 Arsunate Denk,Artesunate, tabs, 200mg,6,Antimalarials (Anti-infectives),Denk Pharma
 Aquarius,Ketoconazole, tabs, 200mg,10,Antifungals (Anti-infectives),Demo (greece)
 Aptizoom,Herbal Remedy, syp, 200ml,1,Misc. Agents (Misc. drugs),Charak
 Aprim,Trimethorpim/sulphamethoxazole, susp, -,1,Antibacterials: Co-trimoxazoles (Anti-infectives),Elys Chemical
 Apigesic,Apc, tabs, -,1,Nsaids (Musculoskeletal agents),Cosmos Ltd
 Apcosule,Herbal Remedy, caps, -,1,Misc. Agents (Misc. drugs),Ajanta Pharma Ltd
 Apaurin,Diazepam, tabs, 5mg,1000,Anxiolytics/sedatives/hypnotics/neuroleptics (CNS agents),Beta Healthcare
 Anxol,Diazepam, tabs, 5mg,100,Anxiolytics/sedatives/hypnotics/neuroleptics (CNS agents),Sigma Pharma
 Antiflam,Diclofenac, tabs, 50mg,,Nsaids (Musculoskeletal agents),T3a Pharma
 Antarth,Herbal Remedy, caps, -,30,Misc. Agents (Misc. drugs),C. Mehta & Co
 Anteovin,Ethinylestradiol/levonorgesttrel, tabs, 0.05/0.05mg,1,Oestrogens (Endocrine system drugs),Gedeon-richter
 Anodesyn,Compound Antihaemorrhoidal Preparation, supp, -,12,Misc. Agents (Misc. drugs),Metro Pharma
 Anodesyn,Compound Antihaemorrhoidal Preparation, oint, 25g,1,Misc. Agents (Misc. drugs),Seton (uk)
 Angpen,Amoxicillin/clavulanate, tabs, 375mg,30,Antibacterials: Penicillins (Anti-infectives),-
 Angital,Trimetazidine, tabs, 50mg,30,Misc. Agents (Misc. drugs),Harleys Ltd
 Anadin,(n/a), tabs, -,20,Misc. Agents (Misc. drugs),Metro Pharma
 Anerderm Pile,(n/a), oint, -,1,Misc. Agents (Misc. drugs),-
 Androcur,Cyproterone, tabs, 50mg,20,Antiandrogens (Endocrine system drugs),Bayer Schering Pharma.
 Amodacal,Amlodipine, tabs, 5mg,50,Calcium Channel Blokers (Cardiovascular drugs),Beximco Pharma
 Amlosafe,Amlodipine, tabs, 10mg,30,Calcium Channel Blokers (Cardiovascular drugs),Aristo Pharma
 Amlosafe,Amlodipine, tabs, 5mg,30,Calcium Channel Blokers (Cardiovascular drugs),Aristo Pharma
 Amdip,Amlodipine, tabs, 10mg,30,Calcium Channel Blokers (Cardiovascular drugs),Aegis Ltd
 Amdip,Amlodipine, tabs, 5mg,30,Calcium Channel Blokers (Cardiovascular drugs),Aegis Ltd
 Alugel,Antacid, susp, 100ml,1,Antacids (Gastrointestinal drugs),Elys Chemical
 Althrocin,Erythromycin, tabs, 250mg,100,Antibacterials: Macrolides (Anti-infectives),Europa Healthcare
 Altacef,Cefuroxime, tabs, 250mg,50,Antibacterials: Cephalosporins (Anti-infectives),Glenmark Pharma
 Allerzine,Levocetirizine, tabs, 5mg,100,Antihistamines (Respiratory system drugs),Jenburkt Pharma
 Adiflam Plus,Paracetamol/ibuprofen, tabs, 500/400mg,100,Nsaids (Musculoskeletal agents),Leben Labs
 Cezen,Cetirizine, tabs, 10mg,10,Antihistamines (Respiratory system drugs),Metro Pharma
 Caral-5,Carbimazole, tabs, 5mg,10,Antithyroid Drugs (Endocrine system drugs),Unique Pharma
 Caustic Pencil,Silver Nitrate, stick, 95%,1,Dermatological Agents (Dermatological agents),Metro Pharma
 Caustic Pencil,Silver Nitrate, stick, 40%,1,Dermatological Agents (Dermatological agents),Metro Pharma
 Babygesic,Paracetamol, drops, 15ml,1,Nsaids (Musculoskeletal agents),Metro Pharma
 Kidicare,Vitamin/mineral Preparation, syp, 200ml,1,Vitamins/minerals (Nutrition and blood agents),Metro Pharma
 Mim Drops,Vitamin/mineral Preparation, drops, 30ml,1,Vitamins/minerals (Nutrition and blood agents),Meyer Organics
 Colic Aid,Colic Remedy, drops, 15ml,1,Misc. Agents (Misc. drugs),Metro Pharma
 Azimet,Azithromycin, tabs, 500mg,3,Antibacterials: Macrolides (Anti-infectives),Unicure Remedies
 Aleze,Allopurinol, tabs, 300mg,30,Antigout Agents (Musculoskeletal agents),Unicure Remedies
 Aleze,Allopurinol, tabs, 100mg,30,Antigout Agents (Musculoskeletal agents),Unicure Remedies
 Azioprin,Azathioprine, tabs, 50mg,60,Anticancer/immunosuppressants: Other (Oncology & immunosuppression drugs),Unicure Remedies
 Azzir,Acyclovir, tabs, 200mg,30,Antiviral Agents (Anti-infectives),Metro Pharma
 Charcoal (activated),Charcoal, tabs, -,100,Chelating Agents/antidotes (Misc. drugs),Metro Pharma
 Butocin,Oxytocin, inj, 20 units,1,Hypothalamic/pituitary Hormones (Endocrine system drugs),Chanelle
 Bromex,Bromhexine, tabs, 8mg,1,Mucolytics/expectorants (Respiratory system drugs),Southshourne Coop
 Biotrexate,Methotrexate, inj, 50mg,1,Anticancer/immunosuppressants: Other (Oncology & immunosuppression drugs),Biochem (india)
 Betasyl,Betamethasone/salicylic Acid, oint, -,1,Dermatological Agents (Dermatological agents),Lab & Allied
 Beta-opthaiole,Metoprolol, eye drops, 0.5%,1,Beta-blockers (Cardiovascular drugs),-
 Befin,Sulfamethoxypyrazine/pyrimethamine, tabs, 500/25,1,Antimalarials (Anti-infectives),Bombay Tab
 Beclazone,Beclomethasone, inhaler, 50mcg,1,Corticosteroids (Endocrine system drugs),Norton
 Bambec,Bambuterol, tabs, 10mg,1,Selective Beta-2 Agonists (Respiratory system drugs),Astrazeneca
 Bactoclav,Amoxicillin/clavulanate, tabs, 375mg,20,Antibacterials: Penicillins (Anti-infectives),Micro Exports
 Bactinor,Norfloxacin, tabs, 400mg,1,Antibacterials: Floroquinolones (Anti-infectives),Sun Pharma
 Bactigen,Gentamicin, e/e drops, 0.3% 5ml,1,Antibacterials: Aminoglycoside (Anti-infectives),Fdc Ltd (india)
 Bactifenin,Trimethorpim/sulphamethoxazole, tabs, 480mg,1,Antibacterials: Co-trimoxazoles (Anti-infectives),Tablets India Ltd
 Axelan,Minoxidil, solution, 50mg 60ml,1,Vasodilators (Cardiovascular drugs),Proel Pharma
 Avostav,Stavudine, caps, 30mg,1,Antiretrovirals (Anti-infectives),Ranbaxy Labs
 Avolam,Lamivudine, tabs, 150mg,1,Antiretrovirals (Anti-infectives),Ranbaxy Labs
 Avocomb,Lamivudine/zidovudine, tabs, 150/300mg,1,Antiretrovirals (Anti-infectives),Ranbaxy Labs
 Aviro-z,Zidovudine, tabs, 300mg,1,Antiretrovirals (Anti-infectives),Ranbaxy Labs
 Aviranz,Efavirenz, tabs, 600mg,1,Antiretrovirals (Anti-infectives),Ranbaxy Labs
 Avastin,Bevacizumab, inj, 100mg,1,Anticancer/immunosuppressants: Other (Oncology & immunosuppression drugs),Roche Pdts Ltd
 Atocor,Atorvastatin, tabs, 20mg,10,Statins (Cardiovascular drugs),Dr Reddys Labs
 Astanol,Theophylline/ephedrine, tabs, 118/11mg,1,Xanthines (Respiratory system drugs),Flamingo Impex Pvt
 Arcafen,Clomiphene, tabs, 50mg-,10,Antioestrogens (Endocrine system drugs),Arcana
 Aramine,Metaraminol, inj, 10mg/ml,1,Sympathomimetics (Cardiovascular drugs),Merck Sharpe
 Aquarius,Ketoconazole, shampoo, 2%,1,Antifungals (Anti-infectives),Demo (greece)
 Apresin,Fluphenazine/nortryptiline, tabs, 0.5/10mg,100,Antipsychotics (CNS agents),Beximco Pharma
 Antidep,Imipramine, tabs, 1omg,1,Tricyclic Or Related Antidepressants (CNS agents),Torrent Ltd
 Amoquine,Amodiaquine, tabs, 200mg,1000,Antimalarials (Anti-infectives),Medreich Sterilab
 Amlovas,Amlodipine, tabs, 5mg,30,Calcium Channel Blokers (Cardiovascular drugs),Macleods Pharma
 Amlopin,Amlodipine, tabs, 5mg,30,Calcium Channel Blokers (Cardiovascular drugs),Usv Ltd (india)
 Amlo-10,Amlodipine, tabs, 10mg,50,Calcium Channel Blokers (Cardiovascular drugs),Orchid Healthcare
 Amiline,Amitriptyline, tabs, 10mg,1,Tricyclic Or Related Antidepressants (CNS agents),Torrent Ltd
 Alredase,Tolrestat, caps, 200mg,1,Misc. Agents (Misc. drugs),Wyeth Sa
 Alprazol,Lansoprazole, caps, 30mg,1,Proton Pump Inhibitors (Gastrointestinal drugs),Bilim (turkey)
 Algesin,Lignocaine/phenylbutazone, inj, -,1,Local Anaesthetics (Musculoskeletal agents),Alembic
 Algaphan,Paracetamol/propoxyphene, tabs, 325/32.5mg,100,Nsaids (Musculoskeletal agents),Efroze Chemical
 Alfen,Ibuprofen, tabs, 200mg,1,Nsaids (Musculoskeletal agents),Alkem Labs
 Alerid,Cetirizine, syp, 30ml,1,Antihistamines (Respiratory system drugs),Cipla Ltd
 Aldezol,Metronidazole, inj, 500mg,1,Antiprozoal Agents (Anti-infectives),Albert David Ltd
 Aldara,Imiquimod, cream, 12.5g,1,Dermatological Agents (Dermatological agents),Inova Pharma (3m)
 Albucid,Sulphacetamide, eye drops, 30%,1,Antibacterials: Others (Anti-infectives),Nicholas Piramal
 Albucid,Sulphacetamide, eye drops, 20%,1,Antibacterials: Others (Anti-infectives),Nicholas Piramal
 Albax,Albendazole, susp, 200mg,1,Anthelmintics (Anti-infectives),Sphinx Pharma
 Akamon,Bromazepam, tabs, 3mg,1,Anxiolytics/sedatives/hypnotics/neuroleptics (CNS agents),Medochemie
 Agenerase,Amprenavir, caps, 150mg,60,Antiretrovirals (Anti-infectives),Glaxosmithkline Pharma
 Aflagesic,Ibuprofen, tabs, 400mg,1,Nsaids (Musculoskeletal agents),Dominion Chemical Industries
 Advocin,Danofloxacin, inj, 250mg,1,Antibacterials: Floroquinolones (Anti-infectives),Pfizer Global Pharma
 Advil Paed,Ibuprofen, susp, -,1,Nsaids (Musculoskeletal agents),Wyeth Consumer
 Advantac,Famotidine, tabs, 40mg,1,H-2 Receptor Antagonists (Gastrointestinal drugs),Win-medicare (india)
 Advantac,Famotidine, tabs, 20mg,1,H-2 Receptor Antagonists (Gastrointestinal drugs),Win-medicare (india)
 Adrenacaine,Lignocaine/adrenaline, inj, 36mg/225mcg,1,Local Anaesthetics (Musculoskeletal agents),Lab & Allied
 Adfen,Ibuprofen, tabs, 200mg,1,Nsaids (Musculoskeletal agents),Adcork Ingram
 Actonorm,Antacid, gel, 200ml,1,Antacids (Gastrointestinal drugs),Wallace (uk)
 Acnesol,Tretinion, cream, 25g,1,Dermatological Agents (Dermatological agents),Universal Cooporation
 Aclox,Cloxacillin, caps, 250mg,1,Antibacterials: Penicillins (Anti-infectives),-
 Acil,Benzyl Benzoate, liquid, 30%,1,Parasiticidals (Anti-infectives),Didy Pharma
 Aci-gel,Acetic Acid, gel, 0.9%,1,Disinfectants/antiseptics (Misc. drugs),Janssen-cilag
 Acetazolamide,Acetazolamide, tabs, 250mg,1,Carbonic Anhydrase Inhibitors (Cardiovascular drugs),Lab & Allied
 Acem,Clarithromycin, tabs, 500mg,10,Antibacterials: Macrolides (Anti-infectives),Sai Pharma
 Ace,Paracetamol, tabs, 500mg,500,Nsaids (Musculoskeletal agents),Square Pharmaceuticals
 Accuretic,Quinapril/hydrochlorthiazide, tabs, 20/12.5,30,Ace Inhibitors (Cardiovascular drugs),Pfizer Global Pharma
 Accupril,Quinapril, tabs, 10mg,30,Ace Inhibitors (Cardiovascular drugs),Pfizer Global Pharma
 Accuretic,Quinapril/hydrochlorthiazide, tabs, 10/12.5,30,Ace Inhibitors (Cardiovascular drugs),Pfizer Global Pharma
 Accupril,Quinapril, tabs, 20mg,30,Ace Inhibitors (Cardiovascular drugs),Pfizer Global Pharma
 Acamol,Paracetamol, tabs, 500mg,1000,Nsaids (Musculoskeletal agents),Ikapharm Ltd
 Abezole,Albendazole, susp, 2.5%,1,Anthelmintics (Anti-infectives),Biodeal Labds Ltd
 Ziak,Bisoprolol/hydrochlothiazide, tabs, 5/6.25mg,30,Beta-blockers (Cardiovascular drugs),Inova Pharma (3m)
 Ventab Xl,Venlafaxine, tabs, 75mg,30,Antidepressants: Other (CNS agents),Intas Exports
 Venegra,Sildenafil, tabs, 50mg,8,"Erectile Dysfunction Agents (Urinary, Obstetrics and Gynaecological agents)",Harleys Ltd
 Vega,Sildenafil, tabs, 50mg,4,"Erectile Dysfunction Agents (Urinary, Obstetrics and Gynaecological agents)",-
 Tylenol Night,Paracetamol/dimenhydrinate, tabs, 500/25mg,20,Cold Remedies (Respiratory system drugs),Janssen-cilag
 Tylenol Extended,Paracetamol, tabs, 650mg,24,Nsaids (Musculoskeletal agents),Janssen-cilag
 Zenad,Terfenadine, tabs, 60mg,100,Antihistamines (Respiratory system drugs),Dabur Pharma
 Stud,(n/a), spray, 12g,1,Misc. Agents (Misc. drugs),Globe Pharmacy Ltd
 Pretin,Loratadine, tabs, 10mg,100,Antihistamines (Respiratory system drugs),Beximco Pharma
 Podosal,Podophyllin, oint, 10mg,1,Dermatological Agents (Dermatological agents),Biodeal Labds Ltd
 Paradizo,Herbal Remedy, cream, 15g,1,Misc. Agents (Misc. drugs),Lords Healthcare
 Paradizo,Herbal Remedy, caps, -,15,Misc. Agents (Misc. drugs),Lords Healthcare
 Osteofos,Alendronate, tabs, 10mg,10,Biphosphonates (Misc. drugs),Cipla Ltd
 Oncomide,Cyclophosphamide, inj, 1g,1,Alkylating Cytotoxic Drugs (Oncology & immunosuppression drugs),Khandelwal Lab
 Oncomide,Cyclophosphamide, inj, 500g,1,Alkylating Cytotoxic Drugs (Oncology & immunosuppression drugs),Khandelwal Lab
 Olit,Omeprazole, caps, 20mg,30,Proton Pump Inhibitors (Gastrointestinal drugs),Cadila Pharma
 Oilatum Emmolient,Liquid Paraffin, lotion, 250ml,1,Misc. Agents (Misc. drugs),Glaxosmithkline (hsa)
 Oilatum,Liquid Paraffin, cream, 150gm,1,Misc. Agents (Misc. drugs),Glaxosmithkline Pharma
 Nexito,Escitalopram, tabs, 5mg,30,Ssris (CNS agents),Sun Pharma
 Nexito,Escitalopram, tabs, 10mg,30,Ssris (CNS agents),Sun Pharma
 Hirudoid,Heparinoids, cream, 14gm,1,Anticoagulants (Cardiovascular drugs),Cosme Pharma
 Gopten,Trandolapril, tabs, 2mg,30,Ace Inhibitors (Cardiovascular drugs),Abbott (usa)
 Gopten,Trandolapril, tabs, 0.5mg,30,Ace Inhibitors (Cardiovascular drugs),Abbott (usa)
 Urogesic,Naproxen (sodium), tabs, 500mg,100,Nsaids (Musculoskeletal agents),-
 Mypaid,Paracetamol/ibuprofen, tabs, 250/200mg,30,Nsaids (Musculoskeletal agents),-
 Mck E,Etamsylate, caps, 500mg,20,Haemostatics/antifibrinlytics (Nutrition and blood agents),-
 Lockit,Domperidone, tabs, 10mg,20,Antiemetics (Gastrointestinal drugs),Universal Cooporation
 Linsec,Cefazolin, inj, 1g,1,Antibacterials: Cephalosporins (Anti-infectives),Orchid Healthcare
 Larimal,Artesunate/amodiaquine, tabs, 50/200mg,24,Antimalarials (Anti-infectives),Ipca
 Lanop,Lansoprazole, caps, 30mg,14,Proton Pump Inhibitors (Gastrointestinal drugs),West-coast Int
 Laefin,Sulfamethoxypyrazine/pyrimethamine, tabs, 500/25mg,2,Antimalarials (Anti-infectives),Lab & Allied
 Glucovance,Glibenclamide/metformin, tabs, 5/500mg,60,Sulphonylureas (Endocrine system drugs),Medley Pharma
 Glitas,Pioglitazole, tabs, 30mg,30,Antidiabetics: Other (Endocrine system drugs),Intas Exports
 Glitas,Pioglitazole, tabs, 15mg,30,Antidiabetics: Other (Endocrine system drugs),Intas Exports
 Regulip,Gemfibrozil, tabs, 300mg,10,Fibrates (Cardiovascular drugs),Amoun Pharma
 Fumeron,Indapamide, tabs, 2.5mg,30,Thiazide And Related Diuretics (Cardiovascular drugs),-
 Fluzon,Fluconazole, caps, 200mg,2,Antifungals (Anti-infectives),Cadila Pharma
 Fluzon,Fluconazole, caps, 150mg,2,Antifungals (Anti-infectives),Cadila Pharma
 Zon,Fluconazole, inj, 200mg 100ml,1,Antifungals (Anti-infectives),-
 Domperon,Domperidone, syp, 30ml,1,Antiemetics (Gastrointestinal drugs),Cadila Pharma
 Dipolip,Atorvastatin, tabs, 20mg,100,Statins (Cardiovascular drugs),Win-medicare (india)
 Dipolip,Atorvastatin, tabs, 10mg,100,Statins (Cardiovascular drugs),Win-medicare (india)
 Deptine,Fluoxetine, caps, 20mg,14,Ssris (CNS agents),Universal Cooporation
 Dendrid,Idoxuridine, drops, 15ml,1,Antiviral Agents (Anti-infectives),Alcon Pharma
 Delay Tiazem,Diltiazem, tabs, 120mg,10,Vasodilators (Cardiovascular drugs),Amoun Pharma
 Cytotec,Misoprostol, tabs, 200mcg,28,Prostagladins & Analogues (Misc. drugs),Pfizer-pharmacia
 Cusi Atropine,Atropine, eye drops, 0.5% 10ml,1,Antimuscarinic Drugs (Gastrointestinal drugs),Cusi Alcon (spain)
 Cusi Atropine,Atropine, eye drops, 1% 10ml,1,Antimuscarinic Drugs (Gastrointestinal drugs),Cusi Alcon (spain)
 Curisafe,Cefadroxil, syp, 250mg/5ml 60ml,1,Antibacterials: Cephalosporins (Anti-infectives),Pharco Pharmaceuticals
 Curisafe,Cefadroxil, syp, 125mg/5ml 60ml,1,Antibacterials: Cephalosporins (Anti-infectives),Pharco Pharmaceuticals
 Curisafe,Cefadroxil, caps, 500mg,8,Antibacterials: Cephalosporins (Anti-infectives),Pharco Pharmaceuticals
 Concor,Bisoprolol, tabs, 5mg,30,Beta-blockers (Cardiovascular drugs),Merck (india)
 Concor,Bisoprolol, tabs, 10mg,30,Beta-blockers (Cardiovascular drugs),Merck (india)
 Conaz,Ketoconazole, tabs, 200 mg,100,Antifungals (Anti-infectives),Atco Labs
 Clopicip,Clopidogrel, tabs, 75mg,30,Antiplatelet Drugs (Cardiovascular drugs),Cipla Ltd
 Claforan,Cefotaxime, inj, 1g,1,Antibacterials: Cephalosporins (Anti-infectives),Metro Pharma
 Cipran,Ciprofloxacin, tabs, 500mg,20,Antibacterials: Floroquinolones (Anti-infectives),-
 Cexil,Cefadroxil, syp, 125mg/5ml 100ml,1,Antibacterials: Cephalosporins (Anti-infectives),Leben Labs
 Cetavlex,Cetrimide, cream, 50g,1,Disinfectants/antiseptics (Misc. drugs),Bioglan Labs
 Celbexx,Celecoxib, tabs, 200mg,20,Nsaids (Musculoskeletal agents),Getz Pharma Ltd
 Celbexx,Celecoxib, tabs, 100mg,20,Nsaids (Musculoskeletal agents),Getz Pharma Ltd
 Ross,Ceftriaxone, inj, 1g,1,Antibacterials: Cephalosporins (Anti-infectives),Elsad Pharma
 Botaderm,Ketoconazole, tabs, 10mg,10,Antifungals (Anti-infectives),Madawa Pharma.
 Betakelfin,Sulfamethoxypyrazine/pyrimethamine, tabs, 500/25mg,2,Antimalarials (Anti-infectives),Southshourne Coop
 Astem,Astemizole, tabs, 10mg,30,Antihistamines (Respiratory system drugs),Intas Exports
 Asmaliv,Salbutamol, tabs, 2mg,1000,Selective Beta-2 Agonists (Respiratory system drugs),"Xepa-soul, Malaysia"
 Artexin,Dihydroartemisinin, syp, 80ml,1,Antimalarials (Anti-infectives),Sphinx Pharma
 Anticox Ii,Meloxicam, tabs, 15mg,10,Nsaids (Musculoskeletal agents),Egyptian Co For Chem & Pharm
 Anticox Ii,Meloxicam, tabs, 7.5mg,10,Nsaids (Musculoskeletal agents),Egyptian Co For Chem & Pharm
 Anginal,Isosorbide Dinitrate, tabs, 10mg,100,Vasodilators (Cardiovascular drugs),West-coast Int
 Andolex C,Antiseptic Mouth Wash, mouth wash, 200ml,1,Disinfectants/antiseptics (Misc. drugs),Inova Pharma (3m)
 Amonate Adult,Artesunate/amodiaquine, tabs, 100/306.2 mg,6,Antimalarials (Anti-infectives),Dafra Pharma
 Amlosun,Amlodipine, tabs, 5mg,30,Calcium Channel Blokers (Cardiovascular drugs),Sun Pharma
 Alfacalcidol,Vitamin D, drops, 20ml,1,Vitamins/minerals (Nutrition and blood agents),Metro Pharma
 Aciran,Ranitidine, effe. tabs, 150mg,4,H-2 Receptor Antagonists (Gastrointestinal drugs),-
 Tear-rid,Zinc Sulphate, eye drops, 0.25% 10ml,1,Eye/ear/nose Preparations (Eye ENT agents),Macs Pharmaceuticals
 Tropin,Atropine, eye drops, 5ml,1,Antimuscarinic Drugs (Gastrointestinal drugs),Macs Pharmaceuticals
 Whitfields,Benzoic Acid/salicylic Acid, oint, 25g,1,Dermatological Agents (Dermatological agents),Macs Pharmaceuticals
 Pyodine,Povidone-iodine, powder, 4% 10g,1,Disinfectants/antiseptics (Misc. drugs),Macs Pharmaceuticals
 Miconex,Miconazole, cream, 2% 15g,1,Antifungals (Anti-infectives),Macs Pharmaceuticals
 Calamine,Calamine, lotion, 60ml,1,Dermatological Agents (Dermatological agents),Macs Pharmaceuticals
 Glucozed,Metformin, tabs, 500mg,30,Antidiabetics:biguanides (Endocrine system drugs),Macs Pharmaceuticals
 Glibenil,Glibenclamide, tabs, 5mg,28,Sulphonylureas (Endocrine system drugs),Macs Pharmaceuticals
 Fulvin,Griseofulvin, tabs, 125mg,1000,Antifungals (Anti-infectives),Macs Pharmaceuticals
 Fulvin,Griseofulvin, tabs, 500mg,100,Antifungals (Anti-infectives),Macs Pharmaceuticals
 Ephedrine,Ephedrine, tabs, 30mg,1000,Sympathomimetics (Cardiovascular drugs),Macs Pharmaceuticals
 Diarid,Attapulgite/al(oh)3, tabs, 300/100mg,100,Antidiarrheorals (Gastrointestinal drugs),Macs Pharmaceuticals
 Dexamethasone,Dexamethasone, tabs, 500mcg,500,Corticosteroids (Endocrine system drugs),Macs Pharmaceuticals
 Deprid,Amitriptyline, tabs, 25mg,1000,Tricyclic Or Related Antidepressants (CNS agents),Macs Pharmaceuticals
 Cofrid,Cold/flu Remedy, tabs, -,100,Cold Remedies (Respiratory system drugs),Macs Pharmaceuticals
 Calcium Lactate,Calcium Lactate, tabs, 300mg,1000,Vitamins/minerals (Nutrition and blood agents),Macs Pharmaceuticals
 Maxipen,Procaine Penicillin, inj, 10ml,1,Antibacterials: Penicillins (Anti-infectives),Macs Pharmaceuticals
 Maxicort,Hydrocortisone, inj, 100mg,1,Corticosteroids (Endocrine system drugs),Macs Pharmaceuticals
 Longacillin,Benzathine Penicillin, inj, 2.4mu,1,Antibacterials: Penicillins (Anti-infectives),Macs Pharmaceuticals
 Lignocaine/adrenaline,Lignocaine/adrenaline, inj, 30ml,1,Local Anaesthetics (Musculoskeletal agents),Macs Pharmaceuticals
 Lignocaine,Lignocaine, inj, 2% 30ml,1,Local Anaesthetics (Musculoskeletal agents),Macs Pharmaceuticals
 Kanamax,Kanamycin, inj, 1g,1,Antibacterials: Aminoglycoside (Anti-infectives),Macs Pharmaceuticals
 Ergometrine,Ergometrine, inj, 500mcg/ml,1,Ergot Alkaloids (CNS agents),Macs Pharmaceuticals
 Epazine,Diazepam, inj, 2mg/ml,1,Anxiolytics/sedatives/hypnotics/neuroleptics (CNS agents),Macs Pharmaceuticals
 Penicillin G,Benzylpenicillin, inj, 1mu,1,Antibacterials: Penicillins (Anti-infectives),Macs Pharmaceuticals
 Cefomax,Ceftriaxone, inj, 250mg,1,Antibacterials: Cephalosporins (Anti-infectives),Macs Pharmaceuticals
 Vitamin C,Vitamin C, tabs, 250mg,1000,Vitamins/minerals (Nutrition and blood agents),Macs Pharmaceuticals
 Vepan,Cefaclor, caps, 500mg,20,Antibacterials: Cephalosporins (Anti-infectives),Indoco Remedies
 Tumbocid,Antacid, tabs, -,100,Antacids (Gastrointestinal drugs),Macs Pharmaceuticals
 Stamol,Salbutamol, tabs, 2mg,1000,Selective Beta-2 Agonists (Respiratory system drugs),Macs Pharmaceuticals
 Sosanol,Theophylline/ephedrine, tabs, -,1000,Xanthines (Respiratory system drugs),Macs Pharmaceuticals
 Runil,Hyoscine Butylbromide, tabs, 5mg,1000,Antimuscarinic Drugs (Gastrointestinal drugs),Macs Pharmaceuticals
 Restozine,Promethazine, tabs, 10mg,1000,Antihistamines (Respiratory system drugs),Macs Pharmaceuticals
 Restozine,Promethazine, tabs, 25mg,1000,Antihistamines (Respiratory system drugs),Macs Pharmaceuticals
 Quinine,Quinine, tabs, 300mg,100,Antimalarials (Anti-infectives),Macs Pharmaceuticals
 Probenecid,Probenecid, tabs, 500mg,100,Antigout Agents (Musculoskeletal agents),Macs Pharmaceuticals
 Piperazine,Piperazine, tabs, 500mg,1000,Anthelmintics (Anti-infectives),Macs Pharmaceuticals
 Phenobarbitone,Phenobarbitone, tabs, 30mg,1000,Antiepileptics (CNS agents),Macs Pharmaceuticals
 Nystatin,Nystatin, tabs, 500000 u,100,Antifungals (Anti-infectives),Macs Pharmaceuticals
 Piromax,Piroxicam, caps, 20mg,100,Nsaids (Musculoskeletal agents),Macs Pharmaceuticals
 Indomax,Indomethacin, caps, 25mg,1000,Nsaids (Musculoskeletal agents),Macs Pharmaceuticals
 Imomac,Loperamide, caps, 2mg,100,Antidiarrheorals (Gastrointestinal drugs),Macs Pharmaceuticals
 Fluclox,Flucloxacillin, caps, 250mg,100,Antibacterials: Penicillins (Anti-infectives),Macs Pharmaceuticals
 Flurid,Cold/flu Remedy, caps, -,10,Cold Remedies (Respiratory system drugs),Macs Pharmaceuticals
 Cloxipen,Cloxacillin, caps, 250mg,100,Antibacterials: Penicillins (Anti-infectives),Macs Pharmaceuticals
 Cleomax,Cephalexin, caps, 250mg,100,Antibacterials: Cephalosporins (Anti-infectives),Macs Pharmaceuticals
 Nootropil,Piracetam, tabs, 800mg,30,Misc. Agents (Misc. drugs),Ucb Pharm Sa Pty
 Vastarel Mr,Trimetazidine, tabs, 35mg,30,Misc. Agents (Misc. drugs),Servier Labs (france)
 Preterax,Perindopril/indapamide, tabs, 2/0.625mg,30,Ace Inhibitors (Cardiovascular drugs),Servier Labs (france)
 Bipreterax,Perindopril/indapamide, tabs, 5/1.25mg,30,Ace Inhibitors (Cardiovascular drugs),Servier Labs (france)
 Fansidar,Sulfadoxine/pyrimethamine, tabs, 500/25mg,150,Antimalarials (Anti-infectives),Roche Pdts Ltd
 Listerine,Methylsalicylate/thymol/eucalyptus/benzoic Acid, mouth wash, 250ml,1,Misc. Agents (Misc. drugs),Pfizer Cons
 Roxilide,Roxithromycin, tabs, 150mg,10,Antibacterials: Macrolides (Anti-infectives),Micro Exports
 Pulmocef,Cefuroxime, tabs, 250mg,10,Antibacterials: Cephalosporins (Anti-infectives),Micro Exports
 Pulmocef,Cefuroxime, tabs, 500mg,10,Antibacterials: Cephalosporins (Anti-infectives),Micro Exports
 Pionorm,Pioglitazole, tabs, 15mg,30,Antidiabetics: Other (Endocrine system drugs),Micro Exports
 Hopace,Ramipril, tabs, 5mg,30,Ace Inhibitors (Cardiovascular drugs),Micro Exports
 Cloxap,Cloxacillin, caps, 250mg,100,Antibacterials: Penicillins (Anti-infectives),Micro Exports
 Clariwin,Clarithromycin, tabs, 500mg,10,Antibacterials: Macrolides (Anti-infectives),Micro Exports
 Clariwin,Clarithromycin, tabs, 250mg,10,Antibacterials: Macrolides (Anti-infectives),Micro Exports
 Avas,Atorvastatin, tabs, 10mg,30,Statins (Cardiovascular drugs),Micro Exports
 Gastrocid,Antacid, tabs, -,1000,Antacids (Gastrointestinal drugs),Phar. Man. Co. (pmc)
 Astalin,Salbutamol, tabs, 4mg,1000,Selective Beta-2 Agonists (Respiratory system drugs),Phar. Man. Co. (pmc)
 Unigenta,Gentamicin, ear drops, 0.3% 10ml,1,Antibacterials: Aminoglycoside (Anti-infectives),Phar. Man. Co. (pmc)
 Clozole,Clotrimazole, ear drops, 1% 15ml,1,Antifungals (Anti-infectives),Phar. Man. Co. (pmc)
 Clomex,Chloramphenicol, ear drops, 5% 10ml,1,Antibacterials: Chloramphenicol (Anti-infectives),Phar. Man. Co. (pmc)
 Unitinea,Tolnaftate, cream, 1% 20g,1,Antifungals (Anti-infectives),Phar. Man. Co. (pmc)
 Unitarin,Miconazole, cream, 2% 15g,1,Antifungals (Anti-infectives),Phar. Man. Co. (pmc)
 Hydrocort,Hydrocortisone, cream, 1% 10g,1,Corticosteroids (Endocrine system drugs),Phar. Man. Co. (pmc)
 Clozole Xtra,Clotrimazole/beclomethasone/gentamicin, cream, 20g,1,Dermatological Agents (Dermatological agents),Phar. Man. Co. (pmc)
 Clozole Plus,Clotrimazole, cream, 2% 20g,1,Antifungals (Anti-infectives),Phar. Man. Co. (pmc)
 Clozole,Clotrimazole, cream, 1% 20g,1,Antifungals (Anti-infectives),Phar. Man. Co. (pmc)
 Unizole,Metronidazole, syp, 200mg/5ml 60ml,1,Antiprozoal Agents (Anti-infectives),Phar. Man. Co. (pmc)
 Uniworm,Albendazole, syp, 200mg/10ml,1,Anthelmintics (Anti-infectives),Phar. Man. Co. (pmc)
 Univit,Vitamin/mineral Preparation, syp, 100ml,1,Vitamins/minerals (Nutrition and blood agents),Phar. Man. Co. (pmc)
 Univit,Vitamin/mineral Preparation, syp, 60ml,1,Vitamins/minerals (Nutrition and blood agents),Phar. Man. Co. (pmc)
 Unitrax,Levamisole, susp, 15ml,1,Anthelmintics (Anti-infectives),Phar. Man. Co. (pmc)
 Unistatin,Nystatin, susp, 100000 iu 30ml,1,Antifungals (Anti-infectives),Phar. Man. Co. (pmc)
 Unidar,Sulfadoxine/pyrimethamine, syp, 10ml,1,Antimalarials (Anti-infectives),Phar. Man. Co. (pmc)
 Uniactin-l,Vitamin/mineral Preparation, syp, 100ml,1,Vitamins/minerals (Nutrition and blood agents),Phar. Man. Co. (pmc)
 Trizole,Trimethorpim/sulphamethoxazole, syp, 100ml,1,Antibacterials: Co-trimoxazoles (Anti-infectives),Phar. Man. Co. (pmc)
 Trizole,Trimethorpim/sulphamethoxazole, syp, 50ml,1,Antibacterials: Co-trimoxazoles (Anti-infectives),Phar. Man. Co. (pmc)
 Noworm,Mebendazole, syp, 100mg/30ml,1,Anthelmintics (Anti-infectives),Phar. Man. Co. (pmc)
 Ibugesic,Paracetamol/ibuprofen, syp, 60ml,1,Nsaids (Musculoskeletal agents),Phar. Man. Co. (pmc)
 Astalin G,Cough Expectorant, syp, 100ml,1,Mucolytics/expectorants (Respiratory system drugs),Phar. Man. Co. (pmc)
 Astalin,Salbutamol, syp, 100ml,1,Selective Beta-2 Agonists (Respiratory system drugs),Phar. Man. Co. (pmc)
 Optrex,(n/a), lotion, 110ml,1,Misc. Agents (Misc. drugs),Beta Healthcare
 Optrex,(n/a), drops, 10ml,1,Misc. Agents (Misc. drugs),Beta Healthcare
 Hyalase,Hyaluronidase, inj, 1500u/ml,10,Misc. Agents (Misc. drugs),Cp Pharma
 Siccapos,Artificial Tears, gel, 10g,1,Eye/ear/nose Preparations (Eye ENT agents),Ursapharma
 Procomil,Yohimbine, tabs, -,30,Misc. Agents (Misc. drugs),Walter Ritter
 Milk Of Magnesia,Magnesium Hydroxide, liquid, 100ml,1,Antacids (Gastrointestinal drugs),Globe Pharmacy Ltd
 Micronema,Enema, liquid, 20ml,1,Misc. Agents (Misc. drugs),Atco Labs
 Micronema,Enema, liquid, 10ml,1,Misc. Agents (Misc. drugs),Atco Labs
 Hydrillin Dm,Dextromethorphan/diphenhydramine, syp, 6.25;5mg/5ml 120ml,1,Cold Remedies (Respiratory system drugs),Searle (pakistan)
 Hydrillin,Cough Expectorant, syp,  120ml,1,Mucolytics/expectorants (Respiratory system drugs),Searle (pakistan)
 Co-diovan,Valsartan/hydrochlorthiazide, tabs, 160/12.5mg,28,Angiotensin Ii Rec. Antagonists (Cardiovascular drugs),Novartis Pharma
 Viagra,Sildenafil, tabs, 100mg,4,"Erectile Dysfunction Agents (Urinary, Obstetrics and Gynaecological agents)",Pfizer Global Pharma
 Okavax,Varicella Vaccine, inj, 1,1,Immunological Agents (Immunological agents),Pasteur Merieux
 Dukoral,Cholera Vaccine, satchet, 1 dose,1,Immunological Agents (Immunological agents),Pasteur Merieux
 Tripacel,Diphtheria/pertusis/tetanus Vaccine, inj, 5 doses,5,Immunological Agents (Immunological agents),Pasteur Merieux
 Stamaril,Yellow Fever Vaccine, inj, 10 doses,10,Immunological Agents (Immunological agents),Pasteur Merieux
 Pentaxim,Pentavalent Vaccine, inj, 1,1,Immunological Agents (Immunological agents),Pasteur Merieux
 Hexavac,Hepatitis B Vaccine, inj, 1,1,Immunological Agents (Immunological agents),Pasteur Merieux
 Dt Coq,Diphtheria/pertusis/tetanus Vaccine, inj, 1,1,Immunological Agents (Immunological agents),Pasteur Merieux
 Amonate Junior,Artesunate/amodiaquine, tabs, 100/306.2mg,3,Antimalarials (Anti-infectives),Dafra Pharma
 Clavoxil,Amoxicillin/clavulanate, susp, 312/5ml 60ml,1,Antibacterials: Penicillins (Anti-infectives),Aim International Pharm
 Clavoxil,Amoxicillin/clavulanate, inj, 1.2g,1,Antibacterials: Penicillins (Anti-infectives),Aim International Pharm
 Clavoxil,Amoxicillin/clavulanate, tabs, 1g,6,Antibacterials: Penicillins (Anti-infectives),Elsad Pharma
 Zinnat,Cefuroxime, syp, 125mg/5ml 100ml,1,Antibacterials: Cephalosporins (Anti-infectives),Glaxosmithkline Pharma
 Rhesuman,Human Anti-d Immunoglobulin, inj, 300mcg/2ml,1,Immunological Agents (Immunological agents),Berna
 Cipram,Citalopram, tabs, 20mg,28,Ssris (CNS agents),Lundbeck As
 Ciprobay Xr,Ciprofloxacin, tabs, 500mg,3,Antibacterials: Floroquinolones (Anti-infectives),Bayer Schering Pharma
 Ketesse,Dexketoprofen/trometamol, tabs, 25mg,20,Nsaids (Musculoskeletal agents),Menarini Int
 Piosafe Mf,Pioglitazone/metformin, tabs, 15/500mg,30,Antidiabetics: Other (Endocrine system drugs),Aristo Pharma
 Piosafe,Pioglitazole, tabs, 30mg,30,Antidiabetics: Other (Endocrine system drugs),Aristo Pharma
 Piosafe,Pioglitazole, tabs, 15mg,30,Antidiabetics: Other (Endocrine system drugs),Aristo Pharma
 Bigomet,Metformin, tabs, 500mg,100,Antidiabetics:biguanides (Endocrine system drugs),Aristo Pharma
 Aceclo,Aceclofenac, tabs, 100mg,30,Nsaids (Musculoskeletal agents),Aristo Pharma
 Duotrol,Glibenclamide/metformin, tabs, 5/500mg,100,Sulphonylureas (Endocrine system drugs),Usv Ltd (india)
 Protoloc,Omeprazole, caps, 20mg,100,Proton Pump Inhibitors (Gastrointestinal drugs),Usv Ltd (india)
 Pioz,Pioglitazole, tabs, 30mg,28,Antidiabetics: Other (Endocrine system drugs),Usv Ltd (india)
 Pioz,Pioglitazole, tabs, 15mg,28,Antidiabetics: Other (Endocrine system drugs),Usv Ltd (india)
 Nizer,Liniment/balm, gel, 30g,1,Dermatological Agents (Dermatological agents),Usv Ltd (india)
 Nizer,Nimesulide, tabs, 100mg,100,Nsaids (Musculoskeletal agents),Usv Ltd (india)
 Nuril,Enalapril, tabs, 10mg,100,Ace Inhibitors (Cardiovascular drugs),Usv Ltd (india)
 Nuril,Enalapril, tabs, 5mg,100,Ace Inhibitors (Cardiovascular drugs),Usv Ltd (india)
 Ecorin,Aspirin, tabs, 75mg,100,Nsaids (Musculoskeletal agents),Usv Ltd (india)
 Clopigrel,Clopidogrel, tabs, 75mg,28,Antiplatelet Drugs (Cardiovascular drugs),Usv Ltd (india)
 Cardimax,Trimetazidine, tabs, 20mg,30,Misc. Agents (Misc. drugs),Usv Ltd (india)
 Cosaka,Cough Syrup, syp, 100ml,1,Antitussives (Respiratory system drugs),Shreya Life Sci
 Tropex,Wax Solvent, ear drops, 10ml,1,Misc. Agents (Misc. drugs),Rowa Pharma
 Rowatinex,Herbal Remedy, caps, -,50,Misc. Agents (Misc. drugs),Rowa Pharma
 Rowachol,Herbal Remedy, caps, -,50,Misc. Agents (Misc. drugs),Rowa Pharma
 Nasaleze,Herbal Remedy, powder, 5g,1,Misc. Agents (Misc. drugs),Kissika International
 Touch N Go,Herbal Remedy, solution, 7ml,1,Misc. Agents (Misc. drugs),Ayrton Saunders
 Gate,Gatifloxacin, eye drops, 5ml,1,Antibacterials: Floroquinolones (Anti-infectives),Ajanta Pharma Ltd
 Gate,Gatifloxacin, tabs, 400mg,5,Antibacterials: Floroquinolones (Anti-infectives),Ajanta Pharma Ltd
 Gate,Gatifloxacin, tabs, 200mg,5,Antibacterials: Floroquinolones (Anti-infectives),Ajanta Pharma Ltd
 Carofit,Herbal Remedy, tabs, -,30,Misc. Agents (Misc. drugs),Ajanta Pharma Ltd
 Atochol,Herbal Remedy, tabs, -,60,Misc. Agents (Misc. drugs),Ajanta Pharma Ltd
 Combimal,Dihydroartemisinin/piperaquine, inj, 2.5ml,3,Antimalarials (Anti-infectives),Ajanta Pharma Ltd
 Oral Rehydration Salts,Oral Rehydration Salts, satchet, 13.95g,1,Antidiarrheorals (Gastrointestinal drugs),Ajanta Pharma Ltd
 Pinkoo Gripe Water,Colic Remedy, liquid, 120 ml,1,Misc. Agents (Misc. drugs),Ajanta Pharma Ltd
 Figurin,Herbal Remedy, caps, -,60,Misc. Agents (Misc. drugs),Charak
 Bakagesic,Nimesulide, tabs, 100mg,20,Nsaids (Musculoskeletal agents),Globe Pharmacy Ltd
 Spemen Forte,Herbal Remedy, tabs, -,100,Misc. Agents (Misc. drugs),Himalaya Drug Co
 Daily Health Caps,Herbal Remedy, caps, -,60,Misc. Agents (Misc. drugs),Himalaya Drug Co
 Cystone,Herbal Remedy, tabs, -,100,Misc. Agents (Misc. drugs),Himalaya Drug Co
 Azithral,Azithromycin, tabs, 500mg,3,Antibacterials: Macrolides (Anti-infectives),Alembic
 Azithral,Azithromycin, tabs, 250mg,6,Antibacterials: Macrolides (Anti-infectives),Alembic
 Alvoril,Cough Expectorant, syp, 100ml,1,Mucolytics/expectorants (Respiratory system drugs),Depopharma Ltd
 Claripen,Clarithromycin, tabs, 500mg,14,Antibacterials: Macrolides (Anti-infectives),Elpen Pharma
 Fugentin,Amoxicillin/clavulanate, syp, 156mg/5ml 100ml,1,Antibacterials: Penicillins (Anti-infectives),Depopharma Ltd
 Fugentin,Amoxicillin/clavulanate, tabs, 625mg,12,Antibacterials: Penicillins (Anti-infectives),Elpen Pharma
 Xalatan,Latanoprost, eye drops, 2.5ml,1,Prostagladins & Analogues (Misc. drugs),Pfizer-pharmacia
 Uniacne,Tretinion, cream, 0.05% 15g,1,Dermatological Agents (Dermatological agents),Phar. Man. Co. (pmc)
 Syndopa 110,Levodopa/carbidopa, tabs, 100/10mg,50,Antiparkinsonism Agents (CNS agents),Sun Pharma
 Stamina,Herbal Remedy, caps, -,30,Misc. Agents (Misc. drugs),Ajanta Pharma Ltd
 Rekfa,Herbal Remedy, cream, 25g,1,Misc. Agents (Misc. drugs),Questa Care Inc
 Zolidon,Cefuroxime, syp, 250mg/5ml 50ml,1,Antibacterials: Cephalosporins (Anti-infectives),Cosmos Ltd
 Zolidon,Cefuroxime, tabs, 500mg,10,Antibacterials: Cephalosporins (Anti-infectives),Cosmos Ltd
 Zolidon,Cefuroxime, tabs, 250mg,10,Antibacterials: Cephalosporins (Anti-infectives),Cosmos Ltd
 Zithrox,Azithromycin, syp, 200mg/5ml 15ml,1,Antibacterials: Macrolides (Anti-infectives),Cosmos Ltd
 Zithrox,Azithromycin, tabs, 500mg,3,Antibacterials: Macrolides (Anti-infectives),Cosmos Ltd
 Zithrox,Azithromycin, tabs, 250mg,6,Antibacterials: Macrolides (Anti-infectives),Cosmos Ltd
 Zistatin,Simvastatin, tabs, 40mg,28,Statins (Cardiovascular drugs),Cosmos Ltd
 Zistatin,Simvastatin, tabs, 20mg,28,Statins (Cardiovascular drugs),Cosmos Ltd
 Zistatin,Simvastatin, tabs, 10mg,28,Statins (Cardiovascular drugs),Cosmos Ltd
 Varinil,Amlodipine, tabs, 10mg,28,Calcium Channel Blokers (Cardiovascular drugs),Cosmos Ltd
 Varinil,Amlodipine, tabs, 5mg,28,Calcium Channel Blokers (Cardiovascular drugs),Cosmos Ltd
 Metcos,Metoclopromide, tabs, 10mg,100,Antiemetics (Gastrointestinal drugs),Cosmos Ltd
 Lazoton,Lansoprazole, caps, 30mg,28,Proton Pump Inhibitors (Gastrointestinal drugs),Cosmos Ltd
 Ketocos,Ketoconazole, tabs, 200mg,30,Antifungals (Anti-infectives),Cosmos Ltd
 Diconazol,Fluconazole, caps, 50mg,50,Antifungals (Anti-infectives),Cosmos Ltd
 Avastatin,Atorvastatin, tabs, 20mg,28,Statins (Cardiovascular drugs),Cosmos Ltd
 Avastatin,Atorvastatin, tabs, 10mg,28,Statins (Cardiovascular drugs),Cosmos Ltd
 Amqunate P,Artesunate/amodiaquine, tabs, 25/75mg,12,Antimalarials (Anti-infectives),Cosmos Ltd
 Amqunate,Artesunate/amodiaquine, tabs, 50/150mg,24,Antimalarials (Anti-infectives),Cosmos Ltd
 Sicorten Plus,Halometasone/triclosan, cream, 10g,1,Corticosteroids (Endocrine system drugs),Novartis Pharma
 Sicorten,Halometasone, oint, 10g,1,Corticosteroids (Endocrine system drugs),Novartis Pharma
 Sicorten,Halometasone, cream, 10g,1,Corticosteroids (Endocrine system drugs),Novartis Pharma
 Targocid,Teicoplanin, inj, 200mg,2,Glycopeptide Antibiotics (Anti-infectives),Sanofi-aventis
 Maalox Plus,Antacid, syp, 150ml,1,Antacids (Gastrointestinal drugs),Sanofi-aventis
 Eloxatin,Oxaliplatin, inj, 100mg,1,Anticancer/immunosuppressants: Other (Oncology & immunosuppression drugs),Sanofi-aventis
 Eloxatin,Oxaliplatin, inj, 50mg,1,Anticancer/immunosuppressants: Other (Oncology & immunosuppression drugs),Sanofi-aventis
 Arsucam,Artesunate/amodiaquine, tabs, 50/200mg (12+12),1,Antimalarials (Anti-infectives),Sanofi-aventis
 Arsucam,Artesunate/amodiaquine, tabs, 50/200mg (6+6),1,Antimalarials (Anti-infectives),Sanofi-aventis
 Arsucam Infant,Artesunate/amodiaquine, tabs, 50/200mg (3+3),1,Antimalarials (Anti-infectives),Sanofi-aventis
 Melcam,Meloxicam, tabs, 7.5mg,100,Nsaids (Musculoskeletal agents),Square Pharmaceuticals
 Lipitas,Atorvastatin, tabs, 10mg,10,Statins (Cardiovascular drugs),Intas Exports
 Crestor,Rosuvastatin, tabs, 20mg,28,Statins (Cardiovascular drugs),Astrazeneca
 Crestor,Rosuvastatin, tabs, 10mg,28,Statins (Cardiovascular drugs),Astrazeneca
 Zanocin Od,Ofloxacin, tabs, 400mg,10,Antibacterials: Floroquinolones (Anti-infectives),Ranbaxy Labs
 Vilino,Liniment/balm, gel, 30g,1,Dermatological Agents (Dermatological agents),Ranbaxy Labs
 Simvor,Simvastatin, tabs, 10mg,30,Statins (Cardiovascular drugs),Ranbaxy Labs
 B-d Syringes,Surgical Item, -, -,100,Misc. Agents (Misc. drugs),Eli Lilly & Co
 Diovan,Valsartan, tabs, 160mg,28,Angiotensin Ii Rec. Antagonists (Cardiovascular drugs),Novartis Pharma
 Cataflam,Diclofenac, tabs, 50mg,100,Nsaids (Musculoskeletal agents),Novartis Pharma
 Eryderm,Erythromycin, solution, 1200mg/60ml,1,Antibacterials: Macrolides (Anti-infectives),Abbott (usa)
 Spacers/volumatics,(n/a), -, -,1,Misc. Agents (Misc. drugs),Glaxosmithkline Pharma
 Septrin,Trimethorpim/sulphamethoxazole, tabs, 480mg,250,Antibacterials: Co-trimoxazoles (Anti-infectives),Glaxosmithkline Pharma
 Opsite,(n/a), spray, 100ml,1,Misc. Agents (Misc. drugs),Smith And Nephew
 Intrasite,(n/a), gel, 25g,1,Misc. Agents (Misc. drugs),Smith And Nephew
 Intrasite,(n/a), gel, 15g,1,Misc. Agents (Misc. drugs),Smith And Nephew
 Flamazine,Silver Sulphadiazine, cream, 500g,1,Antibacterials: Others (Anti-infectives),Smith And Nephew
 Flamazine,Silver Sulphadiazine, cream, 250g,1,Antibacterials: Others (Anti-infectives),Smith And Nephew
 Flamazine,Silver Sulphadiazine, cream, 50g,1,Antibacterials: Others (Anti-infectives),Smith And Nephew
 Cica-care,(n/a), dressing, 12cm*15cm,1,Misc. Agents (Misc. drugs),Smith And Nephew
 Enil,Enalapril, tabs, 10mg,100,Ace Inhibitors (Cardiovascular drugs),Usv Ltd (india)
 Cynt,Moxonidine, tabs, 0.4mg,30,Cns Alpha Agonists (CNS agents),Eli Lilly & Co
 Cymevene,Ganciclovir, caps, 250mg,84,Antiviral Agents (Anti-infectives),Roche Pdts Ltd
 Cofta,Cough Syrup, syp, 60ml,1,Antitussives (Respiratory system drugs),Glaxosmithkline Pharma
 Citrosoda,Sodium Citrate+bicarbonate/tartaric Acid/citric Acid, satchet, 4g,8,Misc. Agents (Misc. drugs),Adcork Ingram
 Cardivas,Carvedilol, tabs, 6.25mg,30,Beta-blockers (Cardiovascular drugs),Sun Pharma
 Bactrazine,Silver Sulphadiazine, cream, 250g,1,Antibacterials: Others (Anti-infectives),Smith And Nephew
 Aziclar,Clarithromycin, tabs, 500mg,20,Antibacterials: Macrolides (Anti-infectives),Flamingo Impex Pvt
 Aziflam,Azithromycin, caps, 250mg,6,Antibacterials: Macrolides (Anti-infectives),Flamingo Impex Pvt
 Atorcip,Atorvastatin, tabs, 40mg,30,Statins (Cardiovascular drugs),Cipla Ltd
 Atcardil,Atenolol, tabs, 50mg,70,Beta-blockers (Cardiovascular drugs),Sun Pharma
 Amadol,Tramadol, inj, 100mg/2ml,3,Opiod Analgesics (Musculoskeletal agents),Egyptian Co For Chem & Pharm
 Amadol,Tramadol, caps, 50mg,20,Opiod Analgesics (Musculoskeletal agents),Egyptian Co For Chem & Pharm
 Allerdex,Framycetin/gramicidin/dexamethasone, eye drops, 0.5/0.005/0.008 % 8ml,1,Eye/ear/nose Preparations (Eye ENT agents),Tubilux
 Algipan,Liniment/balm, oint, 40gm,1,Dermatological Agents (Dermatological agents),Wyeth Consumer
 Aerolin,Salbutamol, inhaler, 200 d,1,Selective Beta-2 Agonists (Respiratory system drugs),Eipico (egypt)
 Aerius,Desloratidine, syp, 150ml,1,Antihistamines (Respiratory system drugs),Essex (schering - Plough)
 Acivir,Acyclovir, cream, 5gm,1,Antiviral Agents (Anti-infectives),Cipla Ltd
 Acivir,Acyclovir, tabs, 800mg,50,Antiviral Agents (Anti-infectives),Cipla Ltd
 Acivir,Acyclovir, tabs, 400mg,50,Antiviral Agents (Anti-infectives),Cipla Ltd
 Acivir,Acyclovir, tabs, 200mg,100,Antiviral Agents (Anti-infectives),Cipla Ltd
 Aciloc,Ranitidine, tabs, 300mg,100,H-2 Receptor Antagonists (Gastrointestinal drugs),Cadila Pharma
 Acidex,Ranitidine, tabs, 150mg,100,H-2 Receptor Antagonists (Gastrointestinal drugs),Sun Pharma
 Xeloda,Capecitabine, tabs, 150mg,60,Antimetabolite Cytotoxics (Oncology & immunosuppression drugs),Roche Pdts Ltd
 Cellcept,Mycophenolate Mofetil, caps, 500mg,150,Anticancer/immunosuppressants: Other (Oncology & immunosuppression drugs),Roche Pdts Ltd
 Cellcept,Mycophenolate Mofetil, caps, 250mg,300,Anticancer/immunosuppressants: Other (Oncology & immunosuppression drugs),Roche Pdts Ltd
 Zecuf,Herbal Remedy, lozenges, -,20,Misc. Agents (Misc. drugs),Unique Pharma
 Zecuf,Cough Syrup, syp, 100ml,1,Antitussives (Respiratory system drugs),Unique Pharma
 Rantac,Ranitidine, tabs, 150mg,100,H-2 Receptor Antagonists (Gastrointestinal drugs),Unique Pharma
 Nicardia,Nifedipine, tabs, 10mg,50,Calcium Channel Blokers (Cardiovascular drugs),Unique Pharma
 Dicloran Ms,Liniment/balm, gel, 30g,1,Dermatological Agents (Dermatological agents),Unique Pharma
 Beta-nicardia,Nifedipine/atenolol, tabs, 20/50mg,30,Calcium Channel Blokers (Cardiovascular drugs),Unique Pharma
 Spiriva Handihaler,(n/a), -, -,1,Misc. Agents (Misc. drugs),Boehringer Ingelheim
 Medic Aid Inlet Filter,(n/a), -, -,1,Misc. Agents (Misc. drugs),Boehringer Ingelheim
 Medic Aid Nebulizer,(n/a), -, -,1,Misc. Agents (Misc. drugs),Boehringer Ingelheim
 Medi Aid Drug Container,Surgical Item, -, -,1,Misc. Agents (Misc. drugs),Boehringer Ingelheim
 Artane,Benzhexol, tabs, 5mg,100,Antimuscarinic Drugs (Gastrointestinal drugs),Wyeth Sa
 Loette,Ethinylestradiol/levonorgesttrel, tabs, 20/100mcg 21s,1,Oestrogens (Endocrine system drugs),Wyeth Sa
 Premelle,Oestrogens (conjugated), tabs, 5mg,28,Oestrogens (Endocrine system drugs),Wyeth Sa
 Premelle,Oestrogens (conjugated), tabs, 2.5mg,28,Oestrogens (Endocrine system drugs),Wyeth Sa
 Premarin,Oestrogens (conjugated), tabs, 0.3mg 28s,1,Oestrogens (Endocrine system drugs),Wyeth Sa
 Rimactazid,Rifampicin/isoniazid, tabs, 150/75mg,60,Antitubercular Agents (Anti-infectives),Novartis Pharma
 Rimactazid Paed,Rifampicin/isoniazid, tabs, 60/60mg,120,Antitubercular Agents (Anti-infectives),Novartis Pharma
 Rimcure Paed,Rifampicin/isonizid/pyrazinamide, tabs, 60/30/150mg,120,Antitubercular Agents (Anti-infectives),Novartis Pharma
 Santexcin,Dihydroartemisinin, tabs, 60mg,8,Antimalarials (Anti-infectives),Nic Pharma
 Granid,Ornidazole, tabs, 500mg,10,Antiprozoal Agents (Anti-infectives),Nic Pharma
 Levo-g,Levofloxacin, tabs, 500mg,10,Antibacterials: Floroquinolones (Anti-infectives),Nic Pharma
 Vastor,Atorvastatin, tabs, 20mg,10,Statins (Cardiovascular drugs),Nic Pharma
 Vastor Ez,Atorvastatin/ezetimibe, tabs, 20/10mg,10,Statins (Cardiovascular drugs),Nic Pharma
 Keftaz,Ceftazidime, inj, 1g,1,Antibacterials: Cephalosporins (Anti-infectives),Nic Pharma
 Keftaz,Ceftazidime, inj, 250mg,1,Antibacterials: Cephalosporins (Anti-infectives),Nic Pharma
 Keftaz,Ceftazidime, inj, 500mg,1,Antibacterials: Cephalosporins (Anti-infectives),Nic Pharma
 Niclar,Clarithromycin, tabs, 500mg,10,Antibacterials: Macrolides (Anti-infectives),Nic Pharma
 Niclar,Clarithromycin, syp, 125mg/5ml 60ml,1,Antibacterials: Macrolides (Anti-infectives),Nic Pharma
 Niclar,Clarithromycin, tabs, 250mg,10,Antibacterials: Macrolides (Anti-infectives),Nic Pharma
 Malartem,Artemether, tabs, 50mg,14,Antimalarials (Anti-infectives),Nic Pharma
 Malartem,Artemether, inj, 80mg/ml,6,Antimalarials (Anti-infectives),Nic Pharma
 Algyfree Plus,Loratadine/psuedoephedrine, tabs, 10/180mg,10,Antihistamines (Respiratory system drugs),Nic Pharma
 Algyfree,Loratadine, syp, 5mg/5ml 30ml,1,Antihistamines (Respiratory system drugs),Nic Pharma
 Algyfree,Loratadine, tabs, 10mg,10,Antihistamines (Respiratory system drugs),Nic Pharma
 Tromax,Diclofenac, inj, 75mg/3ml,1,Nsaids (Musculoskeletal agents),Aristo Pharma
 Tabrol,Trimethorpim/sulphamethoxazole, syp, 240mg/5ml 50ml,1,Antibacterials: Co-trimoxazoles (Anti-infectives),Aristo Pharma
 Promisec,Omeprazole, caps, 20mg,100,Proton Pump Inhibitors (Gastrointestinal drugs),Aristo Pharma
 Forcef,Cefuroxime, tabs, 500mg,10,Antibacterials: Cephalosporins (Anti-infectives),Aristo Pharma
 Forcef,Cefuroxime, tabs, 250mg,40,Antibacterials: Cephalosporins (Anti-infectives),Aristo Pharma
 Espectrum,Gatifloxacin, tabs, 400mg,5,Antibacterials: Floroquinolones (Anti-infectives),Aristo Pharma
 Monocef O,Cefpodoxime, tabs, 200mg,10,Antibacterials: Cephalosporins (Anti-infectives),Aristo Pharma
 Monocef O,Cefpodoxime, syp, 100mg/5ml 60ml,1,Antibacterials: Cephalosporins (Anti-infectives),Aristo Pharma
 Xpect B,Cough Expectorant, syp, 100ml,1,Mucolytics/expectorants (Respiratory system drugs),Alkem Labs
 Clavam Dt,Amoxicillin/clavulanate, tabs, 228mg,10,Antibacterials: Penicillins (Anti-infectives),Alkem Labs
 Xone,Ceftriaxone, inj, 250mg iv/im,1,Antibacterials: Cephalosporins (Anti-infectives),Alkem Labs
 Xone,Ceftriaxone, inj, 500mg iv/im,1,Antibacterials: Cephalosporins (Anti-infectives),Alkem Labs
 Xone,Ceftriaxone, inj, 1g iv/im,1,Antibacterials: Cephalosporins (Anti-infectives),Alkem Labs
 Forgen,Cefpirome, inj, 1g,1,Antibacterials: Cephalosporins (Anti-infectives),Alkem Labs
 Dextrostix,(n/a), -, -,25,Misc. Agents (Misc. drugs),Bayer Diagnostics
 One Touch Kit,Lab Items, -, 1,1,Misc. Agents (Misc. drugs),Lifescan (usa)
 Total Care Disinfecting,(n/a), -, 120ml,1,Misc. Agents (Misc. drugs),Allergan Ltd
 Total Care Claener,(n/a), -, 30ml,1,Misc. Agents (Misc. drugs),Allergan Ltd
 Refresh,Artificial Tears, drops, 5% 15ml,1,Eye/ear/nose Preparations (Eye ENT agents),Allergan Ltd
 Lens Plus Purite,(n/a), -, 240ml,1,Misc. Agents (Misc. drugs),Allergan Ltd
 Oxylin,Oxymetazoline, eye drops, 15ml,1,Sympathomimetics (Cardiovascular drugs),Allergan Ltd
 Stop-allerg,Oxymetazoline, eye drops, 13.5ml,1,Sympathomimetics (Cardiovascular drugs),Allergan Ltd
 Co-arinate Junior,Artesunate/sulfamethoxypyrazine/pyrimethamine, tabs, 100/250/12.5mg,6,Antimalarials (Anti-infectives),Dafra Pharma
 Co-arinate Adult,Artesunate/sulfamethoxypyrazine/pyrimethamine, tabs, 200/500/25mg,6,Antimalarials (Anti-infectives),Dafra Pharma
 Hermesetas,Artifical Sweetener, syp, 200ml,1,Misc. Agents (Misc. drugs),Hermes Sweeteners
 Hermesetas Gold,Artifical Sweetener, tabs, -,100,Misc. Agents (Misc. drugs),Hermes Sweeteners
 Hermesetas,Artifical Sweetener, tabs, -,650,Misc. Agents (Misc. drugs),Hermes Sweeteners
 Hermesetas,Artifical Sweetener, tabs, -,350,Misc. Agents (Misc. drugs),Hermes Sweeteners
 Prostatonin,Urtica Dioica, caps, -,30,Misc. Agents (Misc. drugs),Pharmaton Ltd
 Pharmaton,Vitamin/mineral Preparation, caps, -,30,Vitamins/minerals (Nutrition and blood agents),Pharmaton Ltd
 Diazepam,Diazepam, supp, 10mg,5,Anxiolytics/sedatives/hypnotics/neuroleptics (CNS agents),Cp Pharma
 Diazepam,Diazepam, supp, 5mg,5,Anxiolytics/sedatives/hypnotics/neuroleptics (CNS agents),Cp Pharma
 Diazepam,Diazepam, supp, 2.5mg,5,Anxiolytics/sedatives/hypnotics/neuroleptics (CNS agents),Cp Pharma
 Hepsal,Heparin, inj, 10u 5ml,10,Anticoagulants (Cardiovascular drugs),Cp Pharma
 Heparin,Heparin, inj, 5000iu 5ml,10,Anticoagulants (Cardiovascular drugs),Cp Pharma
 Hypurin N/l,Insulin, inj, 10ml 100iu,1,Antidiabetics: Insulin (Endocrine system drugs),Cp Pharma
 Dezor,Ketoconazole, shampoo, 60ml,1,Antifungals (Anti-infectives),Scientis Pharma
 Cloderm,Clobetasol, cream, 15g,1,Dermatological Agents (Dermatological agents),Scientis Pharma
 Ecocort,Econazole/triamcinolone, cream, 1/0.1% 15g,1,Dermatological Agents (Dermatological agents),Scientis Pharma
 Combimal,Dihydroartemisinin/piperaquine, tabs, 40/320mg,8,Antimalarials (Anti-infectives),Ajanta Pharma Ltd
 Metrogyl,Metronidazole, inj, 100ml,1,Antiprozoal Agents (Anti-infectives),Unique Pharma
 Metrogyl Denta,Metronidazole, gel, 20g,1,Antiprozoal Agents (Anti-infectives),Unique Pharma
 Prolox,Ciprofloxacin, eye drops, 0.3% 5ml,1,Antibacterials: Floroquinolones (Anti-infectives),Atco Labs
 Hylo-comod,Hyaluronidase, eye drops, 10ml,1,Misc. Agents (Misc. drugs),Ursapharma
 Levopraid,Levosulpride, tabs, 25mg,20,Misc. Agents (Misc. drugs),Pacific Pharma
 Plasenzym,Digestive Enzymes, tabs, -,30,Misc. Agents (Misc. drugs),Pacific Pharma
 Rifin-forte,Rifampicin/isoniazid/pyrazinamide/ethambutol, tabs, 150/75/400/275mg,80,Antitubercular Agents (Anti-infectives),Pacific Pharma
 Rifin,Rifampicin/isoniazid, tabs, 300/150mg,32,Antitubercular Agents (Anti-infectives),Pacific Pharma
 Uraxil Forte,Flavoxate, tabs, 200mg,30,Misc. Agents (Misc. drugs),Pacific Pharma
 Bd Lancets,Surgical Item, inj, -,200,Misc. Agents (Misc. drugs),Eli Lilly & Co
 Bd Insulin Syringes,Surgical Item, -, 1.0ml 100iu,100,Misc. Agents (Misc. drugs),Eli Lilly & Co
 Bd Insulin Syringes,Surgical Item, -, 0.5ml 50iu,100,Misc. Agents (Misc. drugs),Eli Lilly & Co
 Bd Needles,Surgical Item, -, 30g x 8mm,100,Misc. Agents (Misc. drugs),Eli Lilly & Co
 Cialis,Tadalafil, tabs, 20mg,2,"Erectile Dysfunction Agents (Urinary, Obstetrics and Gynaecological agents)",Eli Lilly & Co
 Strattera,Atomoxetine, tabs, 60mg,28,Central Stimulants (CNS agents),Eli Lilly & Co
 Strattera,Atomoxetine, tabs, 40mg,28,Central Stimulants (CNS agents),Eli Lilly & Co
 Strattera,Atomoxetine, tabs, 18mg,28,Central Stimulants (CNS agents),Eli Lilly & Co
 Esmeron,Rocuronium Bromide, inj, 10mg/ml5ml,10,Neuromuscular Blockers (Musculoskeletal agents),Essex (organon Pharma)
 Puregon,Menotrophin, inj, 50iu,1,Hypothalamic/pituitary Hormones (Endocrine system drugs),Essex (organon Pharma)
 Roxydral,Diosmin/hesperidin, tabs, 450/50mg,30,Misc. Agents (Misc. drugs),Proel Pharma
 Losefan,Vitamin D, drops, 2mcg/ml 20ml,1,Vitamins/minerals (Nutrition and blood agents),Proel Pharma
 Precison Link Direct,Lab Items, -, -,1,Misc. Agents (Misc. drugs),Medisense
 Optimum Ketone Strips,Lab Items, -, 1600 8s,1,Misc. Agents (Misc. drugs),Medisense
 Optimum Plus Strips,Lab Items, -, -,1,Misc. Agents (Misc. drugs),Medisense
 Venimmun N,Human Immunoglobulin, inj, 100ml,1,Immunological Agents (Immunological agents),Syner-med Pharma
 Hepatitis B,Hepatitis B Immunoglobulin, inj, 5ml,1,Immunological Agents (Immunological agents),Syner-med Pharma
 Beriate P,Human Coagulation Factor Viii, inj, 500iu 2.5ml,1,Immunological Agents (Immunological agents),Syner-med Pharma
 Berinin P,Human Coagulation Factor Ix, inj, 6000iu 5ml,1,Immunological Agents (Immunological agents),Syner-med Pharma
 Surgical Gloves,Surgical Item, -, pair,1,Misc. Agents (Misc. drugs),Syner-med Pharma
 Latex Exam Gloves,Surgical Item, -, -,100,Misc. Agents (Misc. drugs),Syner-med Pharma
 Neofed,Cold/flu Remedy, syp, 60ml,1,Cold Remedies (Respiratory system drugs),Argos Pharma
 Dermoguard Mixi,Clotrimazole/beclomethasone/gentamicin, cream, 1/0.025/1% 20g,1,Dermatological Agents (Dermatological agents),Argos Pharma
 Cefi-od,Cefixime, tabs, 400mg,20,Antibacterials: Cephalosporins (Anti-infectives),Khandelwal Lab
 Ofla-od,Ofloxacin, tabs, 400mg,100,Antibacterials: Floroquinolones (Anti-infectives),Khandelwal Lab
 Redoxon Double Action,Vitamin/mineral Preparation, tabs, -,30,Vitamins/minerals (Nutrition and blood agents),Eros Ventures
 Airtal,Aceclofenac, tabs, 100mg,40,Nsaids (Musculoskeletal agents),Almirall Prodes
 Pethidine,Pethidine, inj, 50mg,10,Opiod Analgesics (Musculoskeletal agents),Martindale (uk)
 Pethidine,Pethidine, inj, 100mg,10,Opiod Analgesics (Musculoskeletal agents),Martindale (uk)
 Morphine,Morphine, inj, 30mg,10,Opiod Analgesics (Musculoskeletal agents),Martindale (uk)
 Morphine,Morphine, inj, 10mg,10,Opiod Analgesics (Musculoskeletal agents),Martindale (uk)
 Fentanyl,Fentanyl, inj, 100mcg/2ml,10,Opiod Analgesics (Musculoskeletal agents),Martindale (uk)
 Oradex,Oral Rehydration Salts, satchet, 27.9g,25,Antidiarrheorals (Gastrointestinal drugs),Medipharm Ind
 Mycota,Zinc Undecanoate/decanoic Acid, spray, 100ml,1,Dermatological Agents (Dermatological agents),Thornton And Ross
 Sevens Seas Cod Liver Oil (oad) 200mg,Vitamin/mineral Preparation, caps, -,60,Vitamins/minerals (Nutrition and blood agents),Seven Seas Ltd (uk)
 Sevens Seas Cod Liver Oil (oad) 100mg,Vitamin/mineral Preparation, caps, -,60,Vitamins/minerals (Nutrition and blood agents),Seven Seas Ltd (uk)
 Sevens Seas Cod Liver Oil (oad) 100mg,Vitamin/mineral Preparation, caps, -,30,Vitamins/minerals (Nutrition and blood agents),Seven Seas Ltd (uk)
 Sevens Seas Cod Liver Oil,Vitamin/mineral Preparation, caps, -,500,Vitamins/minerals (Nutrition and blood agents),Seven Seas Ltd (uk)
 Sevens Seas Cod Liver Oil,Vitamin/mineral Preparation, caps, -,120,Vitamins/minerals (Nutrition and blood agents),Seven Seas Ltd (uk)
 Sevens Seas Cod Liver Oil,Vitamin/mineral Preparation, caps, -,60,Vitamins/minerals (Nutrition and blood agents),Seven Seas Ltd (uk)
 Sevens Seas Cod Liver Oil (orange),Vitamin/mineral Preparation, syp, 300ml,1,Vitamins/minerals (Nutrition and blood agents),Seven Seas Ltd (uk)
 Sevens Seas Cod Liver Oil (orange),Vitamin/mineral Preparation, syp, 150ml,1,Vitamins/minerals (Nutrition and blood agents),Seven Seas Ltd (uk)
 Sevens Seas Cod Liver Oil,Vitamin/mineral Preparation, syp, 450ml,1,Vitamins/minerals (Nutrition and blood agents),Seven Seas Ltd (uk)
 Sevens Seas Cod Liver Oil (cherry),Vitamin/mineral Preparation, syp, 170ml,1,Vitamins/minerals (Nutrition and blood agents),Seven Seas Ltd (uk)
 Sevens Seas Cod Liver Oil,Vitamin/mineral Preparation, syp, 170ml,1,Vitamins/minerals (Nutrition and blood agents),Seven Seas Ltd (uk)
 Sevens Seas Cod Liver Oil,Vitamin/mineral Preparation, syp, 100ml,1,Vitamins/minerals (Nutrition and blood agents),Seven Seas Ltd (uk)
 Seven Seas Projoint,Vitamin/mineral Preparation, caps, -,30,Vitamins/minerals (Nutrition and blood agents),Seven Seas Ltd (uk)
 Seven Seas + Chondroitin + Glucosmanie,Vitamin/mineral Preparation, caps, -,30,Vitamins/minerals (Nutrition and blood agents),Seven Seas Ltd (uk)
 Seven Seas Clo + Vitamins,Vitamin/mineral Preparation, caps, -,30,Vitamins/minerals (Nutrition and blood agents),Seven Seas Ltd (uk)
 Seven Seas Clo + Calcium,Vitamin/mineral Preparation, caps, -,30,Vitamins/minerals (Nutrition and blood agents),Seven Seas Ltd (uk)
 Paracetamol Denk,Paracetamol, supp, 250mg,10,Nsaids (Musculoskeletal agents),Denk Pharma
 Nifedi-denk,Nifedipine, caps, 10mg,100,Calcium Channel Blokers (Cardiovascular drugs),Denk Pharma
 Antinal,Nifuroxazide, caps, 200mg,12,Antibacterials: Others (Anti-infectives),Amoun Pharma
 Vitamount With Antioxidants,Vitamin/mineral Preparation, tabs, -,10,Vitamins/minerals (Nutrition and blood agents),Amoun Pharma
 Vitamount For Women,Vitamin/mineral Preparation, tabs, -,10,Vitamins/minerals (Nutrition and blood agents),Amoun Pharma
 Vitamount For Men,Vitamin/mineral Preparation, tabs, -,10,Vitamins/minerals (Nutrition and blood agents),Amoun Pharma
 Cal-heparin,Heparin, inj, 5000iu,1,Anticoagulants (Cardiovascular drugs),Amoun Pharma
 Enemax,Enema, liquid, 120ml,1,Misc. Agents (Misc. drugs),Amoun Pharma
 Cipro,Ciprofloxacin, inj, 100ml iv,1,Antibacterials: Floroquinolones (Anti-infectives),Orchid Healthcare
 Azrolid,Azithromycin, tabs, 500mg,3,Antibacterials: Macrolides (Anti-infectives),Amriya Pharma
 Monicort,Miconazole/hydrocortisone, cream, 2/1% 20g,1,Antifungals (Anti-infectives),Pharaonia Pharm
 Fusi-zon,Fusidic Acid/hydrocortisone, cream, 2/1% 15g,1,Dermatological Agents (Dermatological agents),Pharaonia Pharm
 Aqua Gripe,Colic Remedy, syp, 60ml,1,Misc. Agents (Misc. drugs),Pharaonia Pharm
 Pharovit,Vitamin/mineral Preparation, syp, 100ml,1,Vitamins/minerals (Nutrition and blood agents),Pharaonia Pharm
 Guava,Cough Syrup, syp, 120ml,1,Antitussives (Respiratory system drugs),Pharaonia Pharm
 Ceurox,Cefuroxime, tabs, 500mg,10,Antibacterials: Cephalosporins (Anti-infectives),Medley Pharma
 Coldrid,Cold/flu Remedy, tabs, -,90,Cold Remedies (Respiratory system drugs),Medley Pharma
 Rb Tone,Vitamin/mineral Preparation, caps, -,150,Vitamins/minerals (Nutrition and blood agents),Medley Pharma
 Gromin,Vitamin/mineral Preparation, syp, 100ml,1,Vitamins/minerals (Nutrition and blood agents),Medley Pharma
 Encardil,Enalapril, tabs, 5mg,100,Ace Inhibitors (Cardiovascular drugs),Medley Pharma
 Fresha,Antiseptic Mouth Wash, mouth wash, 350ml,1,Disinfectants/antiseptics (Misc. drugs),Jaskam & Co Ltd
 Fresha,Antiseptic Mouth Wash, mouth wash, 100ml,1,Disinfectants/antiseptics (Misc. drugs),Jaskam & Co Ltd
 Futsil,Formaldehyde, solution, 15ml,1,Disinfectants/antiseptics (Misc. drugs),Jaskam & Co Ltd
 Ranophage Od,Metformin, tabs, 500mg,30,Antidiabetics:biguanides (Endocrine system drugs),Ranbaxy Labs
 Enhancin,Amoxicillin/clavulanate, tabs, 1g,12,Antibacterials: Penicillins (Anti-infectives),Ranbaxy Labs
 Enhancin,Amoxicillin/clavulanate, inj, 1.2g,1,Antibacterials: Penicillins (Anti-infectives),Ranbaxy Labs
 Voltaren Emugel,Diclofenac, gel, 1% 20g,1,Nsaids (Musculoskeletal agents),Novartis Cons
 Tavegyl,Clemastine, syp, 0.05mg/ml 100ml,1,Antihistamines (Respiratory system drugs),Novartis Cons
 Spasmo Canulase,(n/a), tabs, -,20,Misc. Agents (Misc. drugs),Novartis Cons
 Otrivin,Xylometazoline (hydrochloride), spray, 1% 10ml,1,Sympathomimetics (Cardiovascular drugs),Novartis Cons
 Thiobactin,Thiamphenicol, inj, 750mg/5ml,1,Antibacterials: Chloramphenicol (Anti-infectives),Sanofi-aventis
 Thiobactin,Thiamphenicol, tabs, 500mg,24,Antibacterials: Chloramphenicol (Anti-infectives),Sanofi-aventis
 Thiobactin,Thiamphenicol, tabs, 250mg,16,Antibacterials: Chloramphenicol (Anti-infectives),Sanofi-aventis
 Protamine Sulphate,Protamine Sulphate, inj, 10ml,1,Antiretrovirals (Anti-infectives),Sanofi-aventis
 No-spa,Drotaverine, inj, 40mg/2ml,5,Antimuscarinic Drugs (Gastrointestinal drugs),Sanofi-aventis
 No-spa,Drotaverine, tabs, 40mg,100,Antimuscarinic Drugs (Gastrointestinal drugs),Sanofi-aventis
 Ercefuryl,Nifuroxazide, syp, 90ml,1,Antibacterials: Others (Anti-infectives),Sanofi-aventis
 Omizac,Omeprazole, caps, 20mg,100,Proton Pump Inhibitors (Gastrointestinal drugs),Torrent Ltd
 Feliz,Citalopram, tabs, 20mg,30,Ssris (CNS agents),Torrent Ltd
 Deplatt,Clopidogrel, tabs, 75mg,30,Antiplatelet Drugs (Cardiovascular drugs),Torrent Ltd
 Penamox,Amoxiciillin, syp, 250mg/5ml 100ml,1,Antibacterials: Penicillins (Anti-infectives),Glaxosmithkline (hsa)
 Eskadox,Doxycycline, caps, 100mg,1000,Antibacterials: Tetracyclines (Anti-infectives),Glaxosmithkline (hsa)
 Cotreich,Trimethorpim/sulphamethoxazole, tabs, 480mg (b/pack),1000,Antibacterials: Co-trimoxazoles (Anti-infectives),Glaxosmithkline (hsa)
 Cotreich Ds,Trimethorpim/sulphamethoxazole, tabs, 960mg,100,Antibacterials: Co-trimoxazoles (Anti-infectives),Glaxosmithkline (hsa)
 Zagole,Metronidazole, syp, 200mg/5ml 100ml,1,Antiprozoal Agents (Anti-infectives),Glaxosmithkline (hsa)
 Meditrol,Vitamin D, caps, 0.25mg,30,Vitamins/minerals (Nutrition and blood agents),Mega
 Giloba,Vitamin/mineral Preparation, caps, 40mg,30,Vitamins/minerals (Nutrition and blood agents),Mega
 Marcofen,Ibuprofen, syp, 100mg/5ml 120ml,1,Nsaids (Musculoskeletal agents),Glaxosmithkline (egy)
 Marcofen,Ibuprofen, syp, 100mg/5ml 60ml,1,Nsaids (Musculoskeletal agents),Glaxosmithkline (egy)
 Zocin,Azithromycin, syp, 200mg/5ml 15ml,1,Antibacterials: Macrolides (Anti-infectives),Advanced Pharma
 Amitrox,Acyclovir, cream, 5% 10g,1,Antiviral Agents (Anti-infectives),Pharmathen
 Stradumel,Allopurinol, tabs, 300mg,28,Antigout Agents (Musculoskeletal agents),Pharmathen
 Stradumel,Allopurinol, tabs, 100mg,25,Antigout Agents (Musculoskeletal agents),Pharmathen
 Vitiron,Vitamin/mineral Preparation, caps, -,10,Vitamins/minerals (Nutrition and blood agents),Mepha
 Myclav,Amoxicillin/clavulanate, tabs, 625mg,14,Antibacterials: Penicillins (Anti-infectives),Unichem Labs
 Myclav,Amoxicillin/clavulanate, tabs, 375mg,6,Antibacterials: Penicillins (Anti-infectives),Unichem Labs
 Zidolam,Lamivudine/zidovudine, tabs, 150/300mg,60,Antiretrovirals (Anti-infectives),Hetero Drugs Ltd
 Zido-h,Zidovudine, tabs, 300mg,60,Antiretrovirals (Anti-infectives),Hetero Drugs Ltd
 Stag,Stavudine, caps, 40mg,60,Antiretrovirals (Anti-infectives),Hetero Drugs Ltd
 Stag,Stavudine, caps, 30mg,60,Antiretrovirals (Anti-infectives),Hetero Drugs Ltd
 Nevivir,Nevirapine, tabs, 200mg,60,Antiretrovirals (Anti-infectives),Hetero Drugs Ltd
 Nevilast 40,Lamivudine/stavudine/nevirapine, tabs, 150/40/200,60,Antiretrovirals (Anti-infectives),Hetero Drugs Ltd
 Nevilast 30,Lamivudine/stavudine/nevirapine, tabs, 150/30/200mg,60,Antiretrovirals (Anti-infectives),Hetero Drugs Ltd
 Indivir,Indinavir, caps, 400mg,180,Antiretrovirals (Anti-infectives),Hetero Drugs Ltd
 Heptavir,Lamivudine, tabs, 150mg,60,Antiretrovirals (Anti-infectives),Hetero Drugs Ltd
 Rimodar,Sulfadoxine/pyrimethamine, tabs, 500/25mg,3,Antimalarials (Anti-infectives),Anglo French
 Beplex Forte,Vitamin B/c (high Potency), inj, 2ml,1,Vitamins/minerals (Nutrition and blood agents),Anglo French
 Zytaz,Ceftazidime, inj, 1g,1,Antibacterials: Cephalosporins (Anti-infectives),Cadila Pharma
 Zyquin,Gatifloxacin, tabs, 400mg,20,Antibacterials: Floroquinolones (Anti-infectives),Cadila Pharma
 Tiniba,Tinidazole, tabs, 500mg,240,Antiprozoal Agents (Anti-infectives),"Zydus Cadila H/care, India"
 Sugar Free,Aspartame, tabs, -,100,Misc. Agents (Misc. drugs),"Zydus Cadila H/care, India"
 R-loc,Ranitidine, tabs, 150mg,100,H-2 Receptor Antagonists (Gastrointestinal drugs),"Zydus Cadila H/care, India"
 Lyssavac,Rabies Vaccine, inj, -,1,Immunological Agents (Immunological agents),"Zydus Cadila H/care, India"
 Losacar H,Losartan/hydrochlorthiazide, tabs, 50/12.5mg,30,Angiotensin Ii Rec. Antagonists (Cardiovascular drugs),"Zydus Cadila H/care, India"
 Losacar,Losartan, tabs, 50mg,30,Angiotensin Ii Rec. Antagonists (Cardiovascular drugs),"Zydus Cadila H/care, India"
 Dexona,Dexamethasone, inj, 4mg,5,Corticosteroids (Endocrine system drugs),"Zydus Cadila H/care, India"
 Bql,Enalapril, tabs, 10mg,100,Ace Inhibitors (Cardiovascular drugs),Cadila Pharma
 Atorva,Atorvastatin, tabs, 20mg,30,Statins (Cardiovascular drugs),"Zydus Cadila H/care, India"
 Atorva,Atorvastatin, tabs, 10mg,30,Statins (Cardiovascular drugs),"Zydus Cadila H/care, India"
 Softovac,Herbal Remedy, powder, -,1,Misc. Agents (Misc. drugs),Lupin Labs
 Odoxil,Cefadroxil, syp, 125mg/5ml 100ml,1,Antibacterials: Cephalosporins (Anti-infectives),Lupin Labs
 Odoxil,Cefadroxil, tabs, 500mg,100,Antibacterials: Cephalosporins (Anti-infectives),Lupin Labs
 Combunex,Isoniazid/ethambutol, tabs, 800/300mg,100,Antitubercular Agents (Anti-infectives),Lupin Labs
 Cefaxone,Ceftriaxone, inj, 1g,1,Antibacterials: Cephalosporins (Anti-infectives),Shing Poong
 Cafaxone,Ceftriaxone, inj, 250mg,1,Antibacterials: Cephalosporins (Anti-infectives),Lupin Labs
 Akurit 4,Rifampicin/isoniazid/pyrazinamide/ethambutol, tabs, 150/75/275/400mg,90,Antitubercular Agents (Anti-infectives),Lupin Labs
 Tetanus Toxoid,Tetanus Toxoid, inj, 20 doses,1,Immunological Agents (Immunological agents),Serum Institute
 Tetanus Toxoid,Tetanus Toxoid, inj, 10 doses,1,Immunological Agents (Immunological agents),Serum Institute
 Fav Africa,Anti-snake Venom, inj, 10ml,1,Chelating Agents/antidotes (Misc. drugs),Pasteur Merieux
 Abact,Ciprofloxacin, tabs, 500mg,10,Antibacterials: Floroquinolones (Anti-infectives),Sarabhai (india)
 Abact,Ciprofloxacin, tabs, 250mg,10,Antibacterials: Floroquinolones (Anti-infectives),Sarabhai (india)
 Azisara,Azithromycin, caps, 250mg,6,Antibacterials: Macrolides (Anti-infectives),Sarabhai (india)
 Artemedine,Artemether, tabs, 50mg,12,Antimalarials (Anti-infectives),Kunming Pharma
 Fexet,Fexofenadine, tabs, 180mg,20,Antihistamines (Respiratory system drugs),Getz Pharma Ltd
 Fexet,Fexofenadine, tabs, 120mg,20,Antihistamines (Respiratory system drugs),Getz Pharma Ltd
 Fexet,Fexofenadine, tabs, 60mg,10,Antihistamines (Respiratory system drugs),Getz Pharma Ltd
 Claritek,Clarithromycin, tabs, 500mg,10,Antibacterials: Macrolides (Anti-infectives),Getz Pharma Ltd
 Claritek,Clarithromycin, tabs, 250mg,10,Antibacterials: Macrolides (Anti-infectives),Getz Pharma Ltd
 Ziferrin Tr,Vitamin/mineral Preparation, caps, -,30,Vitamins/minerals (Nutrition and blood agents),Recon Ltd
 Lizolid,Linezolid, tabs, 600mg,12,Antibacterials: Others (Anti-infectives),Glenmark Pharma
 Kefnir,Cefdinir, caps, 300mg,12,Antibacterials: Cephalosporins (Anti-infectives),Glenmark Pharma
 Kefnir,Cefdinir, syp, 125mg/5ml 60ml,1,Antibacterials: Cephalosporins (Anti-infectives),Glenmark Pharma
 Candid,Clotrimazole, spray, 1% 50ml,1,Antifungals (Anti-infectives),Glenmark Pharma
 Momate,Mometasone, oint, 15g,1,Corticosteroids (Endocrine system drugs),Glenmark Pharma
 Momate,Mometasone, cream, 15g,1,Corticosteroids (Endocrine system drugs),Glenmark Pharma
 Glevonix,Levofloxacin, tabs, 250mg,5,Antibacterials: Floroquinolones (Anti-infectives),Glenmark Pharma
 Glevonix,Levofloxacin, tabs, 500mg,10,Antibacterials: Floroquinolones (Anti-infectives),Glenmark Pharma
 Tentex Royal,Herbal Remedy, caps, -,100,Misc. Agents (Misc. drugs),Himalaya Drug Co
 Tentex Forte,Herbal Remedy, tabs, -,50,Misc. Agents (Misc. drugs),Himalaya Drug Co
 Tentex Forte,Herbal Remedy, tabs, -,100,Misc. Agents (Misc. drugs),Himalaya Drug Co
 Septilin,Herbal Remedy, tabs, -,100,Misc. Agents (Misc. drugs),Himalaya Drug Co
 Pilex,Herbal Remedy, tabs, -,100,Misc. Agents (Misc. drugs),Himalaya Drug Co
 Pilex,Herbal Remedy, oint, 30g,1,Misc. Agents (Misc. drugs),Himalaya Drug Co
 Neem,Herbal Remedy, caps, -,60,Misc. Agents (Misc. drugs),Himalaya Drug Co
 Mentat,Herbal Remedy, tabs, -,50,Misc. Agents (Misc. drugs),Himalaya Drug Co
 Liv-52,Herbal Remedy, tabs, -,100,Misc. Agents (Misc. drugs),Himalaya Drug Co
 Himcolin,Herbal Remedy, gel, 30g,1,Misc. Agents (Misc. drugs),Himalaya Drug Co
 Herbolax,Herbal Remedy, tabs, -,100,Misc. Agents (Misc. drugs),Himalaya Drug Co
 Geriforte,Vitamin/mineral Preparation, tabs, -,100,Vitamins/minerals (Nutrition and blood agents),Himalaya Drug Co
 Gasex,Herbal Remedy, tabs, -,100,Misc. Agents (Misc. drugs),Himalaya Drug Co
 Garlic Pearls,Herbal Remedy, caps, -,30,Misc. Agents (Misc. drugs),Himalaya Drug Co
 Evecare,Herbal Remedy, caps, -,30,Misc. Agents (Misc. drugs),Himalaya Drug Co
 Digestive,Herbal Remedy, caps, -,60,Misc. Agents (Misc. drugs),Himalaya Drug Co
 Confido,Herbal Remedy, tabs, -,60,Misc. Agents (Misc. drugs),Himalaya Drug Co
 Ayurslim,Herbal Remedy, caps, -,60,Misc. Agents (Misc. drugs),Himalaya Drug Co
 Abana,Herbal Remedy, tabs, -,50,Misc. Agents (Misc. drugs),Himalaya Drug Co
 Amyn,Amoxiciillin, syp, 125mg/5ml,1,Antibacterials: Penicillins (Anti-infectives),Kopran
 Amyn,Amoxiciillin, caps, 250mg,1000,Antibacterials: Penicillins (Anti-infectives),Kopran
 Insulidd-l/n/30/70,Insulin, inj, 10ml vial,1,Antidiabetics: Insulin (Endocrine system drugs),M J Biopharm
 Ampl M Hiv Ultra Kit,Lab Items, -, -,1,Misc. Agents (Misc. drugs),Roche Diagnostics
 Glucotest,Lab Items, -, -,50,Misc. Agents (Misc. drugs),Roche Diagnostics
 Cofta,Cough Syrup, tabs, -,100,Antitussives (Respiratory system drugs),Glaxosmithkline Pharma
 Panadol Extra,Paracetamol/caffeine, tabs, 500/65mg,20,Nsaids (Musculoskeletal agents),Glaxosmithkline Pharma
 Colief,Colic Remedy, drops, 7ml,1,Misc. Agents (Misc. drugs),Crosscare Ltd
 Armed Forces Lipbalm,(n/a), -, 4.5g,1,Misc. Agents (Misc. drugs),Apex Global
 Junior Roll-on Repellent,(n/a), -, 50ml,1,Misc. Agents (Misc. drugs),Apex Global
 Zinc Oxide Strapping,Surgical Item, -, 50mm x 4.5m,1,Misc. Agents (Misc. drugs),Bsn Medical
 Tensoplast Adhesive Bandage,Surgical Item, -, 100mm x 4.5m,1,Misc. Agents (Misc. drugs),Bsn Medical
 Tensoplast Adhesive Bandage,Surgical Item, -, 75mm x 4.5m,1,Misc. Agents (Misc. drugs),Bsn Medical
 Tensoplast Adhesive Bandage,Surgical Item, -, 50mm x 4.5m,1,Misc. Agents (Misc. drugs),Bsn Medical
 Waterproof Tape,Surgical Item, -, 75mm x 5m,1,Misc. Agents (Misc. drugs),Bsn Medical
 Waterproof Tape,Surgical Item, -, 50mm x 5m,1,Misc. Agents (Misc. drugs),Bsn Medical
 Waterproof Tape,Surgical Item, -, 25mm x 5m,1,Misc. Agents (Misc. drugs),Bsn Medical
 Albupore Paper Tape,Surgical Item, -, 50mm x 9.2m,1,Misc. Agents (Misc. drugs),Bsn Medical
 Albupore Paper Tape,Surgical Item, -, 25mm x 9.2m,1,Misc. Agents (Misc. drugs),Bsn Medical
 Albupore Paper Tape,Surgical Item, -, 25mm x 5.0m,1,Misc. Agents (Misc. drugs),Bsn Medical
 Albufilm Tape,Surgical Item, -, 50mm x 9.2m,1,Misc. Agents (Misc. drugs),Bsn Medical
 Albufilm Tape,Surgical Item, -, 25mm x 9.2m,1,Misc. Agents (Misc. drugs),Bsn Medical
 Articat Casting Bandage,Surgical Item, -, 125mm x 3.6m,1,Misc. Agents (Misc. drugs),Bsn Medical
 Articast Casting Bandage,Surgical Item, -, 100mm x 3.6m,1,Misc. Agents (Misc. drugs),Bsn Medical
 Sterile Swabs,Surgical Item, -, 100mm x 100mm,5,Misc. Agents (Misc. drugs),Bsn Medical
 Filmated Swabs,Surgical Item, -, 75 x 75mm,10,Misc. Agents (Misc. drugs),Bsn Medical
 Sa Crepe Bandage,Surgical Item, -, 150mm x 1.4m,4,Misc. Agents (Misc. drugs),Bsn Medical
 Sa Crepe Bandage,Surgical Item, -, 100mm x 1.4m,4,Misc. Agents (Misc. drugs),Bsn Medical
 Sa Crepe Bandage,Surgical Item, -, 75mm x 1.4m,4,Misc. Agents (Misc. drugs),Bsn Medical
 Crepe Bandage,Surgical Item, -, 150mm x 4m,1,Misc. Agents (Misc. drugs),Bsn Medical
 Crepe Bandage,Surgical Item, -, 100mm x 4m,1,Misc. Agents (Misc. drugs),Bsn Medical
 Crepe Bandage,Surgical Item, -, 75mm x 4m,1,Misc. Agents (Misc. drugs),Bsn Medical
 Crepe Bandage,Surgical Item, -, 50mm x 4m,1,Misc. Agents (Misc. drugs),Bsn Medical
 Absorbent Dressing,Surgical Item, -, 200 x 300mm,25,Misc. Agents (Misc. drugs),Bsn Medical
 Absorbent Dressing,Surgical Item, -, 100 x 200mm,50,Misc. Agents (Misc. drugs),Bsn Medical
 Sterile Eye Pad,Surgical Item, -, -,1,Misc. Agents (Misc. drugs),Bsn Medical
 Mavik,Trandolapril, tabs, 2mg,30,Ace Inhibitors (Cardiovascular drugs),Abbott (usa)
 Mavik,Trandolapril, tabs, 0.5mg,30,Ace Inhibitors (Cardiovascular drugs),Abbott (usa)
 Royal Vit G,Vitamin/mineral Preparation, caps, -,20,Vitamins/minerals (Nutrition and blood agents),Sedico Pharma
 Rheumarene,Diclofenac, gel, 20g,1,Nsaids (Musculoskeletal agents),Sedico Pharma
 Rheumarene,Diclofenac, tabs, 50mg,20,Nsaids (Musculoskeletal agents),Sedico Pharma
 Feldoral,Piroxicam, caps, 20mg,10,Nsaids (Musculoskeletal agents),Sedico Pharma
 Furamebe,Diloxanide/metronidazole, tabs, 250/200mg,20,Antiprozoal Agents (Anti-infectives),Sedico Pharma
 Priorix,Mmr Vaccine, inj, 0.5ml,1,Immunological Agents (Immunological agents),Glaxosmithkline Pharma
 Peak Flow Meter,(n/a), inhaler, -,1,Misc. Agents (Misc. drugs),Glaxosmithkline Pharma
 Lapdap Adult,Chlorproguanil/dapsone, tabs, 80/100mg,6,Antimalarials (Anti-infectives),Glaxosmithkline Pharma
 Elyclob G,Clobetasol/gentamicin, cream, 15g,1,Dermatological Agents (Dermatological agents),Elys Chemical
 Elsor,Antacid, gel, 100ml,1,Antacids (Gastrointestinal drugs),Neema Pharmacy
 Ebast,Ebastine, tabs, 10mg,10,Antihistamines (Respiratory system drugs),Micro Exports
 Earklin,Wax Solvent, ear drops, 10ml,1,Misc. Agents (Misc. drugs),Neema Pharmacy
 Earache,(n/a), ear drops, 7ml,1,Misc. Agents (Misc. drugs),Metro Pharma
 E-pril,Enalapril, tabs, 10mg,50,Ace Inhibitors (Cardiovascular drugs),Orchid Healthcare
 Difisal Sr,Diclofenac, tabs, 100mg,100,Nsaids (Musculoskeletal agents),C. Mehta & Co
 Diamox,Acetazolamide, tabs, 250mg,25,Carbonic Anhydrase Inhibitors (Cardiovascular drugs),Wyeth Sa
 Clomid,Clomiphene, tabs, 50mg,10,Antioestrogens (Endocrine system drugs),Laborex Kenya
 Ceflorex,Cefixime, syp, 35mls,1,Antibacterials: Cephalosporins (Anti-infectives),Pdh Pharma
 Campillin,Ampicillin, susp, 100ml,1,Antibacterials: Penicillins (Anti-infectives),Cosmos Ltd
 Calcium Gluconate,Calcium Gluconate, tabs,,84,Vitamins/minerals (Nutrition and blood agents),Metro Pharma
 Bronyl,Cough Expectorant, tabs,,100,Mucolytics/expectorants (Respiratory system drugs),Coral India (dwd)
 Bricanyl,Terbutaline, turbohaler, 0.5mcg/200doses,1,Selective Beta-2 Agonists (Respiratory system drugs),Astrazeneca
 Bricanyl,Terbutaline, nebulizer, 2.5mg/ml20*2,1,Selective Beta-2 Agonists (Respiratory system drugs),Astrazeneca
 Boric Acid,Boric Acid, powder, 100mg,1,Disinfectants/antiseptics (Misc. drugs),Metro Pharma
 Bisacodyl,Bisacodyl, supp, 10mg,12,Laxatives (Gastrointestinal drugs),Metro Pharma
 Bisacodyl,Bisacodyl, tabs, 5mg,1000,Laxatives (Gastrointestinal drugs),Metro Pharma
 Betrozole,Diloxanide/metronidazole, syp, 60ml,1,Antiprozoal Agents (Anti-infectives),Beta Healthcare
 Betavit Plus,Vitamin B1/b6/b12, caps,,100,Vitamins/minerals (Nutrition and blood agents),Cipla Ltd
 Betafen Plus,Paracetamol/promethazine, syp, 60mls,1,Cold Remedies (Respiratory system drugs),Beta Healthcare
 Benaworm,Albendazole, tabs, 200mg,2,Anthelmintics (Anti-infectives),Benmed Pharmaceuticals
 Benacoff Sugarfree,Cough Syrup, syp, 100ml,1,Antitussives (Respiratory system drugs),Sphinx Pharma
 Beechams Hot Lemon,Cold/flu Remedy, satchet,,5,Cold Remedies (Respiratory system drugs),Glaxosmithkline Pharma
 Becloforte,Beclomethasone, inhaler, 80doses,1,Corticosteroids (Endocrine system drugs),Glaxosmithkline (egy)
 Bakagesic,Nimesulide, tabs, 100mg,50,Nsaids (Musculoskeletal agents),Globe Pharmacy Ltd
 Baclofen,Baclofen, tabs, 10mg,84,Skeletal Muscle Relaxants (Musculoskeletal agents),Cox Pharma
 Bab Eze,Colic Remedy, drops, 15mls,1,Misc. Agents (Misc. drugs),Metro Pharma
 Thiopental,Thiopentone Sodium, inj, 500mg/10ml,1,General Anaesthetics (CNS agents),Nicholas Piramal
 Gluformin,Metformin, tabs, 850mg,100,Antidiabetics:biguanides (Endocrine system drugs),Nicholas Piramal
 Gluformin,Metformin, tabs, 500mg,100,Antidiabetics:biguanides (Endocrine system drugs),Nicholas Piramal
 Isoflurane,Isoflurane, liquid, 250ml,1,General Anaesthetics (CNS agents),Abbott (usa)
 Erimal Child,Artesunate/amodiaquine, tabs, 50/153.1mg,6,Antimalarials (Anti-infectives),Erica Pharma Pvt
 Erimal,Artesunate/amodiaquine, caps, 100/300mg,6,Antimalarials (Anti-infectives),Erica Pharma Pvt
 Cimetidine,Cimetidine, tabs, 400mg,100,H-2 Receptor Antagonists (Gastrointestinal drugs),Erica Pharma Pvt
 Carbamazepine,Carbamazepine, tabs, 200mg,100,Antiepileptics (CNS agents),Erica Pharma Pvt
 Traxol,Ceftriaxone, inj, 1g,1,Antibacterials: Cephalosporins (Anti-infectives),Cachet Pharma Pvt
 Loobid,Ofloxacin/ornidazole, susp, 50/125mg/5ml 30ml,1,Misc. Agents (Misc. drugs),Cachet Pharma Pvt
 Loobid,Ofloxacin/ornidazole, tabs, 200/500mg,10,Misc. Agents (Misc. drugs),Cachet Pharma Pvt
 Emitino,Ondansetron, inj, 4mg/2ml,1,Antiemetics (Gastrointestinal drugs),Cachet Pharma Pvt
 Emitino,Ondansetron, susp, 2mg/15ml 30ml,1,Antiemetics (Gastrointestinal drugs),Cachet Pharma Pvt
 Emitino,Ondansetron, tabs, 4mg,10,Antiemetics (Gastrointestinal drugs),Cachet Pharma Pvt
 Canem,Meropenem, inj, 1g,1,Antibacterials: Others (Anti-infectives),Cachet Pharma Pvt
 Canem,Meropenem, inj, 500mg,1,Antibacterials: Others (Anti-infectives),Cachet Pharma Pvt
 Acinet,Amoxicillin/clavulanate, inj, 600 mg,1,Antibacterials: Penicillins (Anti-infectives),Cachet Pharma Pvt
 Acinet,Amoxicillin/clavulanate, inj, 1.2g,1,Antibacterials: Penicillins (Anti-infectives),Cachet Pharma Pvt
 Acinet,Amoxicillin/clavulanate, susp, 228mg/5ml 100ml,1,Antibacterials: Penicillins (Anti-infectives),Cachet Pharma Pvt
 Acinet,Amoxicillin/clavulanate, susp, 156mg/5ml 100ml,1,Antibacterials: Penicillins (Anti-infectives),Cachet Pharma Pvt
 Acinet,Amoxicillin/clavulanate, tabs, 1g,10,Antibacterials: Penicillins (Anti-infectives),Cachet Pharma Pvt
 Acinet,Amoxicillin/clavulanate, tabs, 625mg,10,Antibacterials: Penicillins (Anti-infectives),Cachet Pharma Pvt
 Acinet,Amoxicillin/clavulanate, tabs, 375mg,10,Antibacterials: Penicillins (Anti-infectives),Cachet Pharma Pvt
 Zolocan,Fluconazole, caps, 150mg,2,Antifungals (Anti-infectives),Meyer Organics
 Candimale,Ornidazole/metronidazole, cream, 2/2% 15g,1,Antiprozoal Agents (Anti-infectives),Meyer Organics
 Candifem,Ornidazole/metronidazole, vaginal tab, 500/100mg,6,Antiprozoal Agents (Anti-infectives),Meyer Organics
 Lactulin,Lactulose, susp, 10mg/15ml 100ml,1,Laxatives (Gastrointestinal drugs),Meyer Organics
 Zedcal Op,Vitamin/mineral Preparation, tabs, -,30,Vitamins/minerals (Nutrition and blood agents),Meyer Organics
 Becoactin,Vitamin/mineral Preparation, tabs, -,30,Vitamins/minerals (Nutrition and blood agents),Meyer Organics
 Velredin,Diclofenac, tabs, 100mg,100,Nsaids (Musculoskeletal agents),Prism Life Sciences
 Provator,Atorvastatin, tabs, 20mg,30,Statins (Cardiovascular drugs),Prism Life Sciences
 Provator,Atorvastatin, tabs, 10mg,30,Statins (Cardiovascular drugs),Prism Life Sciences
 Pris-appetti,Cyproheptadine, tabs, 4mg,100,Antihistamines (Respiratory system drugs),Prism Life Sciences
 Orthofen,Aceclofenac, tabs, 100mg,30,Nsaids (Musculoskeletal agents),Prism Life Sciences
 Nifelong La,Nifedipine, tabs, 30mg,100,Calcium Channel Blokers (Cardiovascular drugs),Prism Life Sciences
 Nifelong La,Nifedipine, tabs, 20mg,100,Calcium Channel Blokers (Cardiovascular drugs),Prism Life Sciences
 Ferrose,Iron Sucrose, inj, 50mg/2.5 ml,1,Haematinics/iron Preparations (Nutrition and blood agents),Prism Life Sciences
 Ezetor,Ezetimibe/atorvastatin, tabs, 10/10 mg,30,Statins (Cardiovascular drugs),Prism Life Sciences
 Esonium,Esomeprazole, inj, 40mg,1,Proton Pump Inhibitors (Gastrointestinal drugs),Prism Life Sciences
 Memory Sharp,Vitamin/mineral Preparation, caps, -,30,Vitamins/minerals (Nutrition and blood agents),Nabros Pharma Products
 Heel,Urea/phospholipids, cream, 25/25% 30g,1,Misc. Agents (Misc. drugs),Nabros Pharma Products
 Enamina Blood Tonic,Iron/haematinic Preparation, liquid, 100ml,1,Haematinics/iron Preparations (Nutrition and blood agents),Nabros Pharma Products
 Febricol,Cold/flu Remedy, tabs, -,10,Cold Remedies (Respiratory system drugs),"Xepa-soul, Malaysia"
 Tussidex Forte,Cough Syrup, syp, 120ml,1,Antitussives (Respiratory system drugs),"Xepa-soul, Malaysia"
 Dextracin,Dexamethasone/neomycin, eye drops, 0.1/0.5% 15ml,1,Eye/ear/nose Preparations (Eye ENT agents),"Xepa-soul, Malaysia"
 Omevas,Omeprazole, caps, 20mg,50,Proton Pump Inhibitors (Gastrointestinal drugs),General Pharma Ltd
 Gencard,Amlodipine, tabs, 5mg,30,Calcium Channel Blokers (Cardiovascular drugs),General Pharma Ltd
 Azomac,Azithromycin, susp, 200mg/5ml 15ml,1,Antibacterials: Macrolides (Anti-infectives),General Pharma Ltd
 Azomac,Azithromycin, tabs, 500mg,3,Antibacterials: Macrolides (Anti-infectives),General Pharma Ltd
 Anticox Ii,Meloxicam, inj, 15mg,3,Nsaids (Musculoskeletal agents),Egyptian Co For Chem & Pharm
 Amlosun,Amlodipine, tabs, 10mg,30,Calcium Channel Blokers (Cardiovascular drugs),Sun Pharma
 Ambrox,Ambroxol, syp, 100ml,1,Mucolytics/expectorants (Respiratory system drugs),Square Pharmaceuticals
 Ambezim G,Digestive Enzymes, tabs, -,20,Misc. Agents (Misc. drugs),Global Napi Pharma
 Amadol Sr,Tramadol, tabs, 100mg,10,Opiod Analgesics (Musculoskeletal agents),Adwia Sae
 Altivite,Vitamin/mineral Preparation, syp, 60ml,1,Vitamins/minerals (Nutrition and blood agents),Sphinx Pharma
 Allerfast,Fexofenadine, tabs, 120mg,10,Antihistamines (Respiratory system drugs),Khandelwal Lab
 Alcof,Cough Expectorant, syp, 100ml,1,Mucolytics/expectorants (Respiratory system drugs),-
 Acronorm,(n/a), gel, 200ml,1,Misc. Agents (Misc. drugs),Metro Pharma
 Acrin Cold,Cold/flu Remedy, tabs, -,10,Cold Remedies (Respiratory system drugs),Pan Pharma
 Canova,Herbal Remedy, drops, 50ml,1,Misc. Agents (Misc. drugs),Canova H Medicine
 Trioderm,Miconazole/gentamicin/fluocinolone, cream, 2/0.1/0.01% 15g,1,Dermatological Agents (Dermatological agents),Household
 Micovat,Miconazole, pess, 100mg x 6,6,Antifungals (Anti-infectives),Household
 Glutamin,Vitamin/mineral Preparation, tabs, -,30,Vitamins/minerals (Nutrition and blood agents),Household
 Flamoryl,Chlorzoxazone/diclofenac/paracetamol, tabs, 250/50/325mg,10,Skeletal Muscle Relaxants (Musculoskeletal agents),Household
 Accrin Cold,Paracetamol/phenylpropanolamine/caffeine, tabs, 500/25/30mg,10,Cold Remedies (Respiratory system drugs),Household
 Lofnac,Diclofenac, supp, 100mg,10,Nsaids (Musculoskeletal agents),"Bliss Gvs Pharma, India"
 Imazole,Clotrimazole, pess, 100mg,7,Antifungals (Anti-infectives),"Bliss Gvs Pharma, India"
 Gvfluc,Fluconazole, susp, 50mg/5ml 35ml,1,Antifungals (Anti-infectives),"Bliss Gvs Pharma, India"
 Gvfluc,Fluconazole, caps, 200mg,10,Antifungals (Anti-infectives),"Bliss Gvs Pharma, India"
 Gvfluc,Fluconazole, caps, 50mg,10,Antifungals (Anti-infectives),"Bliss Gvs Pharma, India"
 Gvither,Artemether, inj, 40mg/ml,10,Antimalarials (Anti-infectives),"Bliss Gvs Pharma, India"
 Gvither,Artemether, inj, 20mg/ml,10,Antimalarials (Anti-infectives),"Bliss Gvs Pharma, India"
 Lonart,Artemether/lumefantrine, susp, 180/1080mg 60ml,1,Antimalarials (Anti-infectives),"Bliss Gvs Pharma, India"
 Lonart,Artemether/lumefantrine, tabs, 20/120mg,24,Antimalarials (Anti-infectives),"Bliss Gvs Pharma, India"
 P.alaxin,Dihydroartemisinin/piperaquine, tabs, 40/320mg,8,Antimalarials (Anti-infectives),"Bliss Gvs Pharma, India"
 Neopeptine Rb,Digestive Enzymes, drops, 10ml,1,Misc. Agents (Misc. drugs),"Raptakos, Brett"
 Neopeptine,Digestive Enzymes, caps, -,10,Misc. Agents (Misc. drugs),"Raptakos, Brett"
 Neopeptine Rb,Digestive Enzymes, drops, 10ml,1,Misc. Agents (Misc. drugs),"Raptakos, Brett"
 Igol,Ispaghula Husk, satchet, 0.66g,10,Laxatives (Gastrointestinal drugs),"Raptakos, Brett"
 Hepatoglobine,Iron/haematinic Preparation, caps, -,30,Haematinics/iron Preparations (Nutrition and blood agents),"Raptakos, Brett"
 Hovite,Vitamin/mineral Preparation, caps, -,10,Vitamins/minerals (Nutrition and blood agents),"Raptakos, Brett"
 Hovite,Vitamin/mineral Preparation, syp, 120ml,1,Vitamins/minerals (Nutrition and blood agents),"Raptakos, Brett"
 Hovite-z,Vitamin/mineral Preparation, drops, 15ml,1,Vitamins/minerals (Nutrition and blood agents),"Raptakos, Brett"
 Zytee Rb,Choline Salicylate/cetalkonium, gel, 10ml,1,Misc. Agents (Misc. drugs),"Raptakos, Brett"
 Isoflav-cr,Soy Isoflavone, caps, 60mg,10,Misc. Agents (Misc. drugs),"Raptakos, Brett"
 Cusimolol,Timolol, eye drops, 0.5% 5ml,1,Beta-blockers (Cardiovascular drugs),Cusi Alcon (spain)
 Cusimolol,Timolol, eye drops, 0.25% 5ml,1,Beta-blockers (Cardiovascular drugs),Cusi Alcon (spain)
 Celoftal,Artificial Tears, inj, 1.5 ml,1,Eye/ear/nose Preparations (Eye ENT agents),Cusi Alcon (spain)
 Ciprobay Hc Otic,Ciprofloxacin/hydrocortisone, eye drops, 0.2/1 % 10ml,1,Eye/ear/nose Preparations (Eye ENT agents),Cusi Alcon (spain)
 Colitcusi Gentadexa,Dexamethasone/gentamycin, e/e drops, 10ml,1,Dermatological Agents (Dermatological agents),Cusi Alcon (spain)
 Cusi Dexamethasone,Dexamethasone, eye oint, 0.05 % 3g,1,Corticosteroids (Endocrine system drugs),Cusi Alcon (spain)
 Cusi Dexamethasone,Dexamethasone, eye drops, 0.1% 10 ml,1,Corticosteroids (Endocrine system drugs),Cusi Alcon (spain)
 Cusi Chlormaphenicol,Chloramphenicol, eye oint, 1% 3 g,1,Antibacterials: Chloramphenicol (Anti-infectives),Cusi Alcon (spain)
 Cusi Erythromycin,Erythromycin, eye oint, 5mg/3.5g,1,Antibacterials: Macrolides (Anti-infectives),Cusi Alcon (spain)
 Oftamolosa,Gentamicin, eye oint, 0.3% 5 g,1,Antibacterials: Aminoglycoside (Anti-infectives),Cusi Alcon (spain)
 Colircusi Gentamicin,Gentamicin, e/e drops, 0.3 % 10 ml,1,Antibacterials: Aminoglycoside (Anti-infectives),Cusi Alcon (spain)
 Florescite,Vitamin/mineral Preparation, inj, 10%,12,Vitamins/minerals (Nutrition and blood agents),Alcon Pharma
 Icaps,Vitamin/mineral Preparation, tabs, -,60,Vitamins/minerals (Nutrition and blood agents),Alcon Pharma
 Bss Balanced Salt,(n/a), solution, 500ml,1,Misc. Agents (Misc. drugs),Alcon Pharma
 Systane,Artificial Tears, eye drops, 10ml,1,Eye/ear/nose Preparations (Eye ENT agents),Alcon Pharma
 Tears Natural Presv. Free,Artificial Tears, liquid, -,30,Eye/ear/nose Preparations (Eye ENT agents),Alcon Pharma
 Ciprodex,Ciprofloxacin/dexamethasone, eye drops, 0.3/0.1 % 7.5 ml,1,Eye/ear/nose Preparations (Eye ENT agents),Alcon Pharma
 Vigamox,Moxifloxacin, eye drops, 5mg/5ml,1,Antibacterials: Floroquinolones (Anti-infectives),Alcon Pharma
 Parafen,Paracetamol/ibuprofen, syp, 120/100mg 60ml,1,Nsaids (Musculoskeletal agents),Sphinx Pharma
 Fluximor,Flucloxacillin, syp, 125mg/5ml 100ml,1,Antibacterials: Penicillins (Anti-infectives),Sphinx Pharma
 Vitanex,Vitamin/mineral Preparation, syp, 200 ml,1,Vitamins/minerals (Nutrition and blood agents),Sphinx Pharma
 Vitanex,Vitamin/mineral Preparation, drops, 30ml,1,Vitamins/minerals (Nutrition and blood agents),Sphinx Pharma
 Unigan,Hyoscine/paracetamol, tabs, 10/500mg,100,Antimuscarinic Drugs (Gastrointestinal drugs),Unison Labs
 Humulin 70/30,Insulin, inj, 4ml,1,Antidiabetics: Insulin (Endocrine system drugs),Eli Lilly & Co
 Amether Denk,Artemether, syp, 180mg 60ml,1,Antimalarials (Anti-infectives),Denk Pharma
 Vit B-denk,Vit B Complex, tabs, -,100,Vitamins/minerals (Nutrition and blood agents),Denk Pharma
 Ibuprofen Denk,Ibuprofen, tabs, 400mg,100,Nsaids (Musculoskeletal agents),Denk Pharma
 Atenolol Denk,Atenolol, tabs, 50mg,100,Beta-blockers (Cardiovascular drugs),Denk Pharma
 Dekalgin,Apc, tabs, 250/200/50 mg,20,Nsaids (Musculoskeletal agents),Denk Pharma
 Cipro-denk,Ciprofloxacin, tabs, 500mg,10,Antibacterials: Floroquinolones (Anti-infectives),Denk Pharma
 Captopril+hct,Captopril/hydroclorthiaze, tabs, 50/25 mg,100,Ace Inhibitors (Cardiovascular drugs),Denk Pharma
 Zyfoss,Zoledronic Acid, inj, 4mg,1,Biphosphonates (Misc. drugs),Dabur Pharma
 Zorf Plus,Chlorzoxazone/diclofenac/paracetamol, tabs, 500/50/500mg,18,Skeletal Muscle Relaxants (Musculoskeletal agents),Lords Healthcare
 Ziak,Bisoprolol/hydrochlothiazide, tabs, 2.5/6.25mg,30,Beta-blockers (Cardiovascular drugs),Inova Pharma (3m)
 Ziak,Bisoprolol/hydrochlothiazide, tabs, 10/6.25mg,30,Beta-blockers (Cardiovascular drugs),Inova Pharma (3m)
 Zexate,Methotrexate, inj, 50mg/2ml,1,Anticancer/immunosuppressants: Other (Oncology & immunosuppression drugs),Dabur Pharma
 Zedcal,Vitamin/mineral Preparation, tabs, -,30,Vitamins/minerals (Nutrition and blood agents),Meyer Organics
 Zedcal,Vitamin/mineral Preparation, liquid, 200ml,1,Vitamins/minerals (Nutrition and blood agents),Meyer Organics
 Waxout,Wax Solvent, ear drops, 10ml,1,Misc. Agents (Misc. drugs),Neema Pharmacy
 Vagiprost,Misoprostol, vaginal tab, 25mcg,4,Prostagladins & Analogues (Misc. drugs),Adwia Sae
 Terfef,(n/a), tabs, -,100,Misc. Agents (Misc. drugs),Cipla Ltd
 Terbin,Terbinafine, tabs, 250mg,7,Antifungals (Anti-infectives),Global Napi Pharma
 Terbin,Terbinafine, cream, 15g,1,Antifungals (Anti-infectives),Global Napi Pharma
 Tanflox,(n/a), tabs, 400mg,20,Misc. Agents (Misc. drugs),Sun Pharma
 Tacroz Forte,Tacrolimus, oint, 10g,1,Anticancer/immunosuppressants: Other (Oncology & immunosuppression drugs),Glenmark Pharma
 Sofasin,Norfloxacin, tabs, 400mg,14,Antibacterials: Floroquinolones (Anti-infectives),Faran Labs
 Serlin,Sertraline, tabs, 50mg,100,Ssris (CNS agents),"Zydus Cadila H/care, India"
 Sepexin,Ceftibuten, syp, 125mg/5ml 100ml,1,Antibacterials: Cephalosporins (Anti-infectives),C. Mehta & Co
 Sepexin,Ceftibuten, caps, 250mg,100,Antibacterials: Cephalosporins (Anti-infectives),C. Mehta & Co
 Sefaretic,Amiloride/hydrochlorthiazide, tabs, 50/5mg,100,Potassium-sparing Diuretics (Cardiovascular drugs),Unison Labs
 Satrogyl,Satranidazole, tabs, 300mg,30,Antiprozoal Agents (Anti-infectives),Alkem Labs
 Rozavel,Rosuvastatin, tabs, 5mg,30,Statins (Cardiovascular drugs),Sun Pharma
 Roxicef,Cefuroxime, inj, 750mg,10,Antibacterials: Cephalosporins (Anti-infectives),Medreich Sterilab
 Revigin,Vitamin/mineral Preparation, caps, -,30,Vitamins/minerals (Nutrition and blood agents),Ranbaxy Labs
 Resilo,Losartan, tabs, 50mg,20,Angiotensin Ii Rec. Antagonists (Cardiovascular drugs),Dr Reddys Labs
 Rashnil,Herbal Remedy, oint, 30g,1,Misc. Agents (Misc. drugs),Lark Labs
 Quitipin,Quetiapine, tabs, 200mg,30,Antipsychotics (CNS agents),Sun Pharma
 Quitipin,Quetiapine, tabs, 100mg,30,Antipsychotics (CNS agents),Sun Pharma
 Quitipin,Quetiapine, tabs, 50mg,30,Antipsychotics (CNS agents),Sun Pharma
 Proxacin,Ciprofloxacin, tabs, 500mg,10,Antibacterials: Floroquinolones (Anti-infectives),Medreich Sterilab
 Protobex,Vitamin/mineral Preparation, syp, 100ml,1,Vitamins/minerals (Nutrition and blood agents),Centaur Pharma
 Prostin F2,Dinoprost, inj, 5mg/ml,1,Prostagladins & Analogues (Misc. drugs),Pfizer-pharmacia
 Profluc,Fluconazole, pess, -,7,Antifungals (Anti-infectives),Prism Life Sciences
 Proctocool,Compound Antihaemorrhoidal Preparation, cream, 30g,1,Misc. Agents (Misc. drugs),Adcork Ingram
 Priadel,Lithium Carbonate, tabs, 400mg,100,Antipsychotics (CNS agents),Sun Pharma
 Piozer,Pioglitazole, tabs, 30mg,14,Antidiabetics: Other (Endocrine system drugs),Hilton Pharma
 Peloc,Ranitidine, tabs, 150mg,100,H-2 Receptor Antagonists (Gastrointestinal drugs),Shaimil
 Patanol,Olopatadine, eye drops, 5ml,1,Antihistamines (Respiratory system drugs),Alcon Pharma
 Parvolex,Acetlycysteine, inj, -,1,Chelating Agents/antidotes (Misc. drugs),-
 Pantogar,Vitamin/mineral Preparation, caps, -,60,Vitamins/minerals (Nutrition and blood agents),Metro Pharma
 Ovestin,Oestradiol, cream, 15g,1,Oestrogens (Endocrine system drugs),Essex (organon Pharma)
 Osmoteril,Mannitol, inj, 20%,1,Osmotic Diuretics (Cardiovascular drugs),Infusion Kenya
 Osmofundin,Mannitol, inj, 20% 500ml,1,Osmotic Diuretics (Cardiovascular drugs),Harleys Ltd
 Ornich,Ornidazole, tabs, 500mg,10,Antiprozoal Agents (Anti-infectives),Oceanic Helathcare
 Orclen,Tannic Acid/cholinesalicylte/cetrimide, gel, 15ml,1,Misc. Agents (Misc. drugs),Lords Healthcare
 Orap,Pimozide, tabs, 1mg,1,Antipsychotics (CNS agents),Janssen-cilag
 Oraloz,Clotrimazole, lozenges, 10mg,30,Antifungals (Anti-infectives),Alkem Labs
 Ojen,Ofloxacin, tabs, 400mg,100,Antibacterials: Floroquinolones (Anti-infectives),Jenburkt Pharma
 Ocemax,Cefixime, tabs, 200mg,10,Antibacterials: Cephalosporins (Anti-infectives),Cipla Ltd
 Obesta,Sibutramine, tabs, 10mg,30,Misc. Agents (Misc. drugs),Cipla Ltd
 Obesta,Sibutramine, tabs, 5mg,30,Misc. Agents (Misc. drugs),Cipla Ltd
 Nevanac,Nepafenac, eye drops, 0.1% 5ml,1,Nsaids (Musculoskeletal agents),Alcon Pharma
 Netatoz,Nitazoxanide, tabs, 500mg,6,Antiprozoal Agents (Anti-infectives),Sai Pharma
 Mupal,Herbal Remedy, powder, 250mg,1,Misc. Agents (Misc. drugs),-
 Mofic,Meloxicam, tabs, 7.5mg,100,Nsaids (Musculoskeletal agents),Oceanic Helathcare
 Mofic,Meloxicam, tabs, 15mg,100,Nsaids (Musculoskeletal agents),Oceanic Helathcare
 Dawadopa,Methyldopa, tabs, 250mg,100,Cns Alpha Agonists (CNS agents),Dawa Pharmaceuticals
 Merocet Plus,Throat Lozenges, lozenges, -,24,Throat Lozenges (Eye ENT agents),Seton (uk)
 Melix,Glibenclamide, tabs, 5mg,100,Sulphonylureas (Endocrine system drugs),Lagap Sa Switzeland
 Meditral,Calcitriol, caps, 0.25mg,30,Vitamins/minerals (Nutrition and blood agents),Kulal Int
 Lupride,Leuprolide, inj, 3.75mg,1,Anticancer/immunosuppressants: Other (Oncology & immunosuppression drugs),Sun Pharma
 Loxof,Levofloxacin, tabs, 500mg,10,Antibacterials: Floroquinolones (Anti-infectives),Ranbaxy Labs
 Livomyn,Herbal Remedy, syp, 100ml,1,Misc. Agents (Misc. drugs),Charak
 Levox,Levofloxacin, tabs, 500mg,10,Antibacterials: Floroquinolones (Anti-infectives),Cipla Ltd
 Keto Plus,Ketoconazole, shampoo, 120ml,1,Antifungals (Anti-infectives),Lords Healthcare
 Kefurox,Cefuroxime, tabs, 500mg,10,Antibacterials: Cephalosporins (Anti-infectives),Flamingo Impex Pvt
 Kamox Clav,Amoxicillin/clavulanate, tabs, 625,10,Antibacterials: Penicillins (Anti-infectives),Flamingo Impex Pvt
 Juvelon,Herbal Remedy, caps, -,30,Misc. Agents (Misc. drugs),Wockaine (k) Ltd
 Ilentin Regular,Insulin, inj, 100iu,1,Antidiabetics: Insulin (Endocrine system drugs),Eli Lilly & Co
 Ilentin Lente,Insulin, inj, 100iu,1,Antidiabetics: Insulin (Endocrine system drugs),Eli Lilly & Co
 Hyviton,Vitamin/mineral Preparation, syp, 190ml,1,Vitamins/minerals (Nutrition and blood agents),Household
 Hydroderm,(n/a), cream, 30g,1,Misc. Agents (Misc. drugs),Kulal Int
 Histacet,Cetirizine, tabs, 10mg,20,Antihistamines (Respiratory system drugs),Medreich Sterilab
 Glizigen,Herbal Remedy, spray, 60ml,1,Misc. Agents (Misc. drugs),Catalysis
 Genozyme,Digestive Enzymes, syp, 200ml,1,Misc. Agents (Misc. drugs),Geno Pharma
 Gativit,Gatifloxacin, tabs, 400mg,6,Antibacterials: Floroquinolones (Anti-infectives),Aim International Pharm
 Gacet,Paracetamol, supp, 250mg,10,Nsaids (Musculoskeletal agents),"Bliss Gvs Pharma, India"
 Gacet,Paracetamol, supp, 125mg,10,Nsaids (Musculoskeletal agents),"Bliss Gvs Pharma, India"
 Fluzon,Fluconazole, infusion, 2mg/ml 100ml,1,Antifungals (Anti-infectives),Cadila Pharma
 Fevril,Paracetamol/promethazine, susp, 60ml,1,Cold Remedies (Respiratory system drugs),Meyer Organics
 Ferizest,Vitamin/mineral Preparation, caps, -,30,Vitamins/minerals (Nutrition and blood agents),Coral India (dwd)
 Fenplus,Paracetamol/ibuprofen, syp, 100ml,1,Nsaids (Musculoskeletal agents),Coral India (dwd)
 Ezetrol,Ezetimibe, tabs, 10mg,30,Statins (Cardiovascular drugs),Laborex Kenya
 Ezentia,Ezetimibe, tabs, 10mg,30,Statins (Cardiovascular drugs),Sunpar Pharma
 Evanova,Herbal Remedy, caps, -,20,Misc. Agents (Misc. drugs),Charak
 Esserm,Raloxifene, tabs, 60mg,30,Oestrogens (Endocrine system drugs),Torrent Ltd
 Emesafe,Mosapride, tabs, 5mg,30,Misc. Agents (Misc. drugs),Metro Pharma
 Eleron,Iron/haematinic Preparation, syp, 150ml,1,Haematinics/iron Preparations (Nutrition and blood agents),Wockaine (k) Ltd
 Aurozole,Econazole, eye drops, 2% 5 ml,1,Antifungals (Anti-infectives),Fdc Ltd (india)
 Echinecea,Herbal Remedy, tabs, 1mg,30,Misc. Agents (Misc. drugs),Metro Pharma
 Dituranol,(n/a), tabs, 5mg,1,Misc. Agents (Misc. drugs),-
 Dinemic,Trimetazidine, tabs, 20mg,30,Misc. Agents (Misc. drugs),Efroze Chemical
 Didronel,Etidronate, -, -,60,Biphosphonates (Misc. drugs),-
 Silver Sulphadiazine,Silver Sulphadiazine, cream, 25g,1,Antibacterials: Others (Anti-infectives),Jayson Pharma.
 Jasocaine,Lignocaine, inj, 2% 20ml,1,Local Anaesthetics (Musculoskeletal agents),Jayson Pharma.
 Kt,Potassium Chloride, inj, 150mg,10,Vitamins/minerals (Nutrition and blood agents),Jayson Pharma.
 Triocim,Cefixime, susp, 100mg/5ml 50ml,1,Antibacterials: Cephalosporins (Anti-infectives),Beximco Pharma
 Triocim,Cefixime, caps, 200mg,12,Antibacterials: Cephalosporins (Anti-infectives),Beximco Pharma
 Spulyt,Bromhexine, tabs, 8mg,100,Mucolytics/expectorants (Respiratory system drugs),Beximco Pharma
 Rostil,Mebeverine, tabs, 135mg,50,Antimuscarinic Drugs (Gastrointestinal drugs),Beximco Pharma
 Prosan-hz,Losartan/hydrochlorthiazide, tabs, 50/12.5mg,30,Angiotensin Ii Rec. Antagonists (Cardiovascular drugs),Beximco Pharma
 Premil,Repaglinide, tabs, 2mg,30,Antidiabetics: Other (Endocrine system drugs),Beximco Pharma
 Premil,Repaglinide, tabs, 1mg,30,Antidiabetics: Other (Endocrine system drugs),Beximco Pharma
 Pacet,Amiodarone, tabs, 200mg,30,Antiarrythmic Drugs (Cardiovascular drugs),Beximco Pharma
 Osmosol,Mannitol, inj, 20% 500ml,1,Osmotic Diuretics (Cardiovascular drugs),Beximco Pharma
 Neopril,Lisinopril, tabs, 10mg,50,Ace Inhibitors (Cardiovascular drugs),Beximco Pharma
 Neopril,Lisinopril, tabs, 5mg,100,Ace Inhibitors (Cardiovascular drugs),Beximco Pharma
 Nalepsin,Magnesium Sulphate, inj, 4% 100ml,1,Misc. Agents (Misc. drugs),Beximco Pharma
 Lonet,Atenolol, tabs, 50mg,100,Beta-blockers (Cardiovascular drugs),Beximco Pharma
 Hefolin Sr,Iron/haematinic Preparation, caps, -,100,Haematinics/iron Preparations (Nutrition and blood agents),Beximco Pharma
 Flurasep,Nitrofurazone, cream, 0.2% 20g,1,Antiprozoal Agents (Anti-infectives),Beximco Pharma
 Fertil,Clomiphene, tabs, 50mg,50,Antioestrogens (Endocrine system drugs),Beximco Pharma
 Diapro,Gliclazide, tabs, 80mg,100,Sulphonylureas (Endocrine system drugs),Beximco Pharma
 Aristoplex,Vitamin/mineral Preparation, syp, 100ml,1,Vitamins/minerals (Nutrition and blood agents),Beximco Pharma
 Neo Healer,Compound Antihaemorrhoidal Preparation, oint, 30g,1,Misc. Agents (Misc. drugs),Advanced Pharma
 Neo Healer,Compound Antihaemorrhoidal Preparation, supp, -,10,Misc. Agents (Misc. drugs),Advanced Pharma
 Zocin,Azithromycin, caps, 250mg,6,Antibacterials: Macrolides (Anti-infectives),Advanced Pharma
 Pascalium,Bromazepam, tabs, 3mg,30,Anxiolytics/sedatives/hypnotics/neuroleptics (CNS agents),Pharmathen
 Vit A + D,Vitamin/mineral Preparation, drops, 15ml,1,Vitamins/minerals (Nutrition and blood agents),Julphar Gulf Pharma
 Vancolon,Vancomycin, inj, 500mg,1,Glycopeptide Antibiotics (Anti-infectives),Julphar Gulf Pharma
 Mebo Scar Lotion,Herbal Remedy, lotion, 30g,1,Misc. Agents (Misc. drugs),Julphar Gulf Pharma
 Mebo,Herbal Remedy, oint, 30g,1,Misc. Agents (Misc. drugs),Julphar Gulf Pharma
 Mebo,Herbal Remedy, oint, 15g,1,Misc. Agents (Misc. drugs),Julphar Gulf Pharma
 Julmentin,Amoxicillin/clavulanate, syp, 457mg 70ml,1,Antibacterials: Penicillins (Anti-infectives),Julphar Gulf Pharma
 Julmentin,Amoxicillin/clavulanate, syp, 312mg 100ml,1,Antibacterials: Penicillins (Anti-infectives),Julphar Gulf Pharma
 Ginsavit,Vitamin/mineral Preparation, caps, -,24,Vitamins/minerals (Nutrition and blood agents),Julphar Gulf Pharma
 Epotin,Erythropoietin, inj, 4000iu,1,Blood/plasma Products (Nutrition and blood agents),Julphar Gulf Pharma
 Epotin,Erythropoietin, inj, 2000iu,1,Blood/plasma Products (Nutrition and blood agents),Julphar Gulf Pharma
 Cefuzime,Cefuroxime, tabs, 250mg,10,Antibacterials: Cephalosporins (Anti-infectives),Mepha
 Adol,Paracetamol, drops, 15ml,1,Nsaids (Musculoskeletal agents),Julphar Gulf Pharma
 Zamur,Cefuroxime, tabs, 500mg,10,Antibacterials: Cephalosporins (Anti-infectives),Mepha
 Zamur,Cefuroxime, tabs, 250mg,10,Antibacterials: Cephalosporins (Anti-infectives),Mepha
 Zetry,Cetirizine, tabs, 10mg,20,Antihistamines (Respiratory system drugs),Mepha
 Lofral,Amlodipine, tabs, 10mg,30,Calcium Channel Blokers (Cardiovascular drugs),Mepha
 Gasec,Omeprazole, caps, 40mg,14,Proton Pump Inhibitors (Gastrointestinal drugs),Mepha
 Coamox-mepha,Amoxicillin/clavulanate, tabs, 1g,12,Antibacterials: Penicillins (Anti-infectives),Mepha
 Bactiflox,Ciprofloxacin, tabs, 750mg,10,Antibacterials: Floroquinolones (Anti-infectives),Mepha
 Venlift-od,Venlafaxine, tabs, 75mg,28,Antidepressants: Other (CNS agents),Torrent Ltd
 Veloz,Rabeprazole Sodium, tabs, 20mg,30,Proton Pump Inhibitors (Gastrointestinal drugs),Torrent Ltd
 Veloz,Rabeprazole Sodium, tabs, 10mg,30,Proton Pump Inhibitors (Gastrointestinal drugs),Torrent Ltd
 Tidomet Forte,Levodopa/carbidopa, tabs, 250/25mg,100,Antiparkinsonism Agents (CNS agents),Torrent Ltd
 Tegibs,Tegaserod, tabs, 6mg,30,Misc. Agents (Misc. drugs),Torrent Ltd
 Nebicard,Nebivolol, tabs, 5mg,30,Beta-blockers (Cardiovascular drugs),Torrent Ltd
 Nebicard,Nebivolol, tabs, 2.5mg,30,Beta-blockers (Cardiovascular drugs),Torrent Ltd
 Listril Plus,Lisinopril/hydrochorthiazide, tabs, 5/12.5mg,100,Ace Inhibitors (Cardiovascular drugs),Torrent Ltd
 Lamitor,Lamotrigine, tabs, 100mg,50,Antiepileptics (CNS agents),Torrent Ltd
 Herpex Dt,Acyclovir, tabs, 800mg,25,Antiviral Agents (Anti-infectives),Torrent Ltd
 Esam,Amlodipine, tabs, 5mg,50,Calcium Channel Blokers (Cardiovascular drugs),Torrent Ltd
 Esam,Amlodipine, tabs, 2.5mg,50,Calcium Channel Blokers (Cardiovascular drugs),Torrent Ltd
 Enselin,Rosiglitazone, tabs, 4mg,30,Antidiabetics: Other (Endocrine system drugs),Torrent Ltd
 Enselin,Rosiglitazone, tabs, 2mg,30,Antidiabetics: Other (Endocrine system drugs),Torrent Ltd
 Tilstigmin,Neostigmine, inj, 2.5mg,10,Anticholinesterases (Misc. drugs),Tablets India Ltd
 Tilstigmin,Neostigmine, inj, 0.5mg,10,Anticholinesterases (Misc. drugs),Tablets India Ltd
 Peglec Powder,Vitamin/mineral Preparation, satchet, 137.15g,1,Vitamins/minerals (Nutrition and blood agents),Tablets India Ltd
 Neutrocef,Vitamin/mineral Preparation, liquid, 200ml,1,Vitamins/minerals (Nutrition and blood agents),Tablets India Ltd
 Apetamin,Vitamin/mineral Preparation, syp, 200ml,1,Vitamins/minerals (Nutrition and blood agents),Tablets India Ltd
 Valstal,Sodium Valproate, tabs, 200mg,100,Antiepileptics (CNS agents),Stallion Labs
 Stacef,Ceftriaxone, inj, 250mg,1,Antibacterials: Cephalosporins (Anti-infectives),Stallion Labs
 Stacef,Ceftriaxone, inj, 1g,1,Antibacterials: Cephalosporins (Anti-infectives),Stallion Labs
 Nimlin,Nimesulide, tabs, 100mg,100,Nsaids (Musculoskeletal agents),Stallion Labs
 Losastal-hl,Losartan/hydrochlorthiazide, tabs, 50/12.5mg,100,Angiotensin Ii Rec. Antagonists (Cardiovascular drugs),Stallion Labs
 Ceztazid,Ceftazidime, inj, 1g,1,Antibacterials: Cephalosporins (Anti-infectives),Stallion Labs
 Cephastal,Cephalexin, syp, 125mg/5ml 100ml,1,Antibacterials: Cephalosporins (Anti-infectives),Stallion Labs
 Cephastal,Cephalexin, caps, 500mg,100,Antibacterials: Cephalosporins (Anti-infectives),Stallion Labs
 Cephastal,Cephalexin, caps, 250mg,100,Antibacterials: Cephalosporins (Anti-infectives),Stallion Labs
 Cedril,Cefadroxil, syp, 125mg/5ml 100ml,1,Antibacterials: Cephalosporins (Anti-infectives),Stallion Labs
 Cedril,Cefadroxil, caps, 500mg,100,Antibacterials: Cephalosporins (Anti-infectives),Stallion Labs
 Rufex,Cefuroxime, susp, 30ml,1,Antibacterials: Cephalosporins (Anti-infectives),Global Healthcare
 Rufex,Cefuroxime, tabs, 500mg,10,Antibacterials: Cephalosporins (Anti-infectives),Global Healthcare
 Rufex,Cefuroxime, tabs, 250mg,10,Antibacterials: Cephalosporins (Anti-infectives),Global Healthcare
 Priloten,Enalapril, tabs, 10mg,100,Ace Inhibitors (Cardiovascular drugs),Global Healthcare
 Priloten,Enalapril, tabs, 5mg,100,Ace Inhibitors (Cardiovascular drugs),Global Healthcare
 Gaticin,Gatifloxacin, tabs, 400mg,6,Antibacterials: Floroquinolones (Anti-infectives),Global Healthcare
 D-lor,Desloratidine, tabs, 5mg,100,Antihistamines (Respiratory system drugs),Global Healthcare
 Adipin,Amlodipine, tabs, 10mg,100,Calcium Channel Blokers (Cardiovascular drugs),Global Healthcare
 Adipin,Amlodipine, tabs, 5mg,100,Calcium Channel Blokers (Cardiovascular drugs),Global Healthcare
 Fortazim,Ceftazidime, inj, 750mg,1,Antibacterials: Cephalosporins (Anti-infectives),Bosch Pharma.
 Fortazim,Ceftazidime, inj, 250mg,1,Antibacterials: Cephalosporins (Anti-infectives),Bosch Pharma.
 Calamox,Amoxicillin/clavulanate, inj, 1.2g,1,Antibacterials: Penicillins (Anti-infectives),Bosch Pharma.
 Calamox,Amoxicillin/clavulanate, inj, 0.6g,1,Antibacterials: Penicillins (Anti-infectives),Bosch Pharma.
 Cyclogest,Progesterone, supp, 400mg,15,Progestogens (Endocrine system drugs),Metro Pharma
 Cyclogel,Cyclopentolate, eye drops, 1% 15 ml,1,Antimuscarinic Drugs (Gastrointestinal drugs),Alcon Pharma
 Crafe Away Cigarete,(n/a), -, -,1,Misc. Agents (Misc. drugs),Metro Pharma
 Co-resunate,Artesunate/amodiaquine, tabs, -,12,Antimalarials (Anti-infectives),Regal Pharma
 Ceflorex,Cefixime, caps, 400 mg,5,Antibacterials: Cephalosporins (Anti-infectives),Pdh Pharma
 Carbopa,Carboplatin, inj, 450mg,1,Anticancer/immunosuppressants: Other (Oncology & immunosuppression drugs),Intas Exports
 Becoactin,Vitamin/mineral Preparation, syp, 200ml,1,Vitamins/minerals (Nutrition and blood agents),Galaxy Pharma Ltd
 Aziclar,Azithromycin, tabs, 250mg,20,Antibacterials: Macrolides (Anti-infectives),Flamingo Impex Pvt
 Alabican,Clotrimazole, vaginal gel, 30g,1,Antifungals (Anti-infectives),Cipla Ltd
 Aclotas,Aceclofenac, tabs, 100mg,50,Nsaids (Musculoskeletal agents),Intas Exports
 Variace,Ramipril, tabs, 5mg,30,Ace Inhibitors (Cardiovascular drugs),Win-medicare (india)
 Variace,Ramipril, tabs, 1.25mg,30,Ace Inhibitors (Cardiovascular drugs),Win-medicare (india)
 Myonerg,Trimetazidine, tabs, 20mg,100,Misc. Agents (Misc. drugs),Win-medicare (india)
 Dolomed Mr,Chlorzoxazone/paracetamol/ibuprofen, tabs, 250/325/400mg,100,Skeletal Muscle Relaxants (Musculoskeletal agents),Comed Chemicals
 Proloc D,Pantoprazole/domperidone, caps, 20/10mg,30,Proton Pump Inhibitors (Gastrointestinal drugs),Comed Chemicals
 Milsef,Cefuroxime, tabs, 500,10,Antibacterials: Cephalosporins (Anti-infectives),Comed Chemicals
 Milsef,Cefuroxime, tabs, 250,10,Antibacterials: Cephalosporins (Anti-infectives),Comed Chemicals
 Lacom,Amoxicillin/lactic Acid Bacillus, caps, -,30,Antibacterials: Penicillins (Anti-infectives),Comed Chemicals
 Lyser-forte E/c,Serratiopeptidase, tabs, 10mg,10,Misc. Agents (Misc. drugs),Comed Chemicals
 Litacid Gel Plus,Antacid, gel, 200ml,1,Antacids (Gastrointestinal drugs),Li Taka Pharma.
 Omepral,Omeprazole, caps, 20mg,30,Proton Pump Inhibitors (Gastrointestinal drugs),Li Taka Pharma.
 Luben,Albendazole, tabs, 400mg,1,Anthelmintics (Anti-infectives),Kopran
 Zolpanz,Pantoprazole, tabs, 40mg,30,Proton Pump Inhibitors (Gastrointestinal drugs),Rpg Life Sciences
 Siloxogene,Antacid, gel, 180ml,1,Antacids (Gastrointestinal drugs),Rpg Life Sciences
 Losatec-h,Losartan/hydrochlorthiazide, tabs, 50/12.5mg,30,Angiotensin Ii Rec. Antagonists (Cardiovascular drugs),Rpg Life Sciences
 Arpibru,Paracetamol/ibuprofen, tabs, 325/400mg,100,Nsaids (Musculoskeletal agents),Rpg Life Sciences
 Unimin,Vitamin/mineral Preparation, caps, -,30,Vitamins/minerals (Nutrition and blood agents),Universal Pharma India
 Seflan,Lansoprazole, caps, 30mg,100,Proton Pump Inhibitors (Gastrointestinal drugs),Universal Pharma India
 Hbglow,Vitamin/mineral Preparation, syp, 200ml,1,Vitamins/minerals (Nutrition and blood agents),Universal Pharma India
 Apitup-p,Cyproheptadine, syp, 120ml,1,Antihistamines (Respiratory system drugs),Universal Pharma India
 Hepa-merz,L-ornithine-l-aspartate, syp, 60ml,1,Misc. Agents (Misc. drugs),Merz & Co Ltd
 Hepa-merz,L-ornithine-l-aspartate, tabs, 150mg,100,Misc. Agents (Misc. drugs),Merz & Co Ltd
 Spacovin,Drotaverine, inj, 20mg,5,Antimuscarinic Drugs (Gastrointestinal drugs),M J Biopharm
 Zylatan Am,Losartan/amlodipine, tabs, 50/5mg,30,Angiotensin Ii Rec. Antagonists (Cardiovascular drugs),Troikaa Pharma
 Zylatan,Losartan, tabs, 50mg,30,Angiotensin Ii Rec. Antagonists (Cardiovascular drugs),Troikaa Pharma
 Dynapar Aq,Diclofenac, inj, 75mg,5,Nsaids (Musculoskeletal agents),Troikaa Pharma
 Dynapar Gel,Diclofenac, gel, 30g,1,Nsaids (Musculoskeletal agents),Troikaa Pharma
 Dynapar Plus,Diclofenac/paracetamol, tabs, 50/500,100,Nsaids (Musculoskeletal agents),Troikaa Pharma
 Bifosa 70,Alendronate, tabs, 70mg,4,Biphosphonates (Misc. drugs),Troikaa Pharma
 Liv-52,Herbal Remedy, syp, 100ml,1,Misc. Agents (Misc. drugs),Himalaya Drug Co
 Evecare,Herbal Remedy, syp, 200ml,1,Misc. Agents (Misc. drugs),Himalaya Drug Co
 Oxacid,Ofloxacin, caps, 200mg,10,Antibacterials: Floroquinolones (Anti-infectives),Aegis Ltd
 Roxid,Roxithromycin, tabs, 150mg,10,Antibacterials: Macrolides (Anti-infectives),Alembic
 Isovon,Herbal Remedy, caps, -,30,Misc. Agents (Misc. drugs),Alembic
 Forminal Xr,Metformin, tabs, 1000mg,30,Antidiabetics:biguanides (Endocrine system drugs),Alembic
 Clarithro Xr,Clarithromycin, tabs, 500mg,5,Antibacterials: Macrolides (Anti-infectives),Alembic
 Rhinathiol Sugar Free,Carbocisteine, syp, 200ml,1,Mucolytics/expectorants (Respiratory system drugs),Sanofi-aventis
 Zelmac,Tegaserod, tabs, 6mg,30,Misc. Agents (Misc. drugs),Novartis Pharma
 Sirdalud,Tizanidine, tabs, 4mg,30,Skeletal Muscle Relaxants (Musculoskeletal agents),Novartis Pharma
 Lipitor,Atorvastatin, tabs, 80mg,30,Statins (Cardiovascular drugs),Pfizer Global Pharma
 Lipitor,Atorvastatin, tabs, 40mg,30,Statins (Cardiovascular drugs),Pfizer Global Pharma
 Caduet,Amlodipine/atorvastatin, tabs, 10/10mg,30,Calcium Channel Blokers (Cardiovascular drugs),Pfizer Global Pharma
 Caduet,Amlodipine/atorvastatin, tabs, 5/10mg,30,Calcium Channel Blokers (Cardiovascular drugs),Pfizer Global Pharma
 Benylin Dry,Cough Syrup, syp, 100ml,1,Antitussives (Respiratory system drugs),Pfizer Cons
 Benylin Dmd,Cough Expectorant, syp, 100ml,1,Mucolytics/expectorants (Respiratory system drugs),Pfizer Cons
 Benylin Chesty,Cough Expectorant, syp, 100ml,1,Mucolytics/expectorants (Respiratory system drugs),Pfizer Cons
 Abhayrab,Rabies Vaccine, inj, 0.5ml,1,Immunological Agents (Immunological agents),Human Biologicals
 4 Preg,Vitamin/mineral Preparation, caps, -,30,Vitamins/minerals (Nutrition and blood agents),Metro Pharma
 Spamox,Amoxiciillin, caps, 50mg,100,Antibacterials: Penicillins (Anti-infectives),Abacus Pharma
 Ketoconazole,Ketoconazole, cream, 15g,1,Antifungals (Anti-infectives),Abacus Pharma
 Alldox,Doxycycline, caps, 100mg,100,Antibacterials: Tetracyclines (Anti-infectives),Abacus Pharma
 Hifidar,Sulfadoxine/pyrimethamine, tabs, -,3,Antimalarials (Anti-infectives),Abacus Pharma
 Attom,(n/a), tabs, -,10,Misc. Agents (Misc. drugs),Abacus Pharma
 Salphylin,Etofylline/theophylline, tabs, 150mg,100,Xanthines (Respiratory system drugs),Abacus Pharma
 Salphyllin,Etofylline/theophylline, syp, 100ml,1,Xanthines (Respiratory system drugs),Abacus Pharma
 Prevenar,Pneumococcal Vaccine, inj, 0.5ml,1,Immunological Agents (Immunological agents),Wyeth Sa
 Minesse,Combined Oral Contraceptive, tabs, -,28,Hormonal Contraceptives (Endocrine system drugs),Wyeth Sa
 Otrivin,Xylometazoline (hydrochloride), gel, 10g,1,Sympathomimetics (Cardiovascular drugs),Novartis Cons
 Eurax,Crotamiton, lotion, 10% 50ml,1,Dermatological Agents (Dermatological agents),Novartis Cons
 Ca-c Sandoz Forte,Vitamin/mineral Preparation, effe. tabs, -,20,Vitamins/minerals (Nutrition and blood agents),Novartis Cons
 Duo Cotecxin,Dihydroartemisinin/piperaquine, tabs, 40/320 mg,9,Antimalarials (Anti-infectives),Holley Cotec
 Tyzorin,Tibezonium Iodide, mouth wash, 200ml,1,Misc. Agents (Misc. drugs),Pacific Pharma
 Novorin,Sodium Chloride, nose drops, 0.9%w/v 15ml,1,Misc. Agents (Misc. drugs),Epla Labs
 Hydrallin Dm,Cough Syrup, syp, 120ml,1,Antitussives (Respiratory system drugs),Globe Pharmacy Ltd
 Hydrallin,Cough Expectorant, syp, 120ml,1,Mucolytics/expectorants (Respiratory system drugs),Globe Pharmacy Ltd
 Grabacin-3,Neomycin/bacitracin/gramicidin, dressing, 10x10 cm,10,Dermatological Agents (Dermatological agents),Globe Pharmacy Ltd
 Proflax,Ciprofloxacin, tabs, 500mg,100,Antibacterials: Floroquinolones (Anti-infectives),Glaxosmithkline (hsa)
 Proflax,Ciprofloxacin, tabs, 500mg,10,Antibacterials: Floroquinolones (Anti-infectives),Glaxosmithkline (hsa)
 Zovirax,Acyclovir, susp, 125ml,1,Antiviral Agents (Anti-infectives),Glaxosmithkline Pharma
 Ultiva,Remifentanil, inj, 5mg,5,Opiod Analgesics (Musculoskeletal agents),Glaxosmithkline Pharma
 Ultiva,Remifentanil, inj, 2mg,5,Opiod Analgesics (Musculoskeletal agents),Glaxosmithkline Pharma
 Retrovir,Zidovudine, tabs, 300mg,60,Antiretrovirals (Anti-infectives),Glaxosmithkline Pharma
 Zolid,Pioglitazole, tabs, 45mg,14,Antidiabetics: Other (Endocrine system drugs),Getz Pharma Ltd
 Zolid,Pioglitazole, tabs, 30mg,14,Antidiabetics: Other (Endocrine system drugs),Getz Pharma Ltd
 Zolid,Pioglitazole, tabs, 15mg,14,Antidiabetics: Other (Endocrine system drugs),Getz Pharma Ltd
 Risek,Omeprazole, inj, 40mg,1,Proton Pump Inhibitors (Gastrointestinal drugs),Getz Pharma Ltd
 Montiget,Montelukast, tabs, 10mg,14,Leukotriene Receptor Antagonists (Respiratory system drugs),Getz Pharma Ltd
 Montiget,Montelukast, tabs, 5mg,14,Leukotriene Receptor Antagonists (Respiratory system drugs),Getz Pharma Ltd
 Montiget,Montelukast, tabs, 4mg,14,Leukotriene Receptor Antagonists (Respiratory system drugs),Getz Pharma Ltd
 Lipiget,Atorvastatin, tabs, 40mg,10,Statins (Cardiovascular drugs),Getz Pharma Ltd
 Lipiget,Atorvastatin, tabs, 10mg,10,Statins (Cardiovascular drugs),Getz Pharma Ltd
 Leflox,Levofloxacin, inj, 500mg 100ml,1,Antibacterials: Floroquinolones (Anti-infectives),Getz Pharma Ltd
 Getryl,Glimepiride, tabs, 4mg,20,Sulphonylureas (Endocrine system drugs),Getz Pharma Ltd
 Getryl,Glimepiride, tabs, 3mg,20,Sulphonylureas (Endocrine system drugs),Getz Pharma Ltd
 Getryl,Glimepiride, tabs, 2mg,20,Sulphonylureas (Endocrine system drugs),Getz Pharma Ltd
 Ezita,Ezetimibe, tabs, 10mg,10,Statins (Cardiovascular drugs),Getz Pharma Ltd
 Esome,Esomeprazole, caps, 40mg,14,Proton Pump Inhibitors (Gastrointestinal drugs),Getz Pharma Ltd
 Esome,Esomeprazole, caps, 20mg,14,Proton Pump Inhibitors (Gastrointestinal drugs),Getz Pharma Ltd
 Claritek,Clarithromycin, syp, 50ml,1,Antibacterials: Macrolides (Anti-infectives),Getz Pharma Ltd
 Advant,Candesartan, tabs, 16mg,14,Angiotensin Ii Rec. Antagonists (Cardiovascular drugs),Getz Pharma Ltd
 Advant,Candesartan, tabs, 8mg,14,Angiotensin Ii Rec. Antagonists (Cardiovascular drugs),Getz Pharma Ltd
 Invirase,Saquinavir, caps, 500mg,120,Antiretrovirals (Anti-infectives),Roche Pdts Ltd
 Recormon,Erythropoietin, inj, 10000iu,6,Blood/plasma Products (Nutrition and blood agents),Roche Pdts Ltd
 Rapilysin,Reteplase, inj, 10iu,2,Fibrinolyic Drugs (Nutrition and blood agents),Roche Pdts Ltd
 Herceptin,Trastuzumab, inj, 150mg,1,Anticancer/immunosuppressants: Other (Oncology & immunosuppression drugs),Roche Pdts Ltd
 Bonviva,Ibanronic Acid, tabs, 150mg,3,Biphosphonates (Misc. drugs),Roche Pdts Ltd
 Bonviva,Ibanronic Acid, tabs, 150mg,1,Biphosphonates (Misc. drugs),Roche Pdts Ltd
 Bondronat,Ibanronic Acid, tabs, 50 mg,28,Biphosphonates (Misc. drugs),Roche Pdts Ltd
 Bondronat,Ibanronic Acid, inj, 6mg/6ml,1,Biphosphonates (Misc. drugs),Roche Pdts Ltd
 Bactrim,Trimethorpim/sulphamethoxazole, syp, 50ml,1,Antibacterials: Co-trimoxazoles (Anti-infectives),Roche Pdts Ltd
 Buscopan Plus,Hyoscine/paracetamol, tabs, 5/500 mg,50,Antimuscarinic Drugs (Gastrointestinal drugs),Boehringer Ingelheim
 Sinecod,Butamirate Dihydrocitras, syp, 200ml,1,Cough Suppressants (Respiratory system drugs),Novartis Cons
 Ciprobay,Ciprofloxacin, inj, 400mg/200ml,1,Antibacterials: Floroquinolones (Anti-infectives),Bayer Schering Pharma
 Zambuk,Herbal Remedy, oint, 16g,1,Misc. Agents (Misc. drugs),Bayer Consumer
 Supradyn Recharge,Vitamin/mineral Preparation, tabs, -,30,Vitamins/minerals (Nutrition and blood agents),Bayer Consumer
 Supradyn Complete,Vitamin/mineral Preparation, tabs, -,30,Vitamins/minerals (Nutrition and blood agents),Bayer Consumer
 Supradyn 50 Plus,Vitamin/mineral Preparation, tabs, -,30,Vitamins/minerals (Nutrition and blood agents),Bayer Consumer
 Canesten,Clotrimazole, vaginal crm, 35g,1,Antifungals (Anti-infectives),Bayer Consumer
 Symbicort,Budesonide/formoterol, turbohaler, 160/4.5 mcg 120 doses,1,Corticosteroids (Endocrine system drugs),Astrazeneca
 Nexium,Esomeprazole, infusion, 40mg,10,Proton Pump Inhibitors (Gastrointestinal drugs),Astrazeneca
 Entamizole Ds,Diloxanide/metronidazole, tabs, 500/400 mg,15,Antiprozoal Agents (Anti-infectives),Abbott (usa)
 Wozel,Albendazole, susp, 10ml,1,Anthelmintics (Anti-infectives),Comet Healthcare Ltd
 Tridex,Cough Syrup, syp, 5l,1,Antitussives (Respiratory system drugs),Comet Healthcare Ltd
 Tridex,Cough Syrup, syp, 100ml,1,Antitussives (Respiratory system drugs),Comet Healthcare Ltd
 Tridex,Cough Syrup, syp, 60ml,1,Antitussives (Respiratory system drugs),Comet Healthcare Ltd
 Statin,Nystatin, susp, 12ml,1,Antifungals (Anti-infectives),Comet Healthcare Ltd
 Statin,Nystatin, susp, 30ml,1,Antifungals (Anti-infectives),Comet Healthcare Ltd
 Pamol,Paracetamol, susp, 5l,1,Nsaids (Musculoskeletal agents),Comet Healthcare Ltd
 Pamol,Paracetamol, susp, 100ml,1,Nsaids (Musculoskeletal agents),Comet Healthcare Ltd
 Pamol,Paracetamol, susp, 60ml,1,Nsaids (Musculoskeletal agents),Comet Healthcare Ltd
 Flazole,Metronidazole, susp, 100ml,1,Antiprozoal Agents (Anti-infectives),Comet Healthcare Ltd
 Flazole,Metronidazole, susp, 60ml,1,Antiprozoal Agents (Anti-infectives),Comet Healthcare Ltd
 Comtrim,Trimethorpim/sulphamethoxazole, susp, 5l,1,Antibacterials: Co-trimoxazoles (Anti-infectives),Comet Healthcare Ltd
 Comtrim,Trimethorpim/sulphamethoxazole, susp, 100ml,1,Antibacterials: Co-trimoxazoles (Anti-infectives),Comet Healthcare Ltd
 Comtrim,Trimethorpim/sulphamethoxazole, susp, 50ml,1,Antibacterials: Co-trimoxazoles (Anti-infectives),Comet Healthcare Ltd
 Almag,Antacid, susp, 5l,1,Antacids (Gastrointestinal drugs),Comet Healthcare Ltd
 Almag,Antacid, susp, 100ml,1,Antacids (Gastrointestinal drugs),Comet Healthcare Ltd
 Kofed Dry,Cough Syrup, syp, 100ml,1,Antitussives (Respiratory system drugs),Lab & Allied
 Kofed Multi-action,Cough Syrup, syp, 100ml,1,Antitussives (Respiratory system drugs),Lab & Allied
 Kofed Paed,Cough Syrup, syp, 100ml,1,Antitussives (Respiratory system drugs),Lab & Allied
 Kofed Dmh,Cough Syrup, syp, 100ml,1,Antitussives (Respiratory system drugs),Lab & Allied
 Metrofield,Benzoic Acid/salicylic Acid, oint, 15g,1,Dermatological Agents (Dermatological agents),Hightech
 Metromag,Magnesium Hydroxide, susp, 100ml,1,Antacids (Gastrointestinal drugs),Hightech
 Hydropero,Hydrogen Peroxide, liquid, 5 l 20 vol,1,Disinfectants/antiseptics (Misc. drugs),Hightech
 Hydropero,Hydrogen Peroxide, liquid, 225ml 20 vol,1,Disinfectants/antiseptics (Misc. drugs),Hightech
 Dextrocerine,Dextrose, nose drops, 15ml,1,Fluids And Electrolytes (Nutrition and blood agents),Hightech
 Boricas,Boric Acid, ear drops, 10ml,1,Disinfectants/antiseptics (Misc. drugs),Hightech
 Diartem,(n/a), susp, 50ml,1,Misc. Agents (Misc. drugs),Jaskam & Co Ltd
 Nettledin Syrup,Vitamin/mineral Preparation, syp, 125ml,1,Vitamins/minerals (Nutrition and blood agents),Jaskam & Co Ltd
 Alodin Tonic,Vitamin/mineral Preparation, liquid, 125ml,1,Vitamins/minerals (Nutrition and blood agents),Jaskam & Co Ltd
 Stevia,Herbal Remedy, -, 10g,1,Misc. Agents (Misc. drugs),Jaskam & Co Ltd
 Stevia,Herbal Remedy, -, 50g,1,Misc. Agents (Misc. drugs),Jaskam & Co Ltd
 Sodamint,Antacid, tabs, 300 mg,100,Antacids (Gastrointestinal drugs),Universal Cooporation
 Rheumac,Diclofenac, inj, 75mg/3ml,1,Nsaids (Musculoskeletal agents),Lab & Allied
 Triaxone,Ceftriaxone, inj, 1gm,1,Antibacterials: Cephalosporins (Anti-infectives),Lab & Allied
 Quinine,Quinine, inj, 300mg/ml,1,Antimalarials (Anti-infectives),Lab & Allied
 Prometin,Promethazine, inj, 25mg,1,Antihistamines (Respiratory system drugs),Lab & Allied
 Phenobarbitone,Phenobarbitone, inj, 2ml amp,1,Antiepileptics (CNS agents),Lab & Allied
 Melasil,Metoclopromide, inj, 5mg/ml,1,Antiemetics (Gastrointestinal drugs),Lab & Allied
 Hyoscine,Hyoscine Butylbromide, inj, 20mg/ml,1,Antimuscarinic Drugs (Gastrointestinal drugs),Lab & Allied
 Hycorum,Hydrocortisone, inj, 100mg,1,Corticosteroids (Endocrine system drugs),Lab & Allied
 Gono,Spectinomycin, inj, 2gm,1,Antibacterials: Others (Anti-infectives),Lab & Allied
 Ephedrine,Ephedrine, inj, 25mg/ml,1,Sympathomimetics (Cardiovascular drugs),Lab & Allied
 Dexamed,Dexamethasone, inj, 4mg/ml,1,Corticosteroids (Endocrine system drugs),Lab & Allied
 Cloxacillin,Cloxacillin, inj, 500mg,1,Antibacterials: Penicillins (Anti-infectives),Lab & Allied
 Chlorpromazine,Chlorpromazine, inj, 25mg/ml,1,Antipsychotics (CNS agents),Lab & Allied
 Chaleate,Chlorpheniramine, inj, 10mg/ml,1,Antihistamines (Respiratory system drugs),Lab & Allied
 Benzylpenicillin,Benzylpenicillin, inj, 5,1,Antibacterials: Penicillins (Anti-infectives),Lab & Allied
 Benzylpenicillin,Benzylpenicillin, inj, 1mu,1,Antibacterials: Penicillins (Anti-infectives),Lab & Allied
 Aminophylline,Aminophylline, inj, 25mg/ml,1,Xanthines (Respiratory system drugs),Laborate (india)
 Aspirin,Aspirin, tabs, 300mg,1000,Nsaids (Musculoskeletal agents),Lab & Allied
 Tynazole,Tinidazole, tabs, 500mg,4,Antiprozoal Agents (Anti-infectives),Lab & Allied
 Tryctin G,Antacid, tabs, 120mg,500,Antacids (Gastrointestinal drugs),Lab & Allied
 Tricozole,Metronidazole, tabs, 400mg,1000,Antiprozoal Agents (Anti-infectives),Lab & Allied
 Tricozole,Metronidazole, tabs, 200mg,1000,Antiprozoal Agents (Anti-infectives),Lab & Allied
 Phenobarbitone,Phenobarbitone, tabs, 30mg,1000,Antiepileptics (CNS agents),Biodeal Labds Ltd
 Pedsol,Prednisolone, tabs, 5mg,100,Corticosteroids (Endocrine system drugs),Lab & Allied
 Pedsol,Prednisolone, tabs, 5mg,1000,Corticosteroids (Endocrine system drugs),Lab & Allied
 Nifuran,Nitrofurantoin, tabs, 100mg,1000,Antibacterials: Others (Anti-infectives),Lab & Allied
 Nalidixic Acid,Nalidixic Acid, tabs, 500mg,100,Antibacterials: Floroquinolones (Anti-infectives),Lab & Allied
 Melasil,Metoclopromide, tabs, 10mg,1000,Antiemetics (Gastrointestinal drugs),Lab & Allied
 Tricozole Plus,Diloxanide/metronidazole, tabs, 250/200mg,30,Antiprozoal Agents (Anti-infectives),Lab & Allied
 Quinine,Quinine, tabs, 300mg,1000,Antimalarials (Anti-infectives),Lab & Allied
 Quinine,Quinine, tabs, 200mg,100,Antimalarials (Anti-infectives),Lab & Allied
 Prometin,Promethazine, tabs, 25mg,1000,Antihistamines (Respiratory system drugs),Lab & Allied
 Prometin,Promethazine, tabs, 400mg,1000,Antihistamines (Respiratory system drugs),Lab & Allied
 Phenytoin,Phenytoin, tabs b/pk, 50mg,1000,Antiepileptics (CNS agents),Lab & Allied
 Phenytoin,Phenytoin, tabs b/pk, 100mg,1000,Antiepileptics (CNS agents),Lab & Allied
 Nospasum,Hyoscine Butylbromide, tabs, 10mg`,1000,Antimuscarinic Drugs (Gastrointestinal drugs),Lab & Allied
 Nospasum,Hyoscine Butylbromide, tabs, 10mg,100,Antimuscarinic Drugs (Gastrointestinal drugs),Lab & Allied
 Hydopa,Methyldopa, tabs, 250mg,1000,Cns Alpha Agonists (CNS agents),Lab & Allied
 Hydopa,Methyldopa, tabs, 250mg,100,Cns Alpha Agonists (CNS agents),Lab & Allied
 Erocin,Erythromycin, tabs, 250mg,100,Antibacterials: Macrolides (Anti-infectives),Lab & Allied
 Chlorpromazine,Chlorpromazine, tabs, 25mg,1000,Antipsychotics (CNS agents),Lab & Allied
 Chlorpromazine,Chlorpromazine, tabs, 100mg,1000,Antipsychotics (CNS agents),Lab & Allied
 Whitfields,Benzoic Acid/salicylic Acid, oint, 20mg,1,Dermatological Agents (Dermatological agents),Lab & Allied
 Silver Sulphadiazine,Silver Sulphadiazine, cream, 250mg,1,Antibacterials: Others (Anti-infectives),Lab & Allied
 Racycline,Tetracycline, oint, 15mg,1,Antibacterials: Tetracyclines (Anti-infectives),Lab & Allied
 Racycline,Tetracycline, eye oint, 5mg,1,Antibacterials: Tetracyclines (Anti-infectives),Lab & Allied
 Histamed,Mepyramine, cream, 2% 25mg,1,Antihistamines (Respiratory system drugs),Lab & Allied
 Desonide,Desonide, oint, 0.1%w/w 15mg,1,Corticosteroids (Endocrine system drugs),Lab & Allied
 Burnazine,Silver Sulphadiazine, cream, 1%w/w 15mg,1,Antibacterials: Others (Anti-infectives),Lab & Allied
 Racycline,Tetracycline, caps, 250mg,100,Antibacterials: Tetracyclines (Anti-infectives),Lab & Allied
 Racycline,Tetracycline, caps, 250mg,1000,Antibacterials: Tetracyclines (Anti-infectives),Lab & Allied
 Pirocam,Piroxicam, caps, 20mg,100,Nsaids (Musculoskeletal agents),Lab & Allied
 Oramnicol,Chloramphenicol, caps, 250mg,100,Antibacterials: Chloramphenicol (Anti-infectives),Lab & Allied
 Oramnicol,Chloramphenicol, caps, 250,1000,Antibacterials: Chloramphenicol (Anti-infectives),Lab & Allied
 Doxy,Doxycycline, caps, 100mg,100,Antibacterials: Tetracyclines (Anti-infectives),Lab & Allied
 Axylin,Ampicillin/cloxacillin, caps, 500mg,100,Antibacterials: Penicillins (Anti-infectives),Lab & Allied
 Lunahist,Cough Expectorant, syp, 60ml,1,Mucolytics/expectorants (Respiratory system drugs),Lab & Allied
 Letrax,Levamisole, syp, 15ml,1,Anthelmintics (Anti-infectives),Lab & Allied
 Lecotrim,Trimethorpim/sulphamethoxazole, susp, 50ml,1,Antibacterials: Co-trimoxazoles (Anti-infectives),Lab & Allied
 Lecotrim,Trimethorpim/sulphamethoxazole, susp, 100ml,1,Antibacterials: Co-trimoxazoles (Anti-infectives),Lab & Allied
 Laeoquin,Amodiaquine, susp, 60ml,1,Antimalarials (Anti-infectives),Lab & Allied
 Labstatin,Nystatin, susp, 30ml,1,Antifungals (Anti-infectives),Lab & Allied
 Erocin,Erythromycin, syp, 60ml,1,Antibacterials: Macrolides (Anti-infectives),Lab & Allied
 Cophydrex,Cough Expectorant, syp, 100ml,1,Mucolytics/expectorants (Respiratory system drugs),Lab & Allied
 Cophydrex,Cough Expectorant, syp, 60ml,1,Mucolytics/expectorants (Respiratory system drugs),Lab & Allied
 Chaleate,Chlorpheniramine, syp, 60ml,1,Antihistamines (Respiratory system drugs),Lab & Allied
 Axylin,Ampicillin/cloxacillin, susp, 60ml 125mg/5ml,1,Antibacterials: Penicillins (Anti-infectives),Lab & Allied
 Triohist,Cough Expectorant, syp, 60ml,1,Mucolytics/expectorants (Respiratory system drugs),Lab & Allied
 Tricozole,Metronidazole, susp, 60ml,1,Antiprozoal Agents (Anti-infectives),Lab & Allied
 Quinine,Quinine, syp, 60ml,1,Antimalarials (Anti-infectives),Lab & Allied
 Quinine,Quinine, syp, 100ml,1,Antimalarials (Anti-infectives),Lab & Allied
 Prometin,Promethazine, syp, 60ml,1,Antihistamines (Respiratory system drugs),Lab & Allied
 Prometin,Promethazine, syp, 100ml,1,Antihistamines (Respiratory system drugs),Lab & Allied
 Obrex,Cough Syrup, syp, 60ml,1,Antitussives (Respiratory system drugs),Lab & Allied
 Nospasum,Hyoscine Butylbromide, syp, 60ml,1,Antimuscarinic Drugs (Gastrointestinal drugs),Lab & Allied
 Mucosol+p,Bromhexine/pseudoephedrine, syp, 60ml 4mg/30mg,1,Mucolytics/expectorants (Respiratory system drugs),Lab & Allied
 Melasil,Metoclopromide, syp, 100ml,1,Antiemetics (Gastrointestinal drugs),Lab & Allied
 Lastamol,Salbutamol, syp, 60ml,1,Selective Beta-2 Agonists (Respiratory system drugs),Lab & Allied
 Labstatin,Nystatin, vaginal tab," 100,000 i.u.",15,Antifungals (Anti-infectives),Lab & Allied
 Quinine,Quinine, drops, 15ml 20%w/v,1,Antimalarials (Anti-infectives),Lab & Allied
 Neogracin,Neomycin/bacitracin/gramicidin, powder, 10gm,1,Dermatological Agents (Dermatological agents),Lab & Allied
 Pedsol,Prednisolone, e/e drops, 5ml 0.518%,1,Corticosteroids (Endocrine system drugs),Lab & Allied
 Laevate-n,Betamethasone/neomycin, e/e drops, 7.5ml 0.1%/0.5%,1,Dermatological Agents (Dermatological agents),Lab & Allied
 Hycorum,Hydrocortisone, eye drops, 1% 5ml,1,Corticosteroids (Endocrine system drugs),Lab & Allied
 Dexamed,Dexamethasone, eye drops, 5ml 0.1%,1,Corticosteroids (Endocrine system drugs),Lab & Allied
 Lecotrim,Trimethorpim/sulphamethoxazole, tabs, 80mg/400mg,100,Antibacterials: Co-trimoxazoles (Anti-infectives),Lab & Allied
 Laeoquine,Amodiaquine, tabs, 200mg,1000,Antimalarials (Anti-infectives),Lab & Allied
 Griseofulvin,Griseofulvin, tabs, 500mg,100,Antifungals (Anti-infectives),Lab & Allied
 Griseofulvin,Griseofulvin, tabs, 250mg,100,Antifungals (Anti-infectives),Lab & Allied
 Glibenclamide,Glibenclamide, tabs, 5mg,1000,Sulphonylureas (Endocrine system drugs),Lab & Allied
 Gifol F,Theophylline/ephedrine, tabs, 120mg/11mg,100,Xanthines (Respiratory system drugs),Lab & Allied
 Folic Acid,Folic Acid, tabs, 5mg,1000,Vitamins/minerals (Nutrition and blood agents),Lab & Allied
 Ciprolab,Ciprofloxacin, tabs, 500mg,10,Antibacterials: Floroquinolones (Anti-infectives),Lab & Allied
 Chlorpropamide,Chlorpropamide, tabs, 250mg,100,Sulphonylureas (Endocrine system drugs),Lab & Allied
 Benzhexol,Benzhexol, tabs, 5mg,1000,Antimuscarinic Drugs (Gastrointestinal drugs),Lab & Allied
 Aminophylline,Aminophylline, tabs, 100mg,1000,Xanthines (Respiratory system drugs),Lab & Allied
 Altoa,Albendazole, tabs, 200mg,2,Anthelmintics (Anti-infectives),Lab & Allied
 Ucozole,Fluconazole, caps, 50mg,10,Antifungals (Anti-infectives),Lab & Allied
 Ucozole,Fluconazole, caps, 200mg,10,Antifungals (Anti-infectives),Lab & Allied
 Ucozole,Fluconazole, caps, 150mg,1,Antifungals (Anti-infectives),Lab & Allied
 Totomol,Paracetamol, susp, 120mg/5ml 100ml,1,Nsaids (Musculoskeletal agents),Lab & Allied
 Totomol,Paracetamol, susp, 120/5ml 60ml,1,Nsaids (Musculoskeletal agents),Lab & Allied
 Rheumac,Diclofenac, tabs, 100mg,100,Nsaids (Musculoskeletal agents),Lab & Allied
 Rheumac,Diclofenac, gel, 20mg,1,Nsaids (Musculoskeletal agents),Lab & Allied
 Rheumac,Diclofenac, tabs, 50mg,100,Nsaids (Musculoskeletal agents),Lab & Allied
 Om,Omeprazole, caps, 20mg,100,Proton Pump Inhibitors (Gastrointestinal drugs),Lab & Allied
 Nazole,Ketoconazole, tabs b/pk, 200mg,30,Antifungals (Anti-infectives),Lab & Allied
 Lorata,Loratadine, tabs, 10mg,10,Antihistamines (Respiratory system drugs),Lab & Allied
 Labtol,Carbamazepine, tabs, 200mg,100,Antiepileptics (CNS agents),Lab & Allied
 Labtac,Ranitidine, tabs, 150mg,100,H-2 Receptor Antagonists (Gastrointestinal drugs),Lab & Allied
 Labtac,Ranitidine, inj, 50mg/2ml,10,H-2 Receptor Antagonists (Gastrointestinal drugs),Lab & Allied
 Labclor,Cefaclor, caps, 500mg,10,Antibacterials: Cephalosporins (Anti-infectives),Lab & Allied
 Kofed Expectorant,Cough Expectorant, syp, 100ml,1,Mucolytics/expectorants (Respiratory system drugs),Lab & Allied
 Kloxy+f,Flucloxacillin, caps, 250mg,20,Antibacterials: Penicillins (Anti-infectives),Lab & Allied
 Kloxy+f,Flucloxacillin, inj, 500mg,1,Antibacterials: Penicillins (Anti-infectives),Lab & Allied
 Kemoxyl Plus F,Amoxicillin/flucloxacillin, susp, 250mg/5ml 100ml,1,Antibacterials: Penicillins (Anti-infectives),Lab & Allied
 Kemoxyl Plus F,Amoxicillin/flucloxacillin, caps, 500mg,20,Antibacterials: Penicillins (Anti-infectives),Lab & Allied
 Immolab,Loperamide, caps, 2mg,10,Antidiarrheorals (Gastrointestinal drugs),Lab & Allied
 Gludown,Metformin, tabs, 500mg,100,Antidiabetics:biguanides (Endocrine system drugs),Lab & Allied
 Epsom Injection,Magnesium Hydroxide, inj, 50%,1,Antacids (Gastrointestinal drugs),Lab & Allied
 Duraxyl,Cefadroxil, caps, 500mg,20,Antibacterials: Cephalosporins (Anti-infectives),Lab & Allied
 Cetriz,Cetirizine, tabs, 10mg,10,Antihistamines (Respiratory system drugs),Lab & Allied
 Captolab,Captopril, tabs, 25mg,100,Ace Inhibitors (Cardiovascular drugs),Lab & Allied
 Amolab,Amlodipine, tabs, 5mg,30,Calcium Channel Blokers (Cardiovascular drugs),Lab & Allied
 Acepril,Enalapril, tabs, 5mg,30,Ace Inhibitors (Cardiovascular drugs),Lab & Allied
 Calamine,Calamine, lotion, 100ml,1,Dermatological Agents (Dermatological agents),Lab & Allied
 Bronkof,Cough Expectorant, syp, 60 ml,1,Mucolytics/expectorants (Respiratory system drugs),Lab & Allied
 Panorub,Liniment/balm, cream, 15g,1,Dermatological Agents (Dermatological agents),Cosmos Ltd
 Noflox,Norfloxacin, tabs, 400mg,100,Antibacterials: Floroquinolones (Anti-infectives),Cosmos Ltd
 Metrozol,Metronidazole, tabs, 200mg,100,Antiprozoal Agents (Anti-infectives),Cosmos Ltd
 Lorhistina,Loratadine, syp, 5mg/5ml 60ml,1,Antihistamines (Respiratory system drugs),Cosmos Ltd
 Lazoton,Lansoprazole, caps, 15mg,28,Proton Pump Inhibitors (Gastrointestinal drugs),Cosmos Ltd
 Isoniazid,Isoniazid, tabs, 300mg,100,Antitubercular Agents (Anti-infectives),Cosmos Ltd
 Isonizid,Isoniazid, tabs, 100mg,100,Antitubercular Agents (Anti-infectives),Cosmos Ltd
 Erocos,Erythromycin, susp, 200mg/5ml 100ml,1,Antibacterials: Macrolides (Anti-infectives),Cosmos Ltd
 Cosmycetin,Chloramphenicol, ear drops, 5% 10ml,1,Antibacterials: Chloramphenicol (Anti-infectives),Cosmos Ltd
 Cosmocycline,Tetracycline, eye oint, 1% 5gm,1,Antibacterials: Tetracyclines (Anti-infectives),Cosmos Ltd
 Cosmag,Antacid, tabs,,100,Antacids (Gastrointestinal drugs),Cosmos Ltd
 Cosflam,Diclofenac, tabs, 50mg,100,Nsaids (Musculoskeletal agents),Cosmos Ltd
 Coscof Dm,Antitussive, syp, 60ml,1,Cough Suppressants (Respiratory system drugs),Cosmos Ltd
 Cosacillin,Cloxacillin, caps, 250mg,100,Antibacterials: Penicillins (Anti-infectives),Cosmos Ltd
 Ciprocos,Ciprofloxacin, tabs, 250mg,14,Antibacterials: Floroquinolones (Anti-infectives),Cosmos Ltd
 Ciprocos,Ciprofloxacin, tabs, 500mg,10,Antibacterials: Floroquinolones (Anti-infectives),Cosmos Ltd
 Camox,Amoxiciillin, caps, 250mg,1000,Antibacterials: Penicillins (Anti-infectives),Cosmos Ltd
 Bicolax,Bisacodyl, tabs, 5mg,100,Laxatives (Gastrointestinal drugs),Cosmos Ltd
 Amqunate,Artesunate/amodiaquine, tabs,150mg,12,Antimalarials (Anti-infectives),Cosmos Ltd
 Amytriptyline,Amitriptyline, tabs, 25mg,100,Tricyclic Or Related Antidepressants (CNS agents),Cosmos Ltd
 Albuzol,Albendazole, susp, 200mg/5ml,1,Anthelmintics (Anti-infectives),Cosmos Ltd
 Albuzol,Albendazole, tabs, 200mg,100,Anthelmintics (Anti-infectives),Cosmos Ltd
 Ezechol,Ezetimibe, tabs, 10mg,30,Statins (Cardiovascular drugs),Prism Life Sciences
 Alcet,Levocetirizine, syp, 2.5mg/5ml 75ml,1,Antihistamines (Respiratory system drugs),Prism Life Sciences
 Velredin,Diclofenac, tabs, 50mg,100,Nsaids (Musculoskeletal agents),Prism Life Sciences
 Triaxon Dt,Cefixime, tabs, 400mg,6,Antibacterials: Cephalosporins (Anti-infectives),Prism Life Sciences
 Triaxon Dt,Cefixime, tabs, 200mg,6,Antibacterials: Cephalosporins (Anti-infectives),Prism Life Sciences
 Triaxon,Cefixime, susp, 100mg/5ml 50ml,1,Antibacterials: Cephalosporins (Anti-infectives),Prism Life Sciences
 Retidob,Calcium Dobesilate, tabs, 500mg,30,Vitamins/minerals (Nutrition and blood agents),Prism Life Sciences
 Pioday-m,Pioglitazone/metformin, tabs, 15/500mg,30,Antidiabetics: Other (Endocrine system drugs),Prism Life Sciences
 Provask,Amlodipine, tabs, 10mg,30,Calcium Channel Blokers (Cardiovascular drugs),Prism Life Sciences
 Provask,Amlodipine, tabs, 5mg,30,Calcium Channel Blokers (Cardiovascular drugs),Prism Life Sciences
 Opraz,Omeprazole, inj, 40mg 10ml,1,Proton Pump Inhibitors (Gastrointestinal drugs),Prism Life Sciences
 Opraz,Omeprazole, caps, 20mg,14,Proton Pump Inhibitors (Gastrointestinal drugs),Prism Life Sciences
 Nim-d,Nimesulide, tabs, 100mg,30,Nsaids (Musculoskeletal agents),Prism Life Sciences
 Lipiloc,Fenofibrate, tabs, 200mg,30,Fibrates (Cardiovascular drugs),Prism Life Sciences
 Enril-20 H,Enalapril/hydrochlorthiazide, tabs, 20/12.5mg,30,Ace Inhibitors (Cardiovascular drugs),Prism Life Sciences
 Enril,Enalapril, tabs, 20mg,30,Ace Inhibitors (Cardiovascular drugs),Prism Life Sciences
 Enril,Enalapril, tabs, 10mg,30,Ace Inhibitors (Cardiovascular drugs),Prism Life Sciences
 Enril,Enalapril, tabs, 5mg,30,Ace Inhibitors (Cardiovascular drugs),Prism Life Sciences
 Digacid,Antacid, susp, 170ml,1,Antacids (Gastrointestinal drugs),Prism Life Sciences
 Atenol,Atenolol, tabs, 50mg,30,Beta-blockers (Cardiovascular drugs),Prism Life Sciences
 Carbizole,Carbimazole, tabs, 5mg,100,Antithyroid Drugs (Endocrine system drugs),Nicholas Piramal
 Ferrocid,Iron/haematinic Preparation, caps, -,30,Haematinics/iron Preparations (Nutrition and blood agents),Nabros Pharma Products
 Digestal,Vitamin/mineral Preparation, caps, -,30,Vitamins/minerals (Nutrition and blood agents),Nabros Pharma Products
 Flucoldex-e,Cold/flu Remedy, susp, 100ml,1,Cold Remedies (Respiratory system drugs),Nabros Pharma Products
 Flucoldex,Cold/flu Remedy, tabs, -,12,Cold Remedies (Respiratory system drugs),Nabros Pharma Products
 Cariat,Nifedipine/atenolol, tabs, 20/50mg,30,Calcium Channel Blokers (Cardiovascular drugs),Nabros Pharma Products
 Cardia Retard,Nifedipine, tabs, 20mg,30,Calcium Channel Blokers (Cardiovascular drugs),Nabros Pharma Products
 Naygra,Herbal Remedy, caps, -,30,Misc. Agents (Misc. drugs),Nabros Pharma Products
 Enamena,Vitamin/mineral Preparation, caps, -,30,Vitamins/minerals (Nutrition and blood agents),Nabros Pharma Products
 Enamena,Vitamin/mineral Preparation, syp, 100ml,1,Vitamins/minerals (Nutrition and blood agents),Nabros Pharma Products
 Zobid-d,Diclofenac, tabs, 100mg,100,Nsaids (Musculoskeletal agents),Sarabhai (india)
 Unirif,Rifampicin, caps, 150mg,100,Antitubercular Agents (Anti-infectives),Universal Cooporation
 Ultigra,Fexofenadine, tabs, 180mg,60,Antihistamines (Respiratory system drugs),Medley Pharma
 Tericin,Amphotericin B, inj, 50mg 15ml,1,Antifungals (Anti-infectives),Lords Healthcare
 Terbisil,Terbinafine, tabs, 250mg,14,Antifungals (Anti-infectives),Cipla Ltd
 Terbisil,Terbinafine, cream, 15g,1,Antifungals (Anti-infectives),Cipla Ltd
 Terbex,Terbinafine, tabs, 250mg,10,Antifungals (Anti-infectives),Beximco Pharma
 Terbex,Terbinafine, cream, 15gm,1,Antifungals (Anti-infectives),Beximco Pharma
 Tenoric,Atenolol/chlotalidone, tabs, 50mg,28,Beta-blockers (Cardiovascular drugs),Ipca
 Tenoric,Atenolol/chlotalidone, tabs, 100mg,28,Beta-blockers (Cardiovascular drugs),Ipca
 Tamiflu,Oseltamivir, caps, 75mg,10,Antiviral Agents (Anti-infectives),Roche Pdts Ltd
 Mivacron,Mivacurium, inj, 10ml,5,Neuromuscular Blockers (Musculoskeletal agents),Glaxosmithkline Pharma
 Microval,Levonorgesterol, tabs, -,35,Progestogens (Endocrine system drugs),Wyeth Sa
 Mevax,Mefloquine, tabs, 250mg,6,Antimalarials (Anti-infectives),Ajanta Pharma Ltd
 Mebiz Sr,Mebeverine, caps, 200mg,30,Antimuscarinic Drugs (Gastrointestinal drugs),Sun Pharma
 Lumigan,Bimatoprost, eye drops, 3ml,1,Prostagladins & Analogues (Misc. drugs),Allergan Ltd
 Lowvasc,Amlodipine, caps, 5mg,28,Calcium Channel Blokers (Cardiovascular drugs),Advanced Pharma
 Lopram,Citalopram, tabs, 20mg,10,Ssris (CNS agents),Ind Swift
 Lopram,Citalopram, tabs, 10mg,10,Ssris (CNS agents),Ind Swift
 Loniten,Minoxidil, tabs, 10mg,100,Vasodilators (Cardiovascular drugs),Pfizer-pharmacia
 Lomaherpan,Herbal Remedy, cream, 5g,1,Misc. Agents (Misc. drugs),-
 Lipobay,Cerivastatin, tabs, 0.4mg,28,Statins (Cardiovascular drugs),Bayer Schering Pharma
 Lipicard,Fenofibrate, tabs, 200mg,28,Fibrates (Cardiovascular drugs),Usv Ltd (india)
 Libidol,Herbal Remedy, tabs, -,30,Misc. Agents (Misc. drugs),-
 Fungase,Herbal Remedy, cream, 15g,1,Misc. Agents (Misc. drugs),-
 Flexeze,Glucosamine/chondrointin, caps, 410/100mg,60,Vitamins/minerals (Nutrition and blood agents),Metro Pharma
 Femiforte,Herbal Remedy, tabs, -,20,Misc. Agents (Misc. drugs),Charak
 Falcinil,Artesunate, inj, 60mg,1,Antimalarials (Anti-infectives),Cipla Ltd
 Falcinil,Artesunate, tabs, 100mg,6,Antimalarials (Anti-infectives),Cipla Ltd
 Antabuse,Disulfiram, tabs, 200mg,50,Misc. Agents (Misc. drugs),-
 Aldara,Imiquimod, satchet, 5% 12.5gm,12,Dermatological Agents (Dermatological agents),Inova Pharma (3m)
 Adiflam,Diclofenac, inj, 75mg,1,Nsaids (Musculoskeletal agents),Leben Labs
 Declofen,Diclofenac, inj, 75mg,3,Nsaids (Musculoskeletal agents),Pharco Pharmaceuticals
 Biomox,Amoxiciillin, syp, 250mg/5ml 80ml,1,Antibacterials: Penicillins (Anti-infectives),Sedico Pharma
 Biomox,Amoxiciillin, syp, 125mg/5ml 80ml,1,Antibacterials: Penicillins (Anti-infectives),Sedico Pharma
 Biomox,Amoxiciillin, caps, 500mg,12,Antibacterials: Penicillins (Anti-infectives),Sedico Pharma
 Ranitak,Ranitidine, tabs, 150mg,20,H-2 Receptor Antagonists (Gastrointestinal drugs),Sedico Pharma
 Zycet D,Cetirizine/pseudoephedrine, tabs, -,10,Antihistamines (Respiratory system drugs),Bulk
 Vivioptal,Vitamin/mineral Preparation, caps, -,30,Vitamins/minerals (Nutrition and blood agents),-
 Videx,Didanosine, tabs, 25mg,60,Antiretrovirals (Anti-infectives),Bristol-myers
 Videx,Didanosine, tabs, 200mg,60,Antiretrovirals (Anti-infectives),Bristol-myers
 Videx,Didanosine, tabs, 100mg,60,Antiretrovirals (Anti-infectives),Bristol-myers
 Vaxigrip Paed,Influenza Vaccine, inj,  0.25 ml 1 dose,1,Immunological Agents (Immunological agents),Pasteur Merieux
 Tin,Tinidazole, syp, 60ml,1,Antiprozoal Agents (Anti-infectives),C. Mehta & Co
 Tazocin,Piperacillin/tacobactam, inj, 2.25g,1,Antibacterials: Penicillins (Anti-infectives),Wyeth Sa
 Stavudex,Stavudine, caps, 40mg,10,Antiretrovirals (Anti-infectives),Cipla Ltd
 Stamaril,Yellow Fever Vaccine, inj, 1 dose,1,Immunological Agents (Immunological agents),Pasteur Merieux
 Ross,Ceftriaxone, inj, 2g,1,Antibacterials: Cephalosporins (Anti-infectives),Aim International Pharm
 Risperdal,Risperidone, tabs, 1mg,30,Antipsychotics (CNS agents),Janssen-cilag
 Risek,Omeprazole, caps, 40mg,14,Proton Pump Inhibitors (Gastrointestinal drugs),Getz Pharma Ltd
 Retin A,Tretinion, gel, 30g,1,Dermatological Agents (Dermatological agents),Janssen-cilag
 Raxar,Grapefloxacin, tabs, 600mg,10,Antibacterials: Floroquinolones (Anti-infectives),Glaxosmithkline Pharma
 Profasi,Human Chorionic Gonadotrophin, inj, 5000iu,3,Hypothalamic/pituitary Hormones (Endocrine system drugs),Serono
 Pregnatal,Vitamin/mineral Preparation, tabs, -,30,Vitamins/minerals (Nutrition and blood agents),Scanpharm
 Polybion,Vit B Complex, inj, -,50,Vitamins/minerals (Nutrition and blood agents),Merck (india)
 Pioday,Pioglitazole, tabs, 30mg,30,Antidiabetics: Other (Endocrine system drugs),Prism Life Sciences
 Pioday,Pioglitazole, tabs, 15mg,30,Antidiabetics: Other (Endocrine system drugs),Prism Life Sciences
 Phyllocontin,Aminophylline, tabs, 100mg,56,Xanthines (Respiratory system drugs),Mundipharma/napp
 Opticrom,Sodium Cromoglycate, eye drops, 5ml,1,Prophylactic Anti-allergens (Respiratory system drugs),Sanofi-aventis
 Oilatum,Liquid Paraffin, soap bar, 100g,1,Misc. Agents (Misc. drugs),Glaxosmithkline Pharma
 Oftek,Ofloxacin, inj, 200mg 10ml,1,Antibacterials: Floroquinolones (Anti-infectives),Hilton Pharma
 Nuelin,Theophylline, tabs, 175mg,100,Xanthines (Respiratory system drugs),Inova Pharma (3m)
 Nimeflam,Nimesulide, tabs, 100mg,100,Nsaids (Musculoskeletal agents),-
 Nicardin Sr,Nifedipine, tabs, 20mg,60,Calcium Channel Blokers (Cardiovascular drugs),Lab & Allied
 Neucef,Cefadroxil, caps, 500mg,100,Antibacterials: Cephalosporins (Anti-infectives),Sami Pharma
 Nervijen,Vitamin/mineral Preparation, caps, -,30,Vitamins/minerals (Nutrition and blood agents),Universal Cooporation
 Nepif Retard,Nifedipine, tabs, 20mg,30,Calcium Channel Blokers (Cardiovascular drugs),Metro Pharma
 Neorex,Cough Expectorant, syp, 100ml,1,Mucolytics/expectorants (Respiratory system drugs),Wockaine (k) Ltd
 Moxaclav,Amoxicillin/clavulanate, tabs, 625mg,10,Antibacterials: Penicillins (Anti-infectives),Square Pharmaceuticals
 Mitomycin,Mitomycin, inj, 2mg,1,Cytotoxic Antibiotics (Oncology & immunosuppression drugs),Bulk
 Mikozal,Miconazole, cream, 30g,1,Antifungals (Anti-infectives),Julphar Gulf Pharma
 Miconaz,Miconazole, oral gel, 20g,1,Antifungals (Anti-infectives),Medical Union Pharma
 Miconaz,Miconazole, cream, 20g,1,Antifungals (Anti-infectives),Medical Union Pharma
 Mentat,Herbal Remedy, susp, 100ml,1,Misc. Agents (Misc. drugs),Himalaya Drug Co
 Maxiplex,Vit B1/b6/b12 + C, syp, 100ml,1,Vitamins/minerals (Nutrition and blood agents),Sarabhai (india)
 Maxiplex,Vit B1/b6/b12 + C, inj, 1ml,1,Vitamins/minerals (Nutrition and blood agents),Sarabhai (india)
 Macsunate,Artesunate, tabs, 200mg,6,Antimalarials (Anti-infectives),Macleods Pharma
 Macsunate,Artesunate, tabs, 100mg,6,Antimalarials (Anti-infectives),Macleods Pharma
 Lovir,Acyclovir, tabs, 200mg,25,Antiviral Agents (Anti-infectives),Ranbaxy Labs
 Lortan H,Losartan/hydrochlorthiazide, tabs, 50/2.5mg,30,Angiotensin Ii Rec. Antagonists (Cardiovascular drugs),Prism Life Sciences
 Lortan,Losartan, tabs, 50mg,30,Angiotensin Ii Rec. Antagonists (Cardiovascular drugs),Prism Life Sciences
 Lipimet,Metformin, tabs, 850mg,30,Antidiabetics:biguanides (Endocrine system drugs),Prism Life Sciences
 Lipimet,Metformin, tabs, 500mg,30,Antidiabetics:biguanides (Endocrine system drugs),Prism Life Sciences
 Letrizine,Levocetirizine, tabs, 5mg,10,Antihistamines (Respiratory system drugs),Cipla Ltd
 Lazope,Lansoprazole, caps, 30mg,10,Proton Pump Inhibitors (Gastrointestinal drugs),Metro Pharma
 Larimal Junior,Artesunate/amodiaquine, tabs, -,12,Antimalarials (Anti-infectives),Ipca
 Larimal Child,Artesunate/amodiaquine, tabs, -,6,Antimalarials (Anti-infectives),Ipca
 Lanpro,Lansoprazole, caps, 30mg,100,Proton Pump Inhibitors (Gastrointestinal drugs),Unichem Labs
 Lanocid,Lansoprazole, caps, 30mg,30,Proton Pump Inhibitors (Gastrointestinal drugs),Flamingo Impex Pvt
 Ladinin,Ciprofloxacin, tabs, 500mg,10,Antibacterials: Floroquinolones (Anti-infectives),Pharmathen
 Kidivite,Vitamin/mineral Preparation, syp, 200ml,1,Vitamins/minerals (Nutrition and blood agents),Metro Pharma
 Kelvin-p,Sulfamethoxypyrazine/pyrimethamine, syp, 60ml,1,Antimalarials (Anti-infectives),Leben Labs
 Kefzol,Cefazolin, inj, 500mg,1,Antibacterials: Cephalosporins (Anti-infectives),Eli Lilly & Co
 Kaletra,Lopinavir/ritonavir, caps, 80;20mg,180,Antiretrovirals (Anti-infectives),Abbott (usa)
 Ivydexone,Dexamethasone, eye drops, 5ml,1,Corticosteroids (Endocrine system drugs),Ivee Aqua Epz
 Invoril,Enalapril, tabs, 10mg,100,Ace Inhibitors (Cardiovascular drugs),Ranbaxy Labs
 Hb Tone,Iron/haematinic Preparation, liquid, 200ml,1,Haematinics/iron Preparations (Nutrition and blood agents),Cadila Pharma
 Glypride,Glimepiride, tabs, 4mg,30,Sulphonylureas (Endocrine system drugs),Sun Pharma
 Glypride,Glimepiride, tabs, 2mg,30,Sulphonylureas (Endocrine system drugs),Sun Pharma
 Glypride,Glimepiride, tabs, 1mg,30,Sulphonylureas (Endocrine system drugs),Sun Pharma
 Glyfor,Metformin, tabs, 850mg,100,Antidiabetics:biguanides (Endocrine system drugs),Usv Ltd (india)
 Glucovance,Glibenclamide/metformin, tabs, 1.25/250mg,60,Sulphonylureas (Endocrine system drugs),Medley Pharma
 Glucovance,Glibenclamide/metformin, tabs, 2.5/500mg,60,Sulphonylureas (Endocrine system drugs),Medley Pharma
 Gatilox,Gatifloxacin, tabs, 200mg,5,Antibacterials: Floroquinolones (Anti-infectives),Sun Pharma
 Gabantin,Gabapentine, caps, 300mg,30,Antiepileptics (CNS agents),Sunpar Pharma
 Foracort,Budesonide/formoterol, inhaler, 400/6 mcg 120 doses,1,Corticosteroids (Endocrine system drugs),Cipla Ltd
 Focin,Fosfomycin, syp, 60ml,1,Antibacterials: Others (Anti-infectives),Tablets India Ltd
 Fexidine,Fexofenadine, tabs, 180mg,30,Antihistamines (Respiratory system drugs),Ind Swift
 Fexidine,Fexofenadine, tabs, 120mg,30,Antihistamines (Respiratory system drugs),Ind Swift
 Felodil,Felodipine, tabs, 10mg,30,Calcium Channel Blokers (Cardiovascular drugs),Cipla Ltd
 Essel Forte,Vitamin/mineral Preparation, caps, -,30,Vitamins/minerals (Nutrition and blood agents),Nabros Pharma Products
 Efferalgan Paed,Paracetamol, solution, 90ml,1,Nsaids (Musculoskeletal agents),Bristol-myers
 Ebastel,Ebastine, tabs, 10mg,20,Antihistamines (Respiratory system drugs),Almirall Prodes
 E-pril,Enalapril, tabs, 5mg,50,Ace Inhibitors (Cardiovascular drugs),Orchid Healthcare
 Duobet,Glibenclamide/metformin, tabs, 5/500mg,50,Sulphonylureas (Endocrine system drugs),Prism Life Sciences
 Diflucan,Fluconazole, caps, 150mg,1,Antifungals (Anti-infectives),Pfizer Global Pharma
 Diclowal,Diclofenac, inj, 75mg,1,Nsaids (Musculoskeletal agents),Globe Pharmacy Ltd
 Diclowal,Diclofenac, tabs, 100mg,1,Nsaids (Musculoskeletal agents),Globe Pharmacy Ltd
 Diclowal,Diclofenac, tabs, 50mg,1,Nsaids (Musculoskeletal agents),Globe Pharmacy Ltd
 Diavista,Pioglitazole, tabs, 30mg,20,Antidiabetics: Other (Endocrine system drugs),Dr Reddys Labs
 Diamicron Mr,Gliclazide, tabs, 80mg,30,Sulphonylureas (Endocrine system drugs),Servier Labs (france)
 Dermofix,Sertaconazole, cream, 20g,1,Antifungals (Anti-infectives),Ferrer Pharmaceuticals
 Dermazine,Silver Sulphadiazine, cream, 50g,1,Antibacterials: Others (Anti-infectives),Dawa Pharmaceuticals
 Dermasil,(n/a), inj, 0.5ml,1,Misc. Agents (Misc. drugs),Surgilinks Ltd
 Dermasil,(n/a), inj, 0.25ml,1,Misc. Agents (Misc. drugs),Surgilinks Ltd
 Demstal,Domperidone, tabs, 10mg,50,Antiemetics (Gastrointestinal drugs),Medisel
 Dandrid,(n/a), lotion, 50ml,1,Misc. Agents (Misc. drugs),-
 Dandrid,(n/a), drops, 15ml,1,Misc. Agents (Misc. drugs),-
 Daivonex,Calcipotriol, cream, 30g,1,Dermatological Agents (Dermatological agents),Leo Pharma
 Dacof Paed,Cough Syrup, syp, 100ml,1,Antitussives (Respiratory system drugs),Dawa Pharmaceuticals
 Dacof Mucolytic,Cough Expectorant, syp, 100ml,1,Mucolytics/expectorants (Respiratory system drugs),Dawa Pharmaceuticals
 Dacof Exp,Cough Expectorant, syp, 100ml,1,Mucolytics/expectorants (Respiratory system drugs),Dawa Pharmaceuticals
 Dacof Dry,Cough Syrup, syp, 100ml,1,Antitussives (Respiratory system drugs),Dawa Pharmaceuticals
 Criptocan,Fluconazole, caps, 150mg,1,Antifungals (Anti-infectives),Sphinx Pharma
 Concize,Fluconazole, tabs, 50mg,7,Antifungals (Anti-infectives),Indoco Remedies
 Coartem,Artemether/lumefantrine, tabs, 20/120mg,24,Antimalarials (Anti-infectives),Novartis Pharma
 Cloben G,Clotrimazole/beclomethasone/gentamicin, cream, 15g,1,Dermatological Agents (Dermatological agents),Ray Pharma
 Claxy,Amoxicillin/clavulanate, inj, 1.2g,1,Antibacterials: Penicillins (Anti-infectives),Swiss Pharma
 Claire,Clarithromycin, tabs, 250mg,14,Antibacterials: Macrolides (Anti-infectives),Ind Swift
 Citra,Cetirizine, syp, 60ml,1,Antihistamines (Respiratory system drugs),Hilton Pharma
 Ciprolet,Ciprofloxacin, inj, 100ml,1,Antibacterials: Floroquinolones (Anti-infectives),Dr Reddys Labs
 Cifex,Cefixime, tabs, 400mg,10,Antibacterials: Cephalosporins (Anti-infectives),Aegis Ltd
 Chloroptic,Chloramphenicol, eye drops, 10ml,1,Antibacterials: Chloramphenicol (Anti-infectives),Globe Pharmacy Ltd
 Cezine,Cetirizine, tabs, 10mg,10,Antihistamines (Respiratory system drugs),Pdh Pharma
 Cezine,Cetirizine, syp, 60ml,1,Antihistamines (Respiratory system drugs),Pdh Pharma
 Cexil,Cefadroxil, susp, 250mg/5ml 100ml,1,Antibacterials: Cephalosporins (Anti-infectives),Universal Cooporation
 Cexil,Cefadroxil, caps, 500mg,10,Antibacterials: Cephalosporins (Anti-infectives),Universal Cooporation
 Cetrizet L,Levocetirizine, tabs, 5mg,30,Antihistamines (Respiratory system drugs),Sun Pharma
 Cetin,Loratadine, syp, 60ml,1,Antihistamines (Respiratory system drugs),Syner-med Pharma
 Ceprolen-d,Ciprofloxacin/dexamethasone, e/e drops, 5ml,1,Eye/ear/nose Preparations (Eye ENT agents),Ranbaxy Labs
 Cepocaine,Benzocaine, lozenges, -,16,Local Anaesthetics (Musculoskeletal agents),Surgilinks Ltd
 Celepid,Vitamin/mineral Preparation, infusion, 20% 500ml,1,Vitamins/minerals (Nutrition and blood agents),Claris Lifesc
 Celcotar,(n/a), solution, 150ml,1,Misc. Agents (Misc. drugs),-
 Cefuzime,Cefuroxime, tabs, 500mg,10,Antibacterials: Cephalosporins (Anti-infectives),Julphar Gulf Pharma
 Cefuzime,Cefuroxime, susp, 125mg/5ml 50ml,1,Antibacterials: Cephalosporins (Anti-infectives),Julphar Gulf Pharma
 Cefotrix,Ceftriaxone, inj, 250 iv,1,Antibacterials: Cephalosporins (Anti-infectives),T3a Pharma
 Cefotrix,Ceftriaxone, inj, 250mg im,1,Antibacterials: Cephalosporins (Anti-infectives),T3a Pharma
 Ceff Kid,Cephalexin, tabs, -,100,Antibacterials: Cephalosporins (Anti-infectives),Lupin Labs
 Cefamor,Cephapirin, caps, 500mg,100,Antibacterials: Cephalosporins (Anti-infectives),Cadila Pharma
 Cefamor,Cephalexin, caps, 250mg,100,Antibacterials: Cephalosporins (Anti-infectives),Cadila Pharma
 Cebanex,Cefoperazone/sulbactam, inj, 1g,1,Antibacterials: Cephalosporins (Anti-infectives),Orchid Healthcare
 Cartisafe Msm,Glucosamine/calcium Carbonate, tabs, -,30,Vitamins/minerals (Nutrition and blood agents),Jenburkt Pharma
 Cartlion Plus,Glucosamine/chondrointin, tabs, -,30,Vitamins/minerals (Nutrition and blood agents),Surgilinks Ltd
 Cartil Super Forte,Glucosamine/chondrointin, caps, -,30,Vitamins/minerals (Nutrition and blood agents),Nabros Pharma Products
 Cardopril,Captopril, tabs, 50mg,100,Ace Inhibitors (Cardiovascular drugs),Beximco Pharma
 Cardioace,Vitamin/mineral Preparation, caps, -,30,Vitamins/minerals (Nutrition and blood agents),Vitabiotics
 Cardil,Carvedilol, tabs, 12.5mg,30,Beta-blockers (Cardiovascular drugs),Nic Pharma
 Campose,(n/a), tabs, 5mg,1,Misc. Agents (Misc. drugs),Harleys Ltd
 Camox,Amoxicillin/lactic Acid Bacillus, tabs, 125mg,100,Antibacterials: Penicillins (Anti-infectives),Cosmos Ltd
 Caldob,Calcium Dobesilate, tabs, 500mg,50,Vitamins/minerals (Nutrition and blood agents),Comed Chemicals
 Calcinol,Vitamin/mineral Preparation, syp, 60ml,1,Vitamins/minerals (Nutrition and blood agents),"Raptakos, Brett"
 Cefkit Combi,(n/a), tabs, -,60,Misc. Agents (Misc. drugs),-
 Burnisher,(n/a), -, -,1,Misc. Agents (Misc. drugs),-
 Burnimed,Silver Sulphadiazine, cream, 250g,1,Antibacterials: Others (Anti-infectives),Medivet Pdts Ltd
 Budenase,Budesonide, nasal spray, 150 md 7.5ml,1,Corticosteroids (Endocrine system drugs),Cipla Ltd
 Brustan,Paracetamol/ibuprofen, susp, 100ml,1,Nsaids (Musculoskeletal agents),Ranbaxy Labs
 Brunac,Acetyl Cysteine, eye drops, 5ml,1,Misc. Agents (Misc. drugs),Globe Pharmacy Ltd
 Brumixol,Ciclopirox Olamine, pess, -,1,Antifungals (Anti-infectives),Bruschettini
 Brumixol,Ciclopirox Olamine, vaginal crm, 78g,1,Antifungals (Anti-infectives),Bruschettini
 Bronyl,Cough Expectorant, syp, 120ml,1,Mucolytics/expectorants (Respiratory system drugs),Coral India (dwd)
 Borosoft,(n/a), cream, 25g,1,Misc. Agents (Misc. drugs),Lords Healthcare
 Bonewax,(n/a), -, 2.5g,12,Misc. Agents (Misc. drugs),Phillips Pharma
 Bluecap,Zinc Pyrithione, spray, 100ml,1,Dermatological Agents (Dermatological agents),Catalysis
 Bluecap,Zinc Pyrithione, shampoo, 75ml,1,Dermatological Agents (Dermatological agents),Catalysis
 Bluecap,Zinc Pyrithione, cream, 50g,1,Dermatological Agents (Dermatological agents),Catalysis
 Blephamide,Sulphacetamide/prednisolone, eye drops, 5ml,1,See Class Of Components (),Globe Pharmacy Ltd
 Bifilac,Prebiotic/probiotic, caps, -,10,Misc. Agents (Misc. drugs),Tablets India Ltd
 Bexvit,Vitamin/mineral Preparation, tabs, -,30,Vitamins/minerals (Nutrition and blood agents),Madawa Pharma.
 Betpharm Cream,Betamethasone, cream, 15g,1,Corticosteroids (Endocrine system drugs),-
 Benacof Paed,Cough Syrup, syp, 100ml,1,Antitussives (Respiratory system drugs),Sphinx Pharma
 Benacof N Drowsy,Cough Syrup, syp, 100ml,1,Antitussives (Respiratory system drugs),Sphinx Pharma
 Beauty Plus,Herbal Remedy, caps, -,1,Misc. Agents (Misc. drugs),Harleys Ltd
 Bab-eze,Vitamin/mineral Preparation, drops, 30ml,1,Vitamins/minerals (Nutrition and blood agents),Metro Pharma
 Azithral,Azithromycin, susp, 200mg/5ml 15ml,1,Antibacterials: Macrolides (Anti-infectives),Alembic
 Axone,Ceftriaxone, inj, 1g,1,Antibacterials: Cephalosporins (Anti-infectives),Cadila Pharma
 Ats,(n/a), inj, 1500 iu,1,Misc. Agents (Misc. drugs),Laborex Kenya
 Atocor,Atorvastatin, tabs, 10mg,10,Statins (Cardiovascular drugs),Dr Reddys Labs
 Atenol,Atenolol, tabs, 25mg,30,Beta-blockers (Cardiovascular drugs),Prism Life Sciences
 Atenol,Atenolol, tabs, 100mg,30,Beta-blockers (Cardiovascular drugs),Prism Life Sciences
 Atsol Infant,(n/a), drops, 24ml,1,Misc. Agents (Misc. drugs),-
 Aswal Plus,Herbal Remedy, tabs, -,10,Misc. Agents (Misc. drugs),Gufic (india)
 Asunate Denk,Artesunate/sulfamethoxypyrazine/pyrimethamine, tabs, 200/50/25 mg,6,Antimalarials (Anti-infectives),Denk Pharma
 Asunate Denk,Artesunate/sulfamethoxypyrazine/pyrimethamine, tabs, 100/250/12.5 mg,6,Antimalarials (Anti-infectives),Denk Pharma
 Aspec,Apc, tabs, 150/250/50 mg,500,Nsaids (Musculoskeletal agents),Regal Pharma
 Aspec,Apc, tabs, 150/250/50 mg,100,Nsaids (Musculoskeletal agents),Regal Pharma
 Aspasweet,Aspartame, tabs, 100s,150,Misc. Agents (Misc. drugs),Cosmos Ltd
 Asot,(n/a), kit, -,50,Misc. Agents (Misc. drugs),-
 Asomex,Amlodipine, tabs, 5mg,30,Calcium Channel Blokers (Cardiovascular drugs),Emcure Pharmaceuticals
 Asomex,Amlodipine, tabs, 2.5mg,30,Calcium Channel Blokers (Cardiovascular drugs),Emcure Pharmaceuticals
 Asmol,Salbutamol, syp, 60ml,1,Selective Beta-2 Agonists (Respiratory system drugs),Regal Pharma
 Asmol,Salbutamol, syp, 100ml,1,Selective Beta-2 Agonists (Respiratory system drugs),Regal Pharma
 Asmalin,Salbutamol, tabs, 4mg,1000,Selective Beta-2 Agonists (Respiratory system drugs),Medisel
 Asilone,Antacid, susp, 500ml,1,Antacids (Gastrointestinal drugs),-
 Asartan,(n/a), tabs, -,100,Misc. Agents (Misc. drugs),Medisel
 Arthrosamine Plus,Glucosamine/chondrointin, caps, -,60,Vitamins/minerals (Nutrition and blood agents),-
 Arthrella,Herbal Remedy, tabs, -,20,Misc. Agents (Misc. drugs),Charak
 Artequin,Artesunate/mefloquine, tabs, 300/375 mg,6,Antimalarials (Anti-infectives),Mepha
 Artemedine,Artemether, inj, 40mg/ml,6,Antimalarials (Anti-infectives),Kunming Pharma
 Artefan,Artemether/lumefantrine, tabs, 20/120mg,6,Antimalarials (Anti-infectives),Ajanta Pharma Ltd
 Artefan,Artemether/lumefantrine, tabs, 80/480mg,6,Antimalarials (Anti-infectives),Ajanta Pharma Ltd
 Aristovit-m,Vitamin/mineral Preparation, tabs, -,30,Vitamins/minerals (Nutrition and blood agents),Depopharma Ltd
 Anadol,Tramadol, inj, 100mg/2ml,10,Opiod Analgesics (Musculoskeletal agents),Square Pharmaceuticals
 Amzart,Losartan/amlodipine, tabs, 50/5mg,30,Angiotensin Ii Rec. Antagonists (Cardiovascular drugs),Cipla Ltd
 Amlocip,Amlodipine, tabs, 5mg,30,Calcium Channel Blokers (Cardiovascular drugs),Cipla Ltd
 Altacef,Cefuroxime, susp, 125mg/5ml 50ml,1,Antibacterials: Cephalosporins (Anti-infectives),Glenmark Pharma
 Allucid Plus,Al(oh)3/mg(oh)2/simethicone, syp, 100ml,1,Antacids (Gastrointestinal drugs),Biodeal Labds Ltd
 Allerief,Chlorpheniramine, liquid, 100ml,1,Antihistamines (Respiratory system drugs),Orbit Chemicals
 Alcet,Levocetirizine, tabs, 5mg,10,Antihistamines (Respiratory system drugs),Prism Life Sciences
 Alaxin,Dihydroartemisinin, supp, 80mg,8,Antimalarials (Anti-infectives),"Bliss Gvs Pharma, India"
 Alaxin,Dihydroartemisinin, supp, 40mg,8,Antimalarials (Anti-infectives),"Bliss Gvs Pharma, India"
 Addyzoa,Herbal Remedy, caps, -,20,Misc. Agents (Misc. drugs),Charak
 Additrace,Trace Elements, inj, 10 ml,1,Vitamins/minerals (Nutrition and blood agents),Fresenius Kabi
 Adcip,Ciprofloxacin, tabs, 500mg,100,Antibacterials: Floroquinolones (Anti-infectives),Vishal Pharma
 Acridole,(n/a), tabs, 40mg,10,Misc. Agents (Misc. drugs),Aim International Pharm
 Acivir,Acyclovir, infusion, 25mg,1,Antiviral Agents (Anti-infectives),Cipla Ltd
 A To Z Syrup,Vitamin/mineral Preparation, syp, 100ml,1,Vitamins/minerals (Nutrition and blood agents),Medisel
 A To Z Antioxidant,Vitamin/mineral Preparation, tabs, -,30,Vitamins/minerals (Nutrition and blood agents),Alkem Labs
 Sulid,Cetirizine, syp, 5mg/5ml 60ml,1,Antihistamines (Respiratory system drugs),Benmed Pharmaceuticals
 Benaworm,Albendazole, susp, 400mg/10ml,1,Anthelmintics (Anti-infectives),Benmed Pharmaceuticals
 Benased Paed,Diphenhydramine/sodium Citrate/menthol, syp, 7/28.5/0.55 mg/5ml; 60ml,1,Antitussives (Respiratory system drugs),Benmed Pharmaceuticals
 Benased Paed,Diphenhydramine/sodium Citrate/menthol, syp, 7/28.5/0.55 mg/5ml; 100ml,1,Antitussives (Respiratory system drugs),Benmed Pharmaceuticals
 Benased Dry,Diphenhydramine/dextromethorphan/sodium Citrate/menthol, syp, 14/5.7/57/1.1 mg/5ml; 60ml,1,Antitussives (Respiratory system drugs),Benmed Pharmaceuticals
 Benased Dry,Diphenhydramine/dextromethorphan/sodium Citrate/menthol, syp, 14/5.7/57/1.1 mg/5ml; 100ml,1,Antitussives (Respiratory system drugs),Benmed Pharmaceuticals
 Benased Chesty,Diphenhydramine/guaiphenesin/menthol, syp, 14/100/1.1 mg/5ml; 60ml,1,Mucolytics/expectorants (Respiratory system drugs),Benmed Pharmaceuticals
 Benased Chesty,Diphenhydramine/guaiphenesin/menthol, syp, 14/100/1.1 mg/5ml; 100ml,1,Mucolytics/expectorants (Respiratory system drugs),Benmed Pharmaceuticals
 Benagyl-df,Diloxanide/metronidazole, susp, 125/100mg/5ml 100ml,1,Antiprozoal Agents (Anti-infectives),Benmed Pharmaceuticals
 Benagyl-df,Diloxanide/metronidazole, susp, 125/100mg/5ml 60ml,1,Antiprozoal Agents (Anti-infectives),Benmed Pharmaceuticals
 Abumol,Paracetamol/ibuprofen, susp, 120/100mg/5ml 60ml,1,Nsaids (Musculoskeletal agents),Benmed Pharmaceuticals
 Abumol,Paracetamol/ibuprofen, susp, 120/100mg/5ml 100 ml,1,Nsaids (Musculoskeletal agents),Benmed Pharmaceuticals
 Jointex Oil,(n/a), liquid, 60ml,1,Misc. Agents (Misc. drugs),Indchemie Health Specialities
 Jointex,Glucosamine/chondrointin, caps, -,12,Vitamins/minerals (Nutrition and blood agents),Indchemie Health Specialities
 Karnim,Herbal Remedy, caps, -,100,Misc. Agents (Misc. drugs),Indchemie Health Specialities
 Pasofenac,Diclofenac, inj, 75mg,1,Nsaids (Musculoskeletal agents),Psa Chem & Pharma Pvt
 Panopsa,Pantoprazole, tabs, 40mg,10,Proton Pump Inhibitors (Gastrointestinal drugs),Psa Chem & Pharma Pvt
 Citipsa,Cetirizine, tabs, 10mg,100,Antihistamines (Respiratory system drugs),Cosme Pharma
 Synabron,Cough Expectorant, tabs, -,100,Mucolytics/expectorants (Respiratory system drugs),Concept Pharmaceuticals
 Synabron,Cough Expectorant, syp, 100ml,1,Mucolytics/expectorants (Respiratory system drugs),Concept Pharmaceuticals
 Roxyrol,Roxithromycin, tabs, 150mg,100,Antibacterials: Macrolides (Anti-infectives),Concept Pharmaceuticals
 Lpl,Lisinopril, tabs, 10mg,100,Ace Inhibitors (Cardiovascular drugs),Concept Pharmaceuticals
 Lpl,Lisinopril, tabs, 5mg,100,Ace Inhibitors (Cardiovascular drugs),Concept Pharmaceuticals
 Maxamin Forte,Vitamin/mineral Preparation, syp, 100ml,1,Vitamins/minerals (Nutrition and blood agents),Anglo French
 Maxamin Forte,Vitamin/mineral Preparation, tabs, -,30,Vitamins/minerals (Nutrition and blood agents),Anglo French
 Gabrocin,Paromomycin, susp, 60ml,1,Antiprozoal Agents (Anti-infectives),"Zenamed Pharmaceuticals, Kenya"
 Gabrocin,Paromomycin, susp, 100ml,1,Antiprozoal Agents (Anti-infectives),"Zenamed Pharmaceuticals, Kenya"
 Lorabid,Loracarbef, susp, 100mg,1,Antibacterials: Cephalosporins (Anti-infectives),Eli Lilly & Co
 Lingifene,Buclizine, tabs, 25mg,1,Antiemetics (Gastrointestinal drugs),Ucb Pharm Sa Pty
 Lipobay,Cerivastatin, tabs, 0.2mg,28,Statins (Cardiovascular drugs),Bayer Schering Pharma
 Telzir,Fosamprenavir, tabs, 700mg,1,Antiretrovirals (Anti-infectives),Glaxosmithkline Pharma
 Tarceva,Erlotinib, tabs, 25mg,30,Anticancer/immunosuppressants: Other (Oncology & immunosuppression drugs),Roche Diagnostics
 Ultiva,Remifentanil, inj, 1mg,5,Opiod Analgesics (Musculoskeletal agents),Glaxosmithkline Pharma
 Sirdalud,Tizanidine, tabs, 2mg,30,Skeletal Muscle Relaxants (Musculoskeletal agents),Novartis Pharma
 Truvada,Tenofovir/emtricitabine, tabs, 200/200mg,30,Antiretrovirals (Anti-infectives),Gilead Sciences
 Troscan,Nitroscanate, tabs, 100mg,1,Anthelmintics (Anti-infectives),Chanelle
 Cymbalta,Duloxetine, caps, 30mg,28,Ssris (CNS agents),Eli Lilly & Co
 Travatan,Travoprost, eye drops, 0.04% 2.5ml,1,Prostagladins & Analogues (Misc. drugs),Alcon Pharma
 Keppra,Levetiracetam, tabs, 250mg,60,Antiparkinsonism Agents (CNS agents),Ucb Pharm Sa Pty
 Raxar,Grapefloxacin, tabs, 400mg,10,Antibacterials: Floroquinolones (Anti-infectives),Glaxosmithkline Pharma
 Relpax,Eletriptan, tabs, -,1,Ssris (CNS agents),Pfizer Global Pharma
 Reyatez,Atazanavir, caps, 150mg,1,Antiretrovirals (Anti-infectives),Bristol-myers
 Rilutek,Riluzole, tabs, 50mg,56,Misc. Agents (Misc. drugs),Sanofi-aventis
 Praxilene,Naftidrofuryl, caps, -,1,Vasodilators (Cardiovascular drugs),Lipha
 Mextil,Metformin, tabs, 500mg,12,Antidiabetics:biguanides (Endocrine system drugs),-
 Geodon,Ziprasidone, caps, 2mg,1,Antipsychotics (CNS agents),Pfizer Global Pharma
 Forteo,Teriparatide, inj, 250mg,1,Misc. Agents (Misc. drugs),Eli Lilly & Co
 Focin,Fosfomycin, caps, 500mg,1,Antibacterials: Others (Anti-infectives),Tabros Pharma
 Eulexin,Flutamide, tabs, 250mg,1,Antiandrogens (Endocrine system drugs),Essex (schering - Plough)
 Flutan,Flutamide, tabs, 250mg,20,Antiandrogens (Endocrine system drugs),Medochemie
 Viread,Tenofovir, tabs, 300mg,30,Antiretrovirals (Anti-infectives),Gilead Sciences Inc
 Ultralan,Flucortolone Pivalate/flucortolone Caproate, oint, -,1,Dermatological Agents (Dermatological agents),Bayer Schering Pharma.
 Tyzorin,Tibezonium Iodide, lozenges, -,24,Misc. Agents (Misc. drugs),Pacific Pharma
 Tubocurarin,Tubocurarine, inj, 10mg,1,Neuromuscular Blockers (Musculoskeletal agents),Rotex Medica
 Tetmosal,Monosulfiram, soap bar, 75g,10,Parasiticidals (Anti-infectives),-
 Tabromide,Loperamide, caps, 2mg,6,Antidiarrheorals (Gastrointestinal drugs),Tabros Pharma
 Amphotret,Amphotericin B, inj, 50mg,1,Antifungals (Anti-infectives),Bharat Biotech
 Genuric Forte,Flavoxate, tabs, 200mg,1,Misc. Agents (Misc. drugs),Pacific Pharma
 Procid,Pefloxacin, tabs, 400mg,1,Antibacterials: Floroquinolones (Anti-infectives),Southshourne Coop
 Pilocar,Pilocarpine, eye drops, 2% 5ml,1,Cholinergic Agonists (Respiratory system drugs),Fdc Ltd (india)
 Ozitas,Olanzapine, tabs, 10mg,30,Antipsychotics (CNS agents),Intas Exports
 Remeron,Mirtazapine, tabs, 30mg,1,Antidepressants: Other (CNS agents),Essex (organon Pharma)
 Synerbrin,Dihydroergocristin/reserpin/clopamid, tabs, 0.5/0.1/5mg,1,Vasodilators (Cardiovascular drugs),Scanpharm
 Stavex,Lamivudine/stavudine, tabs, 150/40mg,1,Antiretrovirals (Anti-infectives),Aurobindo Pharma
 Stabilanol,Fluconazole, caps, 150mg,1,Antifungals (Anti-infectives),Pharmathen
 Shanferon,Interferon Alpha, inj, 3 miu,1,Immunological Agents (Immunological agents),Shantha Biotech
 Zolstan,Fluconazole, tabs, 150mg,1,Antifungals (Anti-infectives),Dr Reddys Labs
 Osetron,Ondansetron, inj, 8mg/4ml,5,Antiemetics (Gastrointestinal drugs),Dr Reddys Labs
 Cardiopril,Ramipril, tabs, 2.5mg,20,Ace Inhibitors (Cardiovascular drugs),Dr Reddys Labs
 Cardiopril,Ramipril, tabs, 5mg,20,Ace Inhibitors (Cardiovascular drugs),Dr Reddys Labs
 Cantar,Candesartan, tabs, 8mg,20,Angiotensin Ii Rec. Antagonists (Cardiovascular drugs),Dr Reddys Labs
 Hyscopan,Hyoscine Butylbromide, inj, 20mg/ml,1,Antimuscarinic Drugs (Gastrointestinal drugs),Indus Pharma
 Orthofen Sr,Aceclofenac, tabs, 200mg,30,Nsaids (Musculoskeletal agents),Prism Life Sciences
 Erither,Artemether, inj, 40mg,6,Antimalarials (Anti-infectives),Erica Pharma Pvt
 Erimal Junior,Artesunate/amodiaquine, tabs, 50/153.1 12,1,Antimalarials (Anti-infectives),Erica Pharma Pvt
 Benzhexol,Benzhexol, tabs, 5mg,100,Antimuscarinic Drugs (Gastrointestinal drugs),Erica Pharma Pvt
 Traxol-s,Ceftriaxone, inj, 750mg,1,Antibacterials: Cephalosporins (Anti-infectives),Cachet Pharma Pvt
 Traxol S Kid,Ceftriaxone, inj, 187.7mg,1,Antibacterials: Cephalosporins (Anti-infectives),Cachet Pharma Pvt
 Traxol S,Ceftriaxone, inj, 375mg,1,Antibacterials: Cephalosporins (Anti-infectives),Cachet Pharma Pvt
 Lysoflam,Diclofenac, gel, 30gm,1,Nsaids (Musculoskeletal agents),Cachet Pharma Pvt
 Eascof,Cough Expectorant, syp, 100ml,1,Mucolytics/expectorants (Respiratory system drugs),Cachet Pharma Pvt
 Whitfields,Benzoic Acid/salicylic Acid, oint, 25gm,1,Dermatological Agents (Dermatological agents),Essential Pharma
 Vasodilen,Salbutamol, syp, 2mg/5ml 100ml,1,Selective Beta-2 Agonists (Respiratory system drugs),Essential Pharma
 Vasodilen,Salbutamol, tabs, 2mg,1000,Selective Beta-2 Agonists (Respiratory system drugs),Essential Pharma
 Savodar,Sulfadoxine/pyrimethamine, tabs, 250/25mg,100,Antimalarials (Anti-infectives),Essential Pharma
 Savodar,Sulfadoxine/pyrimethamine, susp, 10ml,1,Antimalarials (Anti-infectives),Essential Pharma
 Prednisolone,Prednisolone, tabs, 5mg,1000,Corticosteroids (Endocrine system drugs),Essential Pharma
 Peptocid,Antacid, tabs, -,100,Antacids (Gastrointestinal drugs),Essential Pharma
 Peptocid,Antacid, susp, 100ml,1,Antacids (Gastrointestinal drugs),Essential Pharma
 Paracol,Paracetamol, susp, 120mg/5ml 100ml,1,Nsaids (Musculoskeletal agents),Essential Pharma
 Metrosap,Metronidazole, tabs, 400mg,1000,Antiprozoal Agents (Anti-infectives),Essential Pharma
 Maloquin,Amodiaquine, tabs, 200mg,100,Antimalarials (Anti-infectives),Essential Pharma
 Maloquin,Amodiaquine, susp, 100mg/5ml 60ml,1,Antimalarials (Anti-infectives),Essential Pharma
 Ibudafen,Ibuprofen, tabs, 200mg,1000,Nsaids (Musculoskeletal agents),Essential Pharma
 Ibudafen,Ibuprofen, susp, 100mg/5ml 100ml,1,Nsaids (Musculoskeletal agents),Essential Pharma
 Ibudafen,Ibuprofen, gel, 5% 20g,1,Nsaids (Musculoskeletal agents),Essential Pharma
 Hyrosone,Hydrocortisone, oint, 1%10g,1,Corticosteroids (Endocrine system drugs),Essential Pharma
 Hemadol,Apc, tabs, -,100,Nsaids (Musculoskeletal agents),Essential Pharma
 Haemofol,Folic Acid, tabs, 5mg,1000,Vitamins/minerals (Nutrition and blood agents),Essential Pharma
 Entacin,Indomethacin, caps, 25mg,1000,Nsaids (Musculoskeletal agents),Essential Pharma
 Cold Nurse,Paracetamol/pseudoephedrine/chlorpheniramine, syp, 120/10/2mg 60ml,1,Cold Remedies (Respiratory system drugs),Essential Pharma
 Cold Nurse,Paracetamol/pseudoephedrine/chlorpheniramine, syp, 120/10/2mg 100ml,1,Cold Remedies (Respiratory system drugs),Essential Pharma
 Cofeeze,Cough Expectorant, syp, 60ml,1,Mucolytics/expectorants (Respiratory system drugs),Essential Pharma
 Clarizole,Clotrimazole, cream, 1% 20g,1,Antifungals (Anti-infectives),Essential Pharma
 Camozole,Trimethorpim/sulphamethoxazole, tabs, 80/200mg,100,Antibacterials: Co-trimoxazoles (Anti-infectives),Essential Pharma
 Camozole,Trimethorpim/sulphamethoxazole, susp, 40/200mg/100ml,1,Antibacterials: Co-trimoxazoles (Anti-infectives),Essential Pharma
 Beticort,Betamethasone, oint, 0.1%w/w 15g,1,Corticosteroids (Endocrine system drugs),Essential Pharma
 Beticort,Betamethasone, cream, 0.1%w/w 15g,1,Corticosteroids (Endocrine system drugs),Essential Pharma
 Allerex,Chlorpheniramine, syp, 4mg/5ml 100ml,1,Antihistamines (Respiratory system drugs),Essential Pharma
 Allerex,Chlorpheniramine, syp, 4mg/5ml 60 ml,15,Antihistamines (Respiratory system drugs),Essential Pharma
 Albenze,Albendazole, tabs, 200mg,100,Anthelmintics (Anti-infectives),Essential Pharma
 Ddavp,Desmopressin, inj, 4mcg/ml 1ml,10,Antidiabetics: Other (Endocrine system drugs),Ferring Pharma
 Ddavp,Desmopressin, nasal spray, 0.1mg/ml 5ml,1,Antidiabetics: Other (Endocrine system drugs),Ferring Pharma
 Ddavp,Desmopressin, tabs, 0.1mg,30,Antidiabetics: Other (Endocrine system drugs),Ferring Pharma
 Pentasa,Mesalazine, tabs, 500mg,100,Aminosalicylates (Gastrointestinal drugs),Ferring Pharma
 Gestone,Progesterone, inj, 50mg 1ml,10,Progestogens (Endocrine system drugs),Ferring Pharma
 Tractocile,Atosiban, inj, 7.5mg/ml 0.9ml,1,Misc. Agents (Misc. drugs),Ferring Pharma
 Propess,Dinoprostone, vaginal tab, 10mg,5,Prostagladins & Analogues (Misc. drugs),Ferring Pharma
 Menogon,Menotrophin, inj, 75iu 1ml,10,Hypothalamic/pituitary Hormones (Endocrine system drugs),Ferring Pharma
 Gestone,Progesterone, inj, 100mg 2ml,10,Progestogens (Endocrine system drugs),Ferring Pharma
 Chorago,Chorionic Acid, inj, 1ml,3,Hypothalamic/pituitary Hormones (Endocrine system drugs),Ferring Pharma
 Refresh Liquigel,Artificial Tears, drops, 10% 15 ml,1,Eye/ear/nose Preparations (Eye ENT agents),Allergan Ltd
 Celluvisc,Artificial Tears, gel, 0.4 ml,31,Eye/ear/nose Preparations (Eye ENT agents),Allergan Ltd
 Zegra,Sildenafil, tabs, 100mg,4,"Erectile Dysfunction Agents (Urinary, Obstetrics and Gynaecological agents)",Benmed Pharmaceuticals
 Zegra,Sildenafil, tabs, 50mg,4,"Erectile Dysfunction Agents (Urinary, Obstetrics and Gynaecological agents)",Benmed Pharmaceuticals
 Polybenvite,Vitamin/mineral Preparation, syp, 60ml,1,Vitamins/minerals (Nutrition and blood agents),Benmed Pharmaceuticals
 Polybenvite,Vitamin/mineral Preparation, syp, 100ml,1,Vitamins/minerals (Nutrition and blood agents),Benmed Pharmaceuticals
 Olmol,Secnidazole, tabs, 1gm,2,Antiprozoal Agents (Anti-infectives),Benmed Pharmaceuticals
 Lomizol,Omeprazole, caps, 20mg,20,Proton Pump Inhibitors (Gastrointestinal drugs),Benmed Pharmaceuticals
 Benasten B,Betamethasone/clotrimazole, cream, 0.05/1%,1,Dermatological Agents (Dermatological agents),Benmed Pharmaceuticals
 Benasten Mixi,Betamethasone/gentamycin/clotrimazole, cream, 15gm,1,Dermatological Agents (Dermatological agents),Benmed Pharmaceuticals
 Solvaxin,Ambroxol, syp, 100ml,1,Mucolytics/expectorants (Respiratory system drugs),Sphinx Pharma
 Alvita,Vitamin/mineral Preparation, caps, -,30,Vitamins/minerals (Nutrition and blood agents),Sphinx Pharma
 Preloc,Atenolol, tabs, 50mg,100,Beta-blockers (Cardiovascular drugs),Unison Labs
 Klerimed,Clarithromycin, tabs, 500mg,14,Antibacterials: Macrolides (Anti-infectives),Medochemie
 Nifedi-denksoftgel,Nifedipine, caps, 10mg,100,Calcium Channel Blokers (Cardiovascular drugs),Denk Pharma
 Vit-b-denk,Vit B Complex, tabs, 300mg,100,Vitamins/minerals (Nutrition and blood agents),Denk Pharma
 Amether Denk,Artemether, supp, 40mg,6,Antimalarials (Anti-infectives),Denk Pharma
 Metformin Denk,Metformin, tabs, 1g,30,Antidiabetics:biguanides (Endocrine system drugs),Denk Pharma
 Vit-b-12 Denk,Vitamin/mineral Preparation, inj, 3000iu,5,Vitamins/minerals (Nutrition and blood agents),Denk Pharma
 Paracodenk,Paracetamol/codeine, supp, 1g/60mg,10,Nsaids (Musculoskeletal agents),Denk Pharma
 Benagyl-df,Diloxanide/metronidazole, tabs, 250/200mg,30,Antiprozoal Agents (Anti-infectives),Benmed Pharmaceuticals
 Benaflu Cold And Flu,Cold/flu Remedy, tabs,,10,Cold Remedies (Respiratory system drugs),Benmed Pharmaceuticals
 Benaflu,Paracetamol/pseudoephedrine/chlorpheniramine, syp, 120/10/2mg 60ml,1,Cold Remedies (Respiratory system drugs),Benmed Pharmaceuticals
 Benaflu,Paracetamol/pseudoephedrine/chlorpheniramine, syp,  120/10/2mg 100ml,1,Cold Remedies (Respiratory system drugs),Benmed Pharmaceuticals
 Benacam,Meloxicam, tabs, 15mg,30,Nsaids (Musculoskeletal agents),Benmed Pharmaceuticals
 Benacam,Meloxicam, tabs, 7.5mg,30,Nsaids (Musculoskeletal agents),Benmed Pharmaceuticals
 Abumol,Paracetamol/ibuprofen, tabs, 325/400mg,10,Nsaids (Musculoskeletal agents),Benmed Pharmaceuticals
 Aztor Ez,Atorvastatin/ezetimibe, tabs, 10/10mg,30,Statins (Cardiovascular drugs),Sun Pharma
 Oncoplatin,Cisplatin, inj, 0.5mg/ml 100ml,1,Anticancer/immunosuppressants: Other (Oncology & immunosuppression drugs),Sun Pharma
 Veniz Xr,Venlafaxine, caps, 150mg,30,Antidepressants: Other (CNS agents),Sun Pharma
 Syndopa Plus,Levodopa/carbidopa, tabs, 100/25mg,50,Antiparkinsonism Agents (CNS agents),Sun Pharma
 Susten,Progesterone, caps, 200mg,30,Progestogens (Endocrine system drugs),Sun Pharma
 Octride,Octreotide, inj, 100mcg,1,Hypothalamic/pituitary Hormones (Endocrine system drugs),Sun Pharma
 Gabantin,Gabapentine, caps, 400mg,30,Antiepileptics (CNS agents),Sunpar Pharma
 Enzentia,Ezetimibe, tabs, 10mg,30,Statins (Cardiovascular drugs),Sunpar Pharma
 Encorate Chrono,Sodium Valproate, tabs, 500mg,30,Antiepileptics (CNS agents),Sunpar Pharma
 Zemicef,Cefepime, susp, 50ml,1,Antibacterials: Cephalosporins (Anti-infectives),Popular Pharma
 Orbidex T,Tobramycin/dexamethasone, eye drops, 5ml,1,Eye/ear/nose Preparations (Eye ENT agents),Popular Pharma
 Locol,Atorvastatin, tabs, 10mg,30,Statins (Cardiovascular drugs),Popular Pharma
 Limaryl,Glimepiride, tabs, 2mg,30,Sulphonylureas (Endocrine system drugs),Popular Pharma
 Limaryl,Glimepiride, tabs, 1mg,30,Sulphonylureas (Endocrine system drugs),Popular Pharma
 Levobac,Levofloxacin, tabs, 500mg,24,Antibacterials: Floroquinolones (Anti-infectives),Popular Pharma
 Eracef,Ceftriaxone, inj, 1gm,1,Antibacterials: Cephalosporins (Anti-infectives),Popular Pharma
 Zimax,Azithromycin, tabs, 500mg,6,Antibacterials: Macrolides (Anti-infectives),Square Pharmaceuticals
 Temlo,Timolol, eye drops, 0.5% 5ml,1,Beta-blockers (Cardiovascular drugs),Square Pharmaceuticals
 Specbac,Meropenem, inj, 1gm,1,Antibacterials: Others (Anti-infectives),Square Pharmaceuticals
 Methicol,Mecobalamin, tabs, 500mcg,60,Vitamins/minerals (Nutrition and blood agents),Square Pharmaceuticals
 Levostar,Levosalbutamol, inhaler, 50mcg/puff 200,1,Selective Beta-2 Agonists (Respiratory system drugs),Square Pharmaceuticals
 Levostar,Levosalbutamol, syp, 1mg/5ml 100ml,1,Selective Beta-2 Agonists (Respiratory system drugs),Square Pharmaceuticals
 Flonaspray,Fluticasone, nasal spray, 50mcg 120,1,Corticosteroids (Endocrine system drugs),Square Pharmaceuticals
 Erian,Hydrocortisone/cinchocaine/framycetin/aesculin, oint, 15gm,1,Dermatological Agents (Dermatological agents),Square Pharmaceuticals
 Ambrox Sr,Ambroxol, caps, 75mg,30,Mucolytics/expectorants (Respiratory system drugs),Square Pharmaceuticals
 Alatrol,Cetirizine, syp, 30ml,1,Antihistamines (Respiratory system drugs),Square Pharmaceuticals
 Povisep,Povidone-iodine, eye drops, 1.25% 10ml,1,Disinfectants/antiseptics (Misc. drugs),Jayson Pharma.
 Silcream,Silver Sulphadiazine, cream, 1% 25g,1,Antibacterials: Others (Anti-infectives),Jayson Pharma.
 Jasocaine,Lignocaine, inj, 2% 30ml,1,Local Anaesthetics (Musculoskeletal agents),Jayson Pharma.
 Evonex,Levofloxacin, tabs, 500 mg,20,Antibacterials: Floroquinolones (Anti-infectives),Jayson Pharma.
 Flucariv,Fluconazole, tabs, 150mg,1,Antifungals (Anti-infectives),Salama Pharma
 Rivasc,Amlodipine, tabs, 5mg,10,Calcium Channel Blokers (Cardiovascular drugs),Salama Pharma
 Rivaprazole,Omeprazole, caps, 20mg,14,Proton Pump Inhibitors (Gastrointestinal drugs),Riva Pharma Sae
 Rivaclarithin,Clarithromycin, caps, 500mg,10,Antibacterials: Macrolides (Anti-infectives),Salama Pharma
 Zithroriv,Azithromycin, caps, 500mg,3,Antibacterials: Macrolides (Anti-infectives),Riva Pharma Sae
 Zithroriv,Azithromycin, susp, 200mg/5ml 22.5ml,1,Antibacterials: Macrolides (Anti-infectives),Riva Pharma Sae
 Ciproriv,Ciprofloxacin, caps, 500mg,10,Antibacterials: Floroquinolones (Anti-infectives),Riva Pharma Sae
 Rivalexin,Cephalexin, susp, 125mg/5ml 125ml,1,Antibacterials: Cephalosporins (Anti-infectives),Riva Pharma Sae
 Rivalexin,Cephalexin, caps, 500mg,20,Antibacterials: Cephalosporins (Anti-infectives),Riva Pharma Sae
 Rivamox,Amoxiciillin, caps, 500mg,20,Antibacterials: Penicillins (Anti-infectives),Riva Pharma Sae
 Rivaclox,Ampicillin/cloxacillin, susp, 250mg/5ml 100ml,1,Antibacterials: Penicillins (Anti-infectives),Riva Pharma Sae
 Rivaclox,Ampicillin/cloxacillin, caps, 500mg,20,Antibacterials: Penicillins (Anti-infectives),Salama Pharma
 Rivaclox,Ampicillin/cloxacillin, caps, 500mg,20,Antibacterials: Penicillins (Anti-infectives),Riva Pharma Sae
 Rivaxime,Cefixime, susp, 100mg/5ml 100ml,1,Antibacterials: Cephalosporins (Anti-infectives),Riva Pharma Sae
 Rivaxime,Cefixime, caps, 200mg,5,Antibacterials: Cephalosporins (Anti-infectives),Riva Pharma Sae
 Zyrtec,Cetirizine, solution, 75ml,1,Antihistamines (Respiratory system drugs),Ucb Pharm Sa Pty
 Keppra,Levetiracetam, tabs, 750mg,60,Antiparkinsonism Agents (CNS agents),Ucb Pharm Sa Pty
 Hemabate,Carboprost, inj, 250mcg 1ml,10,Prostagladins & Analogues (Misc. drugs),Pfizer Global Pharma
 Feldene,Piroxicam, inj, 20mg/ml,3,Nsaids (Musculoskeletal agents),Pfizer Cons
 Integrilin,Eptifibatide, inj, 2mg/ml,1,Anticoagulants (Cardiovascular drugs),Essex (schering - Plough)
 Dermobacter,Chlorhexidine/benzalkonium, solution, 0.5/0.2% 300ml,1,Disinfectants/antiseptics (Misc. drugs),Innotech
 Dermobacter,Chlorhexidine/benzalkonium, solution, 0.5/0.2% 125ml,1,Disinfectants/antiseptics (Misc. drugs),Innotech
 Caelyx,Doxorubicin, inj, 2mg/10ml,1,Cytotoxic Antibiotics (Oncology & immunosuppression drugs),Essex (schering - Plough)
 Proloxin Drops,Ciprofloxacin, e/e drops, 5ml,1,Antibacterials: Floroquinolones (Anti-infectives),Atco Labs
 Novagesic-flu,Cold/flu Remedy, tabs, -,20,Cold Remedies (Respiratory system drugs),Scanpharm
 Panadol Cold And Flu,Paracetamol/pseudoephedrine/chlorpheniramine, tabs, 500/30/2mg,24,Cold Remedies (Respiratory system drugs),Glaxosmithkline Consumer
 Panadol Sinus,Paracetamol/pseudoephedrine, tabs, 500/30mg,24,Cold Remedies (Respiratory system drugs),Glaxosmithkline Consumer
 Rotarix,Rotavirus Vaccine, inj, 1dose,1,Immunological Agents (Immunological agents),Glaxosmithkline Pharma
 Quixin,Levofloxacin, eye drops, 0.5% 10ml,1,Antibacterials: Floroquinolones (Anti-infectives),Globe Pharmacy Ltd
 Oflodex,Ofloxacin/dexamethasone, eye drops, 3/0.5mg/ml 5ml,1,Eye/ear/nose Preparations (Eye ENT agents),Helix Pharma Ltd
 Diclone,Diclofenac, eye drops, 5ml,1,Nsaids (Musculoskeletal agents),Globe Pharmacy Ltd
 Micera,Epoietin Beta, inj, 50mcg/0.3ml,1,Blood/plasma Products (Nutrition and blood agents),Roche Pdts Ltd
 Yasmin,Drospirenone/ethinylestradiol, tabs, 3/0.03mg,21,Hormonal Contraceptives (Endocrine system drugs),Bayer Schering Pharma
 Rapid Relief Hot Gel,Liniment/balm, gel, 30g,1,Dermatological Agents (Dermatological agents),Cipla Ltd
 Rapid Relief Hot Spray,Liniment/balm, spray, 100ml,1,Dermatological Agents (Dermatological agents),Cipla Ltd
 Sandimmun Neoral,Cyclosporin, caps, 25mg,50,Anticancer/immunosuppressants: Other (Oncology & immunosuppression drugs),Novartis Pharma
 Gramocef,Cefixime, syp, 100 ml,1,Antibacterials: Cephalosporins (Anti-infectives),Micro-labs Ltd
 Gramocef-o,Cefixime, caps, 200mg,10,Antibacterials: Cephalosporins (Anti-infectives),Micro-labs Ltd
 Ebast,Ebastine, syp, 30 ml,1,Antihistamines (Respiratory system drugs),Micro Exports
 Durogesic,Fentanyl, patch, 25mcg,5,Opiod Analgesics (Musculoskeletal agents),Janssen-cilag
 Polygynax,Neomycin/polymixin B/nystatin, pess & crm, -,12,Dermatological Agents (Dermatological agents),Innotech
 Pharmathrocin,Clarithromycin, tabs, 500 mg,14,Antibacterials: Macrolides (Anti-infectives),Pharmaniaga
 Pharmathrocin,Clarithromycin, tabs, 500 mg,140,Antibacterials: Macrolides (Anti-infectives),Pharmaniaga
 Rantag,Ranitidine, inj, 50mg/2ml,3,H-2 Receptor Antagonists (Gastrointestinal drugs),Julphar Gulf Pharma
 Julmentin,Amoxicillin/clavulanate, inj, 1.2g,1,Antibacterials: Penicillins (Anti-infectives),Julphar Gulf Pharma
 Adol,Paracetamol, supp, 500 mg,10,Nsaids (Musculoskeletal agents),Julphar Gulf Pharma
 Orelox,Cefpodoxime, susp, 100ml,1,Antibacterials: Cephalosporins (Anti-infectives),Sanofi-aventis
 Orelox,Cefpodoxime, susp, 40mg/5ml 50ml,1,Antibacterials: Cephalosporins (Anti-infectives),Sanofi-aventis
 Coaprovel,Irbesartan/hydrochlorthiazide, tabs, 300/12.5mg,28,Angiotensin Ii Rec. Antagonists (Cardiovascular drugs),Sanofi-aventis
 Paxol,Paclitaxel, inj, 100mg/16.7ml,1,Anticancer/immunosuppressants: Other (Oncology & immunosuppression drugs),Venus Remedies
 Doxol,Docetaxel, inj, 80mg/2ml,1,Anticancer/immunosuppressants: Other (Oncology & immunosuppression drugs),Venus Remedies
 Doxol,Docetaxel, inj, 20mg/0.5ml,1,Anticancer/immunosuppressants: Other (Oncology & immunosuppression drugs),Venus Remedies
 Halcion,Triazolam, tabs, 0.25 mg,10,Anxiolytics/sedatives/hypnotics/neuroleptics (CNS agents),Pfizer-pharmacia
 Dalacin C,Clindamycin, caps, 150 mg,16,Antibacterials: Lincosamides (Anti-infectives),Pfizer-pharmacia
 Vfend,Voriconazole, inj, 200mg,1,Antifungals (Anti-infectives),Pfizer Global Pharma
 Vfend,Voriconazole, tabs, 200 mg,30,Antifungals (Anti-infectives),Pfizer Global Pharma
 Vfend,Voriconazole, tabs, 50 mg,30,Antifungals (Anti-infectives),Pfizer Global Pharma
 Camoquin,Amodiaquine, tabs, 200 mg,9,Antimalarials (Anti-infectives),Pfizer Global Pharma
 Aricept,Donepezil Hcl, tabs, 10 mg,28,Anticholinesterases (Misc. drugs),Pfizer Global Pharma
 Aricept,Donepezil Hcl, tabs, 5 mg,28,Anticholinesterases (Misc. drugs),Pfizer Global Pharma
 Coamox-mepha,Amoxicillin/clavulanate, susp, 156.25mg/5ml 100ml,1,Antibacterials: Penicillins (Anti-infectives),Mepha
 Coamox-mepha,Amoxicillin/clavulanate, susp, 457mg/5ml 70 ml,1,Antibacterials: Penicillins (Anti-infectives),Mepha
 Artequin,Artesunate/mefloquine, satchet, 50/125 mg,3,Antimalarials (Anti-infectives),Mepha
 Pocin-g,Gramicidin/neomycin/polymixin, eye drops, 5 ml,1,Dermatological Agents (Dermatological agents),Ici Pakistan
 Wormizole Forte,Mebendazole, tabs, 500mg,1,Anthelmintics (Anti-infectives),Epla Labs
 Norcolut,Norethisterone, tabs, 5mg,100,Progestogens (Endocrine system drugs),Gedeon-richter
 Hydryllin,Cough Expectorant, syp, 120ml,1,Mucolytics/expectorants (Respiratory system drugs),Searle (pakistan)
 Conaz,Ketoconazole, liquid, 100ml,1,Antifungals (Anti-infectives),Atco Labs
 Betaderm-n,Betamethasone/neomycin, oint, 15g,1,Dermatological Agents (Dermatological agents),Atco Labs
 Betaderm,Betamethasone, cream, 15g,1,Corticosteroids (Endocrine system drugs),Atco Labs
 Timentin,Piperacillin/ticarcillin, inj, 3.2g,4,Antibacterials: Penicillins (Anti-infectives),Glaxosmithkline Pharma
 Seretide,Salmeterol/fluticasone, inhaler, 25/125 120d,1,Selective Beta-2 Agonists (Respiratory system drugs),Glaxosmithkline Pharma
 Seretide,Salmeterol/fluticasone, inhaler, 25/50 120d,1,Selective Beta-2 Agonists (Respiratory system drugs),Glaxosmithkline Pharma
 Malanil,Atovaquone/proguanil, tabs, 250/100mg,12,Antimalarials (Anti-infectives),Glaxosmithkline Pharma
 Infanrix Hexa,Dtpa Vaccine, inj, 0.5ml,1,Immunological Agents (Immunological agents),Glaxosmithkline Pharma
 Floxapen,Flucloxacillin, inj, 500mg,10,Antibacterials: Penicillins (Anti-infectives),Glaxosmithkline Pharma
 Augmentin Es,Amoxicillin/clavulanate, syp, 100ml,1,Antibacterials: Penicillins (Anti-infectives),Glaxosmithkline Pharma
 Trupril,Lisinopril, tabs, 5mg,14,Ace Inhibitors (Cardiovascular drugs),Getz Pharma Ltd
 Rovista,Rosuvastatin, tabs, 20mg,10,Statins (Cardiovascular drugs),Getz Pharma Ltd
 Rovista,Rosuvastatin, tabs, 10mg,10,Statins (Cardiovascular drugs),Getz Pharma Ltd
 Rovista,Rosuvastatin, tabs, 5mg,10,Statins (Cardiovascular drugs),Getz Pharma Ltd
 Reventa,Alendronate, tabs, 70mg,4,Biphosphonates (Misc. drugs),Getz Pharma Ltd
 Noplat,Clopidogrel, tabs, 75mg,28,Antiplatelet Drugs (Cardiovascular drugs),Getz Pharma Ltd
 Nobese,Sibutramine, caps, 15mg,14,Misc. Agents (Misc. drugs),Getz Pharma Ltd
 Montiget Paed,Montelukast, satchet, 4mg,14,Leukotriene Receptor Antagonists (Respiratory system drugs),Getz Pharma Ltd
 Lopicard,Amlodipine, tabs, 5mg,20,Calcium Channel Blokers (Cardiovascular drugs),Getz Pharma Ltd
 Gabix,Gabapentine, tabs, 400mg,10,Antiepileptics (CNS agents),Getz Pharma Ltd
 Gabix,Gabapentine, tabs, 300mg,10,Antiepileptics (CNS agents),Getz Pharma Ltd
 Fexet D,Fexofenadine/pseudoephedrine, tabs, 60/120mg,10,Antihistamines (Respiratory system drugs),Getz Pharma Ltd
 Sodium Bicarbonate,Sodium Bicarbonate, inj, 8.5% 50ml,1,Misc. Agents (Misc. drugs),Fresenius Kabi
 Cytopan,Diclofenac/misoprostol, tabs, 75mg/200mcg,20,Nsaids (Musculoskeletal agents),Getz Pharma Ltd
 Celcoxx,Celecoxib, caps, 200mg,50,Nsaids (Musculoskeletal agents),Getz Pharma Ltd
 Celcoxx,Celecoxib, caps, 100mg,50,Nsaids (Musculoskeletal agents),Getz Pharma Ltd
 Advantec,Candesartan/hydrochlothiazide, tabs, 16/12.5mg,28,Angiotensin Ii Rec. Antagonists (Cardiovascular drugs),Getz Pharma Ltd
 Vitalipid Novum,Tpn, inj, 10ml,10,Misc. Agents (Misc. drugs),Fresenius Kabi
 Vamin G,Tpn, liquid, 100ml,1,Misc. Agents (Misc. drugs),Fresenius Kabi
 Thiopentone Sodium,Thiopentone Sodium, inj, 0.5g/20ml,10,General Anaesthetics (CNS agents),Fresenius Kabi
 Suxamethonium,Suxamethonium, inj, 100mg/2ml,10,Neuromuscular Blockers (Musculoskeletal agents),Fresenius Kabi
 Survimed Sopd,Tpn, liquid, 500ml,1,Misc. Agents (Misc. drugs),Fresenius Kabi
 Soluvit Novum,Tpn, inj, 10ml,1,Misc. Agents (Misc. drugs),Fresenius Kabi
 Providextra,Vitamin/mineral Preparation, liquid, 200ml,1,Vitamins/minerals (Nutrition and blood agents),Fresenius Kabi
 Propofol,Propofol, inj, 1% 50 ml,5,General Anaesthetics (CNS agents),Fresenius Kabi
 Promethazine,Promethazine, inj, 25mg/ml,10,Antihistamines (Respiratory system drugs),Fresenius Kabi
 Pethidine,Pethidine, inj, 100mg/2ml,10,Opiod Analgesics (Musculoskeletal agents),Fresenius Kabi
 Pethidine,Pethidine, inj, 50mg/ml,10,Opiod Analgesics (Musculoskeletal agents),Fresenius Kabi
 Peditrace,Trace Elements, inj, 10ml,1,Vitamins/minerals (Nutrition and blood agents),Fresenius Kabi
 Nephrosteril,Tpn, inj, 500ml,1,Misc. Agents (Misc. drugs),Fresenius Kabi
 Diben Forrest Beries,Vitamin/mineral Preparation, liquid, 200ml,1,Vitamins/minerals (Nutrition and blood agents),Fresenius Kabi
 Neostigmine,Neostigmine, inj, 2.5mg/ml,10,Anticholinesterases (Misc. drugs),Fresenius Kabi
 Lignocaine,Lignocaine, inj, 2% 20ml,10,Local Anaesthetics (Musculoskeletal agents),Fresenius Kabi
 Kabiven 900,Tpn, liquid, 1026 ml,1,Misc. Agents (Misc. drugs),Fresenius Kabi
 Kabiven 1900,Tpn, liquid, 2053ml,1,Misc. Agents (Misc. drugs),Fresenius Kabi
 Heas-steril 6%,Tpn, infusion, 500ml,1,Misc. Agents (Misc. drugs),Fresenius Kabi
 Gentamycin,Gentamicin, inj, 20mg/2ml,10,Antibacterials: Aminoglycoside (Anti-infectives),Fresenius Kabi
 B-immune E,Vitamin/mineral Preparation, liquid, 200ml,1,Vitamins/minerals (Nutrition and blood agents),Fresenius Kabi
 Ake 1100,Tpn, liniment, 500ml,1,Misc. Agents (Misc. drugs),Fresenius Kabi
 Fresubin Fsmp,Vitamin/mineral Preparation, liquid, 1000ml,1,Vitamins/minerals (Nutrition and blood agents),Fresenius Kabi
 Fresubin Fibre,Vitamin/mineral Preparation, liquid, 1000ml,1,Vitamins/minerals (Nutrition and blood agents),Fresenius Kabi
 Fresubin Diaben,Vitamin/mineral Preparation, liquid, 200ml,1,Vitamins/minerals (Nutrition and blood agents),Fresenius Kabi
 Fresubin Diaben,Vitamin/mineral Preparation, liquid, 500ml,1,Vitamins/minerals (Nutrition and blood agents),Fresenius Kabi
 Dopamine,Dopamine, inj, 200mg/5ml,10,Sympathomimetics (Cardiovascular drugs),Fresenius Kabi
 Dobutamine,Dobutamine, inj, 250mg/20ml,5,Sympathomimetics (Cardiovascular drugs),Fresenius Kabi
 Avastin,Bevacizumab, inj, 400 mg,1,Anticancer/immunosuppressants: Other (Oncology & immunosuppression drugs),Roche Pdts Ltd
 Micardis Plain,Telmisartan, tabs, 80 mg,28,Angiotensin Ii Rec. Antagonists (Cardiovascular drugs),Boehringer Ingelheim
 Crestor,Rosuvastatin, tabs, 5 mg,28,Statins (Cardiovascular drugs),Astrazeneca
 Viusid,Vitamin/mineral Preparation, solution, 100 ml,1,Vitamins/minerals (Nutrition and blood agents),Catalysis
 Glizigen,Herbal Remedy, cream, 5 ml,1,Misc. Agents (Misc. drugs),Catalysis
 Orush,Clotrimazole, ear drops, 5ml,1,Antifungals (Anti-infectives),Coral India (dwd)
 Orush,Clotrimazole, gel, 15 ml,1,Antifungals (Anti-infectives),Coral India (dwd)
 Uroxia,Vitamin/mineral Preparation, syp, 200ml,1,Vitamins/minerals (Nutrition and blood agents),Coral India (dwd)
 Ferizest,Vitamin/mineral Preparation, syp, 200ml,1,Vitamins/minerals (Nutrition and blood agents),Coral India (dwd)
 Zynex,Fusidic Acid, cream, 20mg/g 15gm,1,Antibacterials: Others (Anti-infectives),Coral India (dwd)
 Dapalene,Adapalene, gel, 0.1%w/w 15 gm,1,Dermatological Agents (Dermatological agents),Coral India (dwd)
 Hyoscinum,Hyoscine Butylbromide, inj, 20mg/ml,100,Antimuscarinic Drugs (Gastrointestinal drugs),Lifepharma Sri
 Lifenac,Diclofenac, inj, 75mg/3ml,100,Nsaids (Musculoskeletal agents),Lifepharma Sri
 Lifenac,Diclofenac, tabs, 50 mg,30,Nsaids (Musculoskeletal agents),Lifepharma Sri
 Zidovir,Zidovudine, tabs, 300mg,60,Antiretrovirals (Anti-infectives),Cipla Ltd
 Lamivir,Lamivudine, tabs, 150mg,60,Antiretrovirals (Anti-infectives),Cipla Ltd
 Efavir,Efavirenz, tabs, 600 mg,30,Antiretrovirals (Anti-infectives),Cipla Ltd
 Duovir-n,Lamivudine/zidovudine/nevirapine, tabs, 150/150/200mg,60,Antiretrovirals (Anti-infectives),Cipla Ltd
 Duovir,Lamivudine/zidovudine, tabs, 150/300,30,Antiretrovirals (Anti-infectives),Cipla Ltd
 Taviar,Ondansetron, tabs, 8 mg,10,Antiemetics (Gastrointestinal drugs),Cipla Ltd
 Docetax,Docetaxel, inj, 80 mg,1,Anticancer/immunosuppressants: Other (Oncology & immunosuppression drugs),Cipla Ltd
 Docetax,Docetaxel, inj, 20 mg,1,Anticancer/immunosuppressants: Other (Oncology & immunosuppression drugs),Cipla Ltd
 Neoflur,Fluorouracil, inj, 50mg/5ml,1,Antimetabolite Cytotoxics (Oncology & immunosuppression drugs),Cipla Ltd
 Oncodox,Doxorubicin, inj, 2mg/ml 50ml,1,Cytotoxic Antibiotics (Oncology & immunosuppression drugs),Cipla Ltd
 Febriomol,Paracetamol, supp, 250 mg,10,Nsaids (Musculoskeletal agents),Cipla Ltd
 Febriomol,Paracetamol, supp, 125 mg,14,Nsaids (Musculoskeletal agents),Cipla Ltd
 Effermol,Paracetamol, effe. tabs, 1gm,8,Nsaids (Musculoskeletal agents),Cipla Ltd
 Sucentis,Meloxicam, tabs, 15 mg,10,Nsaids (Musculoskeletal agents),Cipla Ltd
 Letrizine D,Cetirizine/pseudoephedrine, tabs, 5/180 mg,10,Antihistamines (Respiratory system drugs),Cipla Ltd
 Letrizine,Cetirizine, syp, 2.5mg/5ml 30 ml,1,Antihistamines (Respiratory system drugs),Cipla Ltd
 Fincip,Finasteride, tabs, 5 mg,10,Antiandrogens (Endocrine system drugs),Cipla Ltd
 Pantomac,Pantoprazole, tabs, 40 mg,10,Proton Pump Inhibitors (Gastrointestinal drugs),Cipla Ltd
 Zolicid Gel,Antacid, susp, 100 ml,1,Antacids (Gastrointestinal drugs),Cipla Ltd
 Garlic Oil,Herbal Remedy, caps,,100,Misc. Agents (Misc. drugs),Cipla Ltd
 Levox,Levofloxacin, infusion, 500mg/100ml,1,Antibacterials: Floroquinolones (Anti-infectives),Cipla Ltd
 Ulcip D,Ciprofloxacin/dexamethasone, e/e drops, 10 ml,1,Eye/ear/nose Preparations (Eye ENT agents),Cipla Ltd
 Ulcip,Ciprofloxacin, e/e drops, 5ml,1,Antibacterials: Floroquinolones (Anti-infectives),Cipla Ltd
 Ulcip,Ciprofloxacin, infusion, 2mg/ml 100ml,1,Antibacterials: Floroquinolones (Anti-infectives),Cipla Ltd
 Maxime,Cefepime, inj, 1 gm,1,Antibacterials: Cephalosporins (Anti-infectives),Cipla Ltd
 Ceftra,Ceftriaxone, inj, 1 gm,1,Antibacterials: Cephalosporins (Anti-infectives),Cipla Ltd
 Cipclav,Amoxicillin/clavulanate, tabs, 1 gm,12,Antibacterials: Penicillins (Anti-infectives),Cipla Ltd
 Zynclar,Clarithromycin, susp, 125mg/5ml 50 ml,1,Antibacterials: Macrolides (Anti-infectives),Cipla Ltd
 Zynclar,Clarithromycin, tabs, 500 mg,14,Antibacterials: Macrolides (Anti-infectives),Cipla Ltd
 Azimax,Azithromycin, syp, 200mg/5ml 15 ml,1,Antibacterials: Macrolides (Anti-infectives),Cipla Ltd
 Montez,Montelukast, tabs, 10mg,10,Leukotriene Receptor Antagonists (Respiratory system drugs),Cipla Ltd
 Montez,Montelukast, tabs, 5mg,10,Leukotriene Receptor Antagonists (Respiratory system drugs),Cipla Ltd
 Simply One,Formoterol/ciclesonide, inhaler, 4.5/80mcg 120d,1,Selective Beta-2 Agonists (Respiratory system drugs),Cipla Ltd
 Simply One,Formoterol/ciclesonide, inhaler, 4.5/160mcg 120d,1,Selective Beta-2 Agonists (Respiratory system drugs),Cipla Ltd
 Budecort,Budesonide, inhaler, 0.5mcg per 2ml,20,Corticosteroids (Endocrine system drugs),Cipla Ltd
 Duolin Respules,Ipratropium/salbutamol, inhaler, 500mcg/1.5mg per2.5ml,20,Antimuscarinic Bronchodilators (Respiratory system drugs),Cipla Ltd
 Foracort Multihaler,Budesonide/formoterol, inhaler, 400/6mcg 30 doses,1,Corticosteroids (Endocrine system drugs),Cipla Ltd
 Foracort Multihaler,Budesonide/formoterol, inhaler, 200/6mcg 30doses,1,Corticosteroids (Endocrine system drugs),Cipla Ltd
 Atorcip,Atorvastatin, tabs, 20 mg,30,Statins (Cardiovascular drugs),Cipla Ltd
 Co-falcinum,Artemether/lumefantrine, tabs, 20/120 mg,12,Antimalarials (Anti-infectives),Cipla Ltd
 Co-falcinum,Artemether/lumefantrine, tabs, 20/120 mg,18,Antimalarials (Anti-infectives),Cipla Ltd
 Terbisil,Terbinafine, spray, 1%w/w 100 ml,1,Antifungals (Anti-infectives),Cipla Ltd
 Tericin,Amphotericin B, inj, 50 mg,1,Antifungals (Anti-infectives),Cipla Ltd
 Albican,Clotrimazole, vaginal crm, 1%w/w 30 g,1,Antifungals (Anti-infectives),Cipla Ltd
 Zinim,Cefuroxime, tabs, 500 mg,,Antibacterials: Cephalosporins (Anti-infectives),Csc Pharma
 Xamig,Tranexamic Acid, caps, 250 mg,20,Haemostatics/antifibrinlytics (Nutrition and blood agents),Highnoon
 Valmed,Sodium Valproate, tabs, 200 mg,,Antiepileptics (CNS agents),Mediorals Ltd
 Umifulvin,Griseofulvin, tabs, 500 mg,,Antifungals (Anti-infectives),Umedica
 Truston-2,Levonorgesterol, tabs, 0.75 mg,2,Progestogens (Endocrine system drugs),V-care Pharma
 Trisec,Omeprazole, caps, 20 mg,,Proton Pump Inhibitors (Gastrointestinal drugs),Sterling Lab
 Syntoclav,Amoxicillin/clavulanate, susp, 125/31.25mgper 5ml,,Antibacterials: Penicillins (Anti-infectives),Codal-synto Ltd
 Trimac,Tinidazole/pantoprazole/clarithromycin, tabs, 500/40/250 mg,7,Helicobacter Eradication Agents (Gastrointestinal drugs),Vitapure Corp
 Synolube,Hyaluronidase, inj, 20mg/2ml,,Misc. Agents (Misc. drugs),Gland Pharma
 Sunate,Artesunate, tabs, 50 mg,,Antimalarials (Anti-infectives),Guanghou Nobe
 Spamclox,Ampicillin/cloxacillin, caps, 500 mg,100,Antibacterials: Penicillins (Anti-infectives),Paras Export
 Salamol,Salbutamol, inhaler, 100 mcg 200d,1,Selective Beta-2 Agonists (Respiratory system drugs),Beeveejay Uk
 Rivamox,Amoxiciillin, susp, 125mg/5ml 100ml,1,Antibacterials: Penicillins (Anti-infectives),Riva Pharma Sae
 Rimstar 4-fdc,Rifampicin/isoniazid/pyrazinamide/ethambutol, tabs, 150/75/400/275 mg,,Antitubercular Agents (Anti-infectives),Sandoz Pvt
 Pocin-h,Hydrocortisone/neomycin/polymixin B, ear drops, 5 ml,1,Dermatological Agents (Dermatological agents),Ici Pakistan
 Plazo,Azithromycin, tabs, 250 mg,,Antibacterials: Macrolides (Anti-infectives),Platinum Pharma
 Neuclar,Clarithromycin, tabs, 250 mg,10,Antibacterials: Macrolides (Anti-infectives),Ambalal
 Neovita Fortified,Vitamin/mineral Preparation, caps,,,Vitamins/minerals (Nutrition and blood agents),Savoy Lab
 Naturub,Herbal Remedy, oint, 30gm,,Misc. Agents (Misc. drugs),Icipe Kenya
 Montana,Montelukast, tabs, 5 mg,14,Leukotriene Receptor Antagonists (Respiratory system drugs),Phd Pharma
 Mucosol Adult,Carbocisteine, syp, 250mg/5ml 120ml,1,Mucolytics/expectorants (Respiratory system drugs),Medical Union Pharma
 Medicasone,Fluticasone, nasal spray, o.o5% 100d,1,Corticosteroids (Endocrine system drugs),Mediorals Ltd
 Sonatrax,Levamisole, tabs, 40 mg,,Anthelmintics (Anti-infectives),Naxpar
 Sonaquin,Amodiaquine, tabs, 200 mg,,Antimalarials (Anti-infectives),Naxpar
 Sonapen,Aspirin/caffeine, tabs, 350/30 mg,,Nsaids (Musculoskeletal agents),Naxpar
 Sonadol,Paracetamol, tabs, 500mg,,Nsaids (Musculoskeletal agents),Naxpar
 Sonadex,Apc, tabs, 400/200/50 mg,,Nsaids (Musculoskeletal agents),Naxpar
 Sonacid,Calcium Carbonate, tabs, 500 mg,,Antacids (Gastrointestinal drugs),Naxpar
 Sona Moja,Apc, tabs, 600/300/50 mg,,Nsaids (Musculoskeletal agents),Naxpar
 Nexamol,Apc, tabs, 400/200/50 mg,,Nsaids (Musculoskeletal agents),Naxpar
 Naxpar Apc,Apc, tabs, 150/250/30 mg,,Nsaids (Musculoskeletal agents),Naxpar
 Junior Sonamol,Paracetamol, tabs, 120 mg,,Nsaids (Musculoskeletal agents),Naxpar
 Kalcia,Vitamin/mineral Preparation, tabs, -,30,Vitamins/minerals (Nutrition and blood agents),Atoz Pharma
 Jointeze,Glucosamine/chondrointin, caps, -,30,Vitamins/minerals (Nutrition and blood agents),Atoz Pharma
 Zanotere,Docetaxel, inj, 80mg/ml,,Anticancer/immunosuppressants: Other (Oncology & immunosuppression drugs),Zenotech
 Oxidach,Oxaliplatin, inj, 100 mg/vial,1,Anticancer/immunosuppressants: Other (Oncology & immunosuppression drugs),Zenotech
 Irnozen,Irinotecan, inj, 20mg/ml 100 ml,,Anticancer/immunosuppressants: Other (Oncology & immunosuppression drugs),Zenotech
 Infa-v,Metronidazole/clotrimazole, vaginal tab, 500/100 mg,8,Misc. Agents (Misc. drugs),Lark Labs
 Pharmadoxy,Doxycycline, caps, 100 mg,100,Antibacterials: Tetracyclines (Anti-infectives),Shanghai Pharma
 Indosha,Indomethacin, caps, 25 mg,,Nsaids (Musculoskeletal agents),Shanghai Pharma
 Pregnon,Levonorgesterol, tabs, 0.75 mg,2,Progestogens (Endocrine system drugs),Famy
 Oralcon,Ethinylestradiol/levonorgesttrel, tabs, 0.03/0.15 mg,,Oestrogens (Endocrine system drugs),Famy
 Fungnil-v,Clotrimazole, vaginal tab, 100 mg,6,Antifungals (Anti-infectives),Questa Care Inc
 Pharmafenac,Diclofenac, inj, 75 mg,1,Nsaids (Musculoskeletal agents),Sishui Xierkang
 Flucopharm,Fluconazole, caps, 200 mg,100,Antifungals (Anti-infectives),Sishui Xierkang
 Traxef,Ceftriaxone, inj, 1 gm,,Antibacterials: Cephalosporins (Anti-infectives),Ccl Pharma
 Normpress,Losartan, tabs, 50 mg,,Angiotensin Ii Rec. Antagonists (Cardiovascular drugs),Ccl Pharma
 Normozide,Losartan/hydrochlorthiazide, tabs, 50/12.5 mg,10,Angiotensin Ii Rec. Antagonists (Cardiovascular drugs),Ccl Pharma
 Espra,Esomeprazole, caps, 40 mg,14,Proton Pump Inhibitors (Gastrointestinal drugs),Ccl Pharma
 Enflor,Saccharomyces Boulardii, satchet, 250 mg,,Misc. Agents (Misc. drugs),Biocodex
 Dizole,Fluconazole, caps, 200 mg,20,Antifungals (Anti-infectives),Csc Pharma
 Zithrokan,Azithromycin, susp, 200 mg/5ml 15ml,1,Antibacterials: Macrolides (Anti-infectives),Hikma Pharma
 Tusskan,Cough Syrup, syp, 100 ml,1,Antitussives (Respiratory system drugs),Hikma Pharma
 Diax,Nifuroxazide, susp, 220 mg 60ml,1,Antibacterials: Others (Anti-infectives),Hikma Pharma
 Diamin,Metformin, tabs, 500 mg,100,Antidiabetics:biguanides (Endocrine system drugs),Korlyns
 Dexorange,Vitamin/mineral Preparation, syp, 200ml,1,Vitamins/minerals (Nutrition and blood agents),Franco-indian Pharma
 Depo Progestin,Medroxyprogesterone Acetate, inj, 150 mg/ml,,Progestogens (Endocrine system drugs),Harsen
 Tractocile,Atosiban, inj, 7.5 mg/ml 5ml,1,Misc. Agents (Misc. drugs),Ferring Pharma
 Ddavp,Desmopressin, tabs," 0,2 mg",30,Antidiabetics: Other (Endocrine system drugs),Ferring Pharma
 Cypon,Cyproheptadine, syp, 2mg/5ml200ml,1,Antihistamines (Respiratory system drugs),Geno Pharma
 Roxicin,Roxithromycin, tabs, 150 mg,100,Antibacterials: Macrolides (Anti-infectives),Atlantic Corp
 Mequin,Mefloquine, tabs, 250 mg,4,Antimalarials (Anti-infectives),Atlantic Corp
 Deca,Fluphenazine, inj, 25 mg/ml,1,Antipsychotics (CNS agents),Atlantic Corp
 Coscopin,Chlorpheniramine, syp, 100ml,1,Antihistamines (Respiratory system drugs),Biological E Ltd
 Cloxispa,Cloxacillin, caps, 250 mg,,Antibacterials: Penicillins (Anti-infectives),Sparsh-biotech
 De-histamin,Loratadine, tabs, 10 mg,20,Antihistamines (Respiratory system drugs),Elsad Pharma
 Pancef-o,Cefixime, tabs, 100mg,10,Antibacterials: Cephalosporins (Anti-infectives),Aglowmed Ltd
 Opaz,Omeprazole, caps, 20 mg,,Proton Pump Inhibitors (Gastrointestinal drugs),Aglowmed Ltd
 Oflamed,Ofloxacin, tabs, 200mg,10,Antibacterials: Floroquinolones (Anti-infectives),Aglowmed Ltd
 Lizomed,Linezolid, tabs, 600 mg,4,Antibacterials: Others (Anti-infectives),Aglowmed Ltd
 Lemed,Levofloxacin, tabs, 250 mg,,Antibacterials: Floroquinolones (Anti-infectives),Aglowmed Ltd
 Cifomed,Ciprofloxacin, tabs, 500 mg,100,Antibacterials: Floroquinolones (Anti-infectives),Aglowmed Ltd
 Cetapain,Paracetamol, tabs, 500 mg,1000,Nsaids (Musculoskeletal agents),Norbrook
 Kuin,Ciprofloxacin, tabs, 500 mg,10,Antibacterials: Floroquinolones (Anti-infectives),Pdh Pharma
 Shincef,Cefuroxime, inj, 750 mg,10,Antibacterials: Cephalosporins (Anti-infectives),Shing Poong
 Ronem,Meropenem, inj, 1 gm,1,Antibacterials: Others (Anti-infectives),Venus Remedies
 Paxol,Paclitaxel, inj, 30mg/5ml,1,Anticancer/immunosuppressants: Other (Oncology & immunosuppression drugs),Venus Remedies
 Carbol,Carboplatin, inj, 150mg/15ml,1,Anticancer/immunosuppressants: Other (Oncology & immunosuppression drugs),Venus Remedies
 C-tri T,Cefuroxime, tabs, 500 mg,10,Antibacterials: Cephalosporins (Anti-infectives),Dapodi
 C-tidine,Cimetidine, tabs, 400 mg,,H-2 Receptor Antagonists (Gastrointestinal drugs),Bhor Int. India
 Zeemox,Amoxiciillin, susp, 125mg/5ml 60ml,1,Antibacterials: Penicillins (Anti-infectives),Zest Pharma
 Zeecof,Cough Syrup, syp, 100ml,1,Antitussives (Respiratory system drugs),Zest Pharma
 Sylent,Etamsylate, tabs, 500 mg,20,Haemostatics/antifibrinlytics (Nutrition and blood agents),Zest Pharma
 Pclox,Ampicillin/cloxacillin, caps, 500 mg,100,Antibacterials: Penicillins (Anti-infectives),Zest Pharma
 Muprozyg,Mupirocin, oint, 2%w/w 15gm,1,Antibacterials: Others (Anti-infectives),Zyg Pharma Pvt
 Esop-40,Esomeprazole, tabs, 40 mg,28,Proton Pump Inhibitors (Gastrointestinal drugs),Zest Pharma
 Ciprozed,Ciprofloxacin, tabs, 500 mg,100,Antibacterials: Floroquinolones (Anti-infectives),Zest Pharma
 Butate,Clotrimazole, cream, 1%w/v 20gm,1,Antifungals (Anti-infectives),Zyg Pharma Pvt
 Vertigon,Cinnarizine, tabs, 25 mg,100,Antihistamines (Respiratory system drugs),Geno Pharma
 Brupal Forte,Paracetamol/ibuprofen, tabs, 500/400 mg,100,Nsaids (Musculoskeletal agents),Geno Pharma
 Lopril,Lisinopril, tabs, 10 mg,,Ace Inhibitors (Cardiovascular drugs),Bosnalijek Pharma
 Funzol,Cloxacillin, caps, 250 mg,,Antibacterials: Penicillins (Anti-infectives),Bosnalijek Pharma
 Cephabos,Cephalexin, caps, 250mg,,Antibacterials: Cephalosporins (Anti-infectives),Bosnalijek Pharma
 Bethasal,Betamethasone/salicylic Acid, oint, 0.5/30mg,,Dermatological Agents (Dermatological agents),Bosnalijek Pharma
 Cortec,Enalapril, tabs, 10 mg,30,Ace Inhibitors (Cardiovascular drugs),Nabiqasim
 Bepsar,Losartan, tabs, 50 mg,30,Angiotensin Ii Rec. Antagonists (Cardiovascular drugs),Nabiqasim
 Calciplex,Calcium Carbonate, tabs, 250mg,30,Antacids (Gastrointestinal drugs),Khandelwal Lab
 Diclogen,Diclofenac, gel, 1%w/w 20gm,1,Nsaids (Musculoskeletal agents),Agio Pharma
 Canison,Clotrimazole, cream, 1%w/v 15gm,1,Antifungals (Anti-infectives),Agio Pharma
 Azmaril,Salbutamol, syp, 2mg/5ml 100ml,1,Selective Beta-2 Agonists (Respiratory system drugs),Agio Pharma
 Warrex,Warfarin, tabs, 5mg,,Anticoagulants (Cardiovascular drugs),Unicure Remedies
 Stiroel,Stilboestrol, tabs, 5mg,30,Oestrogens (Endocrine system drugs),Unicure Remedies
 Regular+,Bisacodyl, tabs, 5 mg,30,Laxatives (Gastrointestinal drugs),Unicure Remedies
 Aspen Lamzid,Lamivudine/zidovudine, tabs, 150/300mg,,Antiretrovirals (Anti-infectives),Pharmacare
 Artetine,Artemisinin/piperaquine/trimethoprim, tabs, 32/320/90mg,,Antimalarials (Anti-infectives),Chongqing Tonghe
 Ezy Bowel,Ispaghula Husk, powder, 3.5/5.6 mg,,Laxatives (Gastrointestinal drugs),Plethico Pharma
 Cefata-o,Cefixime, caps, 200mg,,Antibacterials: Cephalosporins (Anti-infectives),Plethico Pharma
 Bidcef,Cefadroxil, syp, 250mg/ml 100ml,1,Antibacterials: Cephalosporins (Anti-infectives),Plethico Pharma
 Artemal,Artemether, inj, 80mg/ml,6,Antimalarials (Anti-infectives),Plethico Pharma
 Zemicef,Cefixime, caps, 200mg,8,Antibacterials: Cephalosporins (Anti-infectives),Popular Pharma
 Orbidex,Dexamethasone, eye drops, 1mg/ml 5ml,1,Corticosteroids (Endocrine system drugs),Popular Pharma
 Eracef,Ceftriaxone, inj, 500mg,1,Antibacterials: Cephalosporins (Anti-infectives),Popular Pharma
 Artear,Povidone-iodine, eye drops, 50mg/ml 10ml,1,Disinfectants/antiseptics (Misc. drugs),Popular Pharma
 Artesun,Artesunate, inj, 60mg,5,Antimalarials (Anti-infectives),Guilin Pharma
 Artecospe Child,Artesunate/sulfadoxine, tabs, 50/500mg,,Antimalarials (Anti-infectives),Guilin Pharma
 Artecospe Adult,Artesunate/sulfadoxine, tabs, 100/500mg,,Antimalarials (Anti-infectives),Guilin Pharma
 Wormbenda,Mebendazole, syp, 100 mg,,Anthelmintics (Anti-infectives),Ally Pharma
 Tinidryl,Tinidazole, tabs, 500mg,,Antiprozoal Agents (Anti-infectives),Ally Pharma
 Hifidol,Paracetamol, tabs, 500mg,,Nsaids (Musculoskeletal agents),Ally Pharma
 Apobend,Albendazole, tabs, 400 mg,,Anthelmintics (Anti-infectives),Ally Pharma
 Shetrim,Trimethorpim/sulphamethoxazole, tabs, -,1000,Antibacterials: Co-trimoxazoles (Anti-infectives),Shelys Pharma
 Amodar,Amodiaquine, susp, 50mg/5ml,,Antimalarials (Anti-infectives),Shelys Pharma
 Unilop,Loperamide, caps, 2mg,,Antidiarrheorals (Gastrointestinal drugs),Bhor Int. India
 Exidar,Sulfadoxine/pyrimethamine, tabs, 500/25mg,,Antimalarials (Anti-infectives),Bhor Int. India
 Powergesic Plus,Diclofenac, gel, 1% w/w30g,1,Nsaids (Musculoskeletal agents),Jenburkt Pharma
 Piritexyl Br,Cough Expectorant, syp, 100ml,1,Mucolytics/expectorants (Respiratory system drugs),Jenburkt Pharma
 Selerin,Selegiline, tabs, 5 mg,,Dopaminergic Agonists (CNS agents),Unicure Remedies
 Kolzine,Colchicine, tabs, 500mcg,,Antigout Agents (Musculoskeletal agents),Unicure Remedies
 Prenoxid,Prenoxdiazine, tabs, 200 mg,,Cough Suppressants (Respiratory system drugs),Khandelwal Lab
 Gliclaz M,Gliclazide/metformin, tabs, 80/500 mg,100,Sulphonylureas (Endocrine system drugs),Khandelwal Lab
 Indos,Indomethacin, caps, 25 mg,,Nsaids (Musculoskeletal agents),Agog Pharma India
 Ero-250,Erythromycin, tabs, 250mg,,Antibacterials: Macrolides (Anti-infectives),Agog Pharma India
 Agometrol,Metronidazole, susp, 125mg/5ml,,Antiprozoal Agents (Anti-infectives),Agog Pharma India
 Adsocarb,Activated Charcoal, tabs, 250 mg,,Misc. Agents (Misc. drugs),Cyano Pharma
 Opalene,Adapalene, gel, 0.1% 30mg,1,Dermatological Agents (Dermatological agents),Zyg Pharma Pvt
 Enzoxid,Benzoyl Peroxide, gel, 5%w/w 20gm,1,Dermatological Agents (Dermatological agents),Zyg Pharma Pvt
 Difusin,Fusidic Acid, oint, 2%w/w 15g,1,Antibacterials: Others (Anti-infectives),Zyg Pharma Pvt
 Acnegon,Clindamycin, gel, 1%w/w,,Antibacterials: Lincosamides (Anti-infectives),Zyg Pharma Pvt
 Acculol,Betaxolol, eye drops, 0.5% 5mg /ml,,Beta-blockers (Cardiovascular drugs),Ashford Labs China
 Vitamin A,Vitamin A, caps, 200miu,100,Vitamins/minerals (Nutrition and blood agents),Cosmos Ltd
 Vitamin A,Vitamin A, caps, 100miu,100,Vitamins/minerals (Nutrition and blood agents),Cosmos Ltd
 Vitamin A,Vitamin A, caps, 50miu,100,Vitamins/minerals (Nutrition and blood agents),Cosmos Ltd
 Neoderm,Neomycin/bacitracin, cream, 20g,1,Antibacterials: Others (Anti-infectives),Cosmos Ltd
 Osmolax,Lactulose, solution, 3.4mg/5ml 200ml,1,Laxatives (Gastrointestinal drugs),Ace Pharma
 Nebanol,Neomycin/bacitracin, powder, 5g,1,Antibacterials: Others (Anti-infectives),Square Pharmaceuticals
 Nebanol,Neomycin/bacitracin, powder, 10g,1,Antibacterials: Others (Anti-infectives),Square Pharmaceuticals
 Mycomin,Beclomethasone/neomycin/miconazole, cream, 15g,1,Dermatological Agents (Dermatological agents),Ampus Life Sciences
 C-zole Bg,Clotrimazole/beclomethasone/gentamicin, cream, 15g,1,Dermatological Agents (Dermatological agents),Ampus Life Sciences
 Bactigram,Neomycin/bacitracin/polymixin B, cream, 15g,1,Dermatological Agents (Dermatological agents),Ampus Life Sciences
 B-cort,Betamethasone, oint, 0.1% 15g,1,Corticosteroids (Endocrine system drugs),Ampus Life Sciences
 B-cort,Betamethasone, cream, 0.1% 15g,1,Corticosteroids (Endocrine system drugs),Ampus Life Sciences
 Eritene,Vitamin/mineral Preparation, caps, -,30,Vitamins/minerals (Nutrition and blood agents),Erica Pharma Pvt
 Essvit,Biotin, tabs, 5mg,100,Vitamins/minerals (Nutrition and blood agents),Ochoa Las (india)
 Dobesil H,Calcium Dobesilte/zinc Oxide/hydrocortisone/lignocaine, cream, 30g,1,Vitamins/minerals (Nutrition and blood agents),Ochoa Las (india)
 Exevate Mf,Betamethasone/salicylic Acid/urea/lactic Acid, cream, 20g,1,Dermatological Agents (Dermatological agents),Ochoa Las (india)
 Vitamin C,Vitamin C, tabs, 1g,10,Vitamins/minerals (Nutrition and blood agents),Oubari Pharma
 Vitamin C + Calcium,Vitamin/mineral Preparation, tabs, -,10,Vitamins/minerals (Nutrition and blood agents),Oubari Pharma
 Vitadyn,Vitamin/mineral Preparation, tabs, -,10,Vitamins/minerals (Nutrition and blood agents),Oubari Pharma
 Oralgic,Throat Lozenges, lozenges, -,24,Throat Lozenges (Eye ENT agents),Oubari Pharma
 Depo-pred,Methylprednisolone, inj, 40mg/ml,1,Corticosteroids (Endocrine system drugs),Nic Pharma
 Arsequin Junior,Artesunate/amodiaquine, tabs, 50/153mg 6+6,1,Antimalarials (Anti-infectives),Nic Pharma
 Arsequin Child,Artesunate/amodiaquine, tabs, 50/153mg 3+3,1,Antimalarials (Anti-infectives),Nic Pharma
 Arsequin Adult,Artesunate/amodiaquine, tabs, 50/153mg 12+12,1,Antimalarials (Anti-infectives),Nic Pharma
 Exetar,Coal Tar/salicylic Acid/sulphur, oint, 20mg,1,Dermatological Agents (Dermatological agents),Ochoa Las (india)
 Lufenart,Artemether/lumefantrine, susp, 15+90mg 60ml,1,Antimalarials (Anti-infectives),Nic Pharma
 Lufenart,Artemether/lumefantrine, tabs, 20/120mg,24,Antimalarials (Anti-infectives),Nic Pharma
 Arsequin Fd Junior,Artesunate/amodiaquine, tabs, 50/150mg,6,Antimalarials (Anti-infectives),Nic Pharma
 Arsequin Fd Child,Artesunate/amodiaquine, tabs, 50/150mg,3,Antimalarials (Anti-infectives),Nic Pharma
 Arsequin Fd Adult,Artesunate/amodiaquine, tabs, 100/300mg,6,Antimalarials (Anti-infectives),Nic Pharma
 Xime,Cefixime, susp, 50mg/5ml 100 ml,1,Antibacterials: Cephalosporins (Anti-infectives),Nic Pharma
 Xime,Cefixime, tabs, 200 mg,20,Antibacterials: Cephalosporins (Anti-infectives),Nic Pharma
 Tripera,Trifluperazine, tabs, 5 mg,100,Antipsychotics (CNS agents),Nic Pharma
 Malartem,Artemether, inj, 40mg/2ml,6,Antimalarials (Anti-infectives),Nic Pharma
 Grasozole,Esomeprazole, tabs, 40 mg,30,Proton Pump Inhibitors (Gastrointestinal drugs),Nic Pharma
 Funginazol,Fluconazole, inj, 2 mg/ ml 100 ml,1,Antifungals (Anti-infectives),Nic Pharma
 Cyclospas,Dicyclomine, tabs, 10 mg,100,Antimuscarinic Drugs (Gastrointestinal drugs),Nic Pharma
 Alendron,Alendronate, tabs, 70 mg,12,Biphosphonates (Misc. drugs),Nic Pharma
 Macrocin,Erythromycin, tabs, 250 mg,100,Antibacterials: Macrolides (Anti-infectives),Erica Pharma Pvt
 Lumether,Artemether/lumefantrine, tabs, 20/120 mg,24,Antimalarials (Anti-infectives),Erica Pharma Pvt
 Fulsin Forte,Griseofulvin, tabs, 500 mg,100,Antifungals (Anti-infectives),Erica Pharma Pvt
 Fulsin Forte,Griseofulvin, tabs, 250 mg,100,Antifungals (Anti-infectives),Erica Pharma Pvt
 Fulsin Forte,Griseofulvin, tabs, 125 mg,100,Antifungals (Anti-infectives),Erica Pharma Pvt
 Eritrip,Amitriptyline, tabs, 25 mg,100,Tricyclic Or Related Antidepressants (CNS agents),Erica Pharma Pvt
 Erimide,Frusemide, tabs, 40 mg,100,Loop Diuretics (Cardiovascular drugs),Erica Pharma Pvt
 Eriprenol,Propranolol, tabs, 40 mg,100,Beta-blockers (Cardiovascular drugs),Erica Pharma Pvt
 Erion-12,Vitamin/mineral Preparation, syp, 200 ml,1,Vitamins/minerals (Nutrition and blood agents),Erica Pharma Pvt
 Eridaz,Tinidazole, tabs, 500 mg,4,Antiprozoal Agents (Anti-infectives),Erica Pharma Pvt
 Ericod,Vitamin/mineral Preparation, caps, 300 mg,30,Vitamins/minerals (Nutrition and blood agents),Erica Pharma Pvt
 Erither,Artemether, caps, 40 mg,12,Antimalarials (Anti-infectives),Erica Pharma Pvt
 Colicaid,Colic Remedy, drops, 30 ml,1,Misc. Agents (Misc. drugs),Meyer Organics
 Rorox,Roxithromycin, tabs, 150 mg,10,Antibacterials: Macrolides (Anti-infectives),Tablets India Ltd
 Neutrosec,Vitamin/mineral Preparation, liquid, 200 ml,1,Vitamins/minerals (Nutrition and blood agents),Tablets India Ltd
 Aminoglow,Vitamin/mineral Preparation, syp, 200 ml,1,Vitamins/minerals (Nutrition and blood agents),Tablets India Ltd
 Zyzal,Levocetirizine, tabs, 5 mg,,Antihistamines (Respiratory system drugs),Getz Pharma Ltd
 Zyrova,Rosuvastatin, tabs, 10 mg,,Statins (Cardiovascular drugs),Cadila Pharma
 Zycel,Celecoxib, caps, 100 mg,100,Nsaids (Musculoskeletal agents),"Zydus Cadila H/care, India"
 Zoxon,Ceftriaxone, inj, 1gm,1,Antibacterials: Cephalosporins (Anti-infectives),Sanofi Medreich
 Zoryl,Glimepiride, tabs, 1 mg,,Sulphonylureas (Endocrine system drugs),Intas Exports
 Zolpirex,Zolpidem, tabs, 10 mg,20,Anxiolytics/sedatives/hypnotics/neuroleptics (CNS agents),Centaur Pharma
 Zodox,Doxorubicin, inj, 50mg ml,,Cytotoxic Antibiotics (Oncology & immunosuppression drugs),Intas Exports
 Zmax,Azithromycin, susp, 2gm 60ml,1,Antibacterials: Macrolides (Anti-infectives),Pfizer Global Pharma
 Zincos,Zinc Sulphate, tabs, 20 mg,100,Eye/ear/nose Preparations (Eye ENT agents),Cosmos Ltd
 Zilcan,Fluconazole, caps, 150 mg,1,Antifungals (Anti-infectives),Glaxosmithkline (hsa)
 Zidine,Zidovudine, tabs, 300 mg,,Antiretrovirals (Anti-infectives),Emcure Pharmaceuticals
 Zeefee,Vitamin/mineral Preparation, oral susp, 200ml,1,Vitamins/minerals (Nutrition and blood agents),Prisma Pharma
 Zecof,Cough Expectorant, syp,,,Mucolytics/expectorants (Respiratory system drugs),Flamingo Impex Pvt
 Zeben,Albendazole, susp, 100mg/5ml 20ml,1,Anthelmintics (Anti-infectives),Medreich Sterilab
 Zacy-sr,Aceclofenac, tabs, 200 mg,30,Nsaids (Musculoskeletal agents),Comed Chemicals
 Yentreve,Duloxetine, caps, 20 mg,,Ssris (CNS agents),Eli Lilly & Co
 Xylo-mepha,Xylometazoline (hydrochloride), nasal spray, 0.05% 10 ml,1,Sympathomimetics (Cardiovascular drugs),Mepha
 Xicard,Carvedilol, tabs, 12.5 mg,10,Beta-blockers (Cardiovascular drugs),Getz Pharma Ltd
 Xenda,Albendazole, susp, 10 ml,,Anthelmintics (Anti-infectives),Micro Exports
 Vomix,Ondansetron, inj, 8mg/4ml,,Antiemetics (Gastrointestinal drugs),Cadila Pharma
 Voltfast,Diclofenac, powder, 50 mg,9,Nsaids (Musculoskeletal agents),Novartis Pharma
 Vitavit,Vitamin/mineral Preparation, syp, 60ml,1,Vitamins/minerals (Nutrition and blood agents),Biodeal Labds Ltd
 Vitaday,Vitamin/mineral Preparation, syp, 100ml,1,Vitamins/minerals (Nutrition and blood agents),Essential Pharma
 Virine,Lamivudine/stavudine/nevirapine, caps, 150/30/200mg,,Antiretrovirals (Anti-infectives),Universal Cooporation
 Vingraf,Tacrolimus, caps, 1 mg,60,Anticancer/immunosuppressants: Other (Oncology & immunosuppression drugs),Emcure Pharmaceuticals
 Verest,Acyclovir, tabs, 200mg,,Antiviral Agents (Anti-infectives),Hovid
 Vera-denk,Verapamil, tabs, 240 mg,50,Antiarrythmic Drugs (Cardiovascular drugs),Denk Pharma
 Veba,Vitamin/mineral Preparation, tabs, -,150,Vitamins/minerals (Nutrition and blood agents),Blue Cross Labs
 Vasodilen,Salbutamol, tabs, 4 mg,1000,Selective Beta-2 Agonists (Respiratory system drugs),Essential Pharma
 Valtas Od,Sodium Valproate, tabs, 750 mg,30,Antiepileptics (CNS agents),Intas Exports
 Vagid,Clotrimazole, pess, 100 mg,6,Antifungals (Anti-infectives),"Bliss Gvs Pharma, India"
 Unitol,Folic Acid, tabs, 5 mg,,Vitamins/minerals (Nutrition and blood agents),Universal Cooporation
 Unicof,Cold/flu Remedy, tabs,,,Cold Remedies (Respiratory system drugs),Phar. Man. Co. (pmc)
 U-met,Ergometrine, inj, 0.5/5 ml,,Ergot Alkaloids (CNS agents),Prism Life Sciences
 Trupril,Lisinopril, tabs, 10 mg,14,Ace Inhibitors (Cardiovascular drugs),Getz Pharma Ltd
 Tritazide,Ramipril/hydrochlorothiazide, tabs, 5/25 mg,28,Ace Inhibitors (Cardiovascular drugs),Sanofi-aventis
 Trichogyl,Metronidazole, inj, 500mg/ml,1,Antiprozoal Agents (Anti-infectives),Tablets India Ltd
 Trenaxa,Tranexamic Acid, tabs, 250 mg,,Haemostatics/antifibrinlytics (Nutrition and blood agents),Macleods Pharma
 Treflucan,Fluconazole, caps, 150 mg,,Antifungals (Anti-infectives),Eipico (egypt)
 Tramed,Tranexamic Acid/mefenamic Acid, caps, 500/250mg,30,Haemostatics/antifibrinlytics (Nutrition and blood agents),Comed Chemicals
 Torvast,Atorvastatin, tabs, 10 mg,30,Statins (Cardiovascular drugs),Macleods Pharma
 Tinovir,Lamivudine/stavudine/nevirapine, tabs, 150/30/200 mg,,Antiretrovirals (Anti-infectives),Macleods Pharma
 Tinifil,Tinidazole, tabs, 500 mg,,Antiprozoal Agents (Anti-infectives),Fourrts Pvt (india)
 Ticas,Fluticasone, cream, 0.05% 10gm,1,Corticosteroids (Endocrine system drugs),Square Pharmaceuticals
 Terbifin,Terbinafine, cream, 1% 15gm,1,Antifungals (Anti-infectives),Cipla Ltd
 Teltas,Telmisartan, tabs, 40 mg,30,Angiotensin Ii Rec. Antagonists (Cardiovascular drugs),Intas Exports
 Tambac,Cefpodoxime, susp, 50mg/5ml 60ml,1,Antibacterials: Cephalosporins (Anti-infectives),Cadila Pharma
 Talimus,Tacrolimus, oint, 0.1% 10g,1,Anticancer/immunosuppressants: Other (Oncology & immunosuppression drugs),Ajanta Pharma Ltd
 Takol-cr,Tramadol, caps, 100 mg,10,Opiod Analgesics (Musculoskeletal agents),"Raptakos, Brett"
 Tacrotas,Tacrolimus, caps, 0.5 mg,,Anticancer/immunosuppressants: Other (Oncology & immunosuppression drugs),Intas Exports
 Tacin,Betamethasone/neomycin, e/e drops, 5 ml,1,Dermatological Agents (Dermatological agents),Ici Pakistan
 Susten,Progesterone, caps, 100mg,30,Progestogens (Endocrine system drugs),Sun Pharma
 Surflox,Norfloxacin, tabs, 400mg,,Antibacterials: Floroquinolones (Anti-infectives),Medreich Sterilab
 Sumazid,Azithromycin, caps, 250 mg,,Antibacterials: Macrolides (Anti-infectives),Brinsalov
 Sucon-rb,Vitamin/mineral Preparation, susp, 100ml,1,Vitamins/minerals (Nutrition and blood agents),"Raptakos, Brett"
 Stomatac,Ranitidine, tabs, 150 mg,,H-2 Receptor Antagonists (Gastrointestinal drugs),Elys Chemical
 Stalviforte,Lamivudine/stavudine, tabs, 150/40 mg,,Antiretrovirals (Anti-infectives),Ajanta Pharma Ltd
 Softvit-e,Vitamin E, caps, 200 mg,30,Vitamins/minerals (Nutrition and blood agents),Universal Cooporation
 Silver Sulphadiazine,Silver Sulphadiazine, cream, 1%w/w 250gm,1,Antibacterials: Others (Anti-infectives),Sphinx Pharma
 Silcream,Silver Sulphadiazine, cream, 1% 250g,1,Antibacterials: Others (Anti-infectives),Jayson Pharma.
 Serlift,Sertraline, tabs, 100 mg,30,Ssris (CNS agents),Ranbaxy Labs
 Selanzsr,Lansoprazole, tabs, 30 mg,,Proton Pump Inhibitors (Gastrointestinal drugs),Searle (pakistan)
 Sebivo,Telbivudine, tabs, 600 mg,28,Antiviral Agents (Anti-infectives),Novartis Pharma
 Sebifin,Terbinafine, tabs, 250 mg,,Antifungals (Anti-infectives),Ranbaxy Labs
 Scabsol,Benzyl Benzoate, solution, 25%w/v,,Parasiticidals (Anti-infectives),Syner-med Pharma
 Salbair-b Transhaler,Salbutamol/beclomethasone, inhaler, 100/50 mcg 200doses,1,Selective Beta-2 Agonists (Respiratory system drugs),Lupin Labs
 Sabulin,Salbutamol, syp, 2mg/5 ml 100ml,1,Selective Beta-2 Agonists (Respiratory system drugs),Dawa Pharmaceuticals
 S-prazo,Esomeprazole, tabs, 40 mg,10,Proton Pump Inhibitors (Gastrointestinal drugs),Flamingo Impex Pvt
 Roxy,Roxithromycin, tabs, 150 mg,,Antibacterials: Macrolides (Anti-infectives),Universal Cooporation
 Roxine,Levothyroxine, tabs, 100mg,28,Thyroid Hormones (Endocrine system drugs),Goldshield
 Rosvita,Rosuvastatin, tabs, 10 mg,,Statins (Cardiovascular drugs),Getz Pharma Ltd
 Rosicon,Rosiglitazone, tabs, 4 mg,,Antidiabetics: Other (Endocrine system drugs),Glenmark Pharma
 Ribazole,Ribavirin, tabs, 400 mg,10,Antiviral Agents (Anti-infectives),Getz Pharma Ltd
 Rhinovin Adult,Xylometazoline (hydrochloride), drops," 0,1%w/v",,Sympathomimetics (Cardiovascular drugs),Biodeal Labds Ltd
 Rh Com,Rifampicin/isoniazid, tabs, 75/150 mg,,Antitubercular Agents (Anti-infectives),Macleods Pharma
 Reventa,Alendronate, tabs, 10 mg,10,Biphosphonates (Misc. drugs),Getz Pharma Ltd
 Relestat,Epinastine, eye drops, 5 ml,1,Antihistamines (Respiratory system drugs),Allergan Ltd
 Relenza Rotadiskhaler,Zanamivir, inhaler, 5 mg,,Antiviral Agents (Anti-infectives),Glaxosmithkline (hsa)
 Reglan,Metoclopromide, inj, 10mg /ml 2ml,5,Antiemetics (Gastrointestinal drugs),Cosme Pharma
 Lucentis,Ranibizumab, inj, 10mg/ml,1,Immunological Agents (Immunological agents),Novartis Pharma
 Reducid,Ranitidine, tabs, 150 mg,100,H-2 Receptor Antagonists (Gastrointestinal drugs),Flamingo Impex Pvt
 Psylax,Ispaghula Husk, caps, 520 mg,60,Laxatives (Gastrointestinal drugs),Inga Lab
 Rasilez,Aliskiren, tabs, 150 mg,,Misc. Agents (Misc. drugs),Novartis Pharma
 Rapitus,Levodropropizine, syp, 30mg/ml; 120 ml,,Cough Suppressants (Respiratory system drugs),Macleods Pharma
 Ranidin,Ranitidine, inj, 50 mg/2ml,1,H-2 Receptor Antagonists (Gastrointestinal drugs),"Acme Labs, Bangladesh"
 Protelos,Strontium Ranelate, satchet, 2 gm,28,Biphosphonates (Misc. drugs),Servier Labs (france)
 Cytopan,Diclofenac/misoprostol, tabs, 50mg/ 200mcg,20,Nsaids (Musculoskeletal agents),Getz Pharma Ltd
 Crafilm,Sucralfate, tabs, 250 mg,,Cytoprotectants (Gastrointestinal drugs),Pacific Pharma
 Quixin,Levofloxacin, eye drops, 0.5%w/v 10ml,1,Antibacterials: Floroquinolones (Anti-infectives),Helix Pharma Ltd
 Quininga,Quinine, tabs, 300 mg,,Antimalarials (Anti-infectives),Inga Lab
 Quinil,Quinine, tabs, 300 mg,,Antimalarials (Anti-infectives),Ajanta Pharma Ltd
 Quinaquin Mixture,Quinine, solution, 50mg/5ml 100ml,1,Antimalarials (Anti-infectives),Elys Chemical
 Qnine,Quinine, inj, 300mg/ml,,Antimalarials (Anti-infectives),Prism Life Sciences
 Promox,Amoxiciillin, susp, 125 mg/5ml 100ml,1,Antibacterials: Penicillins (Anti-infectives),Medreich Sterilab
 Pro-fit,Vitamin/mineral Preparation, syp,,,Vitamins/minerals (Nutrition and blood agents),Flamingo Impex Pvt
 Prodom,Domperidone, tabs, 10 mg,10,Antiemetics (Gastrointestinal drugs),Wallace (uk)
 Probax,Tetracycline, caps, 250 mg,1000,Antibacterials: Tetracyclines (Anti-infectives),Sphinx Pharma
 Prinac G,Diclofenac, inj, 25mg/ml,,Nsaids (Musculoskeletal agents),Prism Life Sciences
 Primacort,Hydrocortisone, inj, 200 mg,,Corticosteroids (Endocrine system drugs),Macleods Pharma
 Prevas,Omeprazole, caps, 20 mg,,Proton Pump Inhibitors (Gastrointestinal drugs),General Pharma Ltd
 Presartan,Losartan, tabs, 50mg,30,Angiotensin Ii Rec. Antagonists (Cardiovascular drugs),Ipca
 Preloc,Atenolol, tabs, 100 mg,100,Beta-blockers (Cardiovascular drugs),Unison Labs
 Pozineg,Cefepime, inj, 1 gm,1,Antibacterials: Cephalosporins (Anti-infectives),Aurobindo Pharma
 Pmc Burn Cream,Silver Sulphadiazine, cream, 1%w/w,,Antibacterials: Others (Anti-infectives),Phar. Man. Co. (pmc)
 Platfree,Clopidogrel, tabs, 75 mg,100,Antiplatelet Drugs (Cardiovascular drugs),Medley Pharma
 Piriclor,Chlorpheniramine, syp, 2mg/5ml 100ml,1,Antihistamines (Respiratory system drugs),Biodeal Labds Ltd
 Photericin B,Amphotericin B, inj, 50 mg/vial,,Antifungals (Anti-infectives),Cipla Ltd
 Pharmaxone,Ceftriaxone, inj, 1gm,1,Antibacterials: Cephalosporins (Anti-infectives),Aim International Pharm
 Pharmavir,Acyclovir, tabs, 200 mg,50,Antiviral Agents (Anti-infectives),Pharmaniaga
 Pernex Ac,Benzyl Benzoate, gel, 5%w/w 20gm,1,Parasiticidals (Anti-infectives),Cosme Pharma
 Pause,Tranexamic Acid, tabs, 500 mg,100,Haemostatics/antifibrinlytics (Nutrition and blood agents),Emcure Pharmaceuticals
 Paraflam,Paracetamol/ibuprofen, tabs, 400/325mg,10,Nsaids (Musculoskeletal agents),Medreich Sterilab
 Para-denk,Paracetamol, supp, 125mg,10,Nsaids (Musculoskeletal agents),Denk Pharma
 Pantaz,Pantoprazole, tabs, 40 mg,50,Proton Pump Inhibitors (Gastrointestinal drugs),Medley Pharma
 Pansec Dr,Pantoprazole, tabs, 40 mg,28,Proton Pump Inhibitors (Gastrointestinal drugs),Ranbaxy Labs
 Panoxen,Diclofenac, tabs, 50/500 mg,100,Nsaids (Musculoskeletal agents),Anglo French
 Paclitax,Paclitaxel, inj, 6mg/ml,,Anticancer/immunosuppressants: Other (Oncology & immunosuppression drugs),Cipla Ltd
 Oxiplat,Oxaliplatin, inj, 100 mg,1,Anticancer/immunosuppressants: Other (Oncology & immunosuppression drugs),Sun Pharma
 Oxinus,Oxybutynin, tabs, 5 mg,,Antimuscarinic Drugs (Gastrointestinal drugs),Metro Pharma
 Oxecone-s,Al(oh)3/mg(oh)2/simethicone, susp, 200ml,1,Antacids (Gastrointestinal drugs),"Acme Labs, Bangladesh"
 Osteomin,Glucosamine/chondrointin, tabs, 500/400 mg,30,Vitamins/minerals (Nutrition and blood agents),Mega
 Orcerin,Diacerein, caps, 50 mg,,Antigout Agents (Musculoskeletal agents),Macleods Pharma
 Orelox,Cefpodoxime, tabs, 100 mg,10,Antibacterials: Cephalosporins (Anti-infectives),Sanofi-aventis
 Oraspas,Hyoscine Butylbromide, tabs, 10 mg,,Antimuscarinic Drugs (Gastrointestinal drugs),Macleods Pharma
 Optimal,Phenylephrine, eye drops, 1.2 mg/ml 15ml,1,Sympathomimetics (Cardiovascular drugs),Atco Labs
 Onylac Nail Laquer,Ciclopirox Olamine, liquid, 8% w/w 3.3ml,1,Antifungals (Anti-infectives),Cipla Ltd
 Oncotaxel,Paclitaxel, inj, 100mg,1,Anticancer/immunosuppressants: Other (Oncology & immunosuppression drugs),Sun Pharma
 Oncoplatin,Cisplatin, inj, 0.5 mg/ml 20ml,1,Anticancer/immunosuppressants: Other (Oncology & immunosuppression drugs),Sun Pharma
 Omezole,Omeprazole, caps, 20 mg,28,Proton Pump Inhibitors (Gastrointestinal drugs),Hovid
 Ofzo,Ofloxacin/ornidazole, tabs, 200/500 mg,30,Misc. Agents (Misc. drugs),Comed Chemicals
 Oflxcin,Ofloxacin, tabs, 400 mg,,Antibacterials: Floroquinolones (Anti-infectives),Bombay Tab
 Oflo,Ofloxacin, tabs, 200 mg,100,Antibacterials: Floroquinolones (Anti-infectives),Unique Pharma
 Obelit,Orlistat, caps, 120 mg,,Misc. Agents (Misc. drugs),Intas Exports
 Nudiclo,Diclofenac, tabs, 100 mg,30,Nsaids (Musculoskeletal agents),Macleods Pharma
 Norplat,Clopidogrel, tabs, 75 mg,28,Antiplatelet Drugs (Cardiovascular drugs),Getz Pharma Ltd
 Nobese,Sibutramine, caps, 10 mg,14,Misc. Agents (Misc. drugs),Getz Pharma Ltd
 Niflox,Norfloxacin, tabs, 400 mg,,Antibacterials: Floroquinolones (Anti-infectives),Elys Chemical
 Nexum,Esomeprazole/clarithromycin/amoxicillin, caps, 20 mg,,Helicobacter Eradication Agents (Gastrointestinal drugs),Getz Pharma Ltd
 New Tuxiril,Cough Syrup, syp,,,Antitussives (Respiratory system drugs),Medley Pharma
 Nevirin,Nevirapine, tabs, 200 mg,,Antiretrovirals (Anti-infectives),Ajanta Pharma Ltd
 Neukine,Filgrastim, inj, 300mcg/ml,1,Misc. Agents (Misc. drugs),Intas Exports
 Netazox,Nitazoxanide, tabs, 500 mg,6,Antiprozoal Agents (Anti-infectives),Ind Swift
 Neosten,Clotrimazole, cream, 20 gm,1,Antifungals (Anti-infectives),Beximco Pharma
 Neogab,Gabapentine, tabs, 300 mg,10,Antiepileptics (CNS agents),Hilton Pharma Pakistan
 Nelfin,Nelfinavir, tabs, 250 mg,,Antiretrovirals (Anti-infectives),Hetero Drugs Ltd
 Mycofit,Mycophenolate Mofetil, tabs, 500 mg,10,Anticancer/immunosuppressants: Other (Oncology & immunosuppression drugs),Intas Exports
 Mycoderm,Benzoic Acid/salicylic Acid, powder, 100gm,1,Dermatological Agents (Dermatological agents),Fdc Ltd (india)
 Mucogen,Rebamipide, tabs, 100 mg,,Misc. Agents (Misc. drugs),Macleods Pharma
 Muticus,Erdosteine, caps, 300 mg,,Mucolytics/expectorants (Respiratory system drugs),Macleods Pharma
 Mucodil,Cough Expectorant, syp, 100ml,1,Mucolytics/expectorants (Respiratory system drugs),Medreich Sterilab
 Moxaforte,Amoxicillin/flucloxacillin, susp, 125/125 mg 100ml,1,Antibacterials: Penicillins (Anti-infectives),Dawa Pharmaceuticals
 Moxacil Forte,Amoxiciillin, susp, 250mg/5ml 100ml,1,Antibacterials: Penicillins (Anti-infectives),Square Pharmaceuticals
 Momtas,Mometasone, oint, 10 gm,1,Corticosteroids (Endocrine system drugs),Cosme Pharma
 Mofilet,Mycophenolate Mofetil, tabs, 500 mg,60,Anticancer/immunosuppressants: Other (Oncology & immunosuppression drugs),Emcure Pharmaceuticals
 Miloxy,Amoxiciillin, caps, 250 mg,100,Antibacterials: Penicillins (Anti-infectives),Milan Labs India
 Miflonide,Budesonide, caps, 200 mcg,,Corticosteroids (Endocrine system drugs),Novartis Pharma
 Mibs,Tegaserod, tabs, 6 mg,,Misc. Agents (Misc. drugs),Getz Pharma Ltd
 Met Xl,Metoprolol, tabs, 100 mg,30,Beta-blockers (Cardiovascular drugs),Ajanta Pharma Ltd
 Metrosap,Metronidazole, susp, 200mg/5ml 100ml,1,Antiprozoal Agents (Anti-infectives),Essential Pharma
 Metpure-xl,Metoprolol, tabs, 50mg,30,Beta-blockers (Cardiovascular drugs),Emcure Pharmaceuticals
 Metphage,Metformin, tabs, 500 mg,50,Antidiabetics:biguanides (Endocrine system drugs),Efroze Chemical
 Methocip,Methotrexate, inj, 50 mg/ 2ml,1,Anticancer/immunosuppressants: Other (Oncology & immunosuppression drugs),Cipla Ltd
 Meltaspirin,Aspirin, tabs, 80 mg,,Nsaids (Musculoskeletal agents),Sai Pharma
 Mel-od,Meloxicam, tabs, 7.5 mg,30,Nsaids (Musculoskeletal agents),Cadila Pharma
 Megatrim Ds,Trimethorpim/sulphamethoxazole, tabs, 160/800 mg,,Antibacterials: Co-trimoxazoles (Anti-infectives),Fourrts Pvt (india)
 Medithrocin,Erythromycin, susp, 125 mg/5 ml,,Antibacterials: Macrolides (Anti-infectives),Medivet Pdts Ltd
 Medistatin,Nystatin, susp, 100000 iu/ml,,Antifungals (Anti-infectives),Medivet Pdts Ltd
 Medifan,Sulfadoxine/pyrimethamine, susp, 250/12.5 mg,,Antimalarials (Anti-infectives),Medivet Pdts Ltd
 Mediampi,Ampicillin, inj, 500mg,,Antibacterials: Penicillins (Anti-infectives),Flamingo Impex Pvt
 Meclam,Meloxicam, tabs, 7.5 mg,,Nsaids (Musculoskeletal agents),Square Pharmaceuticals
 Maxipene,Selenium Sulphide, syp, 2.5gm,,Dermatological Agents (Dermatological agents),Sanofi-aventis
 Malarados,Sulfadoxine/pyrimethamine, tabs, 500/25 mg,,Antimalarials (Anti-infectives),Universal Cooporation
 Malanil Paed,Atovaquone/proguanil, tabs, 62.5/25 mg,12,Antimalarials (Anti-infectives),Glaxosmithkline (hsa)
 Lumerax,Artemether/lumefantrine, tabs, 20/120 mg,24,Antimalarials (Anti-infectives),Ipca
 Lufanate,Artemether/lumefantrine, tabs, 20/120mg,24,Antimalarials (Anti-infectives),Cosmos Ltd
 Loridin Rapitab,Loratadine, tabs, 10 mg,100,Antihistamines (Respiratory system drugs),Cadila Pharma
 Loquin,Amodiaquine, tabs, 200mg,,Antimalarials (Anti-infectives),Medreich Sterilab
 Lopicard,Amlodipine, tabs, 10 mg,20,Calcium Channel Blokers (Cardiovascular drugs),Getz Pharma Ltd
 Lomebac,Lomefloxacin, eye drops, 3mg/ml 5ml,1,Antibacterials: Floroquinolones (Anti-infectives),Popular Pharma
 Logout,Allopurinol, tabs, 100mg,30,Antigout Agents (Musculoskeletal agents),Inga Lab
 Lisace,Lisinopril, tabs, 10mg,28,Ace Inhibitors (Cardiovascular drugs),Cosmos Ltd
 Lipril,Lisinopril, tabs, 10mg,,Ace Inhibitors (Cardiovascular drugs),Lupin Labs
 Lilac,Lactulose, syp, 120ml,1,Laxatives (Gastrointestinal drugs),Getz Pharma Ltd
 Levostar,Levosalbutamol, tabs, 1mg,100,Selective Beta-2 Agonists (Respiratory system drugs),Square Pharmaceuticals
 Levorid,Levocetirizine, tabs, 5mg,10,Antihistamines (Respiratory system drugs),Cipla Ltd
 Levomac,Levofloxacin, tabs, 500mg,5,Antibacterials: Floroquinolones (Anti-infectives),Macleods Pharma
 Levoflacin,Levofloxacin, tabs, 500mg,10,Antibacterials: Floroquinolones (Anti-infectives),Flamingo Impex Pvt
 Levazole,Levamisole, susp, 40mg/5ml 15ml,1,Anthelmintics (Anti-infectives),Sphinx Pharma
 Leozin,Levocetirizine, tabs, 5mg,10,Antihistamines (Respiratory system drugs),Hilton Pharma
 Ledoxan,Cyclophosphamide, tabs, 50mg,,Alkylating Cytotoxic Drugs (Oncology & immunosuppression drugs),Dabur Pharma
 Lastavin,Lamivudine/stavudine/nevirapine, tabs, 150/30/200mg,,Antiretrovirals (Anti-infectives),Ajanta Pharma Ltd
 Larinex,Desloratidine, tabs, 5mg,10,Antihistamines (Respiratory system drugs),Getz Pharma Ltd
 Lamosyn,Lamotrigine, tabs, 100mg,50,Antiepileptics (CNS agents),Sun Pharma
 Laeotarin,Miconazole, oral gel, 2%w/v 40mg,1,Antifungals (Anti-infectives),Lab & Allied
 Krema-rosa,Clotrimazole, pess, 100mg 6's,1,Antifungals (Anti-infectives),Eipico (egypt)
 Kocef,Ceftriaxone, inj, 1000mg,1,Antibacterials: Cephalosporins (Anti-infectives),Kopran
 Kloran,Chloramphenicol, susp, 125mg/5ml 100ml,1,Antibacterials: Chloramphenicol (Anti-infectives),Sphinx Pharma
 Klerimed,Clarithromycin, tabs, 250mg,14,Antibacterials: Macrolides (Anti-infectives),Medochemie
 Ketoziral,Ketoconazole, tabs, 200mg,,Antifungals (Anti-infectives),Universal Cooporation
 Kefloxin,Cefadroxil, caps, 500mg,,Antibacterials: Cephalosporins (Anti-infectives),Ranbaxy Labs
 Kancin,Amikacin, inj, 500mg,,Antibacterials: Aminoglycoside (Anti-infectives),Ga Pharma.
 Isorane,Isoflurane, liquid,,,General Anaesthetics (CNS agents),Nicholas Piramal
 Irnocam,Irinotecan, inj, 20mg/5ml,,Anticancer/immunosuppressants: Other (Oncology & immunosuppression drugs),Dr Reddys Labs
 Ipravent Respules,Ipratropium, solution,,,Antimuscarinic Bronchodilators (Respiratory system drugs),Cipla Ltd
 Inspra,Eplerenone, tabs, 25mg,30,Misc. Agents (Misc. drugs),Pfizer Cons
 Inosert,Sertraline, tabs, 100mg,28,Ssris (CNS agents),Ipca
 Infrid,Cefuroxime, tabs, 250mg,10,Antibacterials: Cephalosporins (Anti-infectives),Medicrafts
 Indoran,Ranitidine, inj, 25mg/ml,,H-2 Receptor Antagonists (Gastrointestinal drugs),Indoco Remedies
 Indivir,Indinavir, caps, 400mg,,Antiretrovirals (Anti-infectives),Cosmos Ltd
 Imnit Sr,Isosorbide Mononitrtate, tabs, 60mg,,Vasodilators (Cardiovascular drugs),Dr Reddys Labs
 Imatib,Imatinib, caps, 100mg,10,Anticancer/immunosuppressants: Other (Oncology & immunosuppression drugs),Cipla Ltd
 Hyscin,Hyoscine Butylbromide, tabs, 10mg,100,Antimuscarinic Drugs (Gastrointestinal drugs),Dawa Pharmaceuticals
 Hyosed,Hyoscine Butylbromide, tabs, 10mg,,Antimuscarinic Drugs (Gastrointestinal drugs),Sedico Pharma
 Hyan,Levonorgesterol, tabs, 0.03mg,84,Progestogens (Endocrine system drugs),Famy
 Histalor,Loratadine, tabs, 10mg,12,Antihistamines (Respiratory system drugs),Dr Reddys Labs
 Hepirax,Acyclovir, tabs, 400mg,70,Antiviral Agents (Anti-infectives),Ici Pakistan
 Hcqs,Hydroxychloroquine, tabs, 200mg,30,Misc. Agents (Misc. drugs),Ipca
 Haftrine,Halofantrine, caps, 250mg,,Antimalarials (Anti-infectives),Ajanta Pharma Ltd
 Guamet,Metformin, tabs, 500mg,,Antidiabetics:biguanides (Endocrine system drugs),Medreich Sterilab
 Grisactin,Griseofulvin, tabs, 500mg,100,Antifungals (Anti-infectives),Regal Pharma
 Grifil M,Glibenclamide/metformin, tabs, 5/500mg,,Sulphonylureas (Endocrine system drugs),Fourrts Pvt (india)
 Gramocef-o,Cefixime, caps, 100mg,10,Antibacterials: Cephalosporins (Anti-infectives),Micro-labs Ltd
 Glyzyl,Gliclazide, tabs, 80mg,,Sulphonylureas (Endocrine system drugs),Medreich Sterilab
 Glyper,Glimepiride, tabs, 4mg,20,Sulphonylureas (Endocrine system drugs),Efroze Chemical
 Glycinorm,Gliclazide, tabs, 80mg,30,Sulphonylureas (Endocrine system drugs),Ipca
 Glotrizine,Cetirizine, syp, 5mg/5ml,,Antihistamines (Respiratory system drugs),Global Healthcare
 Glormin,Atenolol, tabs, 100mg,,Beta-blockers (Cardiovascular drugs),Global Healthcare
 Glomox,Amoxiciillin, tabs, 250mg,,Antibacterials: Penicillins (Anti-infectives),Global Healthcare
 Glizarem,Gliclazide, tabs, 60mg,,Sulphonylureas (Endocrine system drugs),Remedica Ltd
 Glivec,Imatinib, tabs, 100mg,120,Anticancer/immunosuppressants: Other (Oncology & immunosuppression drugs),Novartis Pharma
 Glitter,Pioglitazole, tabs, 15mg,10,Antidiabetics: Other (Endocrine system drugs),Ind Swift
 Glimulin,Glimepiride, tabs, 1mg,30,Sulphonylureas (Endocrine system drugs),Glenmark Pharma
 Gevolox,Glucosamine, caps, 500mg,30,Vitamins/minerals (Nutrition and blood agents),Hilton Pharma Pakistan
 Gabix,Gabapentine, tabs, 100mg,10,Antiepileptics (CNS agents),Getz Pharma Ltd
 Fisifen,Fusidic Acid, cream, 2%w/w,,Antibacterials: Others (Anti-infectives),Fourrts Pvt (india)
 Furodenk,Frusemide, tabs, 40mg,100,Loop Diuretics (Cardiovascular drugs),Denk Pharma
 Fungistin,Nystatin, pess, -,15,Antifungals (Anti-infectives),Elys Chemical
 Fungicon,Fluconazole, caps, 150 mg,,Antifungals (Anti-infectives),Micro Exports
 Frumide,Frusemide, inj, 10mg/ml; 2ml,,Loop Diuretics (Cardiovascular drugs),Prism Life Sciences
 Fosavance,Alendronate, tabs, 70mg,4,Biphosphonates (Misc. drugs),Merck Sharpe
 Foradil Certihaler,Formoterol, inhaler, 10mcg,,Selective Beta-2 Agonists (Respiratory system drugs),Novartis Pharma
 Folicum,Folic Acid, tabs, 5mg,1000,Vitamins/minerals (Nutrition and blood agents),Regal Pharma
 Fluvir,Oseltamivir, caps, 75mg,,Antiviral Agents (Anti-infectives),Hetero Drugs Ltd
 Fludara,Fludarabine, tabs, 10mg,,Anticancer/immunosuppressants: Other (Oncology & immunosuppression drugs),Bayer Schering Pharma
 Floranorm,Saccharomyces Boulardii, satchet, 250mg,10,Misc. Agents (Misc. drugs),Prisma Pharma
 Flomet,Metformin, tabs, 850mg,100,Antidiabetics:biguanides (Endocrine system drugs),Flamingo Impex Pvt
 Flocos,Fluconazole, oral gel, 0.5%w/w 15gm,1,Antifungals (Anti-infectives),Cosme Pharma
 Fleming,Amoxicillin/clavulanate, tabs, 1g,14,Antibacterials: Penicillins (Anti-infectives),Medreich Sterilab
 Flamoset,Levocetirizine, tabs, 10mg,30,Antihistamines (Respiratory system drugs),Flamingo Impex Pvt
 Flamogrel,Clopidogrel, tabs, 75mg,30,Antiplatelet Drugs (Cardiovascular drugs),Flamingo Impex Pvt
 Flamofenac,Aceclofenac, tabs, 100mg,10,Nsaids (Musculoskeletal agents),Flamingo Impex Pvt
 Flaminopril,Enalapril, tabs, 10mg,100,Ace Inhibitors (Cardiovascular drugs),Flamingo Impex Pvt
 Flamifix,Cefixime, caps, 200mg,10,Antibacterials: Cephalosporins (Anti-infectives),Flamingo Impex Pvt
 Flamicef,Cefadroxil, caps, 500mg,20,Antibacterials: Cephalosporins (Anti-infectives),Flamingo Impex Pvt
 Fincar,Finasteride, tabs, 5mg,,Antiandrogens (Endocrine system drugs),Cipla Ltd
 Fexon,Fexofenadine, tabs, 180mg,10,Antihistamines (Respiratory system drugs),Hikma Pharma
 Fexigra,Fexofenadine, tabs, 180mg,,Antihistamines (Respiratory system drugs),Cipla Ltd
 Ferox,Vitamin/mineral Preparation, liquid, 200ml,1,Vitamins/minerals (Nutrition and blood agents),Micro-labs Ltd
 Ferosoft-fa,Iron Hydroxide/folic Acid, tabs, 100/0.35mg,20,Haematinics/iron Preparations (Nutrition and blood agents),Hilton Pharma Pakistan
 Fenistil 24,Dimethindene, drops, 20ml,1,Antihistamines (Respiratory system drugs),Novartis Pharma
 Fcozole,Fluconazole, susp, 35 ml,1,Antifungals (Anti-infectives),Medicrafts
 Fazilin,Cefazolin, inj, 1000mg,11,Antibacterials: Cephalosporins (Anti-infectives),Aurobindo Pharma
 Fast,Paracetamol, susp, 120mg/5ml 60 ml,1,Nsaids (Musculoskeletal agents),"Acme Labs, Bangladesh"
 Falcithar,Artemether, inj, 40mg,,Antimalarials (Anti-infectives),Cipla Ltd
 Exjade,Deferasirox, tabs, 125mg,,Chelating Agents/antidotes (Misc. drugs),Novartis Pharma
 Eyevir,Acyclovir, oint, 3%w/w,,Antiviral Agents (Anti-infectives),Centaur Pharma
 Exforge,Amlodipine/valsartan, tabs, 10/160mg,28,Calcium Channel Blokers (Cardiovascular drugs),Novartis Pharma
 Evorex,Levofloxacin, tabs, 500mg,,Antibacterials: Floroquinolones (Anti-infectives),Jayson Pharma.
 Evo,Levofloxacin, tabs, 500 mg,20,Antibacterials: Floroquinolones (Anti-infectives),Beximco Pharma
 Evaflox,Ofloxacin, tabs, 200mg,,Antibacterials: Floroquinolones (Anti-infectives),Unichem Labs
 Eurythmic,Amiodarone, inj, 50mg/ml 3ml,5,Antiarrythmic Drugs (Cardiovascular drugs),Troikaa Pharma
 Erasmo,Sildenafil, tabs, 50mg,4,"Erectile Dysfunction Agents (Urinary, Obstetrics and Gynaecological agents)",Mepha
 Empurine,Mercaptopurine, tabs, 50mg,,Antimetabolite Cytotoxics (Oncology & immunosuppression drugs),Dabur Pharma
 Emeset,Ondansetron, tabs, 8 mg,,Antiemetics (Gastrointestinal drugs),Cipla Ltd
 Emduo,Lamivudine/stavudine, susp, 40;10mg/5ml,,Antiretrovirals (Anti-infectives),Emcure Pharmaceuticals
 Emduo 30,Lamivudine/stavudine, tabs, 150/30mg,,Antiretrovirals (Anti-infectives),Emcure Pharmaceuticals
 Elytetra,Tetracycline, oint, 3%w/w,,Antibacterials: Tetracyclines (Anti-infectives),Elys Chemical
 Eflicon,Fluconazole, caps, 150 mg,,Antifungals (Anti-infectives),Elys Chemical
 Efcure,Efavirenz, tabs, 600mg,,Antiretrovirals (Anti-infectives),Emcure Pharmaceuticals
 Ecziderm-s,Beclomethasone/salycylic Acid, oint, 15gm,1,Dermatological Agents (Dermatological agents),Glenmark Pharma
 Ecosprin,Aspirin, tabs, 75mg,100,Nsaids (Musculoskeletal agents),"Acme Labs, Bangladesh"
 Emcee 2,Levonorgesterol, tabs, 0.75mg,,Progestogens (Endocrine system drugs),German Remedies
 Duolin,Ipratropium/salbutamol, inhaler, 200/100mcg 200d,1,Antimuscarinic Bronchodilators (Respiratory system drugs),Cipla Ltd
 Doxyfil,Doxycycline, caps, 100 mg,,Antibacterials: Tetracyclines (Anti-infectives),Fourrts Pvt (india)
 Doxorubicina,Doxorubicin, inj, 10 mg,,Cytotoxic Antibiotics (Oncology & immunosuppression drugs),Glenmark Pharma
 Doverin,Drotaverine, tabs, 40 mg,100,Antimuscarinic Drugs (Gastrointestinal drugs),Intas Exports
 Don-a,Domperidone, tabs, 10 mg,30,Antiemetics (Gastrointestinal drugs),"Acme Labs, Bangladesh"
 Dobucin,Dobutamine, inj, 50mg/ml 5ml,5,Sympathomimetics (Cardiovascular drugs),Troikaa Pharma
 Diszinc,Vitamin/mineral Preparation, tabs, 20 mg,30,Vitamins/minerals (Nutrition and blood agents),Prisma Pharma
 Dinor,Didanosine, tabs, 100mg,30,Antiretrovirals (Anti-infectives),Emcure Pharmaceuticals
 Dimol,Simethicone, drops, 40mg/ml 10ml,1,Antacids (Gastrointestinal drugs),Wallace (uk)
 Digestif Rennie,Antacid, tabs,,,Antacids (Gastrointestinal drugs),Bayer Schering Pharma
 Dicofen,Diclofenac, tabs, 50mg,100,Nsaids (Musculoskeletal agents),Medreich Sterilab
 Diazone,Ketoconazole, tabs, 200 mg,100,Antifungals (Anti-infectives),Unison Labs
 Diarrafin,Montmorillonite, powder, 30 gm,1,Misc. Agents (Misc. drugs),Holley Cotec
 Diabetmin,Metformin, tabs, 500 mg,100,Antidiabetics:biguanides (Endocrine system drugs),Hovid
 Deprozet,Fluoxetine, caps, 20 mg,,Ssris (CNS agents),Cosmos Ltd
 Biovorin,Leucovorin, inj, 50mg/5ml,1,Misc. Agents (Misc. drugs),Biochem (india)
 Dawaseptic,Nalidixic Acid, tabs, 500mg,100,Antibacterials: Floroquinolones (Anti-infectives),Dawa Pharmaceuticals
 Dawa Cpm,Chlorpheniramine, syp, 2mg/5ml,16,Antihistamines (Respiratory system drugs),Dawa Pharmaceuticals
 Danofran,Ondansetron, inj, 4mg/2ml,,Antiemetics (Gastrointestinal drugs),T3a Pharma
 Dafrafin,Sulfamethoxypyrazine/pyrimethamine, tabs, 500/25mg,30,Antimalarials (Anti-infectives),Dafra Pharma
 C-zid,Ceftazidime, inj, 1 gm,,Antibacterials: Cephalosporins (Anti-infectives),Emcure Pharmaceuticals
 Cz 3,Cetirizine, tabs, 10 mg,,Antihistamines (Respiratory system drugs),Lupin Labs
 Coviro-e,Lamivudine/starvudine/efavirenz, tabs, 150/30/600mg,,Antiretrovirals (Anti-infectives),Ranbaxy Labs
 Co-trupril,Lisinopril/hydrochorthiazide, tabs, 20/12.5mg,28,Ace Inhibitors (Cardiovascular drugs),Getz Pharma Ltd
 Cotrim,Sulfamethoxypyrazine/pyrimethamine, susp, 60 ml,,Antimalarials (Anti-infectives),Essential Pharma
 Corilyn-p,Cough Syrup, syp, 100ml,1,Antitussives (Respiratory system drugs),Prisma Pharma
 Procoralan,Ivabradine, tabs, 5 mg,56,Misc. Agents (Misc. drugs),Servier Labs (france)
 Copegus,Ribavirin, tabs, 200mg,,Antiviral Agents (Anti-infectives),Roche Pdts Ltd
 Contiflo Od,Tamsulosin, tabs, 0.4 mg,10,Alpha Adrenergic Blockers (Cardiovascular drugs),Ranbaxy Labs
 Co-max,Artemether/lumefantrine, tabs, 20/120mg,24,Antimalarials (Anti-infectives),Universal Cooporation
 Cofeeze,Cough Expectorant, syp, 100ml,1,Mucolytics/expectorants (Respiratory system drugs),Essential Pharma
 Coaprovel,Irbesartan/hydrochlorthiazide, tabs, 150/12.5mg,28,Angiotensin Ii Rec. Antagonists (Cardiovascular drugs),Sanofi-aventis
 Clopivas,Clopidogrel, tabs, 75 mg,,Antiplatelet Drugs (Cardiovascular drugs),Cipla Ltd
 Clofen,Diclofenac, tabs, 50 mg,,Nsaids (Musculoskeletal agents),West-coast Int
 Clobederm,Clobetasol, lotion, 20ml,1,Dermatological Agents (Dermatological agents),Atco Labs
 Ciplox,Ciprofloxacin, e/e drops, 0.3%w/v,,Antibacterials: Floroquinolones (Anti-infectives),Cipla Ltd
 Cifrotil,Ciprofloxacin, inj, 200 mg/100ml,1,Antibacterials: Floroquinolones (Anti-infectives),Tablets India Ltd
 Cholergol,Nicergoline, tabs, 30 mg,,Ergot Alkaloids (CNS agents),Inga Lab
 Cetil,Cefuroxime, tabs, 500 mg,,Antibacterials: Cephalosporins (Anti-infectives),Lupin Labs
 Centacid,Al(oh)3/mg(oh)2/simethicone, susp, 100ml,1,Antacids (Gastrointestinal drugs),Centaur Pharma
 Cenflam,Mefenamic Acid, tabs, 250mg,,Nsaids (Musculoskeletal agents),Centaur Pharma
 Celica,Citalopram, tabs, 40 mg,28,Ssris (CNS agents),Ranbaxy Labs
 Cefdure,Cefadroxil, caps, 500mg,10,Antibacterials: Cephalosporins (Anti-infectives),Biodeal Labds Ltd
 Cefasyn,Cefuroxime, tabs, 500 mg,10,Antibacterials: Cephalosporins (Anti-infectives),Cipla Ltd
 Cebay,Cefixime, syp, 50mg/5ml 30ml,1,Antibacterials: Cephalosporins (Anti-infectives),Leben Labs
 Caryl,Cough Expectorant, syp, 100ml,1,Mucolytics/expectorants (Respiratory system drugs),Biodeal Labds Ltd
 Cardiopril,Ramipril, tabs, 10 mg,20,Ace Inhibitors (Cardiovascular drugs),Dr Reddys Labs
 Cardiject,Dobutamine, inj, 250 mg,1,Sympathomimetics (Cardiovascular drugs),Sun Pharma
 Caplor,Clopidogrel, tabs, 75 mg,30,Antiplatelet Drugs (Cardiovascular drugs),Ind Swift
 Cantar,Candesartan, tabs, 4 mg,20,Angiotensin Ii Rec. Antagonists (Cardiovascular drugs),Dr Reddys Labs
 Candez,Candesartan, tabs, 4mg,10,Angiotensin Ii Rec. Antagonists (Cardiovascular drugs),Ind Swift
 Cabre,Cabergoline, tabs, 0.5 mg,,Dopaminergic Agonists (CNS agents),Inga Lab
 Cadolol,Carvedilol, tabs," 12,5 mg",30,Beta-blockers (Cardiovascular drugs),Macleods Pharma
 Cabren,Felodipine, tabs, 10 mg,,Calcium Channel Blokers (Cardiovascular drugs),Ivax Pharma
 C-tax T,Cefixime, tabs, 200 mg,10,Antibacterials: Cephalosporins (Anti-infectives),Emcure Pharmaceuticals
 Butin,Salbutamol, syp, 2mg/5ml 100ml,1,Selective Beta-2 Agonists (Respiratory system drugs),Sphinx Pharma
 Butalin,Salbutamol, inhaler, 100mcg,,Selective Beta-2 Agonists (Respiratory system drugs),Julphar Gulf Pharma
 Brumed,Ibuprofen, syp, 100ml,1,Nsaids (Musculoskeletal agents),Medreich Sterilab
 Bro-zecof,Cough Expectorant, syp,,,Mucolytics/expectorants (Respiratory system drugs),Prisma Pharma
 Bravintone,Vinpocetine, tabs, 5 mg,,Misc. Agents (Misc. drugs),Brinsalov
 Bioscab,Benzyl Benzoate, solution, 25%w/v 1lt,1,Parasiticidals (Anti-infectives),Biodeal Labds Ltd
 Bioposide,Etoposide, inj, 100mg/ml,,Anticancer/immunosuppressants: Other (Oncology & immunosuppression drugs),Biochem (india)
 Biofulvin,Griseofulvin, tabs, 250mg,100,Antifungals (Anti-infectives),Biodeal Labds Ltd
 Bioferon,Vitamin/mineral Preparation, caps, -,30,Vitamins/minerals (Nutrition and blood agents),Medreich Sterilab
 Biodopa,Methyldopa, tabs, 250 mg,,Cns Alpha Agonists (CNS agents),Biodeal Labds Ltd
 Biocarb,Carboplatin, inj, 150mg,1,Anticancer/immunosuppressants: Other (Oncology & immunosuppression drugs),Biochem (india)
 Betagen,Gentamicin/betamethasone, e/e drops, 0.3/0.1%w/v 5ml,1,Dermatological Agents (Dermatological agents),Ici India
 Betacid,Al(oh)3/mg(oh)2/simethicone, tabs,,,Antacids (Gastrointestinal drugs),Beta Healthcare
 Beagenta,Gentamicin, e/e drops, 0.3% w/v 5ml,1,Antibacterials: Aminoglycoside (Anti-infectives),Ici Pakistan
 Baraclude,Entecavir, oral susp, 0.05mg/ml,,Antiviral Agents (Anti-infectives),Bristol-myers
 Baraclude,Entecavir, tabs, 1 mg,,Antiviral Agents (Anti-infectives),Bristol-myers
 Aromasin,Exemestane, tabs, 25 mg,30,Anticancer/immunosuppressants: Other (Oncology & immunosuppression drugs),Pfizer Global Pharma
 Anafortan,Camylofin/paracetamol, tabs, 25/300mg,100,Antimuscarinic Drugs (Gastrointestinal drugs),Khandelwal Lab
 Aziwok,Azithromycin, tabs, 500mg,3,Antibacterials: Macrolides (Anti-infectives),Wockhardt Ltd
 Azin,Azithromycin, tabs, 500mg,3,Antibacterials: Macrolides (Anti-infectives),"Acme Labs, Bangladesh"
 Azilide,Azithromycin, tabs, 500mg,3,Antibacterials: Macrolides (Anti-infectives),Micro-labs Ltd
 Azicure,Azithromycin, tabs, 250 mg,6,Antibacterials: Macrolides (Anti-infectives),Macleods Pharma
 Azepine,Carbamazepine, tabs, 200 mg,1000,Antiepileptics (CNS agents),Biodeal Labds Ltd
 Azee,Azithromycin, syp, 200mg/5ml,,Antibacterials: Macrolides (Anti-infectives),Cipla Ltd
 Avodart,Dutasteride, caps, 0.5 mg,30,Antiandrogens (Endocrine system drugs),Glaxosmithkline Pharma
 Avandaryl,Rosiglitazone/glimepiride, tabs, 4/2mg,,Antidiabetics: Other (Endocrine system drugs),Glaxosmithkline Pharma
 Aurozil,Cefprozil, susp, 125mg/5ml 60 mls,1,Antibacterials: Cephalosporins (Anti-infectives),Aurobindo Pharma
 Auropodox,Cefpodoxime, tabs, 200 mg,10,Antibacterials: Cephalosporins (Anti-infectives),Aurobindo Pharma
 Atstat,Atorvastatin, tabs, 10 mg,30,Statins (Cardiovascular drugs),Ind Swift
 Atpure,Atenolol, tabs, 25 mg,28,Beta-blockers (Cardiovascular drugs),Emcure Pharmaceuticals
 Atorin 10,Atorvastatin, tabs, 10 mg,100,Statins (Cardiovascular drugs),Medley Pharma
 Atm,Azithromycin, tabs, 250mg,6,Antibacterials: Macrolides (Anti-infectives),Indoco Remedies
 Atazor,Atazanavir, tabs, 200mg,60,Antiretrovirals (Anti-infectives),Emcure Pharmaceuticals
 Ascrab,Benzyl Benzoate, solution, 25%w/v 100ml,1,Parasiticidals (Anti-infectives),Sphinx Pharma
 As/aq Winthrop,Artesunate/amodiaquine, tabs, 100/270mg,3,Antimalarials (Anti-infectives),Sanofi-aventis
 Artab,Artesunate, tabs, 50mg,,Antimalarials (Anti-infectives),Medreich Sterilab
 Armact,Artesunate/amodiaquine, tabs, 50/200mg,,Antimalarials (Anti-infectives),Medreich Sterilab
 Arco,Artemisinin/naphthoquine, tabs, 125/50mg,8,Antimalarials (Anti-infectives),Kunming Pharma
 Antiplatt,Clopidogrel, tabs, 75 mg,30,Antiplatelet Drugs (Cardiovascular drugs),Troikaa Pharma
 Antiplar,Clopidogrel, tabs, 75 mg,40,Antiplatelet Drugs (Cardiovascular drugs),Emcure Pharmaceuticals
 Antagit-ds,Al(oh)3/mg(oh)2/simethicone, oral gel, 170ml,1,Antacids (Gastrointestinal drugs),Leben Labs
 Angitan,Losartan, tabs, 50mg,30,Angiotensin Ii Rec. Antagonists (Cardiovascular drugs),Flamingo Impex Pvt
 Analmin,Mefenamic Acid, caps, 500 mg,100,Nsaids (Musculoskeletal agents),Flamingo Impex Pvt
 Amtas,Amlodipine, tabs, 10 mg,28,Calcium Channel Blokers (Cardiovascular drugs),Intas Exports
 Amoxy,Amoxiciillin, caps, 500 mg,,Antibacterials: Penicillins (Anti-infectives),Flamingo Impex Pvt
 Amoxidenk,Amoxiciillin, caps, 500 mg,20,Antibacterials: Penicillins (Anti-infectives),Denk Pharma
 Amochin,Amodiaquine, tabs, 200mg,75,Antimalarials (Anti-infectives),Medicorp
 Amlopres-z,Amlodipine/losartan, tabs, 5/50mg,,Calcium Channel Blokers (Cardiovascular drugs),Cipla Ltd
 Amlopress,Amlodipine, tabs, 5 mg,30,Calcium Channel Blokers (Cardiovascular drugs),Cipla Ltd
 Amlong,Amlodipine, tabs, 10 mg,30,Calcium Channel Blokers (Cardiovascular drugs),Micro Exports
 Amlofine,Amlodipine, tabs, 5 mg,,Calcium Channel Blokers (Cardiovascular drugs),M J Biopharm
 Aminoglow,Vitamin/mineral Preparation, caps, -,30,Vitamins/minerals (Nutrition and blood agents),Tablets India Ltd
 Amedin,Amlodipine/atorvastatin, tabs, 5 mg,28,Calcium Channel Blokers (Cardiovascular drugs),Medreich Sterilab
 Aloha,Vitamin/mineral Preparation, solution, 200ml,1,Vitamins/minerals (Nutrition and blood agents),Indoco Remedies
 Alimox,Amoxiciillin, caps, 250 mg,1000,Antibacterials: Penicillins (Anti-infectives),Sphinx Pharma
 Alflox,Norfloxacin, tabs, 400 mg,,Antibacterials: Floroquinolones (Anti-infectives),Alkem Labs
 Albenze,Albendazole, susp, 200mg/5ml 10ml,1,Anthelmintics (Anti-infectives),Essential Pharma
 Adacin,Clindamycin, gel, 1% 15g,1,Antibacterials: Lincosamides (Anti-infectives),Ajanta Pharma Ltd
 Aclasta,Zoledronic Acid, inj, 5 mg/100ml,1,Biphosphonates (Misc. drugs),Novartis Pharma
 Acenac,Aceclofenac, tabs, 100 mg,30,Nsaids (Musculoskeletal agents),Medley Pharma
 Abac,Abacavir, tabs, 300 mg,,Antiretrovirals (Anti-infectives),Ranbaxy Labs
 Zaizol,Mebendazole, tabs, 100 mg,,Anthelmintics (Anti-infectives),Aurochem
 Abac-lz,Abacavir/lamivudine/zidovudine, tabs, 300/150/300,,Antiretrovirals (Anti-infectives),Ranbaxy Labs
 Zidowin,Zidovudine, tabs, 300 mg,,Antiretrovirals (Anti-infectives),Cadila Pharma
 Zaart,Losartan/hydrochlorthiazide, tabs, 50 mg,30,Angiotensin Ii Rec. Antagonists (Cardiovascular drugs),Cipla Ltd
 Vumez,Omeprazole, caps, 20 mg,,Proton Pump Inhibitors (Gastrointestinal drugs),Venkat Pharma Ltd
 Viranz,Efavirenz/emtricitabine/tenofovir, tabs, 600mg,,Antiretrovirals (Anti-infectives),Aurobindo Pharma
 Triviro-lns,Lamivudine/stavudine/nevirapine, tabs, 150/40200 mg,,Antiretrovirals (Anti-infectives),Ranbaxy Labs
 Tibinl-eih,Isoniazid/ethambutol, tabs, 150 /400 mg,,Antitubercular Agents (Anti-infectives),Ajanta Pharma Ltd
 Sipromide,Spirinolactone/frusemide, tabs, 50/20 mg,,Potassium-sparing Diuretics (Cardiovascular drugs),Searle
 Ronex,Cetirizine, syp, 5mg/5ml 60ml,1,Antihistamines (Respiratory system drugs),Hilton Pharma
 Rifafour,Rifampicin/isoniazid/pyrazinamide/ethambutol, tabs, 120/60/300/200 mg,,Antitubercular Agents (Anti-infectives),Sanofi-aventis
 Pyraxel,Pyrantel, tabs, 500 mg,,Anthelmintics (Anti-infectives),Li Taka Pharma.
 Primperan,Metopine/lysine/carnitine/vitb1/b6/b12, tabs, 10mg,40,Vitamins/minerals (Nutrition and blood agents),Sanofi-aventis
 Prescard,Amlodipine/atorvastatin, tabs, 5 mg,,Calcium Channel Blokers (Cardiovascular drugs),Epla Labs
 Poilet,Pioglitazone/metformin, tabs, 15 mg,,Antidiabetics: Other (Endocrine system drugs),Intas Exports
 Phenalin,Chlorpheniramine/pseudoephedrine, syp, 2 mg/5ml 60ml,1,Cold Remedies (Respiratory system drugs),Sphinx Pharma
 Penrazol,Omeprazole, caps, 20 mg,,Proton Pump Inhibitors (Gastrointestinal drugs),Elpen Pharma
 Ocumycin,Chloramphenicol, eye oint, 10 mg,,Antibacterials: Chloramphenicol (Anti-infectives),Centaur Pharma
 Novogesic,Nimesulide, tabs, 100 mg,,Nsaids (Musculoskeletal agents),Glenmark Pharma
 Nosic,Doxylamine/pyridoxine, tabs, 10/10 mg,20,Antihistamines (Respiratory system drugs),Indoco Remedies
 Nifedicap,Nifedipine, tabs, 10 mg,,Calcium Channel Blokers (Cardiovascular drugs),British Biologicals
 Nevipan,Nevirapine, tabs, 200 mg,,Antiretrovirals (Anti-infectives),Ranbaxy Labs
 Myfortic,Mycophenolate Mofetil, tabs, 180 mg,120,Anticancer/immunosuppressants: Other (Oncology & immunosuppression drugs),Novartis Pharma
 Mosafe,Mosapride, tabs, 5 mg,,Misc. Agents (Misc. drugs),Glenmark Pharma
 Monicure Vaginal,Miconazole/fluocinolone, pess, 200 mg 6's,1,Antifungals (Anti-infectives),Pharaonia Pharm
 Gaflo,Gatifloxacin, tabs, 400 mg,,Antibacterials: Floroquinolones (Anti-infectives),Xl Labs
 Mocam,Melitracen, tabs, 7.5 mg,,Tricyclic Or Related Antidepressants (CNS agents),Xl Labs
 Menamol,Paracetamol/dicyclomine/dextropropoxyphene, tabs, 500 mg,,Nsaids (Musculoskeletal agents),Unison Labs
 Ladiwin,Lamivudine/stavudine, tabs, 150 mg,,Antiretrovirals (Anti-infectives),Cadila Pharma
 Klarifer,Loracarbef, tabs, 10 mg,,Antibacterials: Cephalosporins (Anti-infectives),British Biologicals
 Kivexa,Abacavir/lamivudine, tabs, 600/300 mg,1,Antiretrovirals (Anti-infectives),Glaxosmithkline Pharma
 Ivermectina,Ivermectin, gel, 0.120 g,,Anthelmintics (Anti-infectives),Ouro Fino
 Hostan,Mefenamic Acid, tabs, 250 mg,,Nsaids (Musculoskeletal agents),Holley Cotec
 Hipril-5,Lisinopril/hydrochorthiazide, tabs, 5 mg,,Ace Inhibitors (Cardiovascular drugs),Micro Exports
 Gynista,Raloxifene, tabs, 60 mg,,Oestrogens (Endocrine system drugs),Micro Exports
 Gravinate,Dimenhydrinate/pyridoxine, tabs, 4 mg,,Antihistamines (Respiratory system drugs),Searle
 Glycor,Gliclazide, tabs, 80 mg,,Sulphonylureas (Endocrine system drugs),Usv Ltd (india)
 Glibozone,Pioglitazone/metformin, tabs, 15 mg,,Antidiabetics: Other (Endocrine system drugs),Cadila Pharma
 Fungicip B,Clotrimazole/beclomethasone, cream, 1/0.025% 15gm,1,Dermatological Agents (Dermatological agents),Cipla Ltd
 Forcan,Flucortolone Pivalate/flucortolone Caproate, caps, 200 mg,,Dermatological Agents (Dermatological agents),Cipla Ltd
 Fixx,Cefixime, caps, 100mg,50,Antibacterials: Cephalosporins (Anti-infectives),Unichem Labs
 Femoston Conti,Estradiol/dihydrogesterone, tabs, 1/5 mg,28,Oestrogens (Endocrine system drugs),Abbot Products Sas (solvay )
 Esoz,Esomeprazole, tabs, 40 mg,,Proton Pump Inhibitors (Gastrointestinal drugs),Glenmark Pharma
 Elyzole,Albendazole, susp, 10ml,1,Anthelmintics (Anti-infectives),Elys Chemical
 Elidel,Pimozide, tabs, 10 mg,,Antipsychotics (CNS agents),Novartis Cons
 Econex,Ethambutol, tabs, 400/150 mg,,Antitubercular Agents (Anti-infectives),Macleods Pharma
 Diclogenta,Diclofenac, eye drops, 1/3 mg 5ml,1,Nsaids (Musculoskeletal agents),Centaur Pharma
 Deriva Aqueous,Adapalene, gel,,,Dermatological Agents (Dermatological agents),Glenmark Pharma
 Coxerin,Cyclophosphamide, tabs, 250 mg,,Alkylating Cytotoxic Drugs (Oncology & immunosuppression drugs),Mac Naughton Ltd
 Ciflo,Ciprofloxacin, tabs, 500 mg,,Antibacterials: Floroquinolones (Anti-infectives),Elys Chemical
 Artesun,Artesunate, inj, 120mg,5,Antimalarials (Anti-infectives),Guilin Pharma
 Amodlavin,Amoxicillin/clavulanate, susp, 200/28.5mg,,Antibacterials: Penicillins (Anti-infectives),Depopharma Ltd
 Amdepin,Amlodipine/atorvastatin, tabs, 5 mg,,Calcium Channel Blokers (Cardiovascular drugs),Cadila Pharma
 Allerex,Chlorpropamide, tabs, 4 mg,1000,Sulphonylureas (Endocrine system drugs),Essential Pharma
 Ciprox,Ciprofloxacin, inj," 0,2% 100ml",1,Antibacterials: Floroquinolones (Anti-infectives),Claris Lifesc
 Heparen,Heparin, inj, 5000 iu 5ml,1,Anticoagulants (Cardiovascular drugs),Claris Lifesc
 Sedoz,Midazolam, inj, 5ml,1,Anxiolytics/sedatives/hypnotics/neuroleptics (CNS agents),Claris Lifesc
 Bupican Plain,Bupivacaine, inj, 20 ml,1,Local Anaesthetics (Musculoskeletal agents),Claris Lifesc
 C-zole B,Clotrimazole/beclomethasone, cream, 15gm,1,Dermatological Agents (Dermatological agents),Ampus Life Sciences
 C-zole,Clotrimazole, cream, 15gm,1,Antifungals (Anti-infectives),Ampus Life Sciences
 Amsolone,Prednisolone/cinchocaine, tabs, 5mg,100,Dermatological Agents (Dermatological agents),Ampus Life Sciences
 Amcodyl,Bisacodyl, tabs, 5 mg,100,Laxatives (Gastrointestinal drugs),Ampus Life Sciences
 Inflanaze Aqueous,Budesonide, nasal spray, 10 ml/200doses,1,Corticosteroids (Endocrine system drugs),Boehringer Ingelheim
 Z-dt 20,Zinc Sulphate, tabs, 20 mg,100,Eye/ear/nose Preparations (Eye ENT agents),Square Pharmaceuticals
 Z-dt 10,Zinc Sulphate, tabs, 10 mg,100,Eye/ear/nose Preparations (Eye ENT agents),Square Pharmaceuticals
 Vanprox,Cefpodoxime, caps, 200mg,6,Antibacterials: Cephalosporins (Anti-infectives),Square Pharmaceuticals
 Ticamet,Salmeterol/fluticasone, inhaler, 25/250 mcg/120puff,1,Selective Beta-2 Agonists (Respiratory system drugs),Square Pharmaceuticals
 Tazid,Ceftazidime, inj, 250mg,1,Antibacterials: Cephalosporins (Anti-infectives),Square Pharmaceuticals
 Tazid,Ceftazidime, inj, 1 gm,1,Antibacterials: Cephalosporins (Anti-infectives),Square Pharmaceuticals
 Sq-mycetin,Chloramphenicol, e/e drops, 10ml,1,Antibacterials: Chloramphenicol (Anti-infectives),Square Pharmaceuticals
 Specbac,Meropenem, inj, 500mg,1,Antibacterials: Others (Anti-infectives),Square Pharmaceuticals
 Sultolin,Salbutamol/beclomethasone, inhaler, 100 mcg/puff,1,Selective Beta-2 Agonists (Respiratory system drugs),Square Pharmaceuticals
 Salmate,Salmeterol, inhaler, 25mcg/puff,1,Selective Beta-2 Agonists (Respiratory system drugs),Square Pharmaceuticals
 Remus,Tacrolimus, cream, 5 gm,1,Anticancer/immunosuppressants: Other (Oncology & immunosuppression drugs),Square Pharmaceuticals
 Protas,Esomeprazole, tabs, 20mg,30,Proton Pump Inhibitors (Gastrointestinal drugs),Square Pharmaceuticals
 Phylopen Ds,Flucloxacillin, caps, 500mg,20,Antibacterials: Penicillins (Anti-infectives),Square Pharmaceuticals
 Phylopen,Flucloxacillin, caps, 250 mg,50,Antibacterials: Penicillins (Anti-infectives),Square Pharmaceuticals
 Phylopen,Flucloxacillin, syp, 125mg/5ml 100ml,1,Antibacterials: Penicillins (Anti-infectives),Square Pharmaceuticals
 Osmolax,Lactulose, solution, 3.4/5ml 100 ml,1,Laxatives (Gastrointestinal drugs),Square Pharmaceuticals
 Pylotrip Kit,Lansoprazole/clarithromycin/amoxicillin, kit,1gm,7,Helicobacter Eradication Agents (Gastrointestinal drugs),Square Pharmaceuticals
 Methicol,Mecobalamin, inj, 500 mcg,5,Vitamins/minerals (Nutrition and blood agents),Square Pharmaceuticals
 Malacide,Sulfadoxine/pyrimethamine, tabs,25 mg,60,Antimalarials (Anti-infectives),Square Pharmaceuticals
 Kop,Ketoprofen, gel, 20gm,1,Nsaids (Musculoskeletal agents),Square Pharmaceuticals
 Genacyn,Gentamicin, inj, 20 mg/2ml,10,Antibacterials: Aminoglycoside (Anti-infectives),Square Pharmaceuticals
 Fona,Adapalene, cream, 10 gm,1,Dermatological Agents (Dermatological agents),Square Pharmaceuticals
 Eromycin Ds,Erythromycin, tabs, 500 mg,30,Antibacterials: Macrolides (Anti-infectives),Square Pharmaceuticals
 Eromycin,Erythromycin, syp, 125mg/5 ml 100 ml,1,Antibacterials: Macrolides (Anti-infectives),Square Pharmaceuticals
 Comet,Metformin, tabs, 850,100,Antidiabetics:biguanides (Endocrine system drugs),Square Pharmaceuticals
 Comet,Metformin, tabs, 500 mg,100,Antidiabetics:biguanides (Endocrine system drugs),Square Pharmaceuticals
 Ceftron,Ceftriaxone, inj, 1 gm/vial,1,Antibacterials: Cephalosporins (Anti-infectives),Square Pharmaceuticals
 Calbo-c,Vitamin/mineral Preparation, tabs,,10,Vitamins/minerals (Nutrition and blood agents),Square Pharmaceuticals
 Beclomin,Beclomethasone, inhaler, 250 mcg,1,Corticosteroids (Endocrine system drugs),Square Pharmaceuticals
 Adiprim,Trimethoprim/sulfadiazine, tabs,820 mg,30,Antibacterials: Others (Anti-infectives),Cosmos Ltd
 Bromsal,Cough Expectorant, syp, 100 ml,1,Mucolytics/expectorants (Respiratory system drugs),Cosmos Ltd
 Claricos,Clarithromycin, susp, 125mg/5ml 70 ml,1,Antibacterials: Macrolides (Anti-infectives),Cosmos Ltd
 Claricos,Clarithromycin, tabs, 500 mg,14,Antibacterials: Macrolides (Anti-infectives),Cosmos Ltd
 Claricos,Clarithromycin, tabs, 250 mg,14,Antibacterials: Macrolides (Anti-infectives),Cosmos Ltd
 Carditan,Losartan, tabs, 50 mg,28,Angiotensin Ii Rec. Antagonists (Cardiovascular drugs),Cosmos Ltd
 Medicof Dm,Cough Syrup, syp, 60ml,1,Antitussives (Respiratory system drugs),Cosmos Ltd
 Medicof Dm,Cough Syrup, syp, 100ml,1,Antitussives (Respiratory system drugs),Cosmos Ltd
 Pza,Pyrazinamide, tabs, 500 mg,100,Antitubercular Agents (Anti-infectives),Cosmos Ltd
 Trioriv 30,Lamivudine/stavudine/nevirapine, tabs,200 mg,60,Antiretrovirals (Anti-infectives),Cosmos Ltd
 Lazidariv,Lamivudine/zidovudine, tabs,300 mg,60,Antiretrovirals (Anti-infectives),Cosmos Ltd
 Zidocos,Zidovudine, caps, 100 mg,100,Antiretrovirals (Anti-infectives),Cosmos Ltd
 Stariv 40,Stavudine, caps, 40 mg,60,Antiretrovirals (Anti-infectives),Cosmos Ltd
 Stavir,Stavudine, caps, 30mg,60,Antiretrovirals (Anti-infectives),Cosmos Ltd
 Lamiriv,Lamivudine/stavudine, tabs, 150 mg,60,Antiretrovirals (Anti-infectives),Cosmos Ltd
 Rihaz E,Rifampicin/isoniazid/pyrazinamide/ethambutol, tabs,275 mg,168,Antitubercular Agents (Anti-infectives),Cosmos Ltd
 Norflox,Norfloxacin, tabs, 400 mg,100,Antibacterials: Floroquinolones (Anti-infectives),Cosmos Ltd
 Glucomet N,Glibenclamide/metformin, tabs, 5/500mg,28,Sulphonylureas (Endocrine system drugs),Cosmos Ltd
 Micardis Plain,Telmisartan, tabs, 40 mg,28,Angiotensin Ii Rec. Antagonists (Cardiovascular drugs),Boehringer Ingelheim
 Buscopan Plus,Hyoscine/paracetamol, tabs, 10/500 mg,100,Antimuscarinic Drugs (Gastrointestinal drugs),Boehringer Ingelheim
 Berotec,Fenoterol, inhaler, 100 mcg/10ml/200doses,1,Selective Beta-2 Agonists (Respiratory system drugs),Boehringer Ingelheim
 Virux,Acyclovir, tabs, 400 mg,20,Antiviral Agents (Anti-infectives),Square Pharmaceuticals
 Seclo,Omeprazole, caps, 40 mg,18,Proton Pump Inhibitors (Gastrointestinal drugs),Square Pharmaceuticals
 Secnid Ds,Secnidazole, tabs, 1 gm,100,Antiprozoal Agents (Anti-infectives),Square Pharmaceuticals
 Melcam,Meloxicam, tabs, 15 mg,50,Nsaids (Musculoskeletal agents),Square Pharmaceuticals
 Maxcef,Cefotaxime, inj, 250 mg,1,Antibacterials: Cephalosporins (Anti-infectives),Square Pharmaceuticals
 Fusid,Frusemide, inj, 20 mg,10,Loop Diuretics (Cardiovascular drugs),Square Pharmaceuticals
 Entacyd Plus,Antacid, tabs,,200,Antacids (Gastrointestinal drugs),Square Pharmaceuticals
 Clofenac,Diclofenac, inj, 75mg/3ml,10,Nsaids (Musculoskeletal agents),Square Pharmaceuticals
 Clofenac,Diclofenac, eye drops, 1 mg/ml 5ml,1,Nsaids (Musculoskeletal agents),Square Pharmaceuticals
 Cefotil,Cefuroxime, tabs, 500 mg,10,Antibacterials: Cephalosporins (Anti-infectives),Square Pharmaceuticals
 Cefotil,Cefuroxime, inj, 750 mg,1,Antibacterials: Cephalosporins (Anti-infectives),Square Pharmaceuticals
 Anadol,Tramadol, caps, 50 mg,20,Opiod Analgesics (Musculoskeletal agents),Square Pharmaceuticals
 Almex,Albendazole, susp, 10 ml,1,Anthelmintics (Anti-infectives),Square Pharmaceuticals
 Alatrol,Cetirizine, syp, 60 ml,1,Antihistamines (Respiratory system drugs),Square Pharmaceuticals
 Ace,Paracetamol, supp, 125mg,10,Nsaids (Musculoskeletal agents),Square Pharmaceuticals
 Co-artesiane,Artemether/lumefantrine, syp, 120ml,1,Antimalarials (Anti-infectives),Dafra Pharma
 Co-artesiane,Artemether/lumefantrine, syp, 60ml,1,Antimalarials (Anti-infectives),Dafra Pharma
 Co-arsucam Toddler,Artesunate/amodiaquine, tabs, 20/135mg,3,Antimalarials (Anti-infectives),Sanofi-aventis
 Co-arsucam Infant,Artesunate/amodiaquine, tabs, 25/67.5mg,3,Antimalarials (Anti-infectives),Sanofi-aventis
 Co-arsucam Child,Artesunate/amodiaquine, tabs, 100/270mg,3,Antimalarials (Anti-infectives),Sanofi-aventis
 Co-arsucam Adult,Artesunate/amodiaquine, tabs, 100/270mg,6,Antimalarials (Anti-infectives),Sanofi-aventis
 Kashin,Herbal Remedy, syp, 100ml,1,Misc. Agents (Misc. drugs),Bentley & Remington
 Fefavit,Iron/haematinic Preparation, syp, 200ml,1,Haematinics/iron Preparations (Nutrition and blood agents),Bentley & Remington
 Martaxin,Dihydroartemisinin, tabs, 80mg,8,Antimalarials (Anti-infectives),Bentley & Remington
 Esoprazole,Esomeprazole, tabs, 20mg,10,Proton Pump Inhibitors (Gastrointestinal drugs),Bentley & Remington
 Benmet,Metformin, tabs, 850mg,100,Antidiabetics:biguanides (Endocrine system drugs),Bentley & Remington
 Benmet,Metformin, tabs, 500mg,100,Antidiabetics:biguanides (Endocrine system drugs),Bentley & Remington
 Allcosed,Chlorpheniramine/pseudoephedrine, syp, 2/30mg/5ml 60ml,1,Cold Remedies (Respiratory system drugs),Biodeal Labds Ltd
 Micarin,Miconazole, cream, 2% 20g,1,Antifungals (Anti-infectives),Biodeal Labds Ltd
 Gendex,Dexamethasone/gentamycin, e/e drops, 0.3/0.1% 10ml,1,Dermatological Agents (Dermatological agents),Ray Pharma
 Carydex,Cough Expectorant, syp, 100ml,1,Mucolytics/expectorants (Respiratory system drugs),Biodeal Labds Ltd
 Sediproct,Compound Antihaemorrhoidal Preparation, cream, 20g,1,Misc. Agents (Misc. drugs),Medical Union Pharma
 Safetax,Cefotaxime, inj, 1g,1,Antibacterials: Cephalosporins (Anti-infectives),-
 Romiver,Terbinafine, cream, 1% 15g,1,Antifungals (Anti-infectives),Biochem (india)
 Rizat,Rizatriptan, tabs, 10mg,4,Ssris (CNS agents),Cipla Ltd
 Respira,Cough Expectorant, syp, 100ml,1,Mucolytics/expectorants (Respiratory system drugs),Geno Pharma
 Racedot,Racecadotril, tabs, 100mg,30,Antidiarrheorals (Gastrointestinal drugs),Macleods Pharma
 Polygynax,Neomycin/polymixin B/nystatin, pess, -,6,Dermatological Agents (Dermatological agents),Innotech
 Pitressin,Vasopressin, inj, 1ml,1,Hypothalamic/pituitary Hormones (Endocrine system drugs),Goldshield
 Pilogel,Pilocarpine, cream, 3.5g,1,Cholinergic Agonists (Respiratory system drugs),Alcon Pharma
 Peloc,Ranitidine, tabs, 300mg,100,H-2 Receptor Antagonists (Gastrointestinal drugs),Shaimil
 Osteocal,Vitamin/mineral Preparation, tabs, -,30,Vitamins/minerals (Nutrition and blood agents),Coral India (dwd)
 Omecer,Omeprazole, caps, 20 mg,14,Proton Pump Inhibitors (Gastrointestinal drugs),Phd Pharma
 Ojen Oz,Ofloxacin/ornidazole, tabs, 200/500mg,10,Misc. Agents (Misc. drugs),Usv Ltd (india)
 Nitronal,Glyceryl Trinitrate, inj, 50mg/50ml,10,Vasodilators (Cardiovascular drugs),Amriya Pharma
 N-lid Dt,Nimesulide, tabs, 100mg,100,Nsaids (Musculoskeletal agents),Sunpar Pharma
 Myteka,Montelukast, tabs, 5mg,14,Leukotriene Receptor Antagonists (Respiratory system drugs),Hilton Pharma Pakistan
 Myteka,Montelukast, tabs, 10mg,14,Leukotriene Receptor Antagonists (Respiratory system drugs),Hilton Pharma Pakistan
 Monatan,Montelukast, tabs, 5mg,14,Leukotriene Receptor Antagonists (Respiratory system drugs),-
 Metalene,Sulfamethoxypyrazine/pyrimethamine, tabs, 500mg,30,Antimalarials (Anti-infectives),Korlyns
 Maxcef,Cefotaxime, inj, 1g,1,Antibacterials: Cephalosporins (Anti-infectives),Square Pharmaceuticals
 Lyzopein,Mefenamic Acid, caps, 250 mg,100,Nsaids (Musculoskeletal agents),M J Biopharm
 Lysoflam,Diclofenac/paracetamol/serratipeptidase, tabs, 50/500/15mg,30,Nsaids (Musculoskeletal agents),Cachet Pharma Pvt
 Lyrica,Pregabalin, tabs, 75mg,28,Antiepileptics (CNS agents),Pfizer Global Pharma
 Lyrica,Pregabalin, tabs, 25mg,28,Antiepileptics (CNS agents),Pfizer Global Pharma
 Lyrica,Pregabalin, tabs, 150mg,28,Antiepileptics (CNS agents),Pfizer Global Pharma
 Lumether,Artemether, syp, 60ml,1,Antimalarials (Anti-infectives),Erica Pharma Pvt
 Letroz,Letrozole, tabs, 2.5mg,25,Anticancer/immunosuppressants: Other (Oncology & immunosuppression drugs),Sun Pharma
 Klabax,Clarithromycin, syp, 250mg/5ml 60ml,1,Antibacterials: Macrolides (Anti-infectives),Ranbaxy Labs
 Klabax,Clarithromycin, syp, 125mg/5ml 60ml,1,Antibacterials: Macrolides (Anti-infectives),Ranbaxy Labs
 Ketorol,Ketorolac, inj, 30mg/ml,1,Nsaids (Musculoskeletal agents),Dr Reddys Labs
 Ketorol,Ketorolac, tabs, 10mg,20,Nsaids (Musculoskeletal agents),Dr Reddys Labs
 Kalzana,Vitamin/mineral Preparation, tabs, -,100,Vitamins/minerals (Nutrition and blood agents),"Zydus Cadila H/care, India"
 Isovorin,Calcium Levofolinate, tabs, -,,Anticancer/immunosuppressants: Other (Oncology & immunosuppression drugs),Wyeth Sa
 Himcospaz,Herbal Remedy, tabs, -,50,Misc. Agents (Misc. drugs),Himalaya Drug Co
 Hifer,(n/a), syp, 200ml,1,Misc. Agents (Misc. drugs),Zest Pharma
 Haridol-d,Haloperidol, inj, 50mg/ml,1,Antipsychotics (CNS agents),-
 Glucozid,Gliclazide, tabs, 80mg,100,Sulphonylureas (Endocrine system drugs),Medley Pharma
 Gemer 2,Glimepiride/metformin, tabs, 2/500mg,50,Sulphonylureas (Endocrine system drugs),Sun Pharma
 Gemer 1,Glimepiride/metformin, tabs, 1/500,50,Sulphonylureas (Endocrine system drugs),Sun Pharma
 Encifer,Iron Sucrose, inj, -,5,Haematinics/iron Preparations (Nutrition and blood agents),Emcure Pharmaceuticals
 Cyclorax,Acyclovir, cream, 5g,1,Antiviral Agents (Anti-infectives),Atlantic Corp
 Cyclom,Dicyclomine, inj, -,10,Antimuscarinic Drugs (Gastrointestinal drugs),Indoco Remedies
 Cosklot,Etamsylate, inj, 2ml,5,Haemostatics/antifibrinlytics (Nutrition and blood agents),Cosme Pharma
 Cosklot,Etamsylate, tabs, 500mg,50,Haemostatics/antifibrinlytics (Nutrition and blood agents),Cosme Pharma
 Cosklot,Etamsylate, tabs, 250mg,50,Haemostatics/antifibrinlytics (Nutrition and blood agents),Cosme Pharma
 Cloprez,Clopidogrel, tabs, 75mg,100,Antiplatelet Drugs (Cardiovascular drugs),Rpg Life Sciences
 Cloflow,Clopidogrel, tabs, 75mg,30,Antiplatelet Drugs (Cardiovascular drugs),Aristo Pharma
 Cetramac,Cetirizine, tabs, 10mg,10,Antihistamines (Respiratory system drugs),Questa Care Inc
 Cepotil,Cefpodoxime, tabs, 200mg,20,Antibacterials: Cephalosporins (Anti-infectives),Orchid Healthcare
 Cepotil,Cefpodoxime, tabs, 100mg,20,Antibacterials: Cephalosporins (Anti-infectives),Orchid Healthcare
 Cefoprim,Cefoperazone, inj, 750mg,1,Antibacterials: Cephalosporins (Anti-infectives),Esseti Farma
 Cebactum,Cefoperazone, inj, 1500mg,1,Antibacterials: Cephalosporins (Anti-infectives),Usv Ltd (india)
 Caltas,Amlodipine, tabs, 5mg,28,Calcium Channel Blokers (Cardiovascular drugs),Intas Exports
 Caltas,Amlodipine, tabs, 10mg,28,Calcium Channel Blokers (Cardiovascular drugs),Intas Exports
 Azimax,Azithromycin, tabs, 500mg,3,Antibacterials: Macrolides (Anti-infectives),Cipla Ltd
 Aziben,Azithromycin, syp, 15ml,1,Antibacterials: Macrolides (Anti-infectives),Bentley & Remington
 Aziben,Azithromycin, tabs, 250mg,6,Antibacterials: Macrolides (Anti-infectives),Bentley & Remington
 Atripla,Efavirenz/emtricitabine/tenofovir, tabs, -,30,Antiretrovirals (Anti-infectives),Gilead Sciences Inc
 Arsuamoon,Artesunate/amodiaquine, tabs, 50/150mg,21,Antimalarials (Anti-infectives),Guilin Pharma
 Arpimune,Cyclosporin, tabs, 25mg,50,Anticancer/immunosuppressants: Other (Oncology & immunosuppression drugs),Rpg Life Sciences
 Arpimune,Cyclosporin, tabs, 100mg,50,Anticancer/immunosuppressants: Other (Oncology & immunosuppression drugs),Rpg Life Sciences
 Aluvia,Lopinavir/ritonavir, tabs, 200/50mg,120,Antiretrovirals (Anti-infectives),Abbott (usa)
 Secnefil,Secnidazole, tabs, 1g,2,Antiprozoal Agents (Anti-infectives),Fourrts Pvt (india)
 Rifisal,Rifampicin/isoniazid, tabs, 300/150mg,100,Antitubercular Agents (Anti-infectives),Universal Cooporation
 Rifisal,Rifampicin/isoniazid, tabs, 150/100mg,100,Antitubercular Agents (Anti-infectives),Universal Cooporation
 Restopon,Ranitidine, tabs, 150mg,20,H-2 Receptor Antagonists (Gastrointestinal drugs),Medivet Pdts Ltd
 Remac,Clarithromycin, tabs, 250mg,14,Antibacterials: Macrolides (Anti-infectives),Square Pharmaceuticals
 Quadran,Tinidazole, tabs, 500mg,4,Antiprozoal Agents (Anti-infectives),Sai Pharma
 Piogluc,Pioglitazole, tabs, 30mg,28,Antidiabetics: Other (Endocrine system drugs),Cosmos Ltd
 Piogluc,Pioglitazole, tabs, 15mg,28,Antidiabetics: Other (Endocrine system drugs),Cosmos Ltd
 Painotab,Paracetamol/caffeine, tabs, 650/30mg,100,Nsaids (Musculoskeletal agents),Cosmos Ltd
 Oxitan,Oxaliplatin, inj, 100mg,1,Anticancer/immunosuppressants: Other (Oncology & immunosuppression drugs),Dabur Pharma
 Oxitan,Oxaliplatin, inj, 50mg,1,Anticancer/immunosuppressants: Other (Oncology & immunosuppression drugs),Dabur Pharma
 Omfil,Omeprazole, caps, 20mg,30,Proton Pump Inhibitors (Gastrointestinal drugs),Fourrts Pvt (india)
 Nitrocure,Glyceryl Trinitrate, inj, 25mg/5ml,1,Vasodilators (Cardiovascular drugs),Panacea Biotica
 Neviriv,Nevirapine, tabs, 200mg,60,Antiretrovirals (Anti-infectives),Cosme Pharma
 Milcef,Cefuroxime, tabs, 500mg,10,Antibacterials: Cephalosporins (Anti-infectives),Comed Chemicals
 Micef,Cefuroxime, tabs, 250mg,10,Antibacterials: Cephalosporins (Anti-infectives),Comed Chemicals
 Metris,Metronidazole, inj, 0.5% 100ml,1,Antiprozoal Agents (Anti-infectives),Claris Lifesc
 Malasinin,Dihydroartemisinin, tabs, 60mg,8,Antimalarials (Anti-infectives),Dawa Pharmaceuticals
 Whitfields,Benzoic Acid/salicylic Acid, oint, 20g,1,Dermatological Agents (Dermatological agents),Biodeal Labds Ltd
 Sulphur,Sulphur, oint, 20g,1,Dermatological Agents (Dermatological agents),Biodeal Labds Ltd
 Silvadine,Silver Sulphadiazine, cream, 250g,1,Antibacterials: Others (Anti-infectives),Biodeal Labds Ltd
 Silvadine,Silver Sulphadiazine, cream, 100g,1,Antibacterials: Others (Anti-infectives),Biodeal Labds Ltd
 Silvadine,Silver Sulphadiazine, cream, 1% 20g,1,Antibacterials: Others (Anti-infectives),Biodeal Labds Ltd
 Biotet,Tetracycline, oint, 15g,1,Antibacterials: Tetracyclines (Anti-infectives),Biodeal Labds Ltd
 Bentosal,Betamethasone/salicylic Acid, oint, 15g,1,Dermatological Agents (Dermatological agents),Biodeal Labds Ltd
 Bentogen,Betamethasone/gentamicin, cream, 15g,1,Dermatological Agents (Dermatological agents),Biodeal Labds Ltd
 Bentogen,Betamethasone/gentamicin, oint, 15g,1,Dermatological Agents (Dermatological agents),Biodeal Labds Ltd
 Vermisan,Mebendazole, tabs, 100mg,1000,Anthelmintics (Anti-infectives),Biodeal Labds Ltd
 Roxicam,Piroxicam, caps, 20mg,100,Nsaids (Musculoskeletal agents),Biodeal Labds Ltd
 Promethazine,Promethazine, tabs, 25mg,1000,Antihistamines (Respiratory system drugs),Biodeal Labds Ltd
 Prednisolone,Prednisolone, tabs, 5mg,1000,Corticosteroids (Endocrine system drugs),Biodeal Labds Ltd
 Periclor,Chlorpheniramine, tabs, 4mg,1000,Antihistamines (Respiratory system drugs),Biodeal Labds Ltd
 Levaworm,Levamisole, tabs, 40mg,1000,Anthelmintics (Anti-infectives),Biodeal Labds Ltd
 Enervit,Vitamin/mineral Preparation, tabs, -,1000,Vitamins/minerals (Nutrition and blood agents),Biodeal Labds Ltd
 Coldamol,Cold/flu Remedy, caps, -,12,Cold Remedies (Respiratory system drugs),Biodeal Labds Ltd
 Carbamazepine,Carbamazepine, tabs, 200mg,1000,Antiepileptics (CNS agents),Biodeal Labds Ltd
 Biozepam,Diazepam, tabs, 5mg,1000,Anxiolytics/sedatives/hypnotics/neuroleptics (CNS agents),Biodeal Labds Ltd
 Biotet,Tetracycline, caps, 250mg,1000,Antibacterials: Tetracyclines (Anti-infectives),Biodeal Labds Ltd
 Biodox,Doxycycline, caps, 100mg,100,Antibacterials: Tetracyclines (Anti-infectives),Biodeal Labds Ltd
 Quinidil,Quinine, drops, 200mg/ml 15ml,1,Antimalarials (Anti-infectives),Biodeal Labds Ltd
 Periclor,Chlorpheniramine, syp, 100ml,1,Antihistamines (Respiratory system drugs),Biodeal Labds Ltd
 Orasol,Oral Rehydration Salts, satchet, -,1,Antidiarrheorals (Gastrointestinal drugs),Biodeal Labds Ltd
 Nycodeal,Nystatin, drops, 30ml,1,Antifungals (Anti-infectives),Biodeal Labds Ltd
 Magnocid,Antacid, susp, 100ml,1,Antacids (Gastrointestinal drugs),Biodeal Labds Ltd
 Enervit,Vitamin/mineral Preparation, syp, 60ml,1,Vitamins/minerals (Nutrition and blood agents),Biodeal Labds Ltd
 Enervit,Vitamin/mineral Preparation, syp, 100ml,1,Vitamins/minerals (Nutrition and blood agents),Biodeal Labds Ltd
 Bioquin,Chloroquine, syp, 80mg/5ml 60ml,1,Antimalarials (Anti-infectives),Biodeal Labds Ltd
 Lornat,Artemether/lumefantrine, syp, 180/1080mg 60ml,1,Antimalarials (Anti-infectives),Gvc
 Lornat,Artemether/lumefantrine, tabs, 20/120mg,24,Antimalarials (Anti-infectives),Gvc
 Loratin,Loratadine, tabs, 10mg,100,Antihistamines (Respiratory system drugs),Square Pharmaceuticals
 Loletra,Loratadine, tabs, 10mg,10,Antihistamines (Respiratory system drugs),Ranbaxy Labs
 Lamistar,Lamivudine/stavudine, tabs, 150/40mg,60,Antiretrovirals (Anti-infectives),Hetero Drugs Ltd
 Lamistar,Lamivudine/stavudine, tabs, 150/30mg,60,Antiretrovirals (Anti-infectives),Hetero Drugs Ltd
 Ketolac,Ketorolac, eye drops, 0.5% 5ml,1,Nsaids (Musculoskeletal agents),Medisel
 Ipcaquine,Amodiaquine, tabs, 250mg,150,Antimalarials (Anti-infectives),Ipca
 Iotim,Timolol, eye drops, 0.5% 5ml,1,Beta-blockers (Cardiovascular drugs),Fdc Ltd (india)
 Iobet,Betaxolol, eye drops, 0.5% 5ml,1,Beta-blockers (Cardiovascular drugs),Fdc Ltd (india)
 Ikebel,Tobramycin, eye drops, 0.3% 5ml,1,Antibacterials: Aminoglycoside (Anti-infectives),Cooper Pharma
 Hiper,Iron/haematinic Preparation, tabs, -,30,Haematinics/iron Preparations (Nutrition and blood agents),Syner-med Pharma
 Hiper,Iron/haematinic Preparation, syp, 200ml,1,Haematinics/iron Preparations (Nutrition and blood agents),Syner-med Pharma
 Gramofil,Nalidixic Acid, tabs, 50mg,100,Antibacterials: Floroquinolones (Anti-infectives),Fourrts Pvt (india)
 Glucosid,Glipizide, tabs, 5mg,100,Sulphonylureas (Endocrine system drugs),Medley Pharma
 Glibesyn,Glibenclamide, tabs, 5mg,40,Sulphonylureas (Endocrine system drugs),Medochemie
 Glauconex,Latanoprost, eye drops, 0.25% 5ml,1,Prostagladins & Analogues (Misc. drugs),Dr. Thilo
 Fytoside,Etoposide, inj, 100mg/5ml,5,Anticancer/immunosuppressants: Other (Oncology & immunosuppression drugs),Dabur Pharma
 Futop,Fusidic Acid, cream, 2% 5g,1,Antibacterials: Others (Anti-infectives),Cosme Pharma
 Furasep,Nitrofurazone, oint, 0.2% 20g,1,Antiprozoal Agents (Anti-infectives),Beximco Pharma
 Fungidal Hc,Miconazole/hydrocortisone, cream, 10g,1,Antifungals (Anti-infectives),Square Pharmaceuticals
 Fralexin,Cephapirin, drops, 10ml,1,Antibacterials: Cephalosporins (Anti-infectives),Surgilinks Ltd
 Fraclox,Amoxicillin/flucloxacillin, caps, 500mg,100,Antibacterials: Penicillins (Anti-infectives),Flamingo Impex Pvt
 Flurex,Cold/flu Remedy, syp, 60ml,1,Cold Remedies (Respiratory system drugs),Sphinx Pharma
 Flutrox,Fluconazole, caps, 200mg,10,Antifungals (Anti-infectives),Universal Cooporation
 Flutrox,Fluconazole, caps, 50mg,10,Antifungals (Anti-infectives),Universal Cooporation
 Flugal,Fluconazole, susp, 50mg/5ml 35ml,1,Antifungals (Anti-infectives),Square Pharmaceuticals
 Flugal,Fluconazole, caps, 150mg,10,Antifungals (Anti-infectives),Square Pharmaceuticals
 Flugal,Fluconazole, caps, 50mg,30,Antifungals (Anti-infectives),Square Pharmaceuticals
 Flucoric,Fluconazole, caps, 50mg,100,Antifungals (Anti-infectives),Ranbaxy Labs
 Flavospas,Flavoxate, tabs, 20mg,100,Misc. Agents (Misc. drugs),Elder Pharma
 Fivoflu,Fluorouracil, inj, 250mg 10ml,1,Antimetabolite Cytotoxics (Oncology & immunosuppression drugs),Dabur Pharma
 Finast,Finasteride, tabs, 5mg,30,Antiandrogens (Endocrine system drugs),Dr Reddys Labs
 Fcanyl,Econazole, pess, 150mg,3,Antifungals (Anti-infectives),Glaxosmithkline (hsa)
 Fcanyl,Econazole, pess, 50mg,5,Antifungals (Anti-infectives),Glaxosmithkline (hsa)
 Farlutal,Medroxyprogesterone Acetate, tabs, 500mg,30,Progestogens (Endocrine system drugs),Pfizer-pharmacia
 Falzin,Sulfamethoxypyrazine/pyrimethamine, drops, 10ml,1,Antimalarials (Anti-infectives),Sphinx Pharma
 Falcinat,Artesunate, tabs, 100mg,6,Antimalarials (Anti-infectives),Dawa Pharmaceuticals
 Exifine,Terbinafine, tabs, 250mg,8,Antifungals (Anti-infectives),Dr Reddys Labs
 Estiva,Efavirenz, tabs, 600mg,30,Antiretrovirals (Anti-infectives),Hetero Drugs Ltd
 Enbrel,Etanercept, inj, 25mg,1,Immunological Agents (Immunological agents),Wyeth Sa
 Emetra,Ondansetron, inj, 8mg/2ml,1,Antiemetics (Gastrointestinal drugs),Dabur Pharma
 Doxium,Calcium Dobesilate, caps, 500mg,30,Vitamins/minerals (Nutrition and blood agents),Om Pharma
 Domide,Metoclopromide, syp, 5mg/5ml 60ml,1,Antiemetics (Gastrointestinal drugs),Dawa Pharmaceuticals
 Disowax,Wax Solvent, ear drops, 10ml,1,Misc. Agents (Misc. drugs),Ray Pharma
 Dirazole,Diloxanide/metronidazole, tabs, 250/200mg,30,Antiprozoal Agents (Anti-infectives),West-coast Int
 Diabitex,Chlorpropamide, tabs, 250mg,1000,Sulphonylureas (Endocrine system drugs),Teva (israel)
 Dhc,Dihydrocodiene, tabs, 30mg,100,Opiod Analgesics (Musculoskeletal agents),Cosme Pharma
 Dexa-neo,Dexamethasone/neomycin, eye drops, 0.1/0.5% 5ml,1,Eye/ear/nose Preparations (Eye ENT agents),Medisel
 Dexacollre,Dexamethasone, eye drops, 0.1% 5ml,1,Corticosteroids (Endocrine system drugs),Cooper Pharma
 Detoxil,Vitamin/mineral Preparation, tabs, -,30,Vitamins/minerals (Nutrition and blood agents),Vitabiotics
 Dermasol,Clobetasol, cream, 0.05% 10g,1,Dermatological Agents (Dermatological agents),Square Pharmaceuticals
 Depo-pred,Methylprednisolone, inj, 80mg/2ml,1,Corticosteroids (Endocrine system drugs),Nic Pharma
 Deperex,Amitriptyline, tabs, 25mg,1000,Tricyclic Or Related Antidepressants (CNS agents),West-coast Int
 Demson,Dexamethasone, inj, 4mg/ml,1,Corticosteroids (Endocrine system drugs),West-coast Int
 Dapromide,Chlorpropamide, tabs, 250mg,100,Sulphonylureas (Endocrine system drugs),Dawa Pharmaceuticals
 Da-oxone,Ceftriaxone, inj, 1g,1,Antibacterials: Cephalosporins (Anti-infectives),Dawa Pharmaceuticals
 Danemox,Amoxiciillin, caps, 250mg,100,Antibacterials: Penicillins (Anti-infectives),-
 Dafenac,Diclofenac, tabs, 50mg,100,Nsaids (Musculoskeletal agents),Dawa Pharmaceuticals
 Dacinazole,Miconazole, cream, 2% 15g,1,Antifungals (Anti-infectives),Dawa Pharmaceuticals
 Cyclopentolate,Cyclopentolate, eye drops, 1% 5 ml,1,Antimuscarinic Drugs (Gastrointestinal drugs),Aurochea Labs
 Curamol,Paracetamol, syp, 120mg/5ml 60ml,1,Nsaids (Musculoskeletal agents),Dawa Pharmaceuticals
 Cupirox,Piroxicam, caps, 20mg,100,Nsaids (Musculoskeletal agents),Medisel
 Cuf-bit,Herbal Remedy, -, 4g,1,Misc. Agents (Misc. drugs),West-coast Int
 Crotorax Hc,Crotamiton/hydrocortisone, cream, 10g,1,Dermatological Agents (Dermatological agents),Sarabhai (india)
 Crotorax,Crotamiton, cream, 10% 30g,1,Dermatological Agents (Dermatological agents),Sarabhai (india)
 Cromoglycate,Sodium Cromoglycate, eye drops, 4% 10ml,1,Prophylactic Anti-allergens (Respiratory system drugs),Aurochea Labs
 Cosvidone,Povidone-iodine, mouthwash, 250ml,1,Disinfectants/antiseptics (Misc. drugs),Cosmos Ltd
 Cosmol Sed,Paracetamol/promethazine, syp, 120/1.5mg/5ml 60ml,1,Cold Remedies (Respiratory system drugs),Cosmos Ltd
 Copercilex,Ampicillin, eye drops, 1.5% 15ml,1,Antibacterials: Penicillins (Anti-infectives),Cooper Pharma
 Conazol,Ketoconazole, tabs, 200mg,30,Antifungals (Anti-infectives),Elys Chemical
 Amowin,Amodiaquine, tabs, 200mg,100,Antimalarials (Anti-infectives),Medisense
 Altuss,Cough Syrup, syp, 100ml,1,Antitussives (Respiratory system drugs),Allied Pharma
 Alphaquine,Amodiaquine, syp, 50mg/5ml 60ml,1,Antimalarials (Anti-infectives),Dawa Pharmaceuticals
 Alphaquine,Amodiaquine, tabs, 200mg,75,Antimalarials (Anti-infectives),Dawa Pharmaceuticals
 Almex,Albendazole, tabs, 400mg,1,Anthelmintics (Anti-infectives),Square Pharmaceuticals
 Alguard,Chlorhexidine/cetrimide, liquid, 0.3/3% 5lt,1,Disinfectants/antiseptics (Misc. drugs),Sphinx Pharma
 Alfamic,Mefenamic Acid, caps, 250mg,10,Nsaids (Musculoskeletal agents),Allied Pharma
 Albupan,Albumin, inj, 20% 100ml,1,Blood/plasma Products (Nutrition and blood agents),Panacea Biotica
 Albaxate,Albendazole, syp, 400mg/10ml,1,Anthelmintics (Anti-infectives),Sphinx Pharma
 Alatrol,Cetirizine, tabs, 10mg,100,Antihistamines (Respiratory system drugs),Square Pharmaceuticals
 Tribess Forte,Vitamin B1/b6/b12, tabs, -,20,Vitamins/minerals (Nutrition and blood agents),Cosmos Ltd
 Tazact,Piperacillin/tacobactam, inj, 4.5g 30ml,1,Antibacterials: Penicillins (Anti-infectives),Cipla Ltd
 Sulidin,Nimesulide, gel, 1% 50g,1,Nsaids (Musculoskeletal agents),Mega
 Pholtex,Cough Syrup, syp, 100ml,1,Antitussives (Respiratory system drugs),Inova Pharma (3m)
 Neo Penotran Forte,Metronidazole/miconazole, pess, 750/200mg,7,Dermatological Agents (Dermatological agents),Embil Pharma
 Nadoxin,Nadifloxacin, cream, 1% 10g,1,Antibacterials: Floroquinolones (Anti-infectives),Wockhardt Ltd
 Megapime,Cefepime, inj, 1g,1,Antibacterials: Cephalosporins (Anti-infectives),Alkem Labs
 Jenty,Glucosamine/chondrointin, satchet, 8g,10,Vitamins/minerals (Nutrition and blood agents),Alkem Labs
 Lumarten,Artemether/lumefantrine, syp, 180/1080mg 60ml,1,Antimalarials (Anti-infectives),Nic Pharma
 Maxime,Cefepime, inj, 2g,1,Antibacterials: Cephalosporins (Anti-infectives),Cipla Ltd
 Icinum,Artemether, inj, 80mg,6,Antimalarials (Anti-infectives),Cipla Ltd
 Icinum,Artemether, inj, 40mg,6,Antimalarials (Anti-infectives),Cipla Ltd
 Ezetim,Ezetimibe, tabs, 10mg,10,Statins (Cardiovascular drugs),Aurochem
 Dicynone,Etamsylate, inj, 250mg,4,Haemostatics/antifibrinlytics (Nutrition and blood agents),Om Pharma
 Dicynone,Etamsylate, tabs, 500mg,20,Haemostatics/antifibrinlytics (Nutrition and blood agents),Om Pharma
 Corpril,Ramipril, tabs, 10mg,30,Ace Inhibitors (Cardiovascular drugs),Ranbaxy Labs
 Corpril,Ramipril, tabs, 5mg,30,Ace Inhibitors (Cardiovascular drugs),Ranbaxy Labs
 Copazine,Cetirizine, syp, 5mg/5ml 60ml,1,Antihistamines (Respiratory system drugs),Cosmos Ltd
 Copazine,Cetirizine, tabs, 10mg,28,Antihistamines (Respiratory system drugs),Cosmos Ltd
 Cefact,Cefuroxime, tabs, 500mg,10,Antibacterials: Cephalosporins (Anti-infectives),Cipla Ltd
 Bacquire,Imipenem/cilastin, inj, 500mg,1,Antibacterials: Others (Anti-infectives),Ranbaxy Labs
 Zulcer,Antacid, susp, 200ml,1,Antacids (Gastrointestinal drugs),Gufic (india)
 Zidocos,Zidovudine, tabs, 300mg,60,Antiretrovirals (Anti-infectives),Cosmos Ltd
 Wobenzym-n,Anti-inflammatory Enzymes, tabs, -,40,Misc. Agents (Misc. drugs),Pacific Pharma
 Winofit,Vitamin/mineral Preparation, caps, -,10,Vitamins/minerals (Nutrition and blood agents),Wockhardt Ltd
 Vigomax Forte,Herbal Remedy, tabs, -,20,Misc. Agents (Misc. drugs),Charak
 Vi-daylin,Vitamin/mineral Preparation, drops, 25ml,1,Vitamins/minerals (Nutrition and blood agents),Adcork Ingram
 Vi-daylin,Vitamin/mineral Preparation, syp, 150ml,1,Vitamins/minerals (Nutrition and blood agents),Adcork Ingram
 Utilief,Trimethoprim, syp, 50mg/5ml 100ml,1,Antibacterials: Others (Anti-infectives),Orbis Pharma
 Udinar,Sulfadoxine/pyrimethamine, tabs, 50/25mg,500,Antimalarials (Anti-infectives),Phar. Man. Co. (pmc)
 Tx-mf,Tranexamic Acid/mefenamic Acid, tabs, 500/250mg,30,Haemostatics/antifibrinlytics (Nutrition and blood agents),Ochoa Las (india)
 Tx,Tranexamic Acid, inj, 500mg,5,Haemostatics/antifibrinlytics (Nutrition and blood agents),Ochoa Las (india)
 Tacrovate,Tacrolimus, oint, 0.03% 10g,1,Anticancer/immunosuppressants: Other (Oncology & immunosuppression drugs),Ochoa Las (india)
 Tacrovate Forte,Tacrolimus, oint, 1% 10g,1,Anticancer/immunosuppressants: Other (Oncology & immunosuppression drugs),Ochoa Las (india)
 Syn-mal,Artemether, inj, 80mg,6,Antimalarials (Anti-infectives),Syner-med Pharma
 Supramox,Amoxicillin/flucloxacillin, caps, 500mg,30,Antibacterials: Penicillins (Anti-infectives),Biodeal Labds Ltd
 Supramox,Amoxicillin/flucloxacillin, syp, 250mg/5ml 100ml,1,Antibacterials: Penicillins (Anti-infectives),Biodeal Labds Ltd
 Sucentis,Meloxicam, tabs, 7.5mg,10,Nsaids (Musculoskeletal agents),Cipla Ltd
 Stamlo,Amlodipine, tabs, 5mg,20,Calcium Channel Blokers (Cardiovascular drugs),Dr Reddys Labs
 Solvin,Bromhexine, syp, 4mg/5ml 60ml,1,Mucolytics/expectorants (Respiratory system drugs),Ipca
 Solvin,Bromhexine, tabs, 8mg,100,Mucolytics/expectorants (Respiratory system drugs),Ipca
 Solvin,Bromhexine, syp, 4mg/5ml 120ml,1,Mucolytics/expectorants (Respiratory system drugs),Ipca
 Sigmazine,Trifluperazine, tabs, 5mg,100,Antipsychotics (CNS agents),Sigma Pharma
 Sigmazine,Trifluperazine, tabs, 10mg,100,Antipsychotics (CNS agents),Sigma Pharma
 Rubipan,Liniment/balm, oint, 20g,1,Dermatological Agents (Dermatological agents),Biodeal Labds Ltd
 Rozavel,Rosuvastatin, tabs, 10mg,30,Statins (Cardiovascular drugs),Sun Pharma
 Rouvax,Measles Vaccine, inj, 1 dose,1,Immunological Agents (Immunological agents),Pasteur Merieux
 Rabemac,Rabeprazole Sodium, tabs, 20mg,30,Proton Pump Inhibitors (Gastrointestinal drugs),Macleods Pharma
 Rabeloc,Rabeprazole Sodium, tabs, 20mg,10,Proton Pump Inhibitors (Gastrointestinal drugs),Cadila Pharma
 Purecal,Vitamin/mineral Preparation, tabs, -,30,Vitamins/minerals (Nutrition and blood agents),Prisma Pharma
 Proxacin,Ciprofloxacin, tabs, 750mg,10,Antibacterials: Floroquinolones (Anti-infectives),Medreich Sterilab
 Prostigmin,Neostigmine, inj, -,10,Anticholinesterases (Misc. drugs),Dispopharm
 Pharmazole,Fluconazole, caps, 150mg,10,Antifungals (Anti-infectives),Pharmaniaga
 Pharmabay,Ciprofloxacin, tabs, 500mg,100,Antibacterials: Floroquinolones (Anti-infectives),Pharmaniaga
 Perglim,Glimepiride, tabs, 2mg,30,Sulphonylureas (Endocrine system drugs),Mega
 Perglim,Glimepiride, tabs, 1mg,30,Sulphonylureas (Endocrine system drugs),Mega
 Panfor Sr,Metformin, tabs, 500mg,100,Antidiabetics:biguanides (Endocrine system drugs),Mega
 Pam,Pralidoxime, inj, 20ml,5,Chelating Agents/antidotes (Misc. drugs),-
 Paeditron,Herbal Remedy, drops, 60ml,1,Misc. Agents (Misc. drugs),Charak
 Oxyal,Artificial Tears, eye drops, 10ml,1,Eye/ear/nose Preparations (Eye ENT agents),Tubilux
 Oxsoralen,Methoxsalen, caps, 10mg,50,Dermatological Agents (Dermatological agents),Mac Naughton Ltd
 Od-met,Metoclopromide, tabs, 10mg,30,Antiemetics (Gastrointestinal drugs),S. J. & G Fazul
 Ocuflur,Flurbiprofen, eye drops, 5% 5ml,1,Nsaids (Musculoskeletal agents),Fdc Ltd (india)
 Nusar-h,Losartan/hydrochlorthiazide, tabs, 50/12.5mg,30,Angiotensin Ii Rec. Antagonists (Cardiovascular drugs),Emcure Pharmaceuticals
 Nusar,Losartan, tabs, 50mg,30,Angiotensin Ii Rec. Antagonists (Cardiovascular drugs),Emcure Pharmaceuticals
 Noctamid,Lormetazepam, tabs, 0.5mg,20,Anxiolytics/sedatives/hypnotics/neuroleptics (CNS agents),Bayer Schering Pharma.
 Nilgar,Pioglitazole, tabs, 15mg,30,Antidiabetics: Other (Endocrine system drugs),Mega
 Mucorivo,Bromhexine, syp, 4mg/5ml 100ml,1,Mucolytics/expectorants (Respiratory system drugs),Goodman Agencies
 Mgr-10,Flunarizine, tabs, 10mg,30,Calcium Channel Blokers (Cardiovascular drugs),Inga Lab
 Metron Df,Diloxanide/metronidazole, tabs, 250/200mg,30,Antiprozoal Agents (Anti-infectives),Medisel
 Metrifonate,Metrifonate, tabs, 100mg,100,Anthelmintics (Anti-infectives),Cosmos Ltd
 Metenix,Metolazone, tabs, 5mg,1,Thiazide And Related Diuretics (Cardiovascular drugs),-
 Metcon,Glibenclamide/metformin, tabs, 2.5/500mg,30,Sulphonylureas (Endocrine system drugs),Efroze Chemical
 Meno-pro,Vitamin/mineral Preparation, powder, 200g,1,Vitamins/minerals (Nutrition and blood agents),British Biologicals
 Mediflu,Cold/flu Remedy, syp, 60ml,1,Cold Remedies (Respiratory system drugs),Medivet Pdts Ltd
 Lotin,Loratadine, tabs, 10mg,20,Antihistamines (Respiratory system drugs),Medreich Sterilab
 Levothyroxine,Levothyroxine, tabs, 100mcg,28,Thyroid Hormones (Endocrine system drugs),Metro Pharma
 Levolin,Levosalbutamol, inhaler, 50mcg/dose 200d,1,Selective Beta-2 Agonists (Respiratory system drugs),Cipla Ltd
 Trozet,Letrozole, tabs, 25mg,28,Anticancer/immunosuppressants: Other (Oncology & immunosuppression drugs),Dabur Pharma
 Kior,Ketoconazole, tabs, 200mg,10,Antifungals (Anti-infectives),Metro Pharma
 Ketalar,Ketamine, inj, 50mg/ml 10ml,1,General Anaesthetics (CNS agents),Pfizer Global Pharma
 Ketalar,Ketamine, inj, 100mg/ml 5ml,1,General Anaesthetics (CNS agents),Pfizer Global Pharma
 Kalms,Herbal Remedy, caps, -,100,Misc. Agents (Misc. drugs),Metro Pharma
 Hyponidd,Herbal Remedy, tabs, -,20,Misc. Agents (Misc. drugs),Charak
 Haleezy,Herbal Remedy, tabs, -,20,Misc. Agents (Misc. drugs),Charak
 Haleezy,Herbal Remedy, syp, 200ml,1,Misc. Agents (Misc. drugs),Charak
 Glotac,Ranitidine, tabs, 150mg,20,H-2 Receptor Antagonists (Gastrointestinal drugs),Global Healthcare
 Glenseng,Vitamin/mineral Preparation, caps, -,30,Vitamins/minerals (Nutrition and blood agents),Glenmark Pharma
 Fucidin H,Fusidic Acid/hydrocortisone, cream, 2/1% 15g,1,Dermatological Agents (Dermatological agents),Leo Pharma
 Fluxate,Amoxicillin/flucloxacillin, syp, 250mg/5ml 100ml,1,Antibacterials: Penicillins (Anti-infectives),Sphinx Pharma
 Fluditec Adult,Carbocisteine, syp, 125ml,1,Mucolytics/expectorants (Respiratory system drugs),Innotech
 Fluditec Infant,Carbocisteine, syp, 0.25mg/5ml 125ml,1,Mucolytics/expectorants (Respiratory system drugs),Innotech
 Flucamox,Amoxicillin/flucloxacillin, caps, 500mg,8,Antibacterials: Penicillins (Anti-infectives),Sedico Pharma
 Fer-sol,Iron/haematinic Preparation, drops, 15ml,1,Haematinics/iron Preparations (Nutrition and blood agents),Eipico (egypt)
 Favirab,Anti-rabies Serum, inj, 1000iu 5ml,1,Immunological Agents (Immunological agents),Pasteur Merieux
 Falcinum,Artemether, inj, 80mg,6,Antimalarials (Anti-infectives),Cipla Ltd
 Falcinum,Artemether, inj, 40mg,6,Antimalarials (Anti-infectives),Cipla Ltd
 Falcimon Child,Artesunate/amodiaquine, tabs, -,6,Antimalarials (Anti-infectives),Cipla Ltd
 Falcimon Adolescent,Artesunate/amodiaquine, tabs, -,12,Antimalarials (Anti-infectives),Cipla Ltd
 Falcimon Adult,Artesunate/amodiaquine, tabs, 100/270mg,6,Antimalarials (Anti-infectives),Cipla Ltd
 Evinopon,Diclofenac, inj, 75mg,5,Nsaids (Musculoskeletal agents),Sa Pharmaceuticals
 Eugynin,Herbal Remedy, syp, 200ml,1,Misc. Agents (Misc. drugs),Gufic (india)
 Erotisan,Vitamin/mineral Preparation, caps, -,30,Vitamins/minerals (Nutrition and blood agents),-
 Enzoflam,Diclofenac/paracetamol/serratipeptidase, tabs, 50/500/10mg,10,Nsaids (Musculoskeletal agents),Alkem Labs
 Dermoluconil,(n/a), tabs, -,100,Misc. Agents (Misc. drugs),Emil Pharma
 Derihaler,Salbutamol, inhaler, 200doses,1,Selective Beta-2 Agonists (Respiratory system drugs),"Zydus Cadila H/care, India"
 Daboral,Paromomycin, syp, 125mg/5ml 60ml,1,Antiprozoal Agents (Anti-infectives),Cosmos Ltd
 Daboral,Paromomycin, tabs, 250mg,20,Antiprozoal Agents (Anti-infectives),Cosmos Ltd
 Cytoplatin,Cisplatin, inj, 50mg/50ml,1,Anticancer/immunosuppressants: Other (Oncology & immunosuppression drugs),Cipla Ltd
 Cytoplatin,Cisplatin, inj, 10ml,1,Anticancer/immunosuppressants: Other (Oncology & immunosuppression drugs),Cipla Ltd
 Cytocristin,Vincristine, inj, 1mg,1,Anticancer/immunosuppressants: Other (Oncology & immunosuppression drugs),Cipla Ltd
 Cymbalta,Duloxetine, caps, 60mg,28,Ssris (CNS agents),Eli Lilly & Co
 Cusi-gentadexa,Dexamethasone/gentamycin, eye drops, 10ml,1,Dermatological Agents (Dermatological agents),Cusi Alcon (spain)
 Cordipin Retrad,Nifedipine, tabs, 20mg,30,Calcium Channel Blokers (Cardiovascular drugs),Dawa Pharmaceuticals
 Conax,Ketoconazole, shampoo, 20mg/ml 100ml,1,Antifungals (Anti-infectives),Atco Labs
 Cold Act,Cold/flu Remedy, syp, 100ml,1,Cold Remedies (Respiratory system drugs),Universal Cooporation
 Co-falcinum,Artemether/lumefantrine, tabs, 20/120mg (24's),1,Antimalarials (Anti-infectives),Cipla Ltd
 Clindacin,Clindamycin, caps, 300mg,100,Antibacterials: Lincosamides (Anti-infectives),Flamingo Impex Pvt
 Clavomid,Amoxicillin/clavulanate, tabs, 625mg,20,Antibacterials: Penicillins (Anti-infectives),Remedica Ltd
 Clavomid,Amoxicillin/clavulanate, tabs, 375mg,20,Antibacterials: Penicillins (Anti-infectives),Remedica Ltd
 Cipclav,Amoxicillin/clavulanate, tabs, 625mg,14,Antibacterials: Penicillins (Anti-infectives),Cipla Ltd
 Chymotrip,Anti-inflammatory Enzymes, tabs, -,30,Misc. Agents (Misc. drugs),Sami Pharma
 Cefuxime,Cefuroxime, tabs, 125mg,10,Antibacterials: Cephalosporins (Anti-infectives),Aurobindo Pharma
 Cefuxime,Cefuroxime, tabs, 500mg,10,Antibacterials: Cephalosporins (Anti-infectives),Aurobindo Pharma
 Cefuxime,Cefuroxime, tabs, 250mg,10,Antibacterials: Cephalosporins (Anti-infectives),Aurobindo Pharma
 Cardiat,Nifedipine/atenolol, tabs, 20/50mg,30,Calcium Channel Blokers (Cardiovascular drugs),Nabros Pharma Products
 Cafekit Combi,Vitamin/mineral Preparation, tabs, -,60,Vitamins/minerals (Nutrition and blood agents),Aristo Pharma
 Biosepton,Trimethorpim/sulphamethoxazole, tabs, 480mg,1000,Antibacterials: Co-trimoxazoles (Anti-infectives),Biodeal Labds Ltd
 Barole,Rabeprazole Sodium, tabs, 20mg,30,Proton Pump Inhibitors (Gastrointestinal drugs),Mega
 Axacef,Cefuroxime, tabs, 500mg,10,Antibacterials: Cephalosporins (Anti-infectives),Medreich Sterilab
 Axacef,Cefuroxime, tabs, 250mg,14,Antibacterials: Cephalosporins (Anti-infectives),Medreich Sterilab
 Atrican,Tenonitrozole, tabs, 250mg,8,Antiprozoal Agents (Anti-infectives),Innotech
 Atrest,Alprazolam, tabs, 0.5mg,30,Anxiolytics/sedatives/hypnotics/neuroleptics (CNS agents),Centaur Pharma
 Atrest,Alprazolam, tabs, 0.25mg,30,Anxiolytics/sedatives/hypnotics/neuroleptics (CNS agents),Centaur Pharma
 Arteximor,Dihydroartemisinin, syp, 160mg/80ml,1,Antimalarials (Anti-infectives),Sphinx Pharma
 Arteflo,Artesunate/mefloquine, tabs, 200/250mg,6,Antimalarials (Anti-infectives),Cipla Ltd
 Aristozyme,Digestive Enzymes, tabs, -,30,Misc. Agents (Misc. drugs),Aristo Pharma
 Aristozyme,Digestive Enzymes, syp, 200ml,1,Misc. Agents (Misc. drugs),Aristo Pharma
 Allermed,Mepyramine, cream, 15g,1,Antihistamines (Respiratory system drugs),Medivet Pdts Ltd
 Vinblastine,Vinblastine, inj, 10mg,1,Anticancer/immunosuppressants: Other (Oncology & immunosuppression drugs),Modern Pharma
 Unilyte,Oral Rehydration Salts, satchet, 13.95g,1,Antidiarrheorals (Gastrointestinal drugs),Universal Cooporation
 Ulgicid,Antacid, susp, 200ml,1,Antacids (Gastrointestinal drugs),Prisma Pharma
 Tussefar,Ambroxol, syp, 30mg/5ml 125ml,1,Mucolytics/expectorants (Respiratory system drugs),Faran Labs
 Travisil,Herbal Remedy, lozenges, -,12,Misc. Agents (Misc. drugs),Plethico Pharma
 Topquin,Quinine, tabs, 300mg,500,Antimalarials (Anti-infectives),Dawa Pharmaceuticals
 Terfed,Terfenadine, susp, 50ml,1,Antihistamines (Respiratory system drugs),Cipla Ltd
 Tacroz,Tacrolimus, oint, 10g,1,Anticancer/immunosuppressants: Other (Oncology & immunosuppression drugs),Glenmark Pharma
 Sustecof Plus,Cough Syrup, syp, 100ml,1,Antitussives (Respiratory system drugs),Step Pharmaceuticals
 Sustecof Paed,Cough Expectorant, syp, 100ml,1,Mucolytics/expectorants (Respiratory system drugs),Step Pharmaceuticals
 Sustecof Exp,Cough Expectorant, syp, 100ml,1,Mucolytics/expectorants (Respiratory system drugs),Step Pharmaceuticals
 Sustecof Dry,Cough Syrup, syp, 100ml,1,Antitussives (Respiratory system drugs),Step Pharmaceuticals
 Sulid,Cetirizine, tabs, 10mg,10,Antihistamines (Respiratory system drugs),Benmed Pharmaceuticals
 Stamiforte,Herbal Remedy, caps, -,30,Misc. Agents (Misc. drugs),Shriji Chemits Ltd.
 Sporidex,Cephalexin, syp, 250mg/5ml 60ml,1,Antibacterials: Cephalosporins (Anti-infectives),Ranbaxy Labs
 Sporidex,Cephalexin, syp, 125mg/5ml 100ml,1,Antibacterials: Cephalosporins (Anti-infectives),Ranbaxy Labs
 Spectinomycin,Spectinomycin, inj, 2g,1,Antibacterials: Others (Anti-infectives),Harleys Ltd
 Sen Forte,Secnidazole, tabs, 1g,2,Antiprozoal Agents (Anti-infectives),Metro Pharma
 Secnid,Secnidazole, susp, 10ml,1,Antiprozoal Agents (Anti-infectives),Square Pharmaceuticals
 Sarf,Ciprofloxacin, tabs, 750mg,10,Antibacterials: Floroquinolones (Anti-infectives),Julphar Gulf Pharma
 Sarf,Ciprofloxacin, tabs, 250mg,10,Antibacterials: Floroquinolones (Anti-infectives),Julphar Gulf Pharma
 Ventosal,Salbutamol, tabs, 4mg,1000,Selective Beta-2 Agonists (Respiratory system drugs),Elys Chemical
 Ventil,Salbutamol, tabs, 4mg,1000,Selective Beta-2 Agonists (Respiratory system drugs),Biodeal Labds Ltd
 Ventil,Salbutamol, syp, 100ml,1,Selective Beta-2 Agonists (Respiratory system drugs),Biodeal Labds Ltd
 Ross,Ceftriaxone, inj, 500mg,1,Antibacterials: Cephalosporins (Anti-infectives),Aim International Pharm
 Ripra,Rabeprazole Sodium, tabs, 20mg,50,Proton Pump Inhibitors (Gastrointestinal drugs),Ochoa Las (india)
 Resunate,Artesunate, tabs, 50mg,12,Antimalarials (Anti-infectives),Regal Pharma
 Rapiclav,Amoxicillin/clavulanate, tabs, 625mg,10,Antibacterials: Penicillins (Anti-infectives),Ipca
 Rapiclav,Amoxicillin/clavulanate, tabs, 375mg,21,Antibacterials: Penicillins (Anti-infectives),Ipca
 Propovan,Propofol, liquid, 1% 20ml,1,General Anaesthetics (CNS agents),Universal Cooporation
 Moeze,Proguanil, tabs, 100mg,100,Antimalarials (Anti-infectives),Unicure Remedies
 Prednefil,Prednisolone, tabs, 5mg,1000,Corticosteroids (Endocrine system drugs),Sai Pharma
 Piozer,Pioglitazole, tabs, 45mg,30,Antidiabetics: Other (Endocrine system drugs),Hilton Pharma
 Pharmazithro,Azithromycin, tabs, 500mg,3,Antibacterials: Macrolides (Anti-infectives),Aim International Pharm
 Petamen,Vitamin/mineral Preparation, tabs, -,1,Vitamins/minerals (Nutrition and blood agents),-
 Otisec,Secnidazole, tabs, 1g,2,Antiprozoal Agents (Anti-infectives),Oceanic Helathcare
 Orodar,Sulfadoxine/pyrimethamine, tabs, 500/25mg,90,Antimalarials (Anti-infectives),Elys Chemical
 Orofer,Iron/haematinic Preparation, syp, 150ml,1,Haematinics/iron Preparations (Nutrition and blood agents),Emcure Pharmaceuticals
 One A Day Men,Vitamin/mineral Preparation, caps, -,30,Vitamins/minerals (Nutrition and blood agents),Mepha
 Zocid,Omeprazole, caps, 20mg,100,Proton Pump Inhibitors (Gastrointestinal drugs),Zest Pharma
 Ulzol,Omeprazole, caps, 20mg,20,Proton Pump Inhibitors (Gastrointestinal drugs),Dabur Pharma
 Nelstat,Nystatin, drops, 30ml,1,Antifungals (Anti-infectives),Universal Cooporation
 Nilide,Nimesulide, tabs, 100mg,100,Nsaids (Musculoskeletal agents),Cadila Pharma
 Mupicin,Mupirocin, gel, 15g,1,Antibacterials: Others (Anti-infectives),Coral India (dwd)
 Miconal Vag. Lavage,Miconazole, -, 2%,1,Antifungals (Anti-infectives),Ecobi Pharma
 Nelzole,Metronidazole, tabs, 200mg,1000,Antiprozoal Agents (Anti-infectives),Universal Cooporation
 Eflaron,Metronidazole, tabs, 400mg,500,Antiprozoal Agents (Anti-infectives),Dawa Pharmaceuticals
 Eflaron,Metronidazole, susp, 60ml,1,Antiprozoal Agents (Anti-infectives),Dawa Pharmaceuticals
 Methomine S,Sulfadoxine/pyrimethamine, tabs, 500/25mg,30,Antimalarials (Anti-infectives),Medicorp
 Flomet,Metformin, tabs, 500mg,100,Antidiabetics:biguanides (Endocrine system drugs),Flamingo Impex Pvt
 Noworm,Mebendazole, tabs, 100mg,1000,Anthelmintics (Anti-infectives),Phar. Man. Co. (pmc)
 Mara Moja,Apc, tabs, 200/400/50mg,100,Nsaids (Musculoskeletal agents),Beta Healthcare
 Lucon,Fluconazole, caps, 200mg,7,Antifungals (Anti-infectives),Medreich Sterilab
 Lucon,Fluconazole, caps, 150mg,1,Antifungals (Anti-infectives),Medreich Sterilab
 Lescid,Antacid, susp, 100ml,1,Antacids (Gastrointestinal drugs),Sphinx Pharma
 Kofol,Throat Lozenges, lozenges, -,12,Throat Lozenges (Eye ENT agents),Charak
 Koact,Amoxicillin/clavulanate, tabs, 625mg,15,Antibacterials: Penicillins (Anti-infectives),-
 Koact,Amoxicillin/clavulanate, tabs, 1g,15,Antibacterials: Penicillins (Anti-infectives),-
 Klamoks,Amoxicillin/clavulanate, tabs, 625mg,15,Antibacterials: Penicillins (Anti-infectives),Dafra Pharma
 Klamoks,Amoxicillin/clavulanate, syp, 457mg/5ml 70ml,1,Antibacterials: Penicillins (Anti-infectives),Dafra Pharma
 Klamoks,Amoxicillin/clavulanate, syp, 228mg/5ml 70ml,1,Antibacterials: Penicillins (Anti-infectives),Dafra Pharma
 Ketomac,Ketoconazole, tabs, 200mg,30,Antifungals (Anti-infectives),Macleods Pharma
 Iodosept,Povidone-iodine, mouth wash, 120ml,1,Disinfectants/antiseptics (Misc. drugs),Pharco Pharmaceuticals
 Intacof,Cough Expectorant, syp, 60ml,1,Mucolytics/expectorants (Respiratory system drugs),Regal Pharma
 Indclav,Amoxicillin/clavulanate, tabs, 625mg,20,Antibacterials: Penicillins (Anti-infectives),Indchemie Health Specialities
 Indclav,Amoxicillin/clavulanate, syp, 228mg/5ml 100ml,1,Antibacterials: Penicillins (Anti-infectives),Indchemie Health Specialities
 Indclav,Amoxicillin/clavulanate, syp, 156mg/5ml 100ml,1,Antibacterials: Penicillins (Anti-infectives),Indchemie Health Specialities
 Unafen,Ibuprofen, tabs, 200mg,1000,Nsaids (Musculoskeletal agents),-
 Rumifen,Ibuprofen, susp, 60ml,1,Nsaids (Musculoskeletal agents),Aurochem
 Daprofen,Ibuprofen, susp, 60ml,1,Nsaids (Musculoskeletal agents),Dawa Pharmaceuticals
 Unicine,Hyoscine Butylbromide, tabs, 10mg,1000,Antimuscarinic Drugs (Gastrointestinal drugs),-
 Spasmintas,Hyoscine Butylbromide, tabs, 10mg,1000,Antimuscarinic Drugs (Gastrointestinal drugs),Intas Exports
 Hyoscinum,Hyoscine Butylbromide, tabs, 10mg,1000,Antimuscarinic Drugs (Gastrointestinal drugs),Lifepharma Sri
 Duxscopam,Hyoscine Butylbromide, tabs, 10mg,1000,Antimuscarinic Drugs (Gastrointestinal drugs),Universal Cooporation
 Hycin,Hyoscine Butylbromide, syp, 60ml,1,Antimuscarinic Drugs (Gastrointestinal drugs),Dawa Pharmaceuticals
 Granid,Ornidazole, susp, 30ml,1,Antiprozoal Agents (Anti-infectives),Nic Pharma
 Gragesic,Paracetamol/propoxyphene, tabs, 400/30mg,20,Nsaids (Musculoskeletal agents),Nic Pharma
 Goutnil,Colchicine, tabs, 0.5mg,20,Antigout Agents (Musculoskeletal agents),Inga Lab
 Glyformin,Metformin, tabs, 850mg,100,Antidiabetics:biguanides (Endocrine system drugs),Remedica Ltd
 Gloclav,Amoxicillin/clavulanate, tabs, 625mg,20,Antibacterials: Penicillins (Anti-infectives),Global Healthcare
 Glevonix,Levofloxacin, infusion, 100ml,1,Antibacterials: Floroquinolones (Anti-infectives),Glenmark Pharma
 Dawagenta,Gentamicin, inj, 20mg,1,Antibacterials: Aminoglycoside (Anti-infectives),Dawa Pharmaceuticals
 Gabrocin,Paromomycin, tabs, 250mg,20,Antiprozoal Agents (Anti-infectives),"Zenamed Pharmaceuticals, Kenya"
 Flustop,Cold/flu Remedy, tabs, -,20,Cold Remedies (Respiratory system drugs),Amoun Pharma
 Flucoral,Fluconazole, caps, 150mg,2,Antifungals (Anti-infectives),Sedico Pharma
 Fluconal,Fluconazole, caps, 50mg,20,Antifungals (Anti-infectives),"Acme Labs, Bangladesh"
 Flunazole,Fluconazole, caps, 150mg,10,Antifungals (Anti-infectives),-
 Dawaflox,Flucloxacillin, inj, 500mg,1,Antibacterials: Penicillins (Anti-infectives),Dawa Pharmaceuticals
 Flagimed Plus,Diloxanide/metronidazole, susp, 100ml,1,Antiprozoal Agents (Anti-infectives),Medivet Pdts Ltd
 Feverex,Paracetamol, susp, 60ml,1,Nsaids (Musculoskeletal agents),Beta Healthcare
 Feverex,Paracetamol, tabs, 500mg,100,Nsaids (Musculoskeletal agents),Beta Healthcare
 Malamax,Sulfamethoxypyrazine/pyrimethamine, susp, 10ml,1,Antimalarials (Anti-infectives),Comet Healthcare Ltd
 Fanlar,Sulfadoxine/pyrimethamine, tabs, 500/25mg,75,Antimalarials (Anti-infectives),Dawa Pharmaceuticals
 Falciquine,Amodiaquine, susp, 60ml,1,Antimalarials (Anti-infectives),Brown & Burk
 Falcimax,Sulfadoxine/pyrimethamine, syp, 15ml,1,Antimalarials (Anti-infectives),Sphinx Pharma
 Etovit,Vitamin E, caps, 200mg,30,Vitamins/minerals (Nutrition and blood agents),Usv Ltd (india)
 Erythrox,Erythromycin, syp, 100ml,1,Antibacterials: Macrolides (Anti-infectives),Dawa Pharmaceuticals
 Elocin,Erythromycin, syp, 100ml,1,Antibacterials: Macrolides (Anti-infectives),Elys Chemical
 Elocin,Erythromycin, tabs, 250mg,1000,Antibacterials: Macrolides (Anti-infectives),Elys Chemical
 Biotrocin,Erythromycin, syp, 100ml,1,Antibacterials: Macrolides (Anti-infectives),M J Biopharm
 Biotrocin,Erythromycin, tabs, 250mg,1000,Antibacterials: Macrolides (Anti-infectives),M J Biopharm
 Allmycin,Erythromycin, tabs, 250mg,1000,Antibacterials: Macrolides (Anti-infectives),-
 Erither,Artemether, inj, 80mg,6,Antimalarials (Anti-infectives),Erica Pharma Pvt
 Epicogel,Antacid, susp, 180ml,1,Antacids (Gastrointestinal drugs),Eipico (egypt)
 Envas,Enalapril, tabs, 10mg,100,Ace Inhibitors (Cardiovascular drugs),Cadila Pharma
 Envas,Enalapril, tabs, 2.5mg,100,Ace Inhibitors (Cardiovascular drugs),Cadila Pharma
 Entamaxin,Diloxanide/metronidazole, caps, 250/200mg,30,Antiprozoal Agents (Anti-infectives),Sphinx Pharma
 Entamaxin,Diloxanide/metronidazole, syp, 100ml,1,Antiprozoal Agents (Anti-infectives),Sphinx Pharma
 Entamaxin,Diloxanide/metronidazole, syp, 60ml,1,Antiprozoal Agents (Anti-infectives),Sphinx Pharma
 Entacyd,Antacid, susp, 200ml,1,Antacids (Gastrointestinal drugs),Square Pharmaceuticals
 E Nat,Vitamin E, cream, 50g,1,Vitamins/minerals (Nutrition and blood agents),Mega
 Emoxclav,Amoxicillin/clavulanate, tabs, 625mg,10,Antibacterials: Penicillins (Anti-infectives),Eipico (egypt)
 Emoxclav,Amoxicillin/clavulanate, tabs, 1g,10,Antibacterials: Penicillins (Anti-infectives),Eipico (egypt)
 Daprofen,Ibuprofen, tabs, 20mg,1000,Nsaids (Musculoskeletal agents),Dawa Pharmaceuticals
 Chloramphenicol,Chloramphenicol, caps, 250mg,1000,Antibacterials: Chloramphenicol (Anti-infectives),Dawa Pharmaceuticals
 Cindomet,Indomethacin, caps, 25mg,1000,Nsaids (Musculoskeletal agents),Dawa Pharmaceuticals
 Curamol,Paracetamol, tabs, 500mg,1000,Nsaids (Musculoskeletal agents),Dawa Pharmaceuticals
 Acepar,Aceclofenac/paracetamol, caps, 100/500mg,100,Nsaids (Musculoskeletal agents),Dawa Pharmaceuticals
 Ascorbic Acid,Vitamin C, tabs, 100mg,1000,Vitamins/minerals (Nutrition and blood agents),Dawa Pharmaceuticals
 Ampiclo Dawa,Ampicillin/cloxacillin, caps, 500mg,100,Antibacterials: Penicillins (Anti-infectives),Dawa Pharmaceuticals
 Ampecin,Ampicillin, caps, 500mg,500,Antibacterials: Penicillins (Anti-infectives),Dawa Pharmaceuticals
 Ampecin,Ampicillin, caps, 250mg,1000,Antibacterials: Penicillins (Anti-infectives),Dawa Pharmaceuticals
 Womnil,Albendazole, susp, 10ml,1,Anthelmintics (Anti-infectives),Dawa Pharmaceuticals
 Vermout,Mebendazole, susp, 30ml,1,Anthelmintics (Anti-infectives),Dawa Pharmaceuticals
 Trimoxol,Trimethorpim/sulphamethoxazole, susp, 50ml,1,Antibacterials: Co-trimoxazoles (Anti-infectives),Dawa Pharmaceuticals
 Trimoxol,Trimethorpim/sulphamethoxazole, susp, 100ml,1,Antibacterials: Co-trimoxazoles (Anti-infectives),Dawa Pharmaceuticals
 Topquin Paed,Quinine, drops, 15ml,1,Antimalarials (Anti-infectives),Dawa Pharmaceuticals
 Topquin,Quinine, susp, 100ml,1,Antimalarials (Anti-infectives),Dawa Pharmaceuticals
 Stopacid,Antacid, susp, 100ml,1,Antacids (Gastrointestinal drugs),Dawa Pharmaceuticals
 Oracef,Cephalexin, syp, 100ml,1,Antibacterials: Cephalosporins (Anti-infectives),Medisel
 Lum-artem,Artemether/lumefantrine, susp, 60ml,1,Antimalarials (Anti-infectives),Dawa Pharmaceuticals
 Ibupar,Paracetamol/ibuprofen, susp, 60ml,1,Nsaids (Musculoskeletal agents),Dawa Pharmaceuticals
 Hyspar,Hyoscine/paracetamol, syp, 60ml,1,Antimuscarinic Drugs (Gastrointestinal drugs),Dawa Pharmaceuticals
 Gripe Water,(n/a), syp, 100ml,1,Misc. Agents (Misc. drugs),Dawa Pharmaceuticals
 Fanlar,Sulfadoxine/pyrimethamine, susp, 10ml,1,Antimalarials (Anti-infectives),Dawa Pharmaceuticals
 Eflaron,Metronidazole, tabs, 200mg,1000,Antiprozoal Agents (Anti-infectives),Dawa Pharmaceuticals
 Dawavite,Vitamin/mineral Preparation, syp, 100ml,1,Vitamins/minerals (Nutrition and blood agents),Dawa Pharmaceuticals
 Dawavite,Vitamin/mineral Preparation, syp, 60ml,1,Vitamins/minerals (Nutrition and blood agents),Dawa Pharmaceuticals
 Dawanol,Paracetamol, syp, 60ml,1,Nsaids (Musculoskeletal agents),Dawa Pharmaceuticals
 Dawanol,Paracetamol, syp, 100ml,1,Nsaids (Musculoskeletal agents),Dawa Pharmaceuticals
 Dawastin,Nystatin, drops, 30ml,1,Antifungals (Anti-infectives),Dawa Pharmaceuticals
 Dawastin,Nystatin, drops, 12ml,1,Antifungals (Anti-infectives),Dawa Pharmaceuticals
 Dawaphenical,Chloramphenicol, susp, 100ml,1,Antibacterials: Chloramphenicol (Anti-infectives),Dawa Pharmaceuticals
 Dawaphenical,Chloramphenicol, susp, 60ml,1,Antibacterials: Chloramphenicol (Anti-infectives),Dawa Pharmaceuticals
 Dawaprom,Promethazine, syp, 60ml,1,Antihistamines (Respiratory system drugs),Dawa Pharmaceuticals
 Dawamisole,Levamisole, syp, 15ml,1,Anthelmintics (Anti-infectives),Dawa Pharmaceuticals
 Dacold,Paracetamol/pseudoephedrine/chlorpheniramine, syp, 100ml,1,Cold Remedies (Respiratory system drugs),Dawa Pharmaceuticals
 Dawaclox,Cloxacillin, syp, 100ml,1,Antibacterials: Penicillins (Anti-infectives),Dawa Pharmaceuticals
 Dawahist,Cough Expectorant, syp, 60ml,1,Mucolytics/expectorants (Respiratory system drugs),Dawa Pharmaceuticals
 Dawahist,Cough Expectorant, syp, 100ml,1,Mucolytics/expectorants (Respiratory system drugs),Dawa Pharmaceuticals
 Daprofen,Ibuprofen, susp, 100ml,1,Nsaids (Musculoskeletal agents),Dawa Pharmaceuticals
 Curamol,Paracetamol, susp, 120mg/5ml 100ml,1,Nsaids (Musculoskeletal agents),Dawa Pharmaceuticals
 Rinacet,Cetirizine, syp, 5mg/5ml 60ml,1,Antihistamines (Respiratory system drugs),Dawa Pharmaceuticals
 Ampecin,Ampicillin, susp, 100ml,1,Antibacterials: Penicillins (Anti-infectives),Dawa Pharmaceuticals
 Ampecin,Ampicillin, susp, 125mg/5ml 60ml,1,Antibacterials: Penicillins (Anti-infectives),Dawa Pharmaceuticals
 Ampiclo Dawa,Ampicillin/cloxacillin, drops, 10ml,1,Antibacterials: Penicillins (Anti-infectives),Dawa Pharmaceuticals
 Ampiclo Dawa,Ampicillin/cloxacillin, susp, 100ml,1,Antibacterials: Penicillins (Anti-infectives),Dawa Pharmaceuticals
 Ampiclo Dawa,Ampicillin/cloxacillin, susp, 125/125mg/5ml 60ml,1,Antibacterials: Penicillins (Anti-infectives),Dawa Pharmaceuticals
 Fixx,Cefixime, caps, 200mg,20,Antibacterials: Cephalosporins (Anti-infectives),Unichem Labs
 Feroluv,Iron/haematinic Preparation, tabs, -,60,Haematinics/iron Preparations (Nutrition and blood agents),Unichem Labs
 Hepatitis B,Hepatitis B Vaccine, inj, 10mcg,1,Immunological Agents (Immunological agents),Serum Institute
 Hepatitis B,Hepatitis B Vaccine, inj, 20mcg,1,Immunological Agents (Immunological agents),Serum Institute
 Carboplatin,Carboplatin, inj, 150 mg,1,Anticancer/immunosuppressants: Other (Oncology & immunosuppression drugs),Serum Institute
 Beparine,Heparin, cream, 15gm,1,Anticoagulants (Cardiovascular drugs),Biological E Ltd
 Beparine,Heparin, inj, 25000iu/5ml,1,Anticoagulants (Cardiovascular drugs),Biological E Ltd
 Beparine,Heparin, inj, 5000iu/5ml,1,Anticoagulants (Cardiovascular drugs),Biological E Ltd
 Nevirir,Nevirapine, tabs, 200mg,60,Antiretrovirals (Anti-infectives),Hetero Drugs Ltd
 Zycel,Celecoxib, caps, 200mg,100,Nsaids (Musculoskeletal agents),"Zydus Cadila H/care, India"
 Glizon,Pioglitazole, tabs, 30mg,30,Antidiabetics: Other (Endocrine system drugs),"Zydus Cadila H/care, India"
 Glizon,Pioglitazole, tabs, 15mg,30,Antidiabetics: Other (Endocrine system drugs),"Zydus Cadila H/care, India"
 Ecee 2,Levonorgesterol, tabs, -,2,Progestogens (Endocrine system drugs),"Zydus Cadila H/care, India"
 Depin E Retard,Nifedipine, tabs, 20mg,100,Calcium Channel Blokers (Cardiovascular drugs),"Zydus Cadila H/care, India"
 Betanase,Glibenclamide, tabs, 5mg,1000,Sulphonylureas (Endocrine system drugs),"Zydus Cadila H/care, India"
 Unimin-g,Vitamin/mineral Preparation, syp, 110ml,1,Vitamins/minerals (Nutrition and blood agents),Universal Pharma India
 Unimin,Vitamin/mineral Preparation, syp, 200ml,1,Vitamins/minerals (Nutrition and blood agents),Universal Pharma India
 Trilac,Prebiotic/probiotic, satchet, -,15,Misc. Agents (Misc. drugs),Universal Pharma India
 Trilac,Prebiotic/probiotic, caps, -,30,Misc. Agents (Misc. drugs),Universal Pharma India
 Hbglow,Vitamin/mineral Preparation, caps, -,30,Vitamins/minerals (Nutrition and blood agents),Universal Pharma India
 Amlolit,Amlodipine, tabs, 10 mg,30,Calcium Channel Blokers (Cardiovascular drugs),Li Taka Pharma.
 Amlolit,Amlodipine, tabs, 5 mg,30,Calcium Channel Blokers (Cardiovascular drugs),Li Taka Pharma.
 Losatec,Losartan, tabs, 50 mg,100,Angiotensin Ii Rec. Antagonists (Cardiovascular drugs),Rpg Life Sciences
 Losatec,Losartan, tabs, 25 mg,100,Angiotensin Ii Rec. Antagonists (Cardiovascular drugs),Rpg Life Sciences
 Urgendol Sr,Tramadol, tabs, 50mg,100,Opiod Analgesics (Musculoskeletal agents),Win-medicare (india)
 Urgendol,Tramadol, inj, 50mg 2ml,5,Opiod Analgesics (Musculoskeletal agents),Win-medicare (india)
 Calcinol,Vitamin/mineral Preparation, satchet, -,10,Vitamins/minerals (Nutrition and blood agents),"Raptakos, Brett"
 Catoxymag-n,Antacid, susp, 200ml,1,Antacids (Gastrointestinal drugs),"Raptakos, Brett"
 Glycerine,Glycerine, supp, 2gm,5,Misc. Agents (Misc. drugs),"Bliss Gvs Pharma, India"
 Glycerine,Glycerine, supp, 1gm,5,Misc. Agents (Misc. drugs),"Bliss Gvs Pharma, India"
 Palaxin,Dihydroartemisinin/piperaquine, tabs, 40/320mg,8,Antimalarials (Anti-infectives),"Bliss Gvs Pharma, India"
 Lonart Forte,Artemether/lumefantrine, tabs, 40/240mg,12,Antimalarials (Anti-infectives),"Bliss Gvs Pharma, India"
 Lonart Ds,Artemether/lumefantrine, tabs, 80/480mg,6,Antimalarials (Anti-infectives),"Bliss Gvs Pharma, India"
 Dermo-q,Betamethasone/gentamycin/clotrimazole, cream, 15gm,1,Dermatological Agents (Dermatological agents),Oceanic Helathcare
 Albatic,Albendazole, susp, 10ml,1,Anthelmintics (Anti-infectives),Oceanic Helathcare
 Albatic,Albendazole, tabs, 200mg,2,Anthelmintics (Anti-infectives),Oceanic Helathcare
 Mycoril,Miconazole, cream, 2% 20gm,1,Antifungals (Anti-infectives),Sphinx Pharma
 Liquid Paraffin,Liquid Paraffin, liquid, 100ml,1,Misc. Agents (Misc. drugs),Sphinx Pharma
 Liquid Paraffin,Liquid Paraffin, liquid, 50ml,1,Misc. Agents (Misc. drugs),Sphinx Pharma
 Glycerine,Glycerine, liquid, 100ml,1,Misc. Agents (Misc. drugs),Sphinx Pharma
 Gylcerine,Glycerine, liquid, 50ml,1,Misc. Agents (Misc. drugs),Sphinx Pharma
 Whitfields,Benzoic Acid/salicylic Acid, oint, 15gm,1,Dermatological Agents (Dermatological agents),Sphinx Pharma
 Tincture Of Iodine,Tincture Of Iodine, solution, 50ml,1,Disinfectants/antiseptics (Misc. drugs),Sphinx Pharma
 Tincture Of Iodine,Tincture Of Iodine, solution, 100ml,1,Disinfectants/antiseptics (Misc. drugs),Sphinx Pharma
 Clotrimax,Clotrimazole, cream, 1%w/w 15 gm,1,Antifungals (Anti-infectives),Sphinx Pharma
 Calamine,Calamine, lotion, 100ml,1,Dermatological Agents (Dermatological agents),Sphinx Pharma
 Phenacoff,Cough Syrup, syp, 100ml,1,Antitussives (Respiratory system drugs),Sphinx Pharma
 Phenacoff,Cough Syrup, syp, 60ml,1,Antitussives (Respiratory system drugs),Sphinx Pharma
 Wormax,Mebendazole, susp, 30ml,1,Anthelmintics (Anti-infectives),Sphinx Pharma
 Sulprim,Trimethorpim/sulphamethoxazole, susp, 100ml,1,Antibacterials: Co-trimoxazoles (Anti-infectives),Sphinx Pharma
 Sulprim,Trimethorpim/sulphamethoxazole, susp, 50ml,1,Antibacterials: Co-trimoxazoles (Anti-infectives),Sphinx Pharma
 Sulprim,Trimethorpim/sulphamethoxazole, tabs, 480mg,1000,Antibacterials: Co-trimoxazoles (Anti-infectives),Sphinx Pharma
 Quinamor,Quinine, syp, 100ml,1,Antimalarials (Anti-infectives),Sphinx Pharma
 Phinaquin,Chloroquine, susp, 50mg/5ml 100ml,1,Antimalarials (Anti-infectives),Sphinx Pharma
 Phinaquin,Chloroquine, susp, 50mg/5ml 60ml,1,Antimalarials (Anti-infectives),Sphinx Pharma
 Phenalin,Chlorpheniramine, syp, 2mg/5ml 100ml,1,Antihistamines (Respiratory system drugs),Sphinx Pharma
 Ponafen,Ibuprofen, tabs, 400mg,500,Nsaids (Musculoskeletal agents),Sphinx Pharma
 Ponafen,Ibuprofen, tabs, 200mg,1000,Nsaids (Musculoskeletal agents),Sphinx Pharma
 Ponafen,Ibuprofen, susp, 100ml,1,Nsaids (Musculoskeletal agents),Sphinx Pharma
 Nilaci,Antacid, tabs, 400mg,1000,Antacids (Gastrointestinal drugs),Sphinx Pharma
 Levazole,Levamisole, susp, 500ml,1,Anthelmintics (Anti-infectives),Sphinx Pharma
 Kloran,Chloramphenicol, ear drops, 15ml,1,Antibacterials: Chloramphenicol (Anti-infectives),Sphinx Pharma
 Kloran,Chloramphenicol, susp, 60ml,1,Antibacterials: Chloramphenicol (Anti-infectives),Sphinx Pharma
 Hydrogen Peroxide,Hydrogen Peroxide, liquid, 1lt,1,Disinfectants/antiseptics (Misc. drugs),Sphinx Pharma
 Falciquin,Amodiaquine, susp, 500ml,1,Antimalarials (Anti-infectives),Sphinx Pharma
 Falciquin,Amodiaquine, susp, 50mg/5ml 60ml,1,Antimalarials (Anti-infectives),Sphinx Pharma
 Ephedrin Paed,Ephedrine, drops, 15ml,1,Sympathomimetics (Cardiovascular drugs),Sphinx Pharma
 Ephedrin Adult,Ephedrine, drops, 15ml,1,Sympathomimetics (Cardiovascular drugs),Sphinx Pharma
 Ephimax,Theophylline/ephedrine, tabs, 120/11mg,1000,Xanthines (Respiratory system drugs),Sphinx Pharma
 Cloxam,Ampicillin/cloxacillin, caps, 500,500,Antibacterials: Penicillins (Anti-infectives),Sphinx Pharma
 Cloxam,Ampicillin/cloxacillin, caps, 500mg,100,Antibacterials: Penicillins (Anti-infectives),Sphinx Pharma
 Cloxam,Ampicillin/cloxacillin, susp, 60ml,1,Antibacterials: Penicillins (Anti-infectives),Sphinx Pharma
 Cloxam,Ampicillin/cloxacillin, susp, 100ml,1,Antibacterials: Penicillins (Anti-infectives),Sphinx Pharma
 Butin,Salbutamol, syp, 2mg/5ml 60ml,1,Selective Beta-2 Agonists (Respiratory system drugs),Sphinx Pharma
 Apc,Apc, tabs, -,500,Nsaids (Musculoskeletal agents),Sphinx Pharma
 Aspirin,Aspirin, tabs, 300mg,1000,Nsaids (Musculoskeletal agents),Sphinx Pharma
 Amebazole,Metronidazole, tabs, 400mg,1000,Antiprozoal Agents (Anti-infectives),Sphinx Pharma
 Amebazole,Metronidazole, tabs, 200mg,500,Antiprozoal Agents (Anti-infectives),Sphinx Pharma
 Amebazole,Metronidazole, susp, 60ml,1,Antiprozoal Agents (Anti-infectives),Sphinx Pharma
 Alimox,Amoxiciillin, caps, 500mg,100,Antibacterials: Penicillins (Anti-infectives),Sphinx Pharma
 Alimox,Amoxiciillin, susp, 60ml,1,Antibacterials: Penicillins (Anti-infectives),Sphinx Pharma
 Alimox,Amoxiciillin, susp, 100ml,1,Antibacterials: Penicillins (Anti-infectives),Sphinx Pharma
 Alimox,Amoxiciillin, caps, 500,500,Antibacterials: Penicillins (Anti-infectives),Sphinx Pharma
 Vitanorm,Iron/haematinic Preparation, caps, -,30,Haematinics/iron Preparations (Nutrition and blood agents),Sphinx Pharma
 Nosalla,Normal Saline, drops, 15ml,1,Fluids And Electrolytes (Nutrition and blood agents),Sphinx Pharma
 Nutrivita Forte,Vitamin/mineral Preparation, caps, -,30,Vitamins/minerals (Nutrition and blood agents),Sphinx Pharma
 Nutrivita,Vitamin/mineral Preparation, syp, 100ml,1,Vitamins/minerals (Nutrition and blood agents),Sphinx Pharma
 Flurex,Cold/flu Remedy, syp, 100ml,1,Cold Remedies (Respiratory system drugs),Sphinx Pharma
 Fluxate,Amoxicillin/flucloxacillin, caps, 500mg,100,Antibacterials: Penicillins (Anti-infectives),Sphinx Pharma
 Ferromax,Vitamin B Complex/iron, syp, 60ml,1,Vitamins/minerals (Nutrition and blood agents),Sphinx Pharma
 Appevite,Vitamin/mineral Preparation, caps, -,20,Vitamins/minerals (Nutrition and blood agents),Sphinx Pharma
 Espra,Omeprazole, caps, 20mg,14,Proton Pump Inhibitors (Gastrointestinal drugs),Ccl Pharma
 Normopress,Losartan, tabs, 50mg,10,Angiotensin Ii Rec. Antagonists (Cardiovascular drugs),Ccl Pharma
 Rhyncet,Cetirizine, syp, 60ml,1,Antihistamines (Respiratory system drugs),Depopharma Ltd
 Vingraf,Tacrolimus, caps, 5 mg,60,Anticancer/immunosuppressants: Other (Oncology & immunosuppression drugs),Emcure Pharmaceuticals
 Vingraf,Tacrolimus, caps, 1mg,60,Anticancer/immunosuppressants: Other (Oncology & immunosuppression drugs),Emcure Pharmaceuticals
 Vingraf,Tacrolimus, caps, 0.5mg,60,Anticancer/immunosuppressants: Other (Oncology & immunosuppression drugs),Emcure Pharmaceuticals
 Foseal,Sevelamer, tabs, 800mg,60,Misc. Agents (Misc. drugs),Emcure Pharmaceuticals
 Foseal,Sevelamer, tabs, 400mg,60,Misc. Agents (Misc. drugs),Emcure Pharmaceuticals
 Metpure-xl,Metoprolol, tabs, 25mg,30,Beta-blockers (Cardiovascular drugs),Emcure Pharmaceuticals
 Atpure,Atenolol, tabs, 50mg,28,Beta-blockers (Cardiovascular drugs),Emcure Pharmaceuticals
 Oflo,Ofloxacin, inj, 200mg/100ml,1,Antibacterials: Floroquinolones (Anti-infectives),Unique Pharma
 Metrogyl V,Metronidazole, gel, 30g,1,Antiprozoal Agents (Anti-infectives),Unique Pharma
 Metrogyl,Metronidazole, gel, 30gm,1,Antiprozoal Agents (Anti-infectives),Unique Pharma
 Dicloran,Diclofenac, inj, 25mg/ml 3ml,5,Nsaids (Musculoskeletal agents),Unique Pharma
 Bronchoped,Cough Expectorant, syp, 200ml,1,Mucolytics/expectorants (Respiratory system drugs),Adcork Ingram
 Novapime,Cefepime, inj, 1gm,1,Antibacterials: Cephalosporins (Anti-infectives),Lupin Labs
 Akurit,Rifampicin/isoniazid, tabs, 150/75mg,90,Antitubercular Agents (Anti-infectives),Lupin Labs
 Akurit-z Kid,Rifampicin/isonizid/pyrazinamide, tabs, 60/30/150mg,90,Antitubercular Agents (Anti-infectives),Lupin Labs
 Aziwok,Azithromycin, susp, 200mg/5ml 15ml,1,Antibacterials: Macrolides (Anti-infectives),Wockhardt Ltd
 Aziwok,Azithromycin, caps, 250mg,6,Antibacterials: Macrolides (Anti-infectives),Wockhardt Ltd
 Norflex,Orphenadrine, tabs, 100mg,50,Antiparkinsonism Agents (CNS agents),Inova Pharma (3m)
 Femoston 1/10,Estradiol/dihydrogesterone, tabs, 1/10mg,28,Oestrogens (Endocrine system drugs),Abbot Products Sas (solvay )
 Duspatalin,Mebeverine, caps, 200mg,30,Antimuscarinic Drugs (Gastrointestinal drugs),Abbot Products Sas (solvay )
 Selexin Er,Cephalexin, tabs, 750mg,12,Antibacterials: Cephalosporins (Anti-infectives),Prisma Pharma
 Selexin,Cephalexin, syp, 125mg/5ml 100ml,1,Antibacterials: Cephalosporins (Anti-infectives),Prisma Pharma
 Selexin,Cephalexin, caps, 500mg,100,Antibacterials: Cephalosporins (Anti-infectives),Prisma Pharma
 Selexin,Cephalexin, caps, 250mg,100,Antibacterials: Cephalosporins (Anti-infectives),Prisma Pharma
 Odicef,Ceftriaxone, inj, 1gm,1,Antibacterials: Cephalosporins (Anti-infectives),Prisma Pharma
 Odicef,Ceftriaxone, inj, 250mg,1,Antibacterials: Cephalosporins (Anti-infectives),Prisma Pharma
 Lmw Enox,Enoxaparin, inj, 60mg/0.6ml,1,Anticoagulants (Cardiovascular drugs),Prisma Pharma
 Lmw Enox,Enoxaparin, inj, 40mg/0.4ml,1,Anticoagulants (Cardiovascular drugs),Prisma Pharma
 Clotflush,Heparin, inj, 20iu/2ml,10,Anticoagulants (Cardiovascular drugs),Prisma Pharma
 Zefcolin,Cough Syrup, syp, 100ml,1,Antitussives (Respiratory system drugs),Prisma Pharma
 Brozelin,Cough Expectorant, syp, 100ml,1,Mucolytics/expectorants (Respiratory system drugs),Prisma Pharma
 Perfalgan,Paracetamol, infusion, 1g/100ml,12,Nsaids (Musculoskeletal agents),Bristol-myers
 Typbar,Typhoid Vaccine, inj, 2.5ml 5 doses,1,Immunological Agents (Immunological agents),Bharat Biotech
 Typbar,Typhoid Vaccine, inj, 0.5ml,1,Immunological Agents (Immunological agents),Bharat Biotech
 Zanocin Od,Ofloxacin, tabs, 800mg,10,Antibacterials: Floroquinolones (Anti-infectives),Ranbaxy Labs
 Roscilox,Ampicillin/cloxacillin, caps, 500mg,100,Antibacterials: Penicillins (Anti-infectives),Ranbaxy Labs
 Loxof,Levofloxacin, infusion, 500mg/100ml,1,Antibacterials: Floroquinolones (Anti-infectives),Ranbaxy Labs
 Loxof,Levofloxacin, tabs, 250mg,10,Antibacterials: Floroquinolones (Anti-infectives),Ranbaxy Labs
 Cifran Od,Ciprofloxacin, tabs, 1gm,10,Antibacterials: Floroquinolones (Anti-infectives),Ranbaxy Labs
 Cifran Od,Ciprofloxacin, tabs, 500mg,10,Antibacterials: Floroquinolones (Anti-infectives),Ranbaxy Labs
 Ceroxim,Cefuroxime, susp, 250mg/5ml 100ml,1,Antibacterials: Cephalosporins (Anti-infectives),Ranbaxy Labs
 Magnacid,Antacid, susp, 100ml,1,Antacids (Gastrointestinal drugs),Lab & Allied
 Lastamol,Salbutamol, syp, 2mg/5ml 100ml,1,Selective Beta-2 Agonists (Respiratory system drugs),Lab & Allied
 Kloxy,Cloxacillin, syp, 100ml,1,Antibacterials: Penicillins (Anti-infectives),Lab & Allied
 Ferroplex,Vitamin/mineral Preparation, syp, 100ml,1,Vitamins/minerals (Nutrition and blood agents),Lab & Allied
 Euvitan,Vitamin/mineral Preparation, syp, 60ml,1,Vitamins/minerals (Nutrition and blood agents),Lab & Allied
 Erocin,Erythromycin, syp, 100ml,1,Antibacterials: Macrolides (Anti-infectives),Lab & Allied
 Prazicide,Praziquantel, tabs, 600 mg,100,Anthelmintics (Anti-infectives),Lab & Allied
 Phenobarbitone,Phenobarbitone, tabs, 30mg,1000,Antiepileptics (CNS agents),Lab & Allied
 Labtac,Ranitidine, tabs, 150mg,30,H-2 Receptor Antagonists (Gastrointestinal drugs),Lab & Allied
 Ferrolic,Folic Acid, tabs, -,1000,Vitamins/minerals (Nutrition and blood agents),Lab & Allied
 Diagon,Attapulgite/furazolidine, tabs, -,100,Antidiarrheorals (Gastrointestinal drugs),Lab & Allied
 Ciprolab,Ciprofloxacin, tabs, 500mg,100,Antibacterials: Floroquinolones (Anti-infectives),Lab & Allied
 Calm,Diazepam, tabs, 5mg,100,Anxiolytics/sedatives/hypnotics/neuroleptics (CNS agents),Lab & Allied
 Gencin,Gentamicin, inj, 80mg/2ml,1,Antibacterials: Aminoglycoside (Anti-infectives),Lab & Allied
 Leocef,Cephalexin, caps, 500mg,100,Antibacterials: Cephalosporins (Anti-infectives),Lab & Allied
 Lorata,Loratadine, syp, 100ml,1,Antihistamines (Respiratory system drugs),Lab & Allied
 Lorata,Loratadine, syp, 60ml,1,Antihistamines (Respiratory system drugs),Lab & Allied
 Laeotarin,Miconazole, cream, 15gm,1,Antifungals (Anti-infectives),Lab & Allied
 Ibulab,Paracetamol/ibuprofen, tabs, 325/400mg,10,Nsaids (Musculoskeletal agents),Lab & Allied
 Homagon,Paracetamol/pseudoephedrine/chlorpheniramine, caps, -,10,Cold Remedies (Respiratory system drugs),Lab & Allied
 Glimide,Glibenclamide, tabs, 5 mg,100,Sulphonylureas (Endocrine system drugs),Lab & Allied
 Gencin,Gentamicin, inj, 20mg/20ml,10,Antibacterials: Aminoglycoside (Anti-infectives),Lab & Allied
 Spasmolar,Paracetamol/dimethicone/dicyclomine/clidinium, tabs, 500/25/10/2.5mg,10,Antimuscarinic Drugs (Gastrointestinal drugs),Lark Labs
 Resprox,Roxithromycin, susp, 50mg/ml 60ml,1,Antibacterials: Macrolides (Anti-infectives),Lark Labs
 Rekfa Gold,Vitamin/mineral Preparation, caps, -,30,Vitamins/minerals (Nutrition and blood agents),Questa Care Inc
 Cartilion Plus,Glucosamine/chondrointin, tabs, -,30,Vitamins/minerals (Nutrition and blood agents),Cosme Pharma
 Flucos,Fluconazole, gel, 0.5% 15gm,1,Antifungals (Anti-infectives),Cosme Pharma
 Efatop,Liniment/balm, cream, 60gm,1,Dermatological Agents (Dermatological agents),Cosme Pharma
 Movelisin,Liniment/balm, gel, 20gm,1,Dermatological Agents (Dermatological agents),Cosme Pharma
 Jectocos,Vitamin/mineral Preparation, inj, 1.5ml,5,Vitamins/minerals (Nutrition and blood agents),Cosme Pharma
 Futop,Fusidic Acid, oint, 10gm,1,Antibacterials: Others (Anti-infectives),Cosme Pharma
 Cosvate-gm,Clobetasol/gentamicin/miconazole, cream, 15gm,1,Dermatological Agents (Dermatological agents),Cosme Pharma
 Cosvate,Clobetasol, cream, 30gm,1,Dermatological Agents (Dermatological agents),Cosme Pharma
 Pynstop,Paracetamol/dicyclomine/codeine/caffeine, tabs, -,20,Nsaids (Musculoskeletal agents),Adcork Ingram
 Locaine A,Lignocaine/adrenaline, inj, 20mg/12.5iu,100,Local Anaesthetics (Musculoskeletal agents),Adcork Ingram
 Ingram's Camphor,Herbal Remedy, cream, 75gm,1,Misc. Agents (Misc. drugs),Adcork Ingram
 Ingram's Camphor,Herbal Remedy, cream, 150gm,1,Misc. Agents (Misc. drugs),Adcork Ingram
 Cepacaine,Cetylpyridium/benzocaine, lozenges, -,16,Disinfectants/antiseptics (Misc. drugs),Adcork Ingram
 Adco-linctopent,Cough Expectorant, syp, 100ml,1,Mucolytics/expectorants (Respiratory system drugs),Adcork Ingram
 Zenozar,Gemcitabine, inj, 1gm,1,Antimetabolite Cytotoxics (Oncology & immunosuppression drugs),Zenotech
 Zenozar,Gemcitabine, inj, 200mg,1,Antimetabolite Cytotoxics (Oncology & immunosuppression drugs),Zenotech
 Zenotere,Docetaxel, inj, 120mg/3ml,1,Anticancer/immunosuppressants: Other (Oncology & immunosuppression drugs),Zenotech
 Zenotere,Docetaxel, inj, 80mg/2ml,1,Anticancer/immunosuppressants: Other (Oncology & immunosuppression drugs),Zenotech
 Zenotere,Docetaxel, inj, 20mg/0.5ml,1,Anticancer/immunosuppressants: Other (Oncology & immunosuppression drugs),Zenotech
 Zenotax,Paclitaxel, inj, 300mg,1,Anticancer/immunosuppressants: Other (Oncology & immunosuppression drugs),Zenotech
 Zenotax,Paclitaxel, inj, 100mg,1,Anticancer/immunosuppressants: Other (Oncology & immunosuppression drugs),Zenotech
 Zenotax,Paclitaxel, inj, 30mg,1,Anticancer/immunosuppressants: Other (Oncology & immunosuppression drugs),Zenotech
 Oxidach,Oxaliplatin, inj, 50mg,1,Anticancer/immunosuppressants: Other (Oncology & immunosuppression drugs),Zenotech
 Rulicin,Roxithromycin, tabs, 150mg,30,Antibacterials: Macrolides (Anti-infectives),Agio Pharma
 Ranitidine-agio,Ranitidine, tabs, 150mg,100,H-2 Receptor Antagonists (Gastrointestinal drugs),Agio Pharma
 Omeprazole-agio,Omeprazole, caps, 20mg,100,Proton Pump Inhibitors (Gastrointestinal drugs),Agio Pharma
 Maxivit,Vitamin/mineral Preparation, caps, -,30,Vitamins/minerals (Nutrition and blood agents),Agio Pharma
 Diclogen,Diclofenac, inj, 75mg/3ml,100,Nsaids (Musculoskeletal agents),Agio Pharma
 Lactacyd,(n/a), liquid, 120ml,1,Misc. Agents (Misc. drugs),Sanofi-aventis
 Neulastim,Pegfilgastrim, inj, 6mg/0.6ml,1,Misc. Agents (Misc. drugs),Roche Pdts Ltd
 Micera,Epoietin Beta, inj, 200mcg/0.03ml,1,Blood/plasma Products (Nutrition and blood agents),Roche Pdts Ltd
 Micera,Epoietin Beta, inj, 75mcg/0.3ml,1,Blood/plasma Products (Nutrition and blood agents),Roche Pdts Ltd
 Nocte,Zolpidem, tabs, 10mg,30,Anxiolytics/sedatives/hypnotics/neuroleptics (CNS agents),Pharmaco Healthcare
 Sutent,Sunitinib, caps, 25mg,28,Anticancer/immunosuppressants: Other (Oncology & immunosuppression drugs),Pfizer Cons
 Sutent,Sunitinib, caps, 12.5mg,30,Anticancer/immunosuppressants: Other (Oncology & immunosuppression drugs),Pfizer Cons
 Rapamune,(n/a), tabs, 1mg,30,Misc. Agents (Misc. drugs),Pfizer Cons
 Zithromax,Azithromycin, inj, 500mg,1,Antibacterials: Macrolides (Anti-infectives),Pfizer Global Pharma
 Unasyn,Ampicillin/sulbactam, inj, 1.5mg im/iv,1,Antibacterials: Penicillins (Anti-infectives),Pfizer Global Pharma
 Unasyn,Ampicillin/sulbactam, tabs, 375mg,12,Antibacterials: Penicillins (Anti-infectives),Pfizer Global Pharma
 Mycobutin,Rifabutin, caps, 150mg,30,Antibacterials: Others (Anti-infectives),Pfizer Cons
 Arthrotec,Diclofenac/misoprostol, tabs, 75/200mg,20,Nsaids (Musculoskeletal agents),Pfizer Cons
 Arthrotec,Diclofenac/misoprostol, tabs, 50/200mg,20,Nsaids (Musculoskeletal agents),Pfizer Cons
 Voltaren Emugel,Diclofenac, gel, 1%50gm,1,Nsaids (Musculoskeletal agents),Novartis Cons
 Siccapos,Artificial Tears, eye drops, 10ml,1,Eye/ear/nose Preparations (Eye ENT agents),Ursapharma
 Norcolut,Norethisterone, tabs, 5mg,20,Progestogens (Endocrine system drugs),Gedeon-richter
 Indofer,Iron/haematinic Preparation, syp, 60ml,1,Haematinics/iron Preparations (Nutrition and blood agents),Indus Pharma
 Ampiclox,Ampicillin/cloxacillin, syp, 100ml,1,Antibacterials: Penicillins (Anti-infectives),Glaxosmithkline (hsa)
 Eno,Antacid, satchet, -,10,Antacids (Gastrointestinal drugs),Glaxosmithkline Consumer
 Norplat-s,Clopidogrel/aspirin, tabs, 75/75mg,10,Antiplatelet Drugs (Cardiovascular drugs),Getz Pharma Ltd
 Cotasmi,Telmisartan/hydrochlorthiazide, tabs, 80/12.5mg,14,Angiotensin Ii Rec. Antagonists (Cardiovascular drugs),Getz Pharma Ltd
 Micardis Plus,Telmisartan/hydrochlorthiazide, tabs, 40mg/12.5mg,28,Angiotensin Ii Rec. Antagonists (Cardiovascular drugs),Boehringer Ingelheim
 Micardis Plus,Telmisartan/hydrochlorthiazide, tabs, 80mg/12.5mg,28,Angiotensin Ii Rec. Antagonists (Cardiovascular drugs),Boehringer Ingelheim
 Adalat La,Nifedipine, tabs, 60mg,30,Calcium Channel Blokers (Cardiovascular drugs),Bayer Schering Pharma
 Zoladex,Goserelin, inj, 10.8mg,1,Anticancer/immunosuppressants: Other (Oncology & immunosuppression drugs),Astrazeneca
 Symbicort,Budesonide/formoterol, turbohaler, 320/9mcg/60doses,1,Corticosteroids (Endocrine system drugs),Astrazeneca
 Atacand,Candesartan, tabs, 32mg,28,Angiotensin Ii Rec. Antagonists (Cardiovascular drugs),Astrazeneca
 Glimauno,Glimepiride, tabs, 2mg,30,Sulphonylureas (Endocrine system drugs),Wockhardt Ltd
 Glimadien,Glimepiride/metformin, tabs, 2/500mg,30,Sulphonylureas (Endocrine system drugs),Wockhardt Ltd
 Glimadien,Glimepiride/metformin, tabs, 1/500mg,30,Sulphonylureas (Endocrine system drugs),Wockhardt Ltd
 Maxgalin,Pregabalin, tabs, 150mg,50,Antiepileptics (CNS agents),Sun Pharma
 Maxgalin,Pregabalin, caps, 75mg,30,Antiepileptics (CNS agents),Sun Pharma
 Maxgalin,Pregabalin, caps, 50mg,50,Antiepileptics (CNS agents),Sun Pharma
 Docefrez,Docetaxel, inj, 20mg,1,Anticancer/immunosuppressants: Other (Oncology & immunosuppression drugs),Sun Pharma
 Vibrocil,Phenylephrine, nose drops, 15ml,1,Sympathomimetics (Cardiovascular drugs),Novartis Cons
 Osstrim,Trimethorpim/sulphamethoxazole, susp, 100ml,1,Antibacterials: Co-trimoxazoles (Anti-infectives),Oss Chemie Ltd
 Efex-t,Cough Expectorant, syp, 100ml,1,Mucolytics/expectorants (Respiratory system drugs),Oss Chemie Ltd
 Bacimax,Neomycin/bacitracin, powder, 10g,1,Antibacterials: Others (Anti-infectives),Oss Chemie Ltd
 Osferon,Iron/haematinic Preparation, syp, 200ml,1,Haematinics/iron Preparations (Nutrition and blood agents),Oss Chemie Ltd
 Silybon,Silymarin, tabs, 140mg,30,Misc. Agents (Misc. drugs),Micro Exports
 Nugrel,Clopidogrel, tabs, 75mg,30,Antiplatelet Drugs (Cardiovascular drugs),Micro Exports
 Nebilong H,Nebivolol/hydrochlorthiazide, tabs, 5/12.5mg,30,Beta-blockers (Cardiovascular drugs),Micro Exports
 Melmet,Metformin, tabs, 1000mg,30,Antidiabetics:biguanides (Endocrine system drugs),Micro Exports
 Levobact,Levofloxacin, tabs, 750mg,10,Antibacterials: Floroquinolones (Anti-infectives),Micro Exports
 Levobact,Levofloxacin, tabs, 250mg,5,Antibacterials: Floroquinolones (Anti-infectives),Micro Exports
 Diapride,Glimepiride, tabs, 4mg,30,Sulphonylureas (Endocrine system drugs),Micro Exports
 Diapride,Glimepiride, tabs, 2mg,30,Sulphonylureas (Endocrine system drugs),Micro Exports
 Valdoxan,Agomelatine, tabs, 25mg,28,Antidepressants: Other (CNS agents),Servier Labs (france)
 Coveram,Perindopril/amlodipine, tabs, 5/10mg,30,Ace Inhibitors (Cardiovascular drugs),Servier Labs (france)
 Tasigna,Nilotinib, caps, 200mg,28,Misc. Agents (Misc. drugs),Novartis Pharma
 Simulect Lyvi,Basiliximab, inj, 20mg,1,Immunological Agents (Immunological agents),Novartis Pharma
 Femara,Letrozole, tabs, 2.5mg,30,Anticancer/immunosuppressants: Other (Oncology & immunosuppression drugs),Novartis Pharma
 Nebilong,Nebivolol, tabs, 5mg,30,Beta-blockers (Cardiovascular drugs),Micro Exports
 Angizaar H,Losartan/hydrochlorthiazide, tabs, 50/12.5mg,30,Angiotensin Ii Rec. Antagonists (Cardiovascular drugs),Micro Exports
 Angizaar,Losartan, tabs, 50mg,30,Angiotensin Ii Rec. Antagonists (Cardiovascular drugs),Micro Exports
 Simva-denk,Simvastatin, tabs, 40mg,30,Statins (Cardiovascular drugs),Denk Pharma
 Simva-denk,Simvastatin, tabs, 20mg,30,Statins (Cardiovascular drugs),Denk Pharma
 Paraco-denk,Paracetamol/codeine, supp, 1000/60mg,10,Nsaids (Musculoskeletal agents),Denk Pharma
 Para-denk,Paracetamol, supp, 250mg,10,Nsaids (Musculoskeletal agents),Denk Pharma
 Ibuprofen Denk,Ibuprofen, tabs, 600mg,20,Nsaids (Musculoskeletal agents),Denk Pharma
 Ena Denk Hct,Enalapril/hydrochlorthiazide, tabs, 20mg,30,Ace Inhibitors (Cardiovascular drugs),Denk Pharma
 Ena Denk,Enalapril, tabs, 10mg,30,Ace Inhibitors (Cardiovascular drugs),Denk Pharma
 Calcidenk,Vitamin/mineral Preparation, tabs, -,20,Vitamins/minerals (Nutrition and blood agents),Denk Pharma
 Ambrox Denk,Ambroxol, effe. tabs, 60mg,20,Mucolytics/expectorants (Respiratory system drugs),Denk Pharma
 Co-arinate Fdc Adult,Artesunate/sulfamethoxypyrazine/pyrimethamine, tabs, 200/500/25mg,3,Antimalarials (Anti-infectives),Dafra Pharma
 Co-arinate Fdc Junior,Artesunate/sulfamethoxypyrazine/pyrimethamine, tabs, 100/250/12.5mg,3,Antimalarials (Anti-infectives),Dafra Pharma
 Ncnorm-p,Norethisterone, tabs, 5mg,30,Progestogens (Endocrine system drugs),Questa Care Inc
 Lenor-72,Levonorgesterol, tabs, 0.75mg,2,Progestogens (Endocrine system drugs),Questa Care Inc
 Db-5,Medroxyprogesterone Acetate, tabs, 5mg,100,Progestogens (Endocrine system drugs),Unicure Remedies
 Dazolon,Danazol, tabs, 200mg,30,Antioestrogens (Endocrine system drugs),Unicure Remedies
 Dazolon,Danazol, tabs, 100mg,30,Antioestrogens (Endocrine system drugs),Unicure Remedies
 Flucos,Fluconazole, lotion, 120ml,1,Antifungals (Anti-infectives),Cosme Pharma
 Tocinox,Oxytocin, inj, 5iu/ml,1,Hypothalamic/pituitary Hormones (Endocrine system drugs),Globe Pharmacy Ltd
 Floral,Fluorometholone, eye drops, 5ml,1,Corticosteroids (Endocrine system drugs),Helix Pharma Ltd
 Tml,Timolol, eye drops, 5ml,1,Beta-blockers (Cardiovascular drugs),Atco Labs
 Polytrol,Dexamethasone/neomycin/polymixin, eye drops, 5ml,1,Dermatological Agents (Dermatological agents),Atco Labs
 Donecept,Donepezil Hcl, tabs, 5mg,30,Anticholinesterases (Misc. drugs),Atco Labs
 Clobederm,Clobetasol, oint, 15g,1,Dermatological Agents (Dermatological agents),Atco Labs
 Betaxol,Betaxolol, eye drops, 5ml,1,Beta-blockers (Cardiovascular drugs),Atco Labs
 Adapco,Adapalene, gel, 15g,1,Dermatological Agents (Dermatological agents),Atco Labs
 Clomitab,Clomiphene, tabs, 50mg,10,Antioestrogens (Endocrine system drugs),Nabiqasim
 Clindar-v,Clindamycin, cream, 40g,1,Antibacterials: Lincosamides (Anti-infectives),Nabiqasim
 Bepsar,Losartan, tabs, 50mg,100,Angiotensin Ii Rec. Antagonists (Cardiovascular drugs),Nabiqasim
 Irnazin,Levocetirizine, tabs, 5mg,10,Antihistamines (Respiratory system drugs),Indus Pharma
 Indofer,Iron/haematinic Preparation, syp, 120ml,1,Haematinics/iron Preparations (Nutrition and blood agents),Indus Pharma
 Explat,Clopidogrel, tabs, 75mg,30,Antiplatelet Drugs (Cardiovascular drugs),Indus Pharma
 Clindar-t,Clindamycin, gel, 10g,1,Antibacterials: Lincosamides (Anti-infectives),Wallace (uk)
 Cripton,Bromocriptine, tabs, 2.5mg,30,Dopaminergic Agonists (CNS agents),Gedeon-richter
 Virom,Omeprazole, caps, 20mg,20,Proton Pump Inhibitors (Gastrointestinal drugs),Virchow Healthcare
 Viprax,Cefixime, tabs, 200mg,10,Antibacterials: Cephalosporins (Anti-infectives),Virchow Healthcare
 Lonsil,Silver Nitrate, gel, 15g,1,Dermatological Agents (Dermatological agents),Virchow Healthcare
 Hypot,Hyaluronidase, eye drops, 10mg/5ml,1,Misc. Agents (Misc. drugs),Virchow Healthcare
 Ceclonec-p,Aceclofenac/beta-cyclodextrin/paracetamol, tabs, 100/100/500,30,Nsaids (Musculoskeletal agents),Questa Care Inc
 Gevolox Plus,Glucosamine/chondrointin, tabs, 500/200mg,20,Vitamins/minerals (Nutrition and blood agents),Hilton Pharma Pakistan
 Ferosoft,Iron/haematinic Preparation, tabs, -,20,Haematinics/iron Preparations (Nutrition and blood agents),Hilton Pharma Pakistan
 Adco-bisocor,Bisoprolol, tabs, 10mg,30,Beta-blockers (Cardiovascular drugs),Adcork Ingram
 Adco-bisocor,Bisoprolol, tabs, 5mg,30,Beta-blockers (Cardiovascular drugs),Adcork Ingram
 Adco-amoclav,Amoxicillin/clavulanate, tabs, 1gm,10,Antibacterials: Penicillins (Anti-infectives),Adcork Ingram
 Adco-cetirizine,Cetirizine, tabs, 10mg,10,Antihistamines (Respiratory system drugs),Adcork Ingram
 Vife-z,Vitamin/mineral Preparation, caps, -,30,Vitamins/minerals (Nutrition and blood agents),Virchow Healthcare
 Nugraf,Filgrastim, inj, 300mcg,1,Misc. Agents (Misc. drugs),Zenotech
 Rubizen,Epirubicin, inj, 50mg,1,Cytotoxic Antibiotics (Oncology & immunosuppression drugs),Zenotech
 Rubizen,Epirubicin, inj, 10mg,1,Cytotoxic Antibiotics (Oncology & immunosuppression drugs),Zenotech
 Blastozen,Zoledronic Acid, inj, 4mg,1,Biphosphonates (Misc. drugs),Zenotech
 Unictam,Ampicillin/sulbactam, tabs, 375mg,12,Antibacterials: Penicillins (Anti-infectives),Medical Union Pharma
 Sediproct,Compound Antihaemorrhoidal Preparation, supp, -,6,Misc. Agents (Misc. drugs),Medical Union Pharma
 Gr Six,Vitamin/mineral Preparation, caps, -,16,Vitamins/minerals (Nutrition and blood agents),Medical Union Pharma
 Bebe Vit,Vitamin/mineral Preparation, drops, 30ml,1,Vitamins/minerals (Nutrition and blood agents),Medical Union Pharma
 Acinone-s,Antacid, susp, 120ml,1,Antacids (Gastrointestinal drugs),Medical Union Pharma
 Zincofer,Vitamin/mineral Preparation, caps, -,30,Vitamins/minerals (Nutrition and blood agents),Apex Global
 Zincofer,Vitamin/mineral Preparation, liquid, 200ml,1,Vitamins/minerals (Nutrition and blood agents),Apex Global
 Carbamazepine,Carbamazepine, tabs, 200mg,1000,Antiepileptics (CNS agents),Medopharma
 Alfree,Cetirizine, tabs, 10mg,100,Antihistamines (Respiratory system drugs),Stallion Labs
 Domstal-o,Domperidone/omeprazole, caps, 20/10mg,100,Proton Pump Inhibitors (Gastrointestinal drugs),Torrent Ltd
 Zometa,Zoledronic Acid, inj, 4mg,1,Biphosphonates (Misc. drugs),Novartis Pharma
 Parlodel,Bromocriptine, tabs, 2.5mg,100,Dopaminergic Agonists (CNS agents),Novartis Pharma
 Galvus,Vildagliptin, tabs, 50mg,56,Antidiabetics: Other (Endocrine system drugs),Novartis Pharma
 Exforge Hct,Amlodipine/valsartan/hydrochlorthiazide, tabs, 5/160/12.5mg,28,Calcium Channel Blokers (Cardiovascular drugs),Novartis Pharma
 Exforge Hct,Amlodipine/valsartan/hydrochlorthiazide, tabs, 10/160/12.5mg,28,Calcium Channel Blokers (Cardiovascular drugs),Novartis Pharma
 Pradaxa,Dabigatran, caps, 110mg,30,Anticoagulants (Cardiovascular drugs),Boehringer Ingelheim
 Pradaxa,Dabigatran, caps, 75mg,30,Anticoagulants (Cardiovascular drugs),Boehringer Ingelheim
 Dulcolax Adult,Bisacodyl, supp, 10mg,10,Laxatives (Gastrointestinal drugs),Boehringer Ingelheim
 Dulcolax Paed,Bisacodyl, supp, 5mg,10,Laxatives (Gastrointestinal drugs),Boehringer Ingelheim
 Zetro,Azithromycin, tabs, 500mg,3,Antibacterials: Macrolides (Anti-infectives),Getz Pharma Ltd
 Moxiget,Moxifloxacin, infusion, 400mg/250ml,1,Antibacterials: Floroquinolones (Anti-infectives),Getz Pharma Ltd
 Leflox,Levofloxacin, tabs, 750mg,10,Antibacterials: Floroquinolones (Anti-infectives),Getz Pharma Ltd
 Cartigen Plus,Glucosamine/chondrointin, tabs, 750/600mg,14,Vitamins/minerals (Nutrition and blood agents),Getz Pharma Ltd
 Clavulin,Amoxicillin/clavulanate, inj, 1.2g,10,Antibacterials: Penicillins (Anti-infectives),Glaxosmithkline (hsa)
 Clavulin,Amoxicillin/clavulanate, inj, 600mg,10,Antibacterials: Penicillins (Anti-infectives),Glaxosmithkline (hsa)
 Duo Cotexin,Dihydroartemisinin/piperaquine, tabs, 20/160mg,6,Antimalarials (Anti-infectives),Holley Cotec
 Sinutab 3-way,Cold/flu Remedy, tabs, -,20,Cold Remedies (Respiratory system drugs),Pfizer Cons
 Trifamox,Amoxicillin/sulbactam, inj, 750mg/5ml,1,Antibacterials: Penicillins (Anti-infectives),Pharmaco Healthcare
 Trifamox,Amoxicillin/sulbactam, susp, 250mg/5ml 60ml,1,Antibacterials: Penicillins (Anti-infectives),Pharmaco Healthcare
 Trifamox,Amoxicillin/sulbactam, tabs, 1g,8,Antibacterials: Penicillins (Anti-infectives),Pharmaco Healthcare
 Trifamox,Amoxicillin/sulbactam, tabs, 500mg,16,Antibacterials: Penicillins (Anti-infectives),Pharmaco Healthcare
 Eritrogen,Erythropoietin, inj, 2000iu/ml,1,Blood/plasma Products (Nutrition and blood agents),Pharmaco Healthcare
 Donataxel,Docetaxel, inj, 80mg,1,Anticancer/immunosuppressants: Other (Oncology & immunosuppression drugs),Pharmaco Healthcare
 Donataxel,Docetaxel, inj, 20mg,1,Anticancer/immunosuppressants: Other (Oncology & immunosuppression drugs),Pharmaco Healthcare
 Sulbatomax,Ceftriaxone/sulbactam, inj, 1500mg,1,Antibacterials: Cephalosporins (Anti-infectives),Venus Remedies
 Platol,Cisplatin, inj, 50mg/100ml,1,Anticancer/immunosuppressants: Other (Oncology & immunosuppression drugs),Venus Remedies
 Parin-e,Enoxaparin, inj, 20mg/0.2ml,2,Anticoagulants (Cardiovascular drugs),Venus Remedies
 Citabol,Gemcitabine, inj, 200mg,1,Antimetabolite Cytotoxics (Oncology & immunosuppression drugs),Venus Remedies
 Canol,Topotecan Hcl, inj, 4mg,1,Anticancer/immunosuppressants: Other (Oncology & immunosuppression drugs),Venus Remedies
 Enterogermina,Prebiotic/probiotic, inj, 2ml,10,Misc. Agents (Misc. drugs),Sanofi-aventis
 Epilim Chrono,Sodium Valproate, tabs, 300mg,100,Antiepileptics (CNS agents),Sanofi-aventis
 Kiddicof,Cough Syrup, syp, 100ml,1,Antitussives (Respiratory system drugs),Dannes Pharmacy
 Atrizex,Cetirizine, syp, 5mg/5ml 60ml,1,Antihistamines (Respiratory system drugs),Dannes Pharmacy
 Futguard,Herbal Remedy, powder, 50g,1,Misc. Agents (Misc. drugs),Dannes Pharmacy
 Futguard,Herbal Remedy, powder, 70g,1,Misc. Agents (Misc. drugs),Dannes Pharmacy
 Futguard,Herbal Remedy, spray, 20ml,1,Misc. Agents (Misc. drugs),Dannes Pharmacy
 Peardine,Povidone-iodine, spray, -,1,Disinfectants/antiseptics (Misc. drugs),Dannes Pharmacy
 Peardine,Povidone-iodine, liquid, 75ml,1,Disinfectants/antiseptics (Misc. drugs),Dannes Pharmacy
 Peardine,Povidone-iodine, liquid, 10% 200ml,1,Disinfectants/antiseptics (Misc. drugs),Dannes Pharmacy
 Peardine,Povidone-iodine, mouth wash, 1% 100ml,1,Disinfectants/antiseptics (Misc. drugs),Dannes Pharmacy
 Wosulin,Insulin, inj, 100iu 3ml,1,Antidiabetics: Insulin (Endocrine system drugs),Wockhardt Ltd
 Wosulin R/n/30-70,Insulin, inj, 100iu 10ml,1,Antidiabetics: Insulin (Endocrine system drugs),Wockhardt Ltd
 Ibnon,Idebenone, cream, 40gm,1,Misc. Agents (Misc. drugs),Ajanta Pharma Ltd
 Calflavone,Vitamin/mineral Preparation, tabs, -,30,Vitamins/minerals (Nutrition and blood agents),Tablets India Ltd
 Astymin-sn,Vitamin/mineral Preparation, infusion, 200ml,1,Vitamins/minerals (Nutrition and blood agents),Tablets India Ltd
 Aclavosun,Amoxicillin/clavulanate, inj, 0.6gm,1,Antibacterials: Penicillins (Anti-infectives),Hongkong Sunlight Tradind Co
 Ceftasun,Cefuroxime, inj, 0.75g,1,Antibacterials: Cephalosporins (Anti-infectives),Hongkong Sunlight Tradind Co
 Aclavosun,Amoxicillin/clavulanate, inj, 1.2g,1,Antibacterials: Penicillins (Anti-infectives),Hongkong Sunlight Tradind Co
 Rolac,Ketorolac, inj, 30mg,6,Nsaids (Musculoskeletal agents),Renata Ltd
 Ceftipime,Cefepime, inj, 500mg,1,Antibacterials: Cephalosporins (Anti-infectives),Renata Ltd
 Ceftipime,Cefepime, inj, 1gm,1,Antibacterials: Cephalosporins (Anti-infectives),Renata Ltd
 Ovulet,Clomiphene, tabs, 50mg,10,Antioestrogens (Endocrine system drugs),Renata Ltd
 Meropen,Meropenem, inj, 1gm,1,Antibacterials: Others (Anti-infectives),Renata Ltd
 Meropen,Meropenem, inj, 500mg,1,Antibacterials: Others (Anti-infectives),Renata Ltd
 Letrol,Letrozole, tabs, 2.5mg,5,Anticancer/immunosuppressants: Other (Oncology & immunosuppression drugs),Renata Ltd
 Giane,Cyproterone/ethinylestradiol, tabs, 2/0.035mg,21,See Class Of Components (),Renata Ltd
 Emcon,Levonorgesterol, tabs, 750mcg,2,Progestogens (Endocrine system drugs),Renata Ltd
 Cefatax-o,Cefixime, caps, 200mg,10,Antibacterials: Cephalosporins (Anti-infectives),Plethico Pharma
 Wormnil,Albendazole, tabs, 400mg,1,Anthelmintics (Anti-infectives),Plethico Pharma
 Travasil,Herbal Remedy, syp, 100ml,1,Misc. Agents (Misc. drugs),Plethico Pharma
 Relievo,Paracetamol/ibuprofen, tabs, 325/400mg,6,Nsaids (Musculoskeletal agents),Plethico Pharma
 Recozin,Cetirizine, tabs, 10mg,10,Antihistamines (Respiratory system drugs),Plethico Pharma
 Pleom,Omeprazole, caps, 20mg,10,Proton Pump Inhibitors (Gastrointestinal drugs),Plethico Pharma
 Pefloma,Pefloxacin, tabs, 400mg,10,Antibacterials: Floroquinolones (Anti-infectives),Plethico Pharma
 Plazadol,Tramadol, inj, 50mg/ml,5,Opiod Analgesics (Musculoskeletal agents),Plethico Pharma
 Plazadol,Tramadol, caps, 50mg,20,Opiod Analgesics (Musculoskeletal agents),Plethico Pharma
 Odaft,Fluconazole, caps, 150mg,1,Antifungals (Anti-infectives),Plethico Pharma
 Mountain Herbz Easy Bowels,Herbal Remedy, powder, 100gm,1,Misc. Agents (Misc. drugs),Plethico Pharma
 Loractive,Loratadine, tabs, 10mg,10,Antihistamines (Respiratory system drugs),Plethico Pharma
 Gynokit,Fluconazole/azithromycin/secnidazole, tabs, 150mg/1g/1g,4,Misc. Agents (Misc. drugs),Plethico Pharma
 Cibid,Ciprofloxacin, tabs, 500mg,100,Antibacterials: Floroquinolones (Anti-infectives),Plethico Pharma
 Azipar,Azithromycin, tabs, 500mg,3,Antibacterials: Macrolides (Anti-infectives),Plethico Pharma
 Ultigra,Fexofenadine, tabs, 120mg,60,Antihistamines (Respiratory system drugs),Medley Pharma
 O2,Ofloxacin/ornidazole, tabs, 200/500mg,30,Misc. Agents (Misc. drugs),Medley Pharma
 Tuxiril,Cough Syrup, syp, 100ml,1,Antitussives (Respiratory system drugs),Medley Pharma
 Universal Gripe Water,Colic Remedy, syp, 120ml,1,Misc. Agents (Misc. drugs),Medicorp
 Neladol,Paracetamol, susp, 100ml,1,Nsaids (Musculoskeletal agents),Universal Cooporation
 Methomine S,Sulfadoxine/pyrimethamine, syp, 10ml,1,Antimalarials (Anti-infectives),Medicorp
 Ojen,Ofloxacin, susp, 60ml,1,Antibacterials: Floroquinolones (Anti-infectives),Jenburkt Pharma
 Zenglobin,Vitamin/mineral Preparation, syp, 200ml,1,Vitamins/minerals (Nutrition and blood agents),Jenburkt Pharma
 Carti Safe-forte Msm,Glucosamine/calcium Carbonate, tabs, -,30,Vitamins/minerals (Nutrition and blood agents),Jenburkt Pharma
 Pwergesic Mr,Chlorzoxazone/diclofenac/paracetamol, tabs, 500/50/500mg,100,Skeletal Muscle Relaxants (Musculoskeletal agents),Jenburkt Pharma
 Scavenz Soft Gelatin,Vitamin/mineral Preparation, caps, -,30,Vitamins/minerals (Nutrition and blood agents),Indchemie Health Specialities
 Megamac,Clarithromycin, tabs, 500mg,20,Antibacterials: Macrolides (Anti-infectives),Indchemie Health Specialities
 Indclav,Amoxicillin/clavulanate, inj, 1.2g,1,Antibacterials: Penicillins (Anti-infectives),Indchemie Health Specialities
 Indclav,Amoxicillin/clavulanate, tabs, 375mg,20,Antibacterials: Penicillins (Anti-infectives),Indchemie Health Specialities
 Celfast,Aceclofenac/paracetamol, tabs, 100/500mg,100,Nsaids (Musculoskeletal agents),Indchemie Health Specialities
 Bonestat Soft Gelatin,Calcium Carbonate, caps, -,30,Antacids (Gastrointestinal drugs),Indchemie Health Specialities
 Taxuba,Docetaxel, inj, 80mg,1,Anticancer/immunosuppressants: Other (Oncology & immunosuppression drugs),Glenmark Pharma
 Taxuba,Docetaxel, inj, 20mg,1,Anticancer/immunosuppressants: Other (Oncology & immunosuppression drugs),Glenmark Pharma
 Otel,Paclitaxel, inj, 100mg,1,Anticancer/immunosuppressants: Other (Oncology & immunosuppression drugs),Glenmark Pharma
 Otel,Paclitaxel, inj, 30mg,1,Anticancer/immunosuppressants: Other (Oncology & immunosuppression drugs),Glenmark Pharma
 Glirin,Irinotecan, inj, 100mg,1,Anticancer/immunosuppressants: Other (Oncology & immunosuppression drugs),Glenmark Pharma
 Glirin,Irinotecan, inj, 40mg,1,Anticancer/immunosuppressants: Other (Oncology & immunosuppression drugs),Glenmark Pharma
 Oplat,Carboplatin, inj, 450mg,1,Anticancer/immunosuppressants: Other (Oncology & immunosuppression drugs),Glenmark Pharma
 Oplat,Carboplatin, inj, 150mg,1,Anticancer/immunosuppressants: Other (Oncology & immunosuppression drugs),Glenmark Pharma
 Glenoxal,Oxaliplatin, inj, 100mg,1,Anticancer/immunosuppressants: Other (Oncology & immunosuppression drugs),Glenmark Pharma
 Glenoxal,Oxaliplatin, inj, 50mg,1,Anticancer/immunosuppressants: Other (Oncology & immunosuppression drugs),Glenmark Pharma
 Dubirox,Doxorubicin, inj, 10mg,1,Cytotoxic Antibiotics (Oncology & immunosuppression drugs),Glenmark Pharma
 Dubirox,Doxorubicin, inj, 50mg,1,Cytotoxic Antibiotics (Oncology & immunosuppression drugs),Glenmark Pharma
 Prindo-d,Perindopril/indapamide, tabs, 2/0.625mg,30,Ace Inhibitors (Cardiovascular drugs),Glenmark Pharma
 Prindo,Perindopril, tabs, 4mg,30,Ace Inhibitors (Cardiovascular drugs),Glenmark Pharma
 Prindo,Perindopril, tabs, 2mg,30,Ace Inhibitors (Cardiovascular drugs),Glenmark Pharma
 Magacid,Antacid, tabs, 250mg,1000,Antacids (Gastrointestinal drugs),Flamingo Impex Pvt
 Rabeto,Rabeprazole Sodium, tabs, 20mg,10,Proton Pump Inhibitors (Gastrointestinal drugs),Flamingo Impex Pvt
 Zealor,Acyclovir, tabs, 400mg,10,Antiviral Agents (Anti-infectives),Flamingo Impex Pvt
 Vigorix Forte,Vitamin/mineral Preparation, syp, 100ml,1,Vitamins/minerals (Nutrition and blood agents),Flamingo Impex Pvt
 Profit,Vitamin/mineral Preparation, syp, 200ml,1,Vitamins/minerals (Nutrition and blood agents),Flamingo Impex Pvt
 Nocanz,Fluconazole, caps, 150mg,1,Antifungals (Anti-infectives),Flamingo Impex Pvt
 Flamoset,Levocetirizine, tabs, 5mg,30,Antihistamines (Respiratory system drugs),Flamingo Impex Pvt
 Kefurox,Cefuroxime, inj, 750mg,1,Antibacterials: Cephalosporins (Anti-infectives),Flamingo Impex Pvt
 Kefurox,Cefuroxime, tabs, 250mg,10,Antibacterials: Cephalosporins (Anti-infectives),Flamingo Impex Pvt
 Kamox Clav,Amoxicillin/clavulanate, tabs, 1g,10,Antibacterials: Penicillins (Anti-infectives),Flamingo Impex Pvt
 Kamox Clav,Amoxicillin/clavulanate, tabs, 375mg,10,Antibacterials: Penicillins (Anti-infectives),Flamingo Impex Pvt
 Cefalin Ds,Cephalexin, susp, 100ml,1,Antibacterials: Cephalosporins (Anti-infectives),Flamingo Impex Pvt
 Dentyl,Antiseptic Mouth Wash, mouth wash, 500ml,1,Disinfectants/antiseptics (Misc. drugs),Ddd (uk)
 Dentyl,Antiseptic Mouth Wash, mouth wash, 250ml,1,Disinfectants/antiseptics (Misc. drugs),Ddd (uk)
 Nasosal,Normal Saline, drops, 10ml,1,Fluids And Electrolytes (Nutrition and blood agents),Ddd (uk)
 Alsarex,Herbal Remedy, tabs, -,40,Misc. Agents (Misc. drugs),Charak
 Multifit,Vitamin/mineral Preparation, caps, -,30,Vitamins/minerals (Nutrition and blood agents),"Bells, Sons &co"
 Artequick,Dihydroartemisinin/piperaquine, tabs, -,4,Antimalarials (Anti-infectives),Artepharm (china)
 Zaha,Azithromycin, tabs, 500mg,3,Antibacterials: Macrolides (Anti-infectives),Ajanta Pharma Ltd
 Zaha,Azithromycin, tabs, 250mg,6,Antibacterials: Macrolides (Anti-infectives),Ajanta Pharma Ltd
 Adrop Dx,Moxifloxacin/dexamethasone, eye drops, 3ml,1,Antibacterials: Floroquinolones (Anti-infectives),Ajanta Pharma Ltd
 Apdrops,Moxifloxacin, eye drops, 3ml,1,Antibacterials: Floroquinolones (Anti-infectives),Ajanta Pharma Ltd
 Talimus,Tacrolimus, oint, 0.03% 10g,1,Anticancer/immunosuppressants: Other (Oncology & immunosuppression drugs),Ajanta Pharma Ltd
 Sunstop,Zinc Oxide, cream, 50g,1,Dermatological Agents (Dermatological agents),Ajanta Pharma Ltd
 Perobar,Benzoyl Peroxide, soap bar, 75g,1,Dermatological Agents (Dermatological agents),Ajanta Pharma Ltd
 Nurifer Jnr,Iron/haematinic Preparation, syp, 100ml,1,Haematinics/iron Preparations (Nutrition and blood agents),Ajanta Pharma Ltd
 Melacare,Tretinoine/hydroquinone, cream, 15g,1,Dermatological Agents (Dermatological agents),Ajanta Pharma Ltd
 Lacoma,Latanoprost, eye drops, 50mcg 2.5ml,1,Prostagladins & Analogues (Misc. drugs),Ajanta Pharma Ltd
 Kamagra,Sildenafil, tabs, 100mg,4,"Erectile Dysfunction Agents (Urinary, Obstetrics and Gynaecological agents)",Ajanta Pharma Ltd
 Kamagra,Sildenafil, tabs, 50mg,4,"Erectile Dysfunction Agents (Urinary, Obstetrics and Gynaecological agents)",Ajanta Pharma Ltd
 Claranta,Clarithromycin, tabs, 500mg,20,Antibacterials: Macrolides (Anti-infectives),Ajanta Pharma Ltd
 Artefan,Artemether/lumefantrine, susp, 60ml,1,Antimalarials (Anti-infectives),Ajanta Pharma Ltd
 Aquasoft,Glycerine, soap bar, 75g,1,Misc. Agents (Misc. drugs),Ajanta Pharma Ltd
 Atorfit Ez,Atorvastatin/ezetimibe, tabs, 10/10mg,30,Statins (Cardiovascular drugs),Ajanta Pharma Ltd
 Today Nasal,(n/a), inhaler, -,12,Misc. Agents (Misc. drugs),"Bliss Gvs Pharma, India"
 Byofer 12,Iron/haematinic Preparation, syp, 200ml,1,Haematinics/iron Preparations (Nutrition and blood agents),"Bliss Gvs Pharma, India"
 B.g. Glutamin Plus,Vitamin/mineral Preparation, tabs, -,20,Vitamins/minerals (Nutrition and blood agents),"Bliss Gvs Pharma, India"
 B.g. Glutamin,Vitamin/mineral Preparation, tabs, -,30,Vitamins/minerals (Nutrition and blood agents),"Bliss Gvs Pharma, India"
 Slipizem,Diazepam, supp, 5mg,5,Anxiolytics/sedatives/hypnotics/neuroleptics (CNS agents),"Bliss Gvs Pharma, India"
 Slipizem,Diazepam, supp, 2.5mg,5,Anxiolytics/sedatives/hypnotics/neuroleptics (CNS agents),"Bliss Gvs Pharma, India"
 Vomitin,Domperidone, supp, 30mg,5,Antiemetics (Gastrointestinal drugs),"Bliss Gvs Pharma, India"
 Vomitin,Domperidone, supp, 10mg,5,Antiemetics (Gastrointestinal drugs),"Bliss Gvs Pharma, India"
 Conlax,Bisacodyl, supp, 10mg,5,Laxatives (Gastrointestinal drugs),"Bliss Gvs Pharma, India"
 Conlax,Bisacodyl, supp, 5mg,5,Laxatives (Gastrointestinal drugs),"Bliss Gvs Pharma, India"
 Parafen,Paracetamol/ibuprofen, supp, 80/50mg,5,Nsaids (Musculoskeletal agents),"Bliss Gvs Pharma, India"
 Anox,Compound Antihaemorrhoidal Preparation, supp, -,5,Misc. Agents (Misc. drugs),"Bliss Gvs Pharma, India"
 Ecozole,Econazole, pess, 150mg,3,Antifungals (Anti-infectives),"Bliss Gvs Pharma, India"
 P.alaxin,Dihydroartemisinin/piperaquine, susp, 80ml,1,Antimalarials (Anti-infectives),"Bliss Gvs Pharma, India"
 Lonat,Artemether/lumefantrine, supp, 20/120mg,6,Antimalarials (Anti-infectives),"Bliss Gvs Pharma, India"
 Neogadine,Vitamin/mineral Preparation, syp, 150ml,1,Vitamins/minerals (Nutrition and blood agents),"Raptakos, Brett"
 Glykof,Cough Syrup, syp, 120ml,1,Antitussives (Respiratory system drugs),"Raptakos, Brett"
 Igol-d,Ispaghula Husk, satchet, 0.85g,10,Laxatives (Gastrointestinal drugs),"Raptakos, Brett"
 No Rash,(n/a), cream, 20g,1,Misc. Agents (Misc. drugs),"Raptakos, Brett"
 Icaps,Vitamin/mineral Preparation, tabs, -,60,Vitamins/minerals (Nutrition and blood agents),Alcon Pharma
 Duotrav,Travoprost/timolol, eye drops, 2.5ml,1,See Class Of Components (),Alcon Pharma
 Colimex,Colistin, syp, 60ml,1,Antibacterials: Others (Anti-infectives),Minapharm Egypt
 Canol,Topotecan Hcl, inj, 2.5mg,1,Anticancer/immunosuppressants: Other (Oncology & immunosuppression drugs),Venus Remedies
 Zetax-sb,Cefotaxime/sulbactam, inj, -,1,Antibacterials: Cephalosporins (Anti-infectives),Kilitch Drugs India
 Tobrabac,Tabramycin, eye drops, 0.3% 5ml,1,Misc. Agents (Misc. drugs),Popular Pharma
 Onecef-sb,Ceftriaxone/sulbactam, inj, -,1,Antibacterials: Cephalosporins (Anti-infectives),Kilitch Drugs India
 Onecef,Ceftriaxone, inj, 500mg,1,Antibacterials: Cephalosporins (Anti-infectives),Kilitch Drugs India
 Onecef,Ceftriaxone, inj, 1gm,1,Antibacterials: Cephalosporins (Anti-infectives),Kilitch Drugs India
 Azilide,Azithromycin, tabs, 250mg,6,Antibacterials: Macrolides (Anti-infectives),Micro-labs Ltd
 Lopadol,Ketorolac, eye drops, 5ml,1,Nsaids (Musculoskeletal agents),Popular Pharma
 Fluromet,Fluorometholone, eye drops, 5ml,1,Corticosteroids (Endocrine system drugs),Popular Pharma
 Zincovit,Vitamin/mineral Preparation, drops, 15ml,1,Vitamins/minerals (Nutrition and blood agents),Apex Global
 Zincovit,Vitamin/mineral Preparation, tabs, -,30,Vitamins/minerals (Nutrition and blood agents),Apex Global
 Zincovit,Vitamin/mineral Preparation, syp, 200ml,1,Vitamins/minerals (Nutrition and blood agents),Apex Global
 Revac B Adult,Hepatitis B Vaccine, inj, 1ml,1,Immunological Agents (Immunological agents),Bharat Biotech
 Revac B Paed,Hepatitis B Vaccine, inj, 0.5ml,1,Immunological Agents (Immunological agents),Bharat Biotech
 Comvac 4-hb,Diphtheria/pertusis/tetanus Vaccine, inj, 0.5ml,1,Immunological Agents (Immunological agents),Bharat Biotech
 Indirab,Rabies Vaccine, inj, 0.5ml,1,Immunological Agents (Immunological agents),Bharat Biotech
 Hymet,Hydrochlorothiazide, tabs, 50mg,1000,Thiazide And Related Diuretics (Cardiovascular drugs),Lab & Allied
 Labclor,Cefaclor, caps, 250mg,10,Antibacterials: Cephalosporins (Anti-infectives),Lab & Allied
 Unicontin,Theophylline, tabs, 600mg,100,Xanthines (Respiratory system drugs),Modi-mundipahrma
 Unicontin,Theophylline, tabs, 400mg,100,Xanthines (Respiratory system drugs),Modi-mundipahrma
 Trd-contin,Tramadol, tabs, 100mg,50,Opiod Analgesics (Musculoskeletal agents),Modi-mundipahrma
 Fecontin Z,Iron/haematinic Preparation, tabs, -,100,Haematinics/iron Preparations (Nutrition and blood agents),Modi-mundipahrma
 Dilcontin Xl,Diltiazem, tabs, 180mg,100,Vasodilators (Cardiovascular drugs),Modi-mundipahrma
 Dilcontin Xl,Diltiazem, tabs, 120mg,100,Vasodilators (Cardiovascular drugs),Modi-mundipahrma
 Dilcontin Xl,Diltiazem, tabs, 90mg,100,Vasodilators (Cardiovascular drugs),Modi-mundipahrma
 Orpim,Cefepime, inj, 1g,1,Antibacterials: Cephalosporins (Anti-infectives),Orchid Healthcare
 Linzec,Cefazolin, inj, 1g,1,Antibacterials: Cephalosporins (Anti-infectives),Orchid Healthcare
 Amlo-10,Amlodipine, tabs, 10mg,50,Calcium Channel Blokers (Cardiovascular drugs),Orchid Healthcare
 Oncotaxel,Paclitaxel, inj, 100mg,1,Anticancer/immunosuppressants: Other (Oncology & immunosuppression drugs),Sun Pharma
 Oncoplatin,Cisplatin, inj, 50mg,1,Anticancer/immunosuppressants: Other (Oncology & immunosuppression drugs),Sun Pharma
 Oncoplatin Aq,Cisplatin, inj, 10mg,1,Anticancer/immunosuppressants: Other (Oncology & immunosuppression drugs),Sun Pharma
 Oncocristine,Vincristine, inj, 1mg,1,Anticancer/immunosuppressants: Other (Oncology & immunosuppression drugs),Sun Pharma
 Gemtaz,Gemcitabine, inj, 1g,1,Antimetabolite Cytotoxics (Oncology & immunosuppression drugs),Sun Pharma
 Sompraz,Esomeprazole, inj, 40mg,1,Proton Pump Inhibitors (Gastrointestinal drugs),Sun Pharma
 Pioglit Mf,Pioglitazone/metformin, tabs, 30/500mg,30,Antidiabetics: Other (Endocrine system drugs),Sun Pharma
 Pioglit Mf,Pioglitazone/metformin, tabs, 15/500mg,30,Antidiabetics: Other (Endocrine system drugs),Sun Pharma
 Oleanz,Olanzapine, tabs, 10mg,30,Antipsychotics (CNS agents),Sun Pharma
 Oleanz,Olanzapine, tabs, 5mg,30,Antipsychotics (CNS agents),Sun Pharma
 Caberlin,Cabergoline, tabs, 0.5mg,4,Dopaminergic Agonists (CNS agents),Sun Pharma
 Carvil,Carvedilol, tabs, 25mg,30,Beta-blockers (Cardiovascular drugs),"Zydus Cadila H/care, India"
 Carvil,Carvedilol, tabs, 12.5mg,30,Beta-blockers (Cardiovascular drugs),"Zydus Cadila H/care, India"
 Carvil,Carvedilol, tabs, 6.25mg,30,Beta-blockers (Cardiovascular drugs),"Zydus Cadila H/care, India"
 Bonmax,Raloxifene, tabs, 80mg,28,Oestrogens (Endocrine system drugs),"Zydus Cadila H/care, India"
 Aquarest,Saccharomyces Boulardii, satchet, 765mg,10,Misc. Agents (Misc. drugs),Virchow Healthcare
 Actophlem,Cough Expectorant, syp, 200ml,1,Mucolytics/expectorants (Respiratory system drugs),Adcork Ingram
 Fantem,Artemether/lumefantrine, susp, 60ml,1,Antimalarials (Anti-infectives),Medinomics
 Fantem,Artemether/lumefantrine, tabs, 20/120mg,24,Antimalarials (Anti-infectives),Medinomics
 Fantem,Artemether/lumefantrine, tabs, 20/120mg,6,Antimalarials (Anti-infectives),Medinomics
 Ossferon,Iron/haematinic Preparation, syp, 200ml,1,Haematinics/iron Preparations (Nutrition and blood agents),Oss Chemie Ltd
 Ristatin,Nystatin, drops, 30ml,1,Antifungals (Anti-infectives),Oss Chemie Ltd
 Brecare,Montelukast, tabs, 10mg,14,Leukotriene Receptor Antagonists (Respiratory system drugs),Efroze Chemical
 Serlift,Sertraline, tabs, 50mg,30,Ssris (CNS agents),Ranbaxy Labs
 Klabax,Clarithromycin, tabs, 500mg,10,Antibacterials: Macrolides (Anti-infectives),Ranbaxy Labs
 Cepodem,Cefpodoxime, tabs, 200mg,10,Antibacterials: Cephalosporins (Anti-infectives),Ranbaxy Labs
 Cepodem,Cefpodoxime, tabs, 100mg,10,Antibacterials: Cephalosporins (Anti-infectives),Ranbaxy Labs
 Panpure,Pantoprazole, tabs, 20mg,28,Proton Pump Inhibitors (Gastrointestinal drugs),Emcure Pharmaceuticals
 Elaxim,Tenecteplase, inj, 50mg,1,Fibrinolyic Drugs (Nutrition and blood agents),Emcure Pharmaceuticals
 Novorapid Flexpen,Insulin, inj, 3ml,5,Antidiabetics: Insulin (Endocrine system drugs),Novo-nordisk A/s
 Novorapid,Insulin, inj, 10ml,1,Antidiabetics: Insulin (Endocrine system drugs),Novo-nordisk A/s
 Dimetapp,Cough Syrup, syp, 118ml,1,Antitussives (Respiratory system drugs),Wyeth Consumer
 Chewvit,Vitamin/mineral Preparation, tabs, -,30,Vitamins/minerals (Nutrition and blood agents),Prisma Pharma
 Vinrab,Rabies Vaccine, inj, 5ml,1,Immunological Agents (Immunological agents),Phillips Pharma
 Snake Venom Antiserum,Anti-snake Venom, inj, 10ml,1,Chelating Agents/antidotes (Misc. drugs),Phillips Pharma
 Malither-l,Artemether/lumefantrine, tabs, 20mg/120mg,24,Antimalarials (Anti-infectives),Themis Medicare
 Odixil,Cefadroxil, susp, 125mg/5ml 100ml,1,Antibacterials: Cephalosporins (Anti-infectives),Lupin Labs
 Odixil Od,Cefadroxil, tabs, 1g,5,Antibacterials: Cephalosporins (Anti-infectives),Lupin Labs
 Odixil Dt,Cefadroxil, tabs, 250mg,100,Antibacterials: Cephalosporins (Anti-infectives),Lupin Labs
 Odixil,Cefadroxil, tabs, 500mg,100,Antibacterials: Cephalosporins (Anti-infectives),Lupin Labs
 Travisil,Herbal Remedy, syp, 100ml,1,Misc. Agents (Misc. drugs),Plethico Pharma
 Aziwok,Azithromycin, tabs, 500mg,30,Antibacterials: Macrolides (Anti-infectives),Wockhardt Ltd
 Metadien Er,Metformin, tabs, 500mg,30,Antidiabetics:biguanides (Endocrine system drugs),Wockhardt Ltd
 Zoret,Terbinafine, syp, 60ml,1,Antifungals (Anti-infectives),Cadila Pharma
 Vepan,Cefaclor, syp, 100ml,1,Antibacterials: Cephalosporins (Anti-infectives),Indoco Remedies
 Bleocip,Bleomycin Sulphate, inj, 15iu 5ml,1,Cytotoxic Antibiotics (Oncology & immunosuppression drugs),Cipla Ltd
 Lopracip,Escitalopram, tabs, 10mg,30,Ssris (CNS agents),Cipla Ltd
 Lyracip,Pregabalin, tabs, 75mg,30,Antiepileptics (CNS agents),Cipla Ltd
 Valcip Cr,Sodium Valproate, tabs, 500mg,100,Antiepileptics (CNS agents),Cipla Ltd
 Valcip,Sodium Valproate, tabs, 200mg,100,Antiepileptics (CNS agents),Cipla Ltd
 Alpaz Sr,Alprazolam, tabs, 0.5mg,100,Anxiolytics/sedatives/hypnotics/neuroleptics (CNS agents),Cipla Ltd
 Vencir,Venlafaxine, tabs, 75mg,30,Antidepressants: Other (CNS agents),Cipla Ltd
 Risna,Risperidone, tabs, 3mg,30,Antipsychotics (CNS agents),Cipla Ltd
 Risna,Risperidone, tabs, 2mg,30,Antipsychotics (CNS agents),Cipla Ltd
 Flexoquin,Quetiapine, tabs, 100mg,30,Antipsychotics (CNS agents),Cipla Ltd
 Olencip,Olanzapine, tabs, 10mg,30,Antipsychotics (CNS agents),Cipla Ltd
 Duocip,Duloxetine, tabs, 60mg,30,Ssris (CNS agents),Cipla Ltd
 Duocip,Duloxetine, tabs, 30mg,30,Ssris (CNS agents),Cipla Ltd
 Flamacip Sr,Diclofenac, tabs, 100mg,100,Nsaids (Musculoskeletal agents),Cipla Ltd
 Flamacip,Diclofenac, tabs, 50mg,100,Nsaids (Musculoskeletal agents),Cipla Ltd
 Gabricip,Paromomycin, syp, 60ml,1,Antiprozoal Agents (Anti-infectives),Cipla Ltd
 Linospa,Linezolid, inj, 2mg/ml 300ml,1,Antibacterials: Others (Anti-infectives),Cipla Ltd
 Ocemax,Cefixime, tabs, 400mg,5,Antibacterials: Cephalosporins (Anti-infectives),Cipla Ltd
 Naturil,Cough Syrup, syp, 100ml,1,Antitussives (Respiratory system drugs),Cipla Ltd
 Metfocip Er,Metformin, tabs, 500mg,100,Antidiabetics:biguanides (Endocrine system drugs),Cipla Ltd
 Metfocip Er,Metformin, tabs, 850mg,100,Antidiabetics:biguanides (Endocrine system drugs),Cipla Ltd
 Telzart,Telmisartan, tabs, 80mg,30,Angiotensin Ii Rec. Antagonists (Cardiovascular drugs),Cipla Ltd
 Nebivil,Nebivolol, tabs, 5mg,30,Beta-blockers (Cardiovascular drugs),Cipla Ltd
 Clopicip Ap,Clopidogrel/aspirin, tabs, 75/75mg,30,Antiplatelet Drugs (Cardiovascular drugs),Cipla Ltd
 Zorcan,Fluconazole, susp, 10mg/ml35ml,1,Antifungals (Anti-infectives),Cipla Ltd
 Zorcan,Fluconazole, caps, 200mg,100,Antifungals (Anti-infectives),Cipla Ltd
 Trexol,Methotrexate, inj, 50mg/2ml,1,Anticancer/immunosuppressants: Other (Oncology & immunosuppression drugs),Venus Remedies
 Sedol,Etoposide, inj, 100mg/5ml,1,Anticancer/immunosuppressants: Other (Oncology & immunosuppression drugs),Venus Remedies
 Ronem,Meropenem, inj, 500mg,1,Antibacterials: Others (Anti-infectives),Venus Remedies
 Platol,Cisplatin, inj, 10mg/20ml,1,Anticancer/immunosuppressants: Other (Oncology & immunosuppression drugs),Venus Remedies
 Lastinem,Imipenem/cilastin, inj, 500mg,1,Antibacterials: Others (Anti-infectives),Venus Remedies
 Cristol,Vincristine, inj, 1mg,1,Anticancer/immunosuppressants: Other (Oncology & immunosuppression drugs),Venus Remedies
 Clexane,Enoxaparin, inj, 80mg,2,Anticoagulants (Cardiovascular drugs),Sanofi-aventis
 Clexane,Enoxaparin, inj, 60mg,2,Anticoagulants (Cardiovascular drugs),Sanofi-aventis
 Irinogen,Irinotecan, inj, 100mg/5ml,1,Anticancer/immunosuppressants: Other (Oncology & immunosuppression drugs),Pharmaco Healthcare
 Eritrogen,Erythropoietin, inj, 4000iu/ml,1,Blood/plasma Products (Nutrition and blood agents),Pharmaco Healthcare
 Myfortic,Mycophenolate Mofetil, tabs, 360mg,120,Anticancer/immunosuppressants: Other (Oncology & immunosuppression drugs),Novartis Pharma
 Elovac-b Adult,Hepatitis B Vaccine, inj, 1ml,1,Immunological Agents (Immunological agents),Human Biologicals
 Elovac-b Paed,Hepatitis B Vaccine, inj, 0.5ml,1,Immunological Agents (Immunological agents),Human Biologicals
 Actifed Chesty,Cough Expectorant, syp, 100ml,1,Mucolytics/expectorants (Respiratory system drugs),Glaxosmithkline Consumer
 Seretide,Salmeterol/fluticasone, inhaler, 25/250 mcg 120d,1,Selective Beta-2 Agonists (Respiratory system drugs),Glaxosmithkline Pharma
 Arixtra,Fondaparinax, inj, 7.5mg/0.6ml,10,Anticoagulants (Cardiovascular drugs),Glaxosmithkline Pharma
 Insuget R 70/30,Insulin, inj, 10ml,1,Antidiabetics: Insulin (Endocrine system drugs),Getz Pharma Ltd
 Getzid Mr,Gliclazide, tabs, 30mg,20,Sulphonylureas (Endocrine system drugs),Getz Pharma Ltd
 Esome,Esomeprazole, inj, 40mg/5ml,1,Proton Pump Inhibitors (Gastrointestinal drugs),Getz Pharma Ltd
 Celcoxx,Celecoxib, tabs, 400mg,20,Nsaids (Musculoskeletal agents),Getz Pharma Ltd
 Amlo,Amlodipine, tabs, 10mg,20,Calcium Channel Blokers (Cardiovascular drugs),Getz Pharma Ltd
 Amlo,Amlodipine, tabs, 5mg,20,Calcium Channel Blokers (Cardiovascular drugs),Getz Pharma Ltd
 Bisolvon,Bromhexine, syp, 200ml,1,Mucolytics/expectorants (Respiratory system drugs),Boehringer Ingelheim
 Klacid Xl,Clarithromycin, tabs, 500mg,10,Antibacterials: Macrolides (Anti-infectives),Abbott (usa)
 Torocef,Ceftriaxone, inj, 250mg,1,Antibacterials: Cephalosporins (Anti-infectives),Torrent Ltd
 Topamax,Topiramate, tabs, 100mg,60,Antiepileptics (CNS agents),Janssen-cilag
 Rosucip,Rosuvastatin, tabs, 20mg,30,Statins (Cardiovascular drugs),Cipla Ltd
 Rosucip,Rosuvastatin, tabs, 10mg,30,Statins (Cardiovascular drugs),Cipla Ltd
 Unirif,Rifampicin, tabs, 300mg,100,Antitubercular Agents (Anti-infectives),Universal Cooporation
 Pyzina,Pyrazinamide, tabs, 750mg,100,Antitubercular Agents (Anti-infectives),Lupin Labs
 Prodom,Domperidone, drops, 10ml,1,Antiemetics (Gastrointestinal drugs),Wallace (uk)
 Phenergan,Promethazine, tabs, 25mg,56,Antihistamines (Respiratory system drugs),Sanofi-aventis
 Pexola,Pramipexole, tabs, 0.25mg,100,Antiparkinsonism Agents (CNS agents),Boehringer Ingelheim
 Pexola,Pramipexole, tabs, 1mg,100,Antiparkinsonism Agents (CNS agents),Boehringer Ingelheim
 Pevaryl,Econazole, lotion, 30ml,1,Antifungals (Anti-infectives),Janssen-cilag
 Oxybral,Vincamine, syp, 120ml,1,Misc. Agents (Misc. drugs),Glaxosmithkline (egy)
 Oruvail,Ketoprofen, tabs, 100mg,30,Nsaids (Musculoskeletal agents),Sanofi-aventis
 Oframax,Ceftriaxone, inj, 500mg,1,Antibacterials: Cephalosporins (Anti-infectives),Ranbaxy Labs
 Novalgin,Metamizole, inj, 5ml,5,Nsaids (Musculoskeletal agents),Sanofi-aventis
 Nimica,Nimesulide, syp, 60ml,1,Nsaids (Musculoskeletal agents),Ipca
 Nimica,Nimesulide, tabs, 50mg,100,Nsaids (Musculoskeletal agents),Ipca
 Nimegesic,Nimesulide, syp, 60ml,1,Nsaids (Musculoskeletal agents),Alembic
 Nilgar,Pioglitazole, tabs, 30mg,30,Antidiabetics: Other (Endocrine system drugs),Mega
 Motinorm,Domperidone, syp, 30ml,1,Antiemetics (Gastrointestinal drugs),Medley Pharma
 Met Xl,Metoprolol, tabs, 25mg,30,Beta-blockers (Cardiovascular drugs),Ajanta Pharma Ltd
 Met Xl,Metoprolol, tabs, 50mg,30,Beta-blockers (Cardiovascular drugs),Ajanta Pharma Ltd
 Lizomed,Linezolid, syp, 30ml,1,Antibacterials: Others (Anti-infectives),Aglowmed Ltd
 Livostin,Levocabastine, nasal spray, 10ml,1,Antihistamines (Respiratory system drugs),Janssen-cilag
 Lipovenous 20%,Tpn, solution, 500ml,,Misc. Agents (Misc. drugs),Fresenius Kabi
 Lipiriv,Atorvastatin, tabs, 20mg,10,Statins (Cardiovascular drugs),Riva Pharma Sae
 Lamosyn,Lamotrigine, tabs, 25mg,50,Antiepileptics (CNS agents),Sun Pharma
 Lacipil,Lacidipine, tabs, 2mg,28,Calcium Channel Blokers (Cardiovascular drugs),Glaxosmithkline Pharma
 Labcimet,Cimetidine, tabs, 400mg,100,H-2 Receptor Antagonists (Gastrointestinal drugs),Lab & Allied
 Ketotif,Ketotifen, tabs, 1mg,100,Prophylactic Anti-allergens (Respiratory system drugs),Kopran
 Kenalog,Triamcinilone, inj, 40mg/ml,1,Corticosteroids (Endocrine system drugs),Bristol-myers
 Kaletra,Lopinavir/ritonavir, syp, 300ml,1,Antiretrovirals (Anti-infectives),Abbott (usa)
 Ivynozvin P,Xylometazoline (hydrochloride), drops, 10ml,1,Sympathomimetics (Cardiovascular drugs),Ivee Aqua Epz
 Inspra,Eplerenone, tabs, 50mg,28,Misc. Agents (Misc. drugs),Pfizer Cons
 Imigran,Sumatriptan, inj, 0.5ml,2,Misc. Agents (Misc. drugs),Glaxosmithkline Pharma
 Histacet,Cetirizine, syp, 60ml,1,Antihistamines (Respiratory system drugs),Medreich Sterilab
 Hirudoid,Heparinoids, gel, 40gm,1,Anticoagulants (Cardiovascular drugs),Cosme Pharma
 Helmipar,Piperazine, tabs, 500mg,,Anthelmintics (Anti-infectives),Regal Pharma
 Gravol,Dimenhydrinate, inj, 50mg/ml,10,Antihistamines (Respiratory system drugs),Carter Horner
 Gopten,Trandolapril, tabs, 1mg,30,Ace Inhibitors (Cardiovascular drugs),Abbott (usa)
 Gabica,Pregabalin, caps, 75mg,14,Antiepileptics (CNS agents),Getz Pharma Ltd
 Gabica,Pregabalin, caps, 50mg,14,Antiepileptics (CNS agents),Getz Pharma Ltd
 Fortum,Ceftazidime, inj, 250mg,5,Antibacterials: Cephalosporins (Anti-infectives),Glaxosmithkline Pharma
 Fluracil,Fluorouracil, inj, 250mg/5ml,5,Antimetabolite Cytotoxics (Oncology & immunosuppression drugs),Biochem (india)
 Fluxacap,Flucloxacillin, syp, 100ml,1,Antibacterials: Penicillins (Anti-infectives),Biodeal Labds Ltd
 Flamodip,Amlodipine, tabs, 5mg,30,Calcium Channel Blokers (Cardiovascular drugs),Flamingo Impex Pvt
 Flagentyl,Secnidazole, syp, 100ml,1,Antiprozoal Agents (Anti-infectives),Sanofi-aventis
 Throcin,Erythromycin, tabs, 500mg,100,Antibacterials: Macrolides (Anti-infectives),Emcure Pharmaceuticals
 Biotrocin,Erythromycin, syp, 60ml,1,Antibacterials: Macrolides (Anti-infectives),M J Biopharm
 Andrin Paed,Ephedrine, drops, 10ml,1,Sympathomimetics (Cardiovascular drugs),Biodeal Labds Ltd
 Flaminopril,Enalapril, tabs, 5mg,100,Ace Inhibitors (Cardiovascular drugs),Flamingo Impex Pvt
 Lockit,Domperidone, susp, 100ml,1,Antiemetics (Gastrointestinal drugs),Universal Cooporation
 Sea Legs,Meclizine, tabs,,12,Antihistamines (Respiratory system drugs),Metro Pharma
 Dialin,Loperamide, susp, 60ml,1,Antidiarrheorals (Gastrointestinal drugs),Regal Pharma
 Coversyl,Perindopril, tabs, 5mg,30,Ace Inhibitors (Cardiovascular drugs),Servier Labs (france)
 Kloxy,Cloxacillin, caps, 250mg,100,Antibacterials: Penicillins (Anti-infectives),Lab & Allied
 Clotrine,Clotrimazole, pess, -6's,1,Antifungals (Anti-infectives),Universal Cooporation
 Clindacin,Clindamycin, caps, 150mg,100,Antibacterials: Lincosamides (Anti-infectives),Flamingo Impex Pvt
 Cidomycin,Gentamicin, eye oint, 3gm,1,Antibacterials: Aminoglycoside (Anti-infectives),Sanofi-aventis
 Infrid,Cefuroxime, inj, 750mg,1,Antibacterials: Cephalosporins (Anti-infectives),Medicrafts
 Calmepam,Bromazepam, tabs, 1.5mg,30,Anxiolytics/sedatives/hypnotics/neuroleptics (CNS agents),Glaxosmithkline (egy)
 Bioferon,Vitamin/mineral Preparation, susp, 200ml,1,Vitamins/minerals (Nutrition and blood agents),Medreich Sterilab
 Bezalip,Bezafibrate, tabs, 400mg,30,Fibrates (Cardiovascular drugs),Roche Pdts Ltd
 Aziflam,Azithromycin, caps, 500mg,3,Antibacterials: Macrolides (Anti-infectives),Flamingo Impex Pvt
 Aviral,Acyclovir, tabs, 200mg,20,Antiviral Agents (Anti-infectives),Mepha
 Aurozil,Cefprozil, syp, 250/5ml 60ml,1,Antibacterials: Cephalosporins (Anti-infectives),Aurobindo Pharma
 Atstat,Atorvastatin, tabs, 20mg,30,Statins (Cardiovascular drugs),Ind Swift
 Atstat,Atorvastatin, tabs, 5mg,30,Statins (Cardiovascular drugs),Ind Swift
 Amlocip,Amlodipine, tabs, 10mg,30,Calcium Channel Blokers (Cardiovascular drugs),Cipla Ltd
 Eurythmic,Amiodarone, tabs, 200mg,30,Antiarrythmic Drugs (Cardiovascular drugs),Troikaa Pharma
 Alkeran,Melphalan, tabs, 5mg,25,Alkylating Cytotoxic Drugs (Oncology & immunosuppression drugs),Glaxosmithkline Pharma
 Akineton,Biperiden, inj, 1ml,5,Antimuscarinic Drugs (Gastrointestinal drugs),Abbott (usa)
 Adiflam,Diclofenac, tabs, 50mg,100,Nsaids (Musculoskeletal agents),Leben Labs
 Acepar,Aceclofenac/paracetamol, tabs, 100mg,10,Nsaids (Musculoskeletal agents),Dawa Pharmaceuticals
 Amlocip Nb,Amlodipine/nebivolol, tabs, 5/5mg,30,Calcium Channel Blokers (Cardiovascular drugs),Lords Healthcare
 Xarelto,Rivaroxaban, tabs, 10mg,10,Anticoagulants (Cardiovascular drugs),Bayer Schering Pharma
 Pexola,Pramipexole, tabs, 0.125mg,100,Antiparkinsonism Agents (CNS agents),Boehringer Ingelheim
 Noplat-s,Clopidogrel/aspirin, tabs, 75/75mg,10,Antiplatelet Drugs (Cardiovascular drugs),Getz Pharma Ltd
 Arixtra,Fondaparinax, inj, 2.5mg/0.6ml,10,Anticoagulants (Cardiovascular drugs),Glaxosmithkline Pharma
 Eyforex,Ofloxacin, eye drops, 5ml,1,Antibacterials: Floroquinolones (Anti-infectives),Atco Labs
 Bracin,Tobramycin, eye drops, 5ml,1,Antibacterials: Aminoglycoside (Anti-infectives),Atco Labs
 Ceclonec,Aceclofenac/beta-cyclodextrin, tabs, 100/100mg,30,Nsaids (Musculoskeletal agents),Questa Care Inc
 Fexo,Fexofenadine, tabs, 180mg,10,Antihistamines (Respiratory system drugs),Hilton Pharma Pakistan
 Fexo,Fexofenadine, tabs, 120mg,10,Antihistamines (Respiratory system drugs),Hilton Pharma Pakistan
 Dicorate Er,Divalproex, tabs, 500mg,30,Antiepileptics (CNS agents),Sunpar Pharma
 Dicorate Er,Divalproex, tabs, 250mg,30,Antiepileptics (CNS agents),Sunpar Pharma
 Glimulin,Glimepiride, tabs, 2mg,30,Sulphonylureas (Endocrine system drugs),Glenmark Pharma
 Fcozole,Fluconazole, tabs, 150mg,4,Antifungals (Anti-infectives),Medicrafts
 Flucopharm,Fluconazole, tabs, 150mg,1,Antifungals (Anti-infectives),Sishui Xierkang
 Eyebrex,Tobramycin, drops, 5ml,1,Antibacterials: Aminoglycoside (Anti-infectives),Allergan Ltd
 Epizol,Omeprazole, caps, 20mg,14,Proton Pump Inhibitors (Gastrointestinal drugs),Kleva Pharma
 Entox P,Attapulgite/al(oh)3, tabs, -,100,Antidiarrheorals (Gastrointestinal drugs),Wyeth Sa
 Elyfed,Pseudoephedrine/triprolidene, syp, 100ml,1,Cold Remedies (Respiratory system drugs),Elys Chemical
 Elydac,Vitamin/mineral Preparation, syp, 100ml,1,Vitamins/minerals (Nutrition and blood agents),Elys Chemical
 Emal Paed,Artemether, inj, 75mg/ml,3,Antimalarials (Anti-infectives),Themis Medicare
 Emal Adult,Artemether, inj, 150/2ml,3,Antimalarials (Anti-infectives),Themis Medicare
 Doxan,Doxycycline, caps, 100mg,1000,Antibacterials: Tetracyclines (Anti-infectives),Medivet Pdts Ltd
 Dobutrex,Dobutamine, inj, 250mg,1,Sympathomimetics (Cardiovascular drugs),Eli Lilly & Co
 Dixarit,Clonidine, tabs, 25mcg,112,Cns Alpha Agonists (CNS agents),Boehringer Ingelheim
 Diltan Sr,Diltiazem, caps, 90mg,20,Vasodilators (Cardiovascular drugs),Mepha
 Diltan Sr,Diltiazem, caps, 60mg,50,Vasodilators (Cardiovascular drugs),Mepha
 Dedoxyn,Doxycycline, caps, 100mg,,Antibacterials: Tetracyclines (Anti-infectives),Coral India (dwd)
 Cosmoquin,Chloroquine, syp, 100ml,1,Antimalarials (Anti-infectives),Cosmos Ltd
 Cosmoquin,Chloroquine, tabs, 250mg,100,Antimalarials (Anti-infectives),Cosmos Ltd
 Clotan Retard,Tolfenamic Acid, tabs, 300mg,100,Nsaids (Musculoskeletal agents),Gea Ltd
 Clotan,Tolfenamic Acid, tabs, 200mg,240,Nsaids (Musculoskeletal agents),Gea Ltd
 Clotan,Tolfenamic Acid, tabs, 100mg,240,Nsaids (Musculoskeletal agents),Gea Ltd
 Claxy,Amoxicillin/clavulanate, susp, 228.5mg/ml,1,Antibacterials: Penicillins (Anti-infectives),Swiss Pharma
 Ciprofloxacin,Ciprofloxacin, inj, -,1,Antibacterials: Floroquinolones (Anti-infectives),Amriya Pharma
 Alkanazole,Fluconazole, caps, 150mg,1,Antifungals (Anti-infectives),Hikma Pharma
" One, Two, Three",Paracetamol/pseudoephedrine/chlorpheniramine, tabs, -,20,Cold Remedies (Respiratory system drugs),Hikma Pharma
 Auromitaz,Ceftazidime, inj, 1gm,1,Antibacterials: Cephalosporins (Anti-infectives),Aurobindo Pharma
 Cefim,Cefixime, syp, 30ml,1,Antibacterials: Cephalosporins (Anti-infectives),Hilton Pharma Pakistan
 Bidcef,Cefadroxil, tabs, 500mg,10,Antibacterials: Cephalosporins (Anti-infectives),Plethico Pharma
 Bidcef,Cefadroxil, syp, 125mg/ml 100ml,1,Antibacterials: Cephalosporins (Anti-infectives),Plethico Pharma
 Catapres,Clonidine, inj, 0.15/ml,100,Cns Alpha Agonists (CNS agents),Boehringer Ingelheim
 Canditral,Itraconazole, caps, 100mg,4,Antifungals (Anti-infectives),Glenmark Pharma
 Cadiprim,Trimethorpim/sulphamethoxazole, tabs, 480mg,1000,Antibacterials: Co-trimoxazoles (Anti-infectives),Cadila Pharma
 Beclomin,Beclomethasone, oint, 15gm,1,Corticosteroids (Endocrine system drugs),Square Pharmaceuticals
 Beclomin,Beclomethasone, lotion, 15ml,1,Corticosteroids (Endocrine system drugs),Square Pharmaceuticals
 Betcosyl,Betamethasone, cream, 0.1%15gm,1,Corticosteroids (Endocrine system drugs),Cosmos Ltd
 Betaflex,Paracetamol/chlormezanone, tabs, 450/100mg,18,Nsaids (Musculoskeletal agents),-
 Duovent,Ipratropium/fenoteral, inhaler, 10ml/200 dos,1,Antimuscarinic Bronchodilators (Respiratory system drugs),Boehringer Ingelheim
 Balkis,Treflucan, syp, 125ml,1,Antifungals (Anti-infectives),Eipico (egypt)
 Digene,Antacid, tabs, -,500,Antacids (Gastrointestinal drugs),-
 Digene,Antacid, gel, 170ml,1,Antacids (Gastrointestinal drugs),-
 Coversyl,Perindopril, tabs, 10mg,30,Ace Inhibitors (Cardiovascular drugs),Servier Labs (france)
 Cidomycin,Gentamicin, inj, 80mg/2ml,1,Antibacterials: Aminoglycoside (Anti-infectives),Sanofi-aventis
 Cefdure,Cefadroxil, syp, 125mg/ml 60ml,1,Antibacterials: Cephalosporins (Anti-infectives),Biodeal Labds Ltd
 Atm,Azithromycin, susp, 15ml,1,Antibacterials: Macrolides (Anti-infectives),Indoco Remedies
 Astymin C,Vitamin/mineral Preparation, drops, 15ml,1,Vitamins/minerals (Nutrition and blood agents),Tablets India Ltd
 Asparil,Cough Expectorant, syp, 100ml,1,Mucolytics/expectorants (Respiratory system drugs),"Zenamed Pharmaceuticals, Kenya"
 Arthrella,Herbal Remedy, oint, 30g,1,Misc. Agents (Misc. drugs),Charak
 Amroxol,Ambroxol, syp, 100ml,1,Mucolytics/expectorants (Respiratory system drugs),-
 Altacite,Antacid, susp, 250ml,1,Antacids (Gastrointestinal drugs),Peckforton
 Altacef,Cefuroxime, tabs, 500mg,10,Antibacterials: Cephalosporins (Anti-infectives),Glenmark Pharma
 Alkeran,Melphalan, tabs, 5mg,25,Alkylating Cytotoxic Drugs (Oncology & immunosuppression drugs),Glaxosmithkline Pharma
 Adalat,Nifedipine, caps, 10mg,30,Calcium Channel Blokers (Cardiovascular drugs),Bayer Schering Pharma
 Koffex,Cough Syrup, syp, 125ml,1,Antitussives (Respiratory system drugs),Minapharm Egypt
 Ribavirin,Ribavirin, caps, 200mg,6,Antiviral Agents (Anti-infectives),Minapharm Egypt
 Oxytocin,Oxytocin, inj, 5iu,10,Hypothalamic/pituitary Hormones (Endocrine system drugs),Minapharm Egypt
 Koffex For Adult,Diphenylhydramine Ammonium Sodium Citrate Menthol, syp, 120ml,1,Antitussives (Respiratory system drugs),Minapharm Egypt
 Napilac,Etodolac, caps, 200mg,20,Nsaids (Musculoskeletal agents),Global Napi Pharma
 Deltarhino Nasal Spray,Naphazoline / Ephedrine, neonatal, 0.125/0.5% 15ml,1,Eye/ear/nose Preparations (Eye ENT agents),Global Napi Pharma
 Calm Skin,Zinc Oxide Dimethicone Chamomile, oint, 20gm,1,Dermatological Agents (Dermatological agents),Global Napi Pharma
 Trama Sr,Tramadol, tabs, 100mg,20,Opiod Analgesics (Musculoskeletal agents),Global Napi Pharma
 Soral,Tenoxicam, caps, 20mg,3,Nsaids (Musculoskeletal agents),Global Napi Pharma
 Senidal,Secnidazole, tabs, 500mg,4,Antiprozoal Agents (Anti-infectives),Global Napi Pharma
 Bepra,Rabeprazole Sodium, tabs, 20mg,14,Proton Pump Inhibitors (Gastrointestinal drugs),Global Napi Pharma
 Ml-ibuprofen,Ibuprofen, tabs, 200mg,1000,Nsaids (Musculoskeletal agents),Milan Labs India
 Miloxy,Amoxiciillin, caps, 500mg,100,Antibacterials: Penicillins (Anti-infectives),Milan Labs India
 Irbetan-h,Irbesartan/hydrochlorthiazide, tabs, 150/12.5mg,30,Angiotensin Ii Rec. Antagonists (Cardiovascular drugs),Questa Care Inc
 Irbetan,Irbesartan, tabs, 300mg,30,Angiotensin Ii Rec. Antagonists (Cardiovascular drugs),Questa Care Inc
 Irbetan,Irbesartan, tabs, 150mg,30,Angiotensin Ii Rec. Antagonists (Cardiovascular drugs),Questa Care Inc
 Finosin,Finasteride/tamsulosin, tabs, 5mg/400mcg,30,Antiandrogens (Endocrine system drugs),Questa Care Inc
 Finfive,Finasteride, tabs, 5mg,30,Antiandrogens (Endocrine system drugs),Questa Care Inc
 Finone,Finasteride, tabs, 1mg,30,Antiandrogens (Endocrine system drugs),Questa Care Inc
 Clospirin,Clopidogrel/aspirin, tabs, 75/75mg,28,Antiplatelet Drugs (Cardiovascular drugs),Questa Care Inc
 Acetylcyst,Acetlycysteine, inj, 200mg/ml,100,Chelating Agents/antidotes (Misc. drugs),Martindale (uk)
 Amifer,Iron/haematinic Preparation, syp, 200ml,1,Haematinics/iron Preparations (Nutrition and blood agents),Dafra Pharma
 Tegretol Cr,Carbamazepine, tabs, 400mg,30,Antiepileptics (CNS agents),Novartis Pharma
 Sandostatin Lar,Octreotide, inj, 20mg,1,Hypothalamic/pituitary Hormones (Endocrine system drugs),Novartis Cons
 Pariet,Rabeprazole Sodium, tabs, 10mg,28,Proton Pump Inhibitors (Gastrointestinal drugs),Janssen-cilag
 Sekrol,Ambroxol, syp, 150ml,1,Mucolytics/expectorants (Respiratory system drugs),Dafra Pharma
 Pedifen,Ibuprofen, syp, 100ml,1,Nsaids (Musculoskeletal agents),Dafra Pharma
 Ciproxin,Ciprofloxacin, tabs, 750mg,10,Antibacterials: Floroquinolones (Anti-infectives),Bayer Schering Pharma
 Osscoff,Cough Syrup, syp, 100ml,1,Antitussives (Respiratory system drugs),Oss Chemie Ltd
 Actacid Plus,Antacid, susp, 200ml,1,Antacids (Gastrointestinal drugs),Oss Chemie Ltd
 Terbutin,Terbutaline, syp, 100ml,1,Selective Beta-2 Agonists (Respiratory system drugs),Oss Chemie Ltd
 Oradine Mouthwash,Povidone-iodine, mouth wash, 100ml,1,Disinfectants/antiseptics (Misc. drugs),Oss Chemie Ltd
 Vitalin,Vitamin/mineral Preparation, syp, 100ml,1,Vitamins/minerals (Nutrition and blood agents),Oss Chemie Ltd
 Osscet,Cetirizine, syp, 60ml,1,Antihistamines (Respiratory system drugs),Oss Chemie Ltd
 Gaberol,Paromomycin, syp, 125mg/5ml 60ml,1,Antiprozoal Agents (Anti-infectives),Oss Chemie Ltd
 Coldeez,Paracetamol/pseudoephedrine/chlorpheniramine, syp, 120/10/2mg 100ml,1,Cold Remedies (Respiratory system drugs),Oss Chemie Ltd
 Clostin,Clotrimazole, powder, 1% 30gm,1,Antifungals (Anti-infectives),Oss Chemie Ltd
 Bacimix,Neomycin/bacitracin, powder, 5/2.5mg 10gm,1,Antibacterials: Others (Anti-infectives),Oss Chemie Ltd
 Glyper,Glimepiride, tabs, 2mg,20,Sulphonylureas (Endocrine system drugs),Efroze Chemical
 Ulgicid,Antacid, tabs, -,30,Antacids (Gastrointestinal drugs),Prisma Pharma
 Capsifenac,Diclofenac, gel, 20gm,1,Nsaids (Musculoskeletal agents),Prisma Pharma
 Capsifenac,Diclofenac, gel, 10gm,1,Nsaids (Musculoskeletal agents),Prisma Pharma
 Metoclopramide,Metoclopromide, inj, 10mg/ml 2ml,5,Antiemetics (Gastrointestinal drugs),Cosme Pharma
 Zocet,Levocetirizine, tabs, 5mg,100,Antihistamines (Respiratory system drugs),Agio Pharma
 Terbized,Terbinafine, cream, 1% 10gm,1,Antifungals (Anti-infectives),Agio Pharma
 Agi-levo,Levofloxacin, tabs, 500mg,5,Antibacterials: Floroquinolones (Anti-infectives),Agio Pharma
 Aciherpin,Acyclovir, tabs, 400mg,4,Antiviral Agents (Anti-infectives),Agio Pharma
 Aciherpin,Acyclovir, cream, 5% 5gm,1,Antiviral Agents (Anti-infectives),Agio Pharma
 Neogab,Gabapentine, caps, 100mg,10,Antiepileptics (CNS agents),Hilton Pharma Pakistan
 Myteka,Montelukast, satchet, 4mg,14,Leukotriene Receptor Antagonists (Respiratory system drugs),Hilton Pharma Pakistan
 Cefim,Cefixime, caps, 400mg,5,Antibacterials: Cephalosporins (Anti-infectives),Hilton Pharma Pakistan
 Clindar,Clindamycin, inj, 300mg/2ml,2,Antibacterials: Lincosamides (Anti-infectives),Wallace (uk)
 Cripton,Bromocriptine, tabs, 2.5mg,30,Dopaminergic Agonists (CNS agents),Gedeon-richter
 Tazocin 4 Ef,Piperacillin/tacobactam, inj, 4gm,1,Antibacterials: Penicillins (Anti-infectives),Wyeth Sa
 Bonviva,Ibanronic Acid, inj, 3mg/3ml,1,Biphosphonates (Misc. drugs),Roche Pdts Ltd
 Xylo-mepha,Xylometazoline (hydrochloride), nasal spray, 0.1% 10ml,1,Sympathomimetics (Cardiovascular drugs),Mepha
 Plasmotrim,Artesunate, supp, 200mg,6,Antimalarials (Anti-infectives),Mepha
 Clavulin Bd,Amoxicillin/clavulanate, syp, 475mg/5ml 70ml,1,Antibacterials: Penicillins (Anti-infectives),Glaxosmithkline (hsa)
 Zolid Plus,Pioglitazone/metformin, tabs, 15/850mg,14,Antidiabetics: Other (Endocrine system drugs),Getz Pharma Ltd
 Zolid Plus,Pioglitazone/metformin, tabs, 15/500mg,28,Antidiabetics: Other (Endocrine system drugs),Getz Pharma Ltd
 Zetro,Azithromycin, susp, 200mg/5ml 15ml,1,Antibacterials: Macrolides (Anti-infectives),Getz Pharma Ltd
 Xicard,Carvedilol, tabs, 25mg,10,Beta-blockers (Cardiovascular drugs),Getz Pharma Ltd
 Xicard,Carvedilol, tabs, 6.25mg,10,Beta-blockers (Cardiovascular drugs),Getz Pharma Ltd
 Tasmi,Telmisartan, tabs, 80mg,14,Angiotensin Ii Rec. Antagonists (Cardiovascular drugs),Getz Pharma Ltd
 Tasmi,Telmisartan, tabs, 40mg,14,Angiotensin Ii Rec. Antagonists (Cardiovascular drugs),Getz Pharma Ltd
 Tasmi,Telmisartan, tabs, 20mg,14,Angiotensin Ii Rec. Antagonists (Cardiovascular drugs),Getz Pharma Ltd
 Tamsolin,Tamsulosin, caps, 0.4mg,10,Alpha Adrenergic Blockers (Cardiovascular drugs),Getz Pharma Ltd
 Moxiget,Moxifloxacin, tabs, 400mg,5,Antibacterials: Floroquinolones (Anti-infectives),Getz Pharma Ltd
 Mebever Mr,Mebeverine, caps, 200mg,10,Antimuscarinic Drugs (Gastrointestinal drugs),Getz Pharma Ltd
 Cotasmi,Telmisartan/hydrochlorthiazide, tabs, 40/12.5mg,14,Angiotensin Ii Rec. Antagonists (Cardiovascular drugs),Getz Pharma Ltd
 Artheget,Artemether/lumefantrine, tabs, 20/120mg,24,Antimalarials (Anti-infectives),Getz Pharma Ltd
 Heas-steril 10%,Tpn, infusion, 500ml,1,Misc. Agents (Misc. drugs),Fresenius Kabi
 Pharmaton Kiddi,Vitamin/mineral Preparation, syp, 200ml,1,Vitamins/minerals (Nutrition and blood agents),Pharmaton Ltd
 Pharmaton Kiddi,Vitamin/mineral Preparation, syp, 100ml,1,Vitamins/minerals (Nutrition and blood agents),Pharmaton Ltd
 Ulcip Od,Ciprofloxacin, tabs, 1000mg,10,Antibacterials: Floroquinolones (Anti-infectives),Cipla Ltd
 Tramacip,Tramadol, caps, 50mg,100,Opiod Analgesics (Musculoskeletal agents),Cipla Ltd
 Ramicip H,Ramipril/hydrochlorothiazide, tabs, 2.5/12.5mg,30,Ace Inhibitors (Cardiovascular drugs),Cipla Ltd
 Osemax Dt,Cefixime, tabs, 200mg,10,Antibacterials: Cephalosporins (Anti-infectives),Cipla Ltd
 Neophos,Cyclophosphamide, inj, 500mg 30ml,1,Alkylating Cytotoxic Drugs (Oncology & immunosuppression drugs),Cipla Ltd
 Moxilon,Moxifloxacin, infusion, 400mg/100ml,1,Antibacterials: Floroquinolones (Anti-infectives),Cipla Ltd
 Montez,Montelukast, satchet, 4mg,7,Leukotriene Receptor Antagonists (Respiratory system drugs),Cipla Ltd
 Momecort,Mometasone, nasal spray, 10ml,1,Corticosteroids (Endocrine system drugs),Cipla Ltd
 Meforcip Er,Metformin, tabs, 500mg,100,Antidiabetics:biguanides (Endocrine system drugs),Cipla Ltd
 Metforcip Er,Metformin, tabs, 850mg,100,Antidiabetics:biguanides (Endocrine system drugs),Cipla Ltd
 Lexib,Celecoxib, caps, 200mg,30,Nsaids (Musculoskeletal agents),Cipla Ltd
 Lansec Dt,Lansoprazole, caps, 15mg,10,Proton Pump Inhibitors (Gastrointestinal drugs),Cipla Ltd
 Esocip,Esomeprazole, inj, 40mg,1,Proton Pump Inhibitors (Gastrointestinal drugs),Cipla Ltd
 Cytoblastin,Vinblastine, inj, 10mg/10ml,1,Anticancer/immunosuppressants: Other (Oncology & immunosuppression drugs),Cipla Ltd
 Co-falcinum,Artemether/lumefantrine, susp, 180/1800mg,1,Antimalarials (Anti-infectives),Cipla Ltd
 Co-falcinum,Artemether/lumefantrine, tabs, 20/120mg,6,Antimalarials (Anti-infectives),Cipla Ltd
 Ciplin Ds,Trimethorpim/sulphamethoxazole, tabs, 960mg,100,Antibacterials: Co-trimoxazoles (Anti-infectives),Cipla Ltd
 Cipclav,Amoxicillin/clavulanate, inj, 0.6g,1,Antibacterials: Penicillins (Anti-infectives),Cipla Ltd
 Cipclav,Amoxicillin/clavulanate, inj, 1.2g,1,Antibacterials: Penicillins (Anti-infectives),Cipla Ltd
 Cefact,Cefuroxime, inj, 750mg,1,Antibacterials: Cephalosporins (Anti-infectives),Cipla Ltd
 Ucon-as,Fluconazole/azithromycin/secnidazole, kit, -,1,Misc. Agents (Misc. drugs),Erica Pharma Pvt
 Clauviax,Amoxicillin/clavulanate, susp, 100ml,1,Antibacterials: Penicillins (Anti-infectives),Erica Pharma Pvt
 Clauviax,Amoxicillin/clavulanate, tabs, 625mg,10,Antibacterials: Penicillins (Anti-infectives),Erica Pharma Pvt
 Clauviax,Amoxicillin/clavulanate, tabs, 375mg,10,Antibacterials: Penicillins (Anti-infectives),Erica Pharma Pvt
 Methyldopa,Methyldopa, tabs, 250mg,1000,Cns Alpha Agonists (CNS agents),Medopharma
 Dexorange,Vitamin/mineral Preparation, caps, -,30,Vitamins/minerals (Nutrition and blood agents),Franco-indian Pharma
 Zemicef,Cefixime, caps, 400mg,8,Antibacterials: Cephalosporins (Anti-infectives),Popular Pharma
 Omegut,Omeprazole, inj, 40mg,1,Proton Pump Inhibitors (Gastrointestinal drugs),Popular Pharma
 Imbac,Imipenem/cilastin, inj, 500/500mg,1,Antibacterials: Others (Anti-infectives),Popular Pharma
 Locol,Atorvastatin, tabs, 20mg,10,Statins (Cardiovascular drugs),Popular Pharma
 Limaryl,Glimepiride, tabs, 4mg,30,Sulphonylureas (Endocrine system drugs),Popular Pharma
 Zimax,Azithromycin, susp, 15ml,1,Antibacterials: Macrolides (Anti-infectives),Square Pharmaceuticals
 Zimax,Azithromycin, susp, 30ml,1,Antibacterials: Macrolides (Anti-infectives),Square Pharmaceuticals
 Zimax,Azithromycin, tabs, 500mg,3,Antibacterials: Macrolides (Anti-infectives),Square Pharmaceuticals
 Virux,Acyclovir, cream, 10gm,1,Antiviral Agents (Anti-infectives),Square Pharmaceuticals
 Trevox,Levofloxacin, solution, 250mg/5ml 100ml,1,Antibacterials: Floroquinolones (Anti-infectives),Square Pharmaceuticals
 Secrin,Glimepiride, tabs, 2mg,30,Sulphonylureas (Endocrine system drugs),Square Pharmaceuticals
 Secrin,Glimepiride, tabs, 1mg,30,Sulphonylureas (Endocrine system drugs),Square Pharmaceuticals
 Rosuva,Rosuvastatin, tabs, 10mg,10,Statins (Cardiovascular drugs),Square Pharmaceuticals
 Protas,Esomeprazole, tabs, 40mg,30,Proton Pump Inhibitors (Gastrointestinal drugs),Square Pharmaceuticals
 Pylotrip Kit,Lansoprazole/clarithromycin/amoxicillin, kit, 30/500/1000mg,14,Helicobacter Eradication Agents (Gastrointestinal drugs),Square Pharmaceuticals
 Neotack,Ranitidine, tabs, 150mg,150,H-2 Receptor Antagonists (Gastrointestinal drugs),Square Pharmaceuticals
 Neuro-b,Vitamin B1/b6/b12, tabs, -,30,Vitamins/minerals (Nutrition and blood agents),Square Pharmaceuticals
 Mucospel,Bromhexine, syp, 4mg/5ml 100ml,1,Mucolytics/expectorants (Respiratory system drugs),Square Pharmaceuticals
 Montene,Montelukast, tabs, 10mg,10,Leukotriene Receptor Antagonists (Respiratory system drugs),Square Pharmaceuticals
 Montene,Montelukast, tabs, 5mg,10,Leukotriene Receptor Antagonists (Respiratory system drugs),Square Pharmaceuticals
 Melixol,Flupentixol/melitracen, tabs, 0.5/10mg,50,Antipsychotics (CNS agents),Square Pharmaceuticals
 Laxyl,Bromazepam, tabs, 3mg,50,Anxiolytics/sedatives/hypnotics/neuroleptics (CNS agents),Square Pharmaceuticals
 Kensten Vt,Clotrimazole, vaginal tab, 100mg,6,Antifungals (Anti-infectives),Square Pharmaceuticals
 Kensten,Clotrimazole, cream, 20gm,1,Antifungals (Anti-infectives),Square Pharmaceuticals
 Isovent,Misoprostol, tabs, 200mcg,30,Prostagladins & Analogues (Misc. drugs),Square Pharmaceuticals
 Flugal,Fluconazole, caps, 200mg,10,Antifungals (Anti-infectives),Square Pharmaceuticals
 Fungidal,Miconazole, cream, 10gm,1,Antifungals (Anti-infectives),Square Pharmaceuticals
 Equra,Urea, cream, 15mg,1,Misc. Agents (Misc. drugs),Square Pharmaceuticals
 Deprex,Olanzapine, tabs, 10mg,100,Antipsychotics (CNS agents),Square Pharmaceuticals
 Colicon,Dicycloverine, inj, 20mg/2ml,10,Antimuscarinic Bronchodilators (Respiratory system drugs),Square Pharmaceuticals
 Colicon,Dicycloverine, syp, 10mg/5ml 50ml,1,Antimuscarinic Bronchodilators (Respiratory system drugs),Square Pharmaceuticals
 Clofenac Sr,Diclofenac, tabs, 100mg,100,Nsaids (Musculoskeletal agents),Square Pharmaceuticals
 Bicozin,Vit B Complex, syp, 100ml,1,Vitamins/minerals (Nutrition and blood agents),Square Pharmaceuticals
 Arb 16,Candesartan, tabs, 16mg,30,Angiotensin Ii Rec. Antagonists (Cardiovascular drugs),Square Pharmaceuticals
 Arb 8,Candesartan, tabs, 8mg,30,Angiotensin Ii Rec. Antagonists (Cardiovascular drugs),Square Pharmaceuticals
 Angilock,Losartan, tabs, 50mg,50,Angiotensin Ii Rec. Antagonists (Cardiovascular drugs),Square Pharmaceuticals
 Nerviplex,Vitamin B1/b6/b12, inj, 2ml,10,Vitamins/minerals (Nutrition and blood agents),Jayson Pharma.
 Jasoquine,Quinine, inj, 300mg,10,Antimalarials (Anti-infectives),Jayson Pharma.
 Evonex,Levofloxacin, tabs, 250mg,30,Antibacterials: Floroquinolones (Anti-infectives),Jayson Pharma.
 Ultracaine Heavy,Bupivacaine, inj, 4ml,10,Local Anaesthetics (Musculoskeletal agents),Jayson Pharma.
 Atropine,Atropine, inj, 0.6mg,10,Antimuscarinic Drugs (Gastrointestinal drugs),Jayson Pharma.
 Co-artemax,Dihydroartemisinin/piperaquine, tabs, 40/320mg,9,Antimalarials (Anti-infectives),Ga Pharma.
 Oseflu,Oseltamivir, caps, 75mg,10,Antiviral Agents (Anti-infectives),Beximco Pharma
 Filmet,Metronidazole, susp, 60ml,1,Antiprozoal Agents (Anti-infectives),Beximco Pharma
 Deflux,Domperidone, syp, 100ml,1,Antiemetics (Gastrointestinal drugs),Beximco Pharma
 Reductil,Sibutramine, caps, 15mg,30,Misc. Agents (Misc. drugs),Abbott (usa)
 Lucrin Depot,Leuprolide, inj, 11.25mg,1,Anticancer/immunosuppressants: Other (Oncology & immunosuppression drugs),Abbott (usa)
 Lucrin Depot,Leuprolide, inj, 3.75mg,1,Anticancer/immunosuppressants: Other (Oncology & immunosuppression drugs),Abbott (usa)
 Painkure,Diclofenac, tabs, 50mg,100,Nsaids (Musculoskeletal agents),Global Merchants
 Gofever,Paracetamol, tabs, 500mg,100,Nsaids (Musculoskeletal agents),Global Merchants
 Gofever Plus,Paracetamol/ibuprofen, tabs, 325/400mg,100,Nsaids (Musculoskeletal agents),Global Merchants
 Headcare,Aspirin/paracetamol/caffeine, tabs, 400/200/50mg,100,Nsaids (Musculoskeletal agents),Global Merchants
 Bupain,Ibuprofen, tabs, 200mg,100,Nsaids (Musculoskeletal agents),Global Merchants
 Gloace,Aceclofenac, tabs, 100mg,100,Nsaids (Musculoskeletal agents),Global Merchants
 Metaglo,Metformin, tabs, 500mg,100,Antidiabetics:biguanides (Endocrine system drugs),Global Merchants
 Metroglo,Metronidazole, tabs, 400mg,100,Antiprozoal Agents (Anti-infectives),Global Merchants
 Cipacin,Ciprofloxacin, tabs, 500mg,100,Antibacterials: Floroquinolones (Anti-infectives),Global Merchants
 Sulbactomax,Ceftriaxone/sulbactam, inj, 750mg,1,Antibacterials: Cephalosporins (Anti-infectives),Venus Remedies
 Vdm Kit,Fluconazole/azithromycin/secnidazole, kit, 150/1000/500mg,1,Misc. Agents (Misc. drugs),Cipla Ltd
 Duonase,Azelastine/fluticasone, nasal spray, 70 doses,1,Antihistamines (Respiratory system drugs),Cipla Ltd
 No-spalgin,Drotaverine/paracetamol, tabs, 40/500mg,12,Antimuscarinic Drugs (Gastrointestinal drugs),Sanofi-aventis
 Amaryl M,Glimepiride/metformin, tabs, 2.5/500mg,30,Sulphonylureas (Endocrine system drugs),Sanofi-aventis
 Cervarix,Hpv Vaccine, inj, 0.5ml,1,Immunological Agents (Immunological agents),Glaxosmithkline Pharma
 Avamys,Fluticasone, nasal spray, 27.5 mcg,1,Corticosteroids (Endocrine system drugs),Glaxosmithkline Pharma
 Neo-penotra Forte,Metronidazole/miconazole, pess, -,7,Dermatological Agents (Dermatological agents),Bayer Schering Pharma
 Dexaquin,Dexamethasone/clioquinol, oint, 15g,1,Dermatological Agents (Dermatological agents),Cadila Pharma
 Bactoclav,Amoxicillin/clavulanate, tabs, 625mg,20,Antibacterials: Penicillins (Anti-infectives),Micro Exports
 Bactoclav,Amoxicillin/clavulanate, syp, 312.5/5ml 100ml,1,Antibacterials: Penicillins (Anti-infectives),Micro Exports
 Bactoclav Ds,Amoxicillin/clavulanate, syp, 100ml,1,Antibacterials: Penicillins (Anti-infectives),Micro Exports
 Amlozaar,Amlodipine/losartan, tabs, -,30,Calcium Channel Blokers (Cardiovascular drugs),Micro Exports
 Actifed Paed,Cough Syrup, syp, 100ml,1,Antitussives (Respiratory system drugs),Glaxosmithkline Pharma
 Pavulon,Pancuronium, inj, 4mg/ml 2ml,50,Neuromuscular Blockers (Musculoskeletal agents),Essex (organon Pharma)
 Esmeron,Rocuronium Bromide, inj, 100mg/10ml,1,Neuromuscular Blockers (Musculoskeletal agents),Essex (organon Pharma)
 Ranophage Od,Metformin, tabs, 1g,30,Antidiabetics:biguanides (Endocrine system drugs),Ranbaxy Labs
 Klabax,Clarithromycin, tabs, 250mg,4,Antibacterials: Macrolides (Anti-infectives),Ranbaxy Labs
 Corpril,Ramipril, tabs, 2.5mg,30,Ace Inhibitors (Cardiovascular drugs),Ranbaxy Labs
 Celica,Citalopram, tabs, 20mg,28,Ssris (CNS agents),Ranbaxy Labs
 Pantotab,Pantoprazole, tabs, 40mg,30,Proton Pump Inhibitors (Gastrointestinal drugs),Micro-labs Ltd
 Tramal,Tramadol, supp, 100mg,5,Opiod Analgesics (Musculoskeletal agents),Janssen-cilag
 Medoceph,Cephalexin, susp, 125mg 100ml,1,Antibacterials: Cephalosporins (Anti-infectives),Medopharma
 Emdrox,Cefadroxil, susp, 125mg 100ml,1,Antibacterials: Cephalosporins (Anti-infectives),Medopharma
 Rufex,Cefuroxime, susp, 125mg/5ml 60ml,1,Antibacterials: Cephalosporins (Anti-infectives),Global Healthcare
 Cestazid,Ceftazidime, inj, 1g,1,Antibacterials: Cephalosporins (Anti-infectives),Stallion Labs
 Nexpro,Esomeprazole, inj, 40mg,1,Proton Pump Inhibitors (Gastrointestinal drugs),Torrent Ltd
 Lorvas-sr,Indapamide, tabs, 1.5mg,30,Thiazide And Related Diuretics (Cardiovascular drugs),Torrent Ltd
 Odoxil Od,Cefadroxil, tabs, 1g,5,Antibacterials: Cephalosporins (Anti-infectives),Lupin Labs
 Winpen,Amoxiciillin, syp, 125mg 100ml,1,Antibacterials: Penicillins (Anti-infectives),Cadila Pharma
 Rabeloc,Rabeprazole Sodium, inj, 20mg,1,Proton Pump Inhibitors (Gastrointestinal drugs),Cadila Pharma
 Dexasone,Dexamethasone/neomycin, eye drops, 5ml,1,Eye/ear/nose Preparations (Eye ENT agents),Cadila Pharma
 Ciprodac,Ciprofloxacin, tabs, 500mg,10,Antibacterials: Floroquinolones (Anti-infectives),Cadila Pharma
 Flucamox,Amoxicillin/flucloxacillin, caps, 250mg,12,Antibacterials: Penicillins (Anti-infectives),Sedico Pharma
 Oflox,Ofloxacin, tabs, 200mg,10,Antibacterials: Floroquinolones (Anti-infectives),Sedico Pharma
 Domperidone,Domperidone, tabs, 10mg,20,Antiemetics (Gastrointestinal drugs),Sedico Pharma
 Diax,Nifuroxazide, caps, 200mg,12,Antibacterials: Others (Anti-infectives),Hikma Pharma
 Ferrose,Iron Sucrose, inj, 100mg/5ml,5,Haematinics/iron Preparations (Nutrition and blood agents),Cachet Pharma Pvt
 Cabalin,Pregabalin, caps, 150mg,24,Antiepileptics (CNS agents),Cachet Pharma Pvt
 Cabalin,Pregabalin, caps, 75mg,24,Antiepileptics (CNS agents),Cachet Pharma Pvt
 Cabalin,Pregabalin, caps, 25mg,24,Antiepileptics (CNS agents),Cachet Pharma Pvt
 Telmi H,Telmisartan/hydrochlorthiazide, tabs, 80/12.5mg,30,Angiotensin Ii Rec. Antagonists (Cardiovascular drugs),Prism Life Sciences
 Telmi,Telmisartan, tabs, 80mg,30,Angiotensin Ii Rec. Antagonists (Cardiovascular drugs),Prism Life Sciences
 Telmi-h,Telmisartan/hydrochlorthiazide, tabs, 40/12.5mg,30,Angiotensin Ii Rec. Antagonists (Cardiovascular drugs),Prism Life Sciences
 Telmi,Telmisartan, tabs, 40mg,30,Angiotensin Ii Rec. Antagonists (Cardiovascular drugs),Prism Life Sciences
 Pioday-m,Pioglitazone/metformin, tabs, 30/1000mg,30,Antidiabetics: Other (Endocrine system drugs),Prism Life Sciences
 Esonium,Esomeprazole, tabs, 40mg,30,Proton Pump Inhibitors (Gastrointestinal drugs),Prism Life Sciences
 Esonium,Esomeprazole, tabs, 20mg,30,Proton Pump Inhibitors (Gastrointestinal drugs),Prism Life Sciences
 Uvex,Levofloxacin, tabs, 500mg,10,Antibacterials: Floroquinolones (Anti-infectives),Meyer Organics
 Uvex,Levofloxacin, tabs, 250mg,10,Antibacterials: Floroquinolones (Anti-infectives),Meyer Organics
 Tarceva,Erlotinib, tabs, 150mg,30,Anticancer/immunosuppressants: Other (Oncology & immunosuppression drugs),Roche Pdts Ltd
 Tarceva,Erlotinib, tabs, 100mg,30,Anticancer/immunosuppressants: Other (Oncology & immunosuppression drugs),Roche Pdts Ltd
 Tamiflu,Oseltamivir, powder, 60mg/5ml,1,Antiviral Agents (Anti-infectives),Roche Pdts Ltd
 Micera,Epoietin Beta, inj, 120mcg/0.3ml,1,Blood/plasma Products (Nutrition and blood agents),Roche Pdts Ltd
 Mabthera,Rituximab, inj, 500mg 50ml,1,Anticancer/immunosuppressants: Other (Oncology & immunosuppression drugs),Roche Pdts Ltd
 Coartem Dispersible,Artemether/lumefantrine, tabs, 20/120mg,216,Antimalarials (Anti-infectives),Novartis Pharma
 No-spa Forte,Drotaverine, tabs, 80mg,20,Antimuscarinic Drugs (Gastrointestinal drugs),Sanofi-aventis
 Parin-e,Enoxaparin, inj, 60mg 0.6ml,2,Anticoagulants (Cardiovascular drugs),Venus Remedies
 Parin-e,Enoxaparin, inj, 40mg 0.4ml,2,Anticoagulants (Cardiovascular drugs),Venus Remedies
 Oxol,Oxaliplatin, inj, 100mg/50ml,1,Anticancer/immunosuppressants: Other (Oncology & immunosuppression drugs),Venus Remedies
 Carbol,Carboplatin, inj, 450mg 45ml,1,Anticancer/immunosuppressants: Other (Oncology & immunosuppression drugs),Venus Remedies
 Ampucare,Herbal Remedy, gel, 50ml,1,Misc. Agents (Misc. drugs),Venus Remedies
 Fenplus,Paracetamol/ibuprofen, tabs, -,30,Nsaids (Musculoskeletal agents),Coral India (dwd)
 Uroxia,Vitamin/mineral Preparation, syp, 100ml,1,Vitamins/minerals (Nutrition and blood agents),Coral India (dwd)
 Adryl With Promethazine,Carbocisteine/promethazine, syp, 125ml,1,Mucolytics/expectorants (Respiratory system drugs),Coral India (dwd)
 Adryl,Carbocisteine, syp, 125ml,1,Mucolytics/expectorants (Respiratory system drugs),Coral India (dwd)
 Osteocal,Vitamin/mineral Preparation, syp, 100ml,1,Vitamins/minerals (Nutrition and blood agents),Coral India (dwd)
 Duovir-n,Lamivudine/zidovudine, tabs, 150/300mg,30,Antiretrovirals (Anti-infectives),Cipla Ltd
 Febrimol,Paracetamol, supp, 250mg,10,Nsaids (Musculoskeletal agents),Cipla Ltd
 Febrimol,Paracetamol, supp, 125mg,10,Nsaids (Musculoskeletal agents),Cipla Ltd
 D-lorat,Desloratidine, tabs, 5mg,10,Antihistamines (Respiratory system drugs),Cipla Ltd
 Moxilon,Moxifloxacin, tabs, 400mg,5,Antibacterials: Floroquinolones (Anti-infectives),Cipla Ltd
 Osemax Od,Cefixime, tabs, 400mg,4,Antibacterials: Cephalosporins (Anti-infectives),Cipla Ltd
 Seroflo,Salmeterol/fluticasone, inhaler, 25/250mcg 120 doses,1,Selective Beta-2 Agonists (Respiratory system drugs),Cipla Ltd
 Telzart H,Telmisartan/hydrochlorthiazide, tabs, 40/12.5mg,30,Angiotensin Ii Rec. Antagonists (Cardiovascular drugs),Cipla Ltd
 Glucocip,Glibenclamide/metformin, tabs, 5/500mg,30,Sulphonylureas (Endocrine system drugs),Cipla Ltd
 Cardioten,Atenolol, tabs, 50mg,28,Beta-blockers (Cardiovascular drugs),Kopran
 Adco-acyclovir,Acyclovir, cream, 2g,1,Antiviral Agents (Anti-infectives),Adcork Ingram
 Micoson,Miconazole, cream, 2% 15gm,1,Antifungals (Anti-infectives),Agio Pharma
 Flucaz,Fluconazole, caps, 200mg,10,Antifungals (Anti-infectives),Agio Pharma
 Diclogen Retard,Diclofenac, tabs, 100mg,100,Nsaids (Musculoskeletal agents),Agio Pharma
 Canison,Clotrimazole, vaginal tab, 100mg,6,Antifungals (Anti-infectives),Agio Pharma
 Aziagio,Azithromycin, tabs, 500mg,3,Antibacterials: Macrolides (Anti-infectives),Agio Pharma
 Allergo,Fexofenadine, tabs, 180mg,10,Antihistamines (Respiratory system drugs),Agio Pharma
 Allergo,Fexofenadine, tabs, 120mg,10,Antihistamines (Respiratory system drugs),Agio Pharma
 Vital-z,Vitamin/mineral Preparation, satchet, 35g,1,Vitamins/minerals (Nutrition and blood agents),Surgilinks Ltd
 Tibon,Tibolone, tabs, 2.5mg,28,Oestrogens (Endocrine system drugs),Questa Care Inc
 Seole,Secnidazole, tabs, 1g,2,Antiprozoal Agents (Anti-infectives),Questa Care Inc
 Cetramac,Cetirizine, syp, 30ml,1,Antihistamines (Respiratory system drugs),Questa Care Inc
 Exforge,Amlodipine/valsartan, tabs, 5/160mg,28,Calcium Channel Blokers (Cardiovascular drugs),Novartis Pharma
 Pionorm,Pioglitazole, tabs, 30mg,30,Antidiabetics: Other (Endocrine system drugs),Micro Exports
 Avas,Atorvastatin, tabs, 20mg,30,Statins (Cardiovascular drugs),Micro Exports
 Amlong,Amlodipine, tabs, 5mg,30,Calcium Channel Blokers (Cardiovascular drugs),Micro Exports
 Occumol,Timolol, eye drops, 0.5% 5ml,1,Beta-blockers (Cardiovascular drugs),Marck Bioscience
 Xcipro,Ciprofloxacin, eye drops, 0.3% 5 ml,1,Antibacterials: Floroquinolones (Anti-infectives),Marck Bioscience
 Candican,Fluconazole, infusion, 200mg/100ml,1,Antifungals (Anti-infectives),Marck Bioscience
 Zavesca,Escitalopram, tabs, 10mg,10,Ssris (CNS agents),Getz Pharma Ltd
 Uniferon,Interferon Alpha, inj, 5 miu,1,Immunological Agents (Immunological agents),Getz Pharma Ltd
 Rincit,Levocetirizine, tabs, 5mg,10,Antihistamines (Respiratory system drugs),Getz Pharma Ltd
 Ribazole,Ribavirin, tabs, 500mg,10,Antiviral Agents (Anti-infectives),Getz Pharma Ltd
 Prompto,Rabeprazole Sodium, tabs, 20mg,10,Proton Pump Inhibitors (Gastrointestinal drugs),Getz Pharma Ltd
 Gabica,Pregabalin, caps, 300mg,14,Antiepileptics (CNS agents),Getz Pharma Ltd
 Gabica,Pregabalin, caps, 100mg,14,Antiepileptics (CNS agents),Getz Pharma Ltd
 Fenoget,Fenofibrate, caps, 67mg,30,Fibrates (Cardiovascular drugs),Getz Pharma Ltd
 Fenoget,Fenofibrate, caps, 200mg,10,Fibrates (Cardiovascular drugs),Getz Pharma Ltd
 Duo Cotecxin,Dihydroartemisinin/piperaquine, tabs, 40/320mg,9,Antimalarials (Anti-infectives),Holley Cotec
 Zilcan,Fluconazole, caps, 200mg,7,Antifungals (Anti-infectives),Glaxosmithkline (hsa)
 Proximexa,Cefuroxime, susp, 250mg/5ml 50ml,1,Antibacterials: Cephalosporins (Anti-infectives),Glaxosmithkline (hsa)
 Proximexa,Cefuroxime, susp, 125mg/5ml 50 ml,1,Antibacterials: Cephalosporins (Anti-infectives),Glaxosmithkline (hsa)
 Proximexa,Cefuroxime, tabs, 250mg,10,Antibacterials: Cephalosporins (Anti-infectives),Glaxosmithkline (hsa)
 Proximexa,Cefuroxime, tabs, 500 mg,10,Antibacterials: Cephalosporins (Anti-infectives),Glaxosmithkline (hsa)
 Apdyl H,Cough Syrup, syp, 100ml,1,Antitussives (Respiratory system drugs),Ajanta Pharma Ltd
 Apcal Forte,Vitamin/mineral Preparation, tabs, -,30,Vitamins/minerals (Nutrition and blood agents),Ajanta Pharma Ltd
 Alsartan Am,Losartan/amlodipine, tabs, 50/5mg,28,Angiotensin Ii Rec. Antagonists (Cardiovascular drugs),Aristo Pharma
 Adcortyl In Orabase,Triamcinilone, cream, 5g,1,Corticosteroids (Endocrine system drugs),Bristol-myers
 Pclox,Ampicillin/cloxacillin, caps, 500mg,500,Antibacterials: Penicillins (Anti-infectives),Zest Pharma
 Amlovas,Amlodipine, tabs, 10mg,30,Calcium Channel Blokers (Cardiovascular drugs),Macleods Pharma
 Amlodenk,Amlodipine, tabs, 5mg,50,Calcium Channel Blokers (Cardiovascular drugs),Denk Pharma
 Amlodenk,Amlodipine, tabs, 10mg,50,Calcium Channel Blokers (Cardiovascular drugs),Denk Pharma
 Aloha,Vitamin/mineral Preparation, caps, -,30,Vitamins/minerals (Nutrition and blood agents),Indoco Remedies
 Biovir,Acyclovir, cream, 5g,1,Antiviral Agents (Anti-infectives),Metro Pharma
 Aclotas Sr,Aceclofenac, tabs, 200mg,50,Nsaids (Musculoskeletal agents),Intas Exports
 Movex,Aceclofenac, tabs, 100mg,50,Nsaids (Musculoskeletal agents),Opsonin Pharma Ltd
 Relif Sr,Aceclofenac, tabs, 200mg,30,Nsaids (Musculoskeletal agents),-
 Relif Plus,Aceclofenac/paracetamol, tabs, 100/500 mg,30,Nsaids (Musculoskeletal agents),-
 Relif,Aceclofenac, tabs, 100mg,30,Nsaids (Musculoskeletal agents),-
 Acexx,Aceclofenac, tabs, 100mg,10,Nsaids (Musculoskeletal agents),Metro Pharma
 Tabusol,Salbutamol, inhaler, 200 d,1,Selective Beta-2 Agonists (Respiratory system drugs),-
 Petogen,Medroxyprogesterone Acetate, inj, 150mg,1,Progestogens (Endocrine system drugs),Anset International
 Toufcof Paed,Cough Expectorant, syp, 100ml,1,Mucolytics/expectorants (Respiratory system drugs),"Zenamed Pharmaceuticals, Kenya"
 Toufcof Exp,Cough Expectorant, syp, 100ml,1,Mucolytics/expectorants (Respiratory system drugs),"Zenamed Pharmaceuticals, Kenya"
 Toufcof Dry,Cough Syrup, syp, 100ml,1,Antitussives (Respiratory system drugs),"Zenamed Pharmaceuticals, Kenya"
 Parabrust,Paracetamol/ibuprofen, susp, 100ml,1,Nsaids (Musculoskeletal agents),"Zenamed Pharmaceuticals, Kenya"
 Parabrust,Paracetamol/ibuprofen, susp, 60ml,1,Nsaids (Musculoskeletal agents),"Zenamed Pharmaceuticals, Kenya"
 Unidril,Theophylline/ephedrine, tabs, -,1000,Xanthines (Respiratory system drugs),Phar. Man. Co. (pmc)
 Parabru,Paracetamol/ibuprofen, susp, 60ml,1,Nsaids (Musculoskeletal agents),Step Pharmaceuticals
 Hyforte,Amoxicillin/flucloxacillin, susp, 250mg/5ml 100ml,1,Antibacterials: Penicillins (Anti-infectives),Step Pharmaceuticals
 Parabru,Paracetamol/ibuprofen, susp, 100ml,1,Nsaids (Musculoskeletal agents),Step Pharmaceuticals
 Zenad,Terfenadine, susp, 60ml,1,Antihistamines (Respiratory system drugs),Dabur Pharma
 Cyclovax,Acyclovir, tabs, 400mg,10,Antiviral Agents (Anti-infectives),Remedica Ltd
 Felexin,Cephalexin, susp, 250mg/5ml 100ml,1,Antibacterials: Cephalosporins (Anti-infectives),Remedica Ltd
 Flucan,Fluconazole, caps, 50mg,4,Antifungals (Anti-infectives),Lincoln (india)
 Hifer,(n/a), tabs, -,30,Misc. Agents (Misc. drugs),Zest Pharma
 Emsulide,Nimesulide, tabs, 100mg,20,Nsaids (Musculoskeletal agents),Emcure Pharmaceuticals
 Fleming,Amoxicillin/clavulanate, syp, 156mg/5ml 100ml,1,Antibacterials: Penicillins (Anti-infectives),Medreich Sterilab
 Fleming,Amoxicillin/clavulanate, syp, 228mg/5ml 70ml,1,Antibacterials: Penicillins (Anti-infectives),Medreich Sterilab
 Fleming,Amoxicillin/clavulanate, tabs, 625mg,14,Antibacterials: Penicillins (Anti-infectives),Medreich Sterilab
 Fleming,Amoxicillin/clavulanate, tabs, 375mg,20,Antibacterials: Penicillins (Anti-infectives),Medreich Sterilab
 Azicure,Azithromycin, tabs, 500mg,3,Antibacterials: Macrolides (Anti-infectives),Macleods Pharma
 Tranexa,Tranexamic Acid, tabs, 500mg,30,Haemostatics/antifibrinlytics (Nutrition and blood agents),Sai Pharma
 Atm,Azithromycin, tabs, 500mg,3,Antibacterials: Macrolides (Anti-infectives),Indoco Remedies
 Pancef-o,Cefixime, susp, 30ml,1,Antibacterials: Cephalosporins (Anti-infectives),Aglowmed Ltd
 Erilide,Erythromycin, tabs, 500mg,100,Antibacterials: Macrolides (Anti-infectives),Plethico Pharma
 Coldcap Night,Cold/flu Remedy, caps, -,12,Cold Remedies (Respiratory system drugs),Regal Pharma
 Coldcap Day,Cold/flu Remedy, caps, -,12,Cold Remedies (Respiratory system drugs),Regal Pharma
 Montana,Montelukast, tabs, 10mg,14,Leukotriene Receptor Antagonists (Respiratory system drugs),Phd Pharma
 Bronchomol,Salbutamol, syp, 60ml,1,Selective Beta-2 Agonists (Respiratory system drugs),Oss Chemie Ltd
 Osspel,Albendazole, susp, 10ml,1,Anthelmintics (Anti-infectives),Oss Chemie Ltd
 Ossfen,Ibuprofen, syp, 60ml,1,Nsaids (Musculoskeletal agents),Oss Chemie Ltd
 Efex,Cough Syrup, syp, 100ml,1,Antitussives (Respiratory system drugs),Oss Chemie Ltd
 Efex-t,Cough Syrup, syp, 100ml,1,Antitussives (Respiratory system drugs),Oss Chemie Ltd
 Ossmol,Paracetamol, susp, 60ml,1,Nsaids (Musculoskeletal agents),Oss Chemie Ltd
 Ossthiol Infant,Carbocisteine, syp, 125ml,1,Mucolytics/expectorants (Respiratory system drugs),Oss Chemie Ltd
 Ossthiol Promethazine,Carbocisteine/promethazine, syp, 125ml,1,Mucolytics/expectorants (Respiratory system drugs),Oss Chemie Ltd
 Ossthiol Adult,Carbocisteine, syp, 125ml,1,Mucolytics/expectorants (Respiratory system drugs),Oss Chemie Ltd
 Tincture Of Iodine,Tincture Of Iodine, liquid, 50ml,1,Disinfectants/antiseptics (Misc. drugs),Oss Chemie Ltd
 Nidagyl,Metronidazole, susp, 60ml,1,Antiprozoal Agents (Anti-infectives),Oss Chemie Ltd
 Pirioss,Chlorpheniramine, syp, 60ml,1,Antihistamines (Respiratory system drugs),Oss Chemie Ltd
 Lucidril,Meclofenoxate, tabs, 250mg,20,Misc. Agents (Misc. drugs),Minapharm Egypt
 Itracon,Itraconazole, caps, 100mg,4,Antifungals (Anti-infectives),Global Napi Pharma
 Somadril,Carisoprodol/paracetamol/caffeine, tabs, 200/160/32,20,Nsaids (Musculoskeletal agents),Minapharm Egypt
 Klamoks,Amoxicillin/clavulanate, tabs, 1g,10,Antibacterials: Penicillins (Anti-infectives),Dafra Pharma
 Cefpodox,Cefpodoxime, tabs, 200mg,10,Antibacterials: Cephalosporins (Anti-infectives),Medisel
 Atorin 20,Atorvastatin, tabs, 20mg,100,Statins (Cardiovascular drugs),Medley Pharma
 Cyclorax,Acyclovir, tabs, 200mg,100,Antiviral Agents (Anti-infectives),Atlantic Corp
 Cortec,Enalapril, tabs, 5mg,100,Ace Inhibitors (Cardiovascular drugs),Nabiqasim
 Mucosol Paed,Carbocisteine, syp, 120ml,1,Mucolytics/expectorants (Respiratory system drugs),Medical Union Pharma
 Transamin,Tranexamic Acid, inj, 500mg,10,Haemostatics/antifibrinlytics (Nutrition and blood agents),Hilton Pharma Pakistan
 Listam,Simvastatin, tabs, 20mg,,Statins (Cardiovascular drugs),Mission Pharma
 Micet,Cetirizine, tabs, 10mg,100,Antihistamines (Respiratory system drugs),Mission Pharma
 Nauseze,Meclizine/caffeine, tabs, 25/20mg,30,Antihistamines (Respiratory system drugs),Unicure Remedies
 Bupivacaine,Bupivacaine, inj, 4ml,10,Local Anaesthetics (Musculoskeletal agents),Jayson Pharma.
 Grilinctus Bm,Cough Syrup, syp, 100ml,1,Antitussives (Respiratory system drugs),Franco-indian Pharma
 Grilinctus,Cough Expectorant, syp, 100ml,1,Mucolytics/expectorants (Respiratory system drugs),Franco-indian Pharma
 Denkalgin,Aspirin/paracetamol/caffeine, tabs, 250/200/50mg,20,Nsaids (Musculoskeletal agents),Denk Pharma
 Benased Mucolytic,Cough Expectorant, syp, 60ml,1,Mucolytics/expectorants (Respiratory system drugs),Benmed Pharmaceuticals
 Benased Mucolytic,Cough Expectorant, syp, 100ml,1,Mucolytics/expectorants (Respiratory system drugs),Benmed Pharmaceuticals
 Por 8,Ornipressin, inj, 5iu/ml 1ml,5,Misc. Agents (Misc. drugs),Ferring Pharma
 Norprolac,Quinagolide, tabs, 0.150mg,30,Dopaminergic Agonists (CNS agents),Ferring Pharma
 Norprolac,Quinagolide, tabs, 0.075mg,30,Dopaminergic Agonists (CNS agents),Ferring Pharma
 Hibitane,Chlorhexidine, solution, 5% 5lt,1,Disinfectants/antiseptics (Misc. drugs),Molnlycke
 Hibisol,Chlorhexidine, solution, 0.5% 500ml,1,Disinfectants/antiseptics (Misc. drugs),Molnlycke
 Nubend,Albendazole, tabs, 400mg,1,Anthelmintics (Anti-infectives),Kopran
 Control Forte,Cold/flu Remedy, tabs, -,10,Cold Remedies (Respiratory system drugs),Lark Labs
 Water For Injection,(n/a), inj, 10ml,1,Misc. Agents (Misc. drugs),Marck Bioscience
 Metronidazole,Metronidazole, inj, 100ml,1,Antiprozoal Agents (Anti-infectives),Marck Bioscience
 Ringer Lactate,(n/a), solution, 500ml,1,Misc. Agents (Misc. drugs),Marck Bioscience
 Normal Saline,Normal Saline, infusion, 0.9% 500ml,1,Fluids And Electrolytes (Nutrition and blood agents),Marck Bioscience
 Dextrose 5%,Dextrose, infusion, 500ml,1,Fluids And Electrolytes (Nutrition and blood agents),Marck Bioscience
 Vaccin Verorab,Rabies Vaccine, inj, 5 doses,5,Immunological Agents (Immunological agents),Pasteur Merieux
 Tetavax,Tetanus Toxoid, inj, 20 doses,20,Immunological Agents (Immunological agents),Pasteur Merieux
 Rouvax,Measles Vaccine, inj, 10 doses,10,Immunological Agents (Immunological agents),Pasteur Merieux
 Avaxim,Hepatitis A Vaccine, inj, 160 0.5ml,1,Immunological Agents (Immunological agents),Pasteur Merieux
 Lipitin A,Atorvastatin, tabs, 10mg,30,Statins (Cardiovascular drugs),Flamingo Impex Pvt
 Artefan,Artemether/lumefantrine, tabs, 40/240mg,6,Antimalarials (Anti-infectives),Ajanta Pharma Ltd
 Xamig,Tranexamic Acid, tabs, 500mg,20,Haemostatics/antifibrinlytics (Nutrition and blood agents),Highnoon
 Zithrokan,Azithromycin, caps, 500mg,3,Antibacterials: Macrolides (Anti-infectives),Hikma Pharma
 Vinblastine,Vinblastine, inj, 10mg,1,Anticancer/immunosuppressants: Other (Oncology & immunosuppression drugs),Assia Pharma
 Neogab,Gabapentine, tabs, 400mg,10,Antiepileptics (CNS agents),Hilton Pharma Pakistan
 Piozer,Pioglitazole, tabs, 15mg,14,Antidiabetics: Other (Endocrine system drugs),Hilton Pharma
 Clavoxil,Amoxicillin/clavulanate, tabs, 625mg,12,Antibacterials: Penicillins (Anti-infectives),Elsad Pharma
 Clavoxil,Amoxicillin/clavulanate, syp, 457mg/5ml 60ml,1,Antibacterials: Penicillins (Anti-infectives),Elsad Pharma
 De-histamin,Loratadine, syp, 100ml,1,Antihistamines (Respiratory system drugs),Elsad Pharma
 Lipitas Ez,Atorvastatin/ezetimibe, tabs, 10/10mg,10,Statins (Cardiovascular drugs),Intas Exports
 Carbopa,Carboplatin, inj, 150mg,1,Anticancer/immunosuppressants: Other (Oncology & immunosuppression drugs),Intas Exports
 Fusigen,Fusidic Acid, oint, 10gm,1,Antibacterials: Others (Anti-infectives),Geno Pharma
 Lobak,Chlorzoxazone/diclofenac/paracetamol, tabs, 250/50/325mg,100,Skeletal Muscle Relaxants (Musculoskeletal agents),Geno Pharma
 Myolaxin-d,Liniment/balm, gel, 15gm,1,Dermatological Agents (Dermatological agents),Geno Pharma
 Respira-d,Cough Expectorant, syp, 100ml,1,Mucolytics/expectorants (Respiratory system drugs),Geno Pharma
 Cypon,Cyproheptadine, drops, 15ml,1,Antihistamines (Respiratory system drugs),Geno Pharma
 Cypon,Cyproheptadine, syp, 100ml,1,Antihistamines (Respiratory system drugs),Geno Pharma
 Doxorubin,Doxorubicin, inj, 50mg/50ml,1,Cytotoxic Antibiotics (Oncology & immunosuppression drugs),Khandelwal Lab
 Platinex,Cisplatin, inj, 50mg/50ml,1,Anticancer/immunosuppressants: Other (Oncology & immunosuppression drugs),Khandelwal Lab
 Calciplex,Calcium Carbonate, tabs, 500mg,150,Antacids (Gastrointestinal drugs),Khandelwal Lab
 Anafortan,Camylofin, inj, 25mg 2ml,10,Antimuscarinic Drugs (Gastrointestinal drugs),Khandelwal Lab
 Dawadine,Povidone-iodine, oint, 10% 40gm,1,Disinfectants/antiseptics (Misc. drugs),Dawa Pharmaceuticals
 Dawa-salic,Betamethasone/salicylic Acid, oint, 15gm,1,Dermatological Agents (Dermatological agents),Dawa Pharmaceuticals
 Dawavate G,Betamethasone/gentamicin, oint, 15gm,1,Dermatological Agents (Dermatological agents),Dawa Pharmaceuticals
 Daclobet,Clobetasol, oint, 15gm,1,Dermatological Agents (Dermatological agents),Dawa Pharmaceuticals
 Dawacort,Hydrocortisone, cream, 15gm,1,Corticosteroids (Endocrine system drugs),Dawa Pharmaceuticals
 Dawadine Mouthwash,Povidone-iodine, solution, 1% 100ml,1,Disinfectants/antiseptics (Misc. drugs),Dawa Pharmaceuticals
 Dawa Benzyl Benzoate,Benzyl Benzoate, lotion, 100ml,1,Parasiticidals (Anti-infectives),Dawa Pharmaceuticals
 Dawadine,Povidone-iodine, solution, 10%100ml,1,Disinfectants/antiseptics (Misc. drugs),Dawa Pharmaceuticals
 Dawaplex,Vitamin/mineral Preparation, inj, -,1,Vitamins/minerals (Nutrition and blood agents),Dawa Pharmaceuticals
 Streptomycin,Streptomycin, inj, 1gm,1,Antitubercular Agents (Anti-infectives),Dawa Pharmaceuticals
 Promethazine,Promethazine, inj, 25mg/ml,1,Antihistamines (Respiratory system drugs),Dawa Pharmaceuticals
 Penicillin G,Benzathine Penicillin, inj, 5 mega,1,Antibacterials: Penicillins (Anti-infectives),Dawa Pharmaceuticals
 Metoclopromide,Metoclopromide, inj, 5mg/ml,1,Antiemetics (Gastrointestinal drugs),Dawa Pharmaceuticals
 Hyoscine,Hyoscine Butylbromide, inj, 20mg/ml,1,Antimuscarinic Drugs (Gastrointestinal drugs),Dawa Pharmaceuticals
 Frusemide,Frusemide, inj, 40mg/ml,1,Loop Diuretics (Cardiovascular drugs),Dawa Pharmaceuticals
 Dexamethasone,Dexamethasone, inj, 4mg/ml,1,Corticosteroids (Endocrine system drugs),Dawa Pharmaceuticals
 Dawaphenical,Chloramphenicol, inj, 1gm,1,Antibacterials: Chloramphenicol (Anti-infectives),Dawa Pharmaceuticals
 Dawadur,Benzathine Penicillin, inj, 2.4mega,1,Antibacterials: Penicillins (Anti-infectives),Dawa Pharmaceuticals
 Dawacort,Hydrocortisone, inj, 100mg,1,Corticosteroids (Endocrine system drugs),Dawa Pharmaceuticals
 Dawaflox,Flucloxacillin, inj, 250mg,1,Antibacterials: Penicillins (Anti-infectives),Dawa Pharmaceuticals
 Chlorpromazine,Chlorpromazine, inj, -,1,Antipsychotics (CNS agents),Dawa Pharmaceuticals
 Cpm,Chlorpheniramine, inj, 10mg/ml,1,Antihistamines (Respiratory system drugs),Dawa Pharmaceuticals
 Ampiclo Dawa,Ampicillin/cloxacillin, inj, 500mg,1,Antibacterials: Penicillins (Anti-infectives),Dawa Pharmaceuticals
 Aminophylline,Aminophylline, inj, 250mg/10ml,1,Xanthines (Respiratory system drugs),Dawa Pharmaceuticals
 Adrenaline,Adrenaline, inj, 1mg/ml,1,Sympathomimetics (Cardiovascular drugs),Dawa Pharmaceuticals
 Oracef,Cephalexin, caps, 500mg,100,Antibacterials: Cephalosporins (Anti-infectives),Medisel
 Vermout,Mebendazole, tabs, 100mg,1000,Anthelmintics (Anti-infectives),Dawa Pharmaceuticals
 Vitamin B Complex,Vit B Complex, tabs, -,1000,Vitamins/minerals (Nutrition and blood agents),Dawa Pharmaceuticals
 Trimoxol,Trimethorpim/sulphamethoxazole, tabs, 480mg,1000,Antibacterials: Co-trimoxazoles (Anti-infectives),Dawa Pharmaceuticals
 Stopacid,Antacid, tabs, -,100,Antacids (Gastrointestinal drugs),Dawa Pharmaceuticals
 Theophed,Theophylline/ephedrine, tabs, 120/11mg,1000,Xanthines (Respiratory system drugs),Dawa Pharmaceuticals
 Sabulin,Salbutamol, tabs, 4mg,1000,Selective Beta-2 Agonists (Respiratory system drugs),Dawa Pharmaceuticals
 Pen-v,Phenoxymethylpenicillin, tabs, 250mg,1000,Antibacterials: Penicillins (Anti-infectives),Dawa Pharmaceuticals
 Mefpar,Mefenamic Acid/paracetamol, caps, 250/500mg,100,Nsaids (Musculoskeletal agents),Dawa Pharmaceuticals
 Moxa Forte,Amoxicillin/flucloxacillin, tabs, 500mg,20,Antibacterials: Penicillins (Anti-infectives),Dawa Pharmaceuticals
 Co-malasinin,Dihydroartemisinin/piperaquine, tabs, 40/320mg,8,Antimalarials (Anti-infectives),Dawa Pharmaceuticals
 Ketoconazole,Ketoconazole, tabs, 200mg,100,Antifungals (Anti-infectives),Dawa Pharmaceuticals
 Haloperidol,Haloperidol, tabs, 5 mg,1000,Antipsychotics (CNS agents),Dawa Pharmaceuticals
 Frusemide,Frusemide, tabs, 40mg,1000,Loop Diuretics (Cardiovascular drugs),Dawa Pharmaceuticals
 Floxinox,Norfloxacin, tabs, 400mg,100,Antibacterials: Floroquinolones (Anti-infectives),Dawa Pharmaceuticals
 Fidemycin,Tetracycline, tabs, 250mg,1000,Antibacterials: Tetracyclines (Anti-infectives),Dawa Pharmaceuticals
 Erythrox,Erythromycin, tabs, 250mg,1000,Antibacterials: Macrolides (Anti-infectives),Dawa Pharmaceuticals
 Dawaclox,Cloxacillin, caps, 250mg,1000,Antibacterials: Penicillins (Anti-infectives),Dawa Pharmaceuticals
 Dawavite,Vitamin/mineral Preparation, tabs, -,1000,Vitamins/minerals (Nutrition and blood agents),Dawa Pharmaceuticals
 Dawasec,Secnidazole, tabs, 1gm,2,Antiprozoal Agents (Anti-infectives),Dawa Pharmaceuticals
 Dawasprin,Aspirin, tabs, 300mg,1000,Nsaids (Musculoskeletal agents),Dawa Pharmaceuticals
 Dacold,Cold/flu Remedy, caps, -,500,Cold Remedies (Respiratory system drugs),Dawa Pharmaceuticals
 Dawatin,Tinidazole, tabs, 500mg,500,Antiprozoal Agents (Anti-infectives),Dawa Pharmaceuticals
 Dawasolone,Prednisolone, tabs, 5mg,1000,Corticosteroids (Endocrine system drugs),Dawa Pharmaceuticals
 Dawamisole,Levamisole, tabs, 40mg,500,Anthelmintics (Anti-infectives),Dawa Pharmaceuticals
 Dawaprom,Promethazine, tabs, 25mg,1000,Antihistamines (Respiratory system drugs),Dawa Pharmaceuticals
 Dawadoxyn,Doxycycline, caps, 100mg,100,Antibacterials: Tetracyclines (Anti-infectives),Dawa Pharmaceuticals
 Dawacam,Piroxicam, caps, 20mg,100,Nsaids (Musculoskeletal agents),Dawa Pharmaceuticals
 Daprofen,Ibuprofen, tabs, 400mg,500,Nsaids (Musculoskeletal agents),Dawa Pharmaceuticals
 Velcox,Meloxicam, tabs, 7.5mg,20,Nsaids (Musculoskeletal agents),Kulal Int
 Valazyd,Valsartan, tabs, 80mg,30,Angiotensin Ii Rec. Antagonists (Cardiovascular drugs),"Zydus Cadila H/care, India"
 Upmadol,Tramadol, caps, 50mg,20,Opiod Analgesics (Musculoskeletal agents),Medico Remedies
 Troyfenac Mr,Diclofenac, tabs, -,30,Nsaids (Musculoskeletal agents),Troikaa Pharma
 Tinizol,Tinidazole, tabs, 500mg,500,Antiprozoal Agents (Anti-infectives),Shalina
 Tess Bucal Paste,Triamcinilone, -, 5gm,1,Corticosteroids (Endocrine system drugs),Troikaa Pharma
 Telmicos,Telmisartan, tabs, 40mg,30,Angiotensin Ii Rec. Antagonists (Cardiovascular drugs),Cosmos Ltd
 Teli,Telmisartan, tabs, 40mg,10,Angiotensin Ii Rec. Antagonists (Cardiovascular drugs),-
 Starpram,Escitalopram, tabs, 10mg,14,Ssris (CNS agents),-
 Solo,Montelukast, tabs, 10mg,14,Leukotriene Receptor Antagonists (Respiratory system drugs),Globela Pharma
 Sirobact,Cefixime, caps, 400mg,6,Antibacterials: Cephalosporins (Anti-infectives),Kulal Int
 Siloflam,Sildenafil, tabs, 100mg,4,"Erectile Dysfunction Agents (Urinary, Obstetrics and Gynaecological agents)",Flamingo Impex Pvt
 Ronex,Cetirizine, syp, 60ml,1,Antihistamines (Respiratory system drugs),-
 Robestar,Rosuvastatin, tabs, 10mg,30,Statins (Cardiovascular drugs),-
 Robestar,Rosuvastatin, tabs, 20mg,30,Statins (Cardiovascular drugs),-
 Risdone,Risperidone, tabs, 2mg,50,Antipsychotics (CNS agents),Europa Healthcare
 Rheumagel,Etofenamate, gel, 25gm,1,Nsaids (Musculoskeletal agents),Global Napi Pharma
 Rabekind,Rabeprazole Sodium, caps, 20mg,60,Proton Pump Inhibitors (Gastrointestinal drugs),-
 Prelone,Prednisolone, syp, 50ml,1,Corticosteroids (Endocrine system drugs),Adcork Ingram
 Plasminex,Tranexamic Acid, inj, 500mg,1,Haemostatics/antifibrinlytics (Nutrition and blood agents),Sai Pharma
 Optihist,Olopatadine, eye drops, 5ml,1,Antihistamines (Respiratory system drugs),-
 Olmat H,Olmesartan/medoxomil/hydrochlorothiazide, tabs, -,30,Misc. Agents (Misc. drugs),-
 Olmat,Olmesartan Medoxomil, tabs, 20mg,30,Angiotensin Ii Rec. Antagonists (Cardiovascular drugs),-
 Odimont,Montelukast, tabs, 10mg,30,Leukotriene Receptor Antagonists (Respiratory system drugs),"Zydus Cadila H/care, India"
 Nizal,Nitazoxanide, tabs, 500mg,10,Antiprozoal Agents (Anti-infectives),-
 Nebilet Plus,Nebivolol/hydrochlorthiazide, tabs, 5/25mg,28,Beta-blockers (Cardiovascular drugs),Menarini Int
 Minodine,Paromomycin, tabs, 250mg,20,Antiprozoal Agents (Anti-infectives),-
 Lysodol,Aceclofenac, tabs, 100mg,30,Nsaids (Musculoskeletal agents),Galaxy Pharma Ltd
 Lupride,Leuprolide, inj, 11.25mg,1,Anticancer/immunosuppressants: Other (Oncology & immunosuppression drugs),Sun Pharma
 Loniten,Minoxidil, tabs, 2.5mg,60,Vasodilators (Cardiovascular drugs),Pfizer-pharmacia
 Loniten,Minoxidil, tabs, 5mg,30,Vasodilators (Cardiovascular drugs),Pfizer-pharmacia
 Ligaba,Pregabalin, caps, 75mg,30,Antiepileptics (CNS agents),
 Labmox,Amoxiciillin, caps, 250mg,100,Antibacterials: Penicillins (Anti-infectives),Laborate (india)
 Isozide,Isoniazid, syp, 120ml,1,Antitubercular Agents (Anti-infectives),Nabiqasim
 Imdur Cr,Isosorbide Mononitrtate, tabs, 60mg,30,Vasodilators (Cardiovascular drugs),Astrazeneca
 Ikorel,Nicorandil, tabs, 10mg,60,Vasodilators (Cardiovascular drugs),
 Gablin,Pregabalin, caps, 75mg,14,Antiepileptics (CNS agents),Ccl Pharma
 Gablin,Pregabalin, caps, 150mg,14,Antiepileptics (CNS agents),Ccl Pharma
 Forair,Salmeterol/fluticasone, inhaler, 25mcg,1,Selective Beta-2 Agonists (Respiratory system drugs),"Zydus Cadila H/care, India"
 Enterogermina,Prebiotic/probiotic, susp, 5ml,10,Misc. Agents (Misc. drugs),Sanofi-aventis
 Duzella,Duloxetine, caps, 60mg,30,Ssris (CNS agents),Sun Pharma
 Duzella,Duloxetine, caps, 30mg,30,Ssris (CNS agents),Sun Pharma
 Duzella,Duloxetine, caps, 20mg,30,Ssris (CNS agents),Sun Pharma
 Duxcospan,Hyoscine Butylbromide, tabs, 10mg,1000,Antimuscarinic Drugs (Gastrointestinal drugs),Universal Cooporation
 Drox,Cefadroxil, susp, 250mg/5ml,1,Antibacterials: Cephalosporins (Anti-infectives),Aurobindo Pharma
 Donocept,Donepezil Hcl, tabs, 10mg,100,Anticholinesterases (Misc. drugs),Atco Labs
 Corycardon,Irbesartan, tabs, 300mg,30,Angiotensin Ii Rec. Antagonists (Cardiovascular drugs),Aegis Ltd
 Corenza Cold & Flu,Cold/flu Remedy, syp, 100mg,1,Cold Remedies (Respiratory system drugs),Adcork Ingram
 Claire Ds,Clarithromycin, susp, 125mg 50ml,1,Antibacterials: Macrolides (Anti-infectives),Ind Swift
 Bralix,Clidinium/chlordiazepoxide, tabs, 2.5/5mg,100,Antimuscarinic Drugs (Gastrointestinal drugs),Remedica Ltd
 Aquasoft Cream,Glycerine, cream, 50gm,1,Misc. Agents (Misc. drugs),Ajanta Pharma Ltd
 Amoclav,Amoxicillin/clavulanate, tabs, 1000mg,10,Antibacterials: Penicillins (Anti-infectives),Adcork Ingram
 Amlovas Vs,Amlodipine/valsartan, tabs, 10mg/160mg,30,Calcium Channel Blokers (Cardiovascular drugs),Macleods Pharma
 Amlostar,Amlodipine, tabs, 10mg,30,Calcium Channel Blokers (Cardiovascular drugs),Europa Healthcare
 Amtas,Amlodipine, tabs, 5mg,28,Calcium Channel Blokers (Cardiovascular drugs),Intas Exports
 Aireez,Montelukast, tabs, 5mg,30,Leukotriene Receptor Antagonists (Respiratory system drugs),Pharmeo
 Aclotas P,Aceclofenac/paracetamol, tabs, -,30,Nsaids (Musculoskeletal agents),Intas Exports
 Acenac P,Aceclofenac/paracetamol, tabs, -,100,Nsaids (Musculoskeletal agents),Medley Pharma
 Acepar Sp,Aceclofenac/paracetamol, tabs, 100mg,10,Nsaids (Musculoskeletal agents),Dawa Pharmaceuticals
 Hemoproct,Compound Antihaemorrhoidal Preparation, supp, -,10,Misc. Agents (Misc. drugs),"Acme Labs, Bangladesh"
 Hidrasec,Racecadotril, satchet, 100mg,10,Antidiarrheorals (Gastrointestinal drugs),Abbott (usa)
 Voren Plus,Diclofenac/menthol, gel, -,1,See Class Of Components (),Y.s.p. (malaysia)
 Loradine,Loratadine, tabs, 10mg,100,Antihistamines (Respiratory system drugs),Y.s.p. (malaysia)
 Econazine,Econazole/triamcinolone, cream, 10g,1,Dermatological Agents (Dermatological agents),Y.s.p. (malaysia)
 Ceritec,Cetirizine, tabs, 10mg,100,Antihistamines (Respiratory system drugs),Y.s.p. (malaysia)
 Ceritec,Cetirizine, syp, 1mg/ml 60ml,1,Antihistamines (Respiratory system drugs),Y.s.p. (malaysia)
 Vazkor,Amlodipine, tabs, 5mg,20,Calcium Channel Blokers (Cardiovascular drugs),Deva (turkey)
 Vazkor,Amlodipine, tabs, 10mg,20,Calcium Channel Blokers (Cardiovascular drugs),Deva (turkey)
 Pandev,Pantoprazole, tabs, 40mg,14,Proton Pump Inhibitors (Gastrointestinal drugs),Deva (turkey)
 Luxat,Montelukast, tabs, 10mg,28,Leukotriene Receptor Antagonists (Respiratory system drugs),Deva (turkey)
 Gastrokit,Lansoprazole/clarithromycin/amoxicillin, tabs, 30/500/1000mg,7,Helicobacter Eradication Agents (Gastrointestinal drugs),Deva (turkey)
 Doxafin,Desloratidine, tabs, 5mg,20,Antihistamines (Respiratory system drugs),Deva (turkey)
 Doxafin,Desloratidine, syp, -,1,Antihistamines (Respiratory system drugs),Deva (turkey)
 Dikloron,Diclofenac, gel, 50g,1,Nsaids (Musculoskeletal agents),Deva (turkey)
 Devit-3,Vitamin D, inj, -,1,Vitamins/minerals (Nutrition and blood agents),Deva (turkey)
 Dosefin,Ceftriaxone, inj, 1g,1,Antibacterials: Cephalosporins (Anti-infectives),Deva (turkey)
 Dosefin,Ceftriaxone, inj, 500mg,1,Antibacterials: Cephalosporins (Anti-infectives),Deva (turkey)
 Degra,Sildenafil, tabs, 50mg,4,"Erectile Dysfunction Agents (Urinary, Obstetrics and Gynaecological agents)",Deva (turkey)
 Degra,Sildenafil, tabs, 100mg,4,"Erectile Dysfunction Agents (Urinary, Obstetrics and Gynaecological agents)",Deva (turkey)
 Degastrol,Lansoprazole, caps, 30mg,28,Proton Pump Inhibitors (Gastrointestinal drugs),Deva (turkey)
 Colastin,Atorvastatin, tabs, 40mg,30,Statins (Cardiovascular drugs),Deva (turkey)
 Colastin,Atorvastatin, tabs, 20mg,30,Statins (Cardiovascular drugs),Deva (turkey)
 Colastin,Atorvastatin, tabs, 10mg,30,Statins (Cardiovascular drugs),Deva (turkey)
 Cezol,Cefazolin, inj, 500mg,1,Antibacterials: Cephalosporins (Anti-infectives),Deva (turkey)
 Cefaks,Cefuroxime, tabs, 500mg,10,Antibacterials: Cephalosporins (Anti-infectives),Deva (turkey)
 Azitro,Azithromycin, tabs, 500mg,3,Antibacterials: Macrolides (Anti-infectives),Deva (turkey)
 Allercol,Chlorpheniramine, syp, 100ml,1,Antihistamines (Respiratory system drugs),Njimia Kenya Manufacturing
 Zoprin,Trimethorpim/sulphamethoxazole, susp, 50ml,1,Antibacterials: Co-trimoxazoles (Anti-infectives),Njimia Kenya Manufacturing
 Ulcerid,Aluminium Hydroxide/magnesium Hydroxide, syp, 100ml,1,Antacids (Gastrointestinal drugs),Njimia Kenya Manufacturing
 Neocoff-d,Diphenhydramine/sodium Citrate/menthol, syp, 100ml,1,Antitussives (Respiratory system drugs),Njimia Kenya Manufacturing
 Amebil,Metronidazole, susp, 60ml,1,Antiprozoal Agents (Anti-infectives),Njimia Kenya Manufacturing
 Zofra,Ondansetron, tabs, 4mg,20,Antiemetics (Gastrointestinal drugs),Eskayef Bangladesh Ltd
 Tulac,Lactulose, solution, 100ml,1,Laxatives (Gastrointestinal drugs),Eskayef Bangladesh Ltd
 Ostocal Dx,Calcium Carbonate/vitamin D, tabs, -,30,Vitamins/minerals (Nutrition and blood agents),Eskayef Bangladesh Ltd
 Ostocal D,Calcium Carbonate/vitamin D, tabs, -,30,Vitamins/minerals (Nutrition and blood agents),Eskayef Bangladesh Ltd
 Mycofin,Terbinafine, cream, 1% 15gm,1,Antifungals (Anti-infectives),Eskayef Bangladesh Ltd
 Mycofin,Terbinafine, tabs, 250mg,10,Antifungals (Anti-infectives),Eskayef Bangladesh Ltd
 Levomax,Levofloxacin, tabs, 750mg,10,Antibacterials: Floroquinolones (Anti-infectives),Eskayef Bangladesh Ltd
 Levomax,Levofloxacin, tabs, 500mg,10,Antibacterials: Floroquinolones (Anti-infectives),Eskayef Bangladesh Ltd
 Flucloxin,Flucloxacillin, caps, 500mg,30,Antibacterials: Penicillins (Anti-infectives),Eskayef Bangladesh Ltd
 Facid Hc,Fusidic Acid/hydrocortisone, cream, 10gm,1,Dermatological Agents (Dermatological agents),Eskayef Bangladesh Ltd
 Etorix,Etoricoxib, tabs, 120mg,20,Nsaids (Musculoskeletal agents),Eskayef Bangladesh Ltd
 Etorix,Etoricoxib, tabs, 90mg,30,Nsaids (Musculoskeletal agents),Eskayef Bangladesh Ltd
 Etorix,Etoricoxib, tabs, 60mg,40,Nsaids (Musculoskeletal agents),Eskayef Bangladesh Ltd
 Esoral,Esomeprazole, tabs, 40mg,20,Proton Pump Inhibitors (Gastrointestinal drugs),Eskayef Bangladesh Ltd
 Esoral,Esomeprazole/clarithromycin/amoxicillin, tabs, 20mg,20,Helicobacter Eradication Agents (Gastrointestinal drugs),Eskayef Bangladesh Ltd
 Desodin,Desloratidine, tabs, 5mg,50,Antihistamines (Respiratory system drugs),Eskayef Bangladesh Ltd
 Desodin,Desloratidine, syp, 60ml,1,Antihistamines (Respiratory system drugs),Eskayef Bangladesh Ltd
 Cardoplus,Losartan/hydrochlorthiazide, tabs, 50/12.5mg,20,Angiotensin Ii Rec. Antagonists (Cardiovascular drugs),Eskayef Bangladesh Ltd
 Azithrax Pfs,Azithromycin, susp, 30ml,1,Antibacterials: Macrolides (Anti-infectives),Eskayef Bangladesh Ltd
 Azithrax,Azithromycin, tabs, 500mg,3,Antibacterials: Macrolides (Anti-infectives),Eskayef Bangladesh Ltd
 Megace,(n/a), tabs, 160mg,30,Misc. Agents (Misc. drugs),Eipico (egypt)
 Lanova,(n/a), caps, 2.5 mg,30,Misc. Agents (Misc. drugs),Eipico (egypt)
 Lanova,(n/a), tabs, 1.25mg,30,Misc. Agents (Misc. drugs),Eipico (egypt)
 Fecam,(n/a), susp, 100mg/5ml,1,Misc. Agents (Misc. drugs),Eipico (egypt)
 Fecam,(n/a), caps, 400mg,4,Misc. Agents (Misc. drugs),Eipico (egypt)
 Dytec V,(n/a), tabs, -,4,Misc. Agents (Misc. drugs),Eipico (egypt)
 Coxina,(n/a), tabs, 7.5mg,10,Misc. Agents (Misc. drugs),Eipico (egypt)
 Coxina,(n/a), tabs, 15mg,10,Misc. Agents (Misc. drugs),Eipico (egypt)
 Naxodin,(n/a), cream, 10g,1,Misc. Agents (Misc. drugs),Wessex Pharma
 Gloclav,Amoxicillin/clavulanate, tabs, 375mg,20,Antibacterials: Penicillins (Anti-infectives),Global Healthcare
 Duxcospan,Hyoscine Butylbromide, syp, 60ml,1,Antimuscarinic Drugs (Gastrointestinal drugs),Universal Cooporation
 Korandil,Enalapril, tabs, 5mg,100,Ace Inhibitors (Cardiovascular drugs),Remedica Ltd
 Agilevo,Levofloxacin, tabs, 500mg,5,Antibacterials: Floroquinolones (Anti-infectives),Surgilinks Ltd
 Dacillin,Clindamycin, caps, 300mg,10,Antibacterials: Lincosamides (Anti-infectives),Ranbaxy Labs
 Neoxicam,Meloxicam, tabs, 7.5mg,100,Nsaids (Musculoskeletal agents),Neopharma
 Neomet,Metformin, tabs, 1gm,30,Antidiabetics:biguanides (Endocrine system drugs),Neopharma
 Neocipro,Ciprofloxacin, tabs, 500mg,10,Antibacterials: Floroquinolones (Anti-infectives),Neopharma
 Converium,Irbesartan, tabs, 300mg,30,Angiotensin Ii Rec. Antagonists (Cardiovascular drugs),Medochemie
 Converium,Irbesartan, tabs, 150mg,30,Angiotensin Ii Rec. Antagonists (Cardiovascular drugs),Medochemie
 Axetine,Cefuroxime, tabs, 500mg,10,Antibacterials: Cephalosporins (Anti-infectives),Medochemie
 Intranox,Itraconazole, tabs, 100mg,15,Antifungals (Anti-infectives),Adwia Sae
 Zibac,Azithromycin, inj, 500mg,1,Antibacterials: Macrolides (Anti-infectives),Popular Pharma
 Gemiflox,Gemifloxacin, tabs, 320mg,30,Antibacterials: Floroquinolones (Anti-infectives),Popular Pharma
 Fentyl,Fentanyl, inj, 50mcg/ml 2ml,5,Opiod Analgesics (Musculoskeletal agents),Popular Pharma
 Zesup Forte,Zinc Sulphate, susp, 20mg/5ml 100ml,1,Eye/ear/nose Preparations (Eye ENT agents),Square Pharmaceuticals
 Ceovit,Vitamin C, tabs, 250mg,200,Vitamins/minerals (Nutrition and blood agents),Square Pharmaceuticals
 Neotack,Ranitidine, inj, 50mg/2ml,10,H-2 Receptor Antagonists (Gastrointestinal drugs),Square Pharmaceuticals
 Colicon,Dicyclomine, tabs, 10mg,100,Antimuscarinic Drugs (Gastrointestinal drugs),Square Pharmaceuticals
 Angilock Plus,Losartan/hydrochlorthiazide, tabs, 50/12.5mg,30,Angiotensin Ii Rec. Antagonists (Cardiovascular drugs),Square Pharmaceuticals
 Arisoplex,Vit B Complex, syp, 100ml,1,Vitamins/minerals (Nutrition and blood agents),Madawa Pharma.
 Doxutec,Doxorubicin, inj, 50mg,1,Cytotoxic Antibiotics (Oncology & immunosuppression drugs),United Biotech
 Uniplatin,Cisplatin, inj, 50mg,1,Anticancer/immunosuppressants: Other (Oncology & immunosuppression drugs),United Biotech
 Nytin,Nystatin, susp, 30ml,1,Antifungals (Anti-infectives),Njimia Kenya Manufacturing
 Tricet,Cetirizine, syp, 60ml,1,Antihistamines (Respiratory system drugs),Njimia Kenya Manufacturing
 Thiovent Promethazine,Carbocisteine/promethazine, syp, 100ml,1,Mucolytics/expectorants (Respiratory system drugs),Njimia Kenya Manufacturing
 Thiovent,Carbocisteine, syp, 2% 100ml,1,Mucolytics/expectorants (Respiratory system drugs),Njimia Kenya Manufacturing
 Emitel,Albendazole, susp, 10ml,1,Anthelmintics (Anti-infectives),Njimia Pharma
 Ulcerid Plus,Simethicone, syp, 100ml,1,Antacids (Gastrointestinal drugs),Njimia Kenya Manufacturing
 Pruvil,Ibuprofen, syp, 100ml,1,Nsaids (Musculoskeletal agents),Njimia Kenya Manufacturing
 Asmeez,Salbutamol, syp, 100ml,1,Selective Beta-2 Agonists (Respiratory system drugs),Njimia Kenya Manufacturing
 Persantin,Dipyrimadole, tabs, 100mg,84,Antiplatelet Drugs (Cardiovascular drugs),Boehringer Ingelheim
 Goutgesic,Febuxostat, tabs, 80mg,10,Antigout Agents (Musculoskeletal agents),Galaxy Pharma Ltd
 Goutgesic,Febuxostat, tabs, 40mg,10,Antigout Agents (Musculoskeletal agents),Galaxy Pharma Ltd
 Pangraf,Tacrolimus, tabs, 5mg,10,Anticancer/immunosuppressants: Other (Oncology & immunosuppression drugs),Europa Healthcare
 Micef,Cefuroxime,, 500mg,,Antibacterials: Cephalosporins (Anti-infectives),Comed Chemicals
 Zoledro-denk,Zoledronic Acid, inj, 4mg/5ml,1,Biphosphonates (Misc. drugs),Denk Pharma
 Panto-denk,Pantoprazole, tabs, 40mg,25,Proton Pump Inhibitors (Gastrointestinal drugs),Denk Pharma
 Carvedi-denk,Carvedilol, tabs, 25mg,30,Beta-blockers (Cardiovascular drugs),Denk Pharma
 Levogest,Combined Oral Contraceptive, tabs, 0.75mg,2,Hormonal Contraceptives (Endocrine system drugs),Armicon Pharma
 Viprax,Cefixime, tabs, 100mg,10,Antibacterials: Cephalosporins (Anti-infectives),Virchow Healthcare
 Osteotide,Teriparatide, inj, 750mcg/3ml,1,Misc. Agents (Misc. drugs),Virchow Healthcare
 Ionsil,Silver Nitrate, gel, 0.2% 15gm,1,Dermatological Agents (Dermatological agents),Virchow Healthcare
 Biozel,Hyaluronidase, cream, 0.2% 15gm,1,Misc. Agents (Misc. drugs),Virchow Healthcare
 Oxol,Oxaliplatin, inj, 50mg/25ml,1,Anticancer/immunosuppressants: Other (Oncology & immunosuppression drugs),Venus Remedies
 Citabol,Gemcitabine, inj, 1000mg,1,Antimetabolite Cytotoxics (Oncology & immunosuppression drugs),Venus Remedies
 Daonil,Glibenclamide, tabs, 5mg,30,Sulphonylureas (Endocrine system drugs),Sanofi-aventis
 Aprovasc,Amlodipine/irbesartan, tabs, 10/300mg,28,See Class Of Components (),Sanofi-aventis
 Aprovasc,Amlodipine/irbesartan, tabs, 5/300mg,28,See Class Of Components (),Sanofi-aventis
 Aprovasc,Amlodipine/irbesartan, tabs, 5mg/150mg,28,See Class Of Components (),Sanofi-aventis
 Ibex,Paracetamol/ibuprofen, caps, 325/200mg,24,Nsaids (Musculoskeletal agents),Sanofi Medreich
 Brumed,Ibuprofen, tabs, 400mg,100,Nsaids (Musculoskeletal agents),Sanofi Medreich
 Amedin,Amlodipine/atorvastatin, tabs, 10mg,28,Calcium Channel Blokers (Cardiovascular drugs),Sanofi Medreich
 Celebrex,Celecoxib, tabs, 200mg,100,Nsaids (Musculoskeletal agents),Pfizer Global Pharma
 Flotac,Diclofenac, caps, 75mg,20,Nsaids (Musculoskeletal agents),Novartis Pharma
 Gitral M,Oral Rehydration Salts, satchet, 27.9gm,20,Antidiarrheorals (Gastrointestinal drugs),Globela Pharma
 Varilrix,Varicella Vaccine, inj, 0.5ml,1,Immunological Agents (Immunological agents),Glaxosmithkline Pharma
 Synflorix,Pneumococcal Vaccine, inj, -,1,Immunological Agents (Immunological agents),Glaxosmithkline Pharma
 Protedex,Ceftriaxone, inj, 2gm,1,Antibacterials: Cephalosporins (Anti-infectives),Glaxosmithkline Pharma
 Protedex,Ceftriaxone, inj, 1gm,1,Antibacterials: Cephalosporins (Anti-infectives),Glaxosmithkline Pharma
 Protedex,Ceftriaxone, inj, 500mg,1,Antibacterials: Cephalosporins (Anti-infectives),Glaxosmithkline Pharma
 Atarax,Hydroxyzine, syp, 2mg/ml 200ml,1,Antihistamines (Respiratory system drugs),Glaxosmithkline Pharma
 Atarax,Hydroxyzine, tabs, 25mg,25,Antihistamines (Respiratory system drugs),Glaxosmithkline Pharma
 Promto,Rabeprazole Sodium, tabs, 20mg,10,Proton Pump Inhibitors (Gastrointestinal drugs),Getz Pharma Ltd
 Claritexk Xl,Clarithromycin, tabs, 500mg,5,Antibacterials: Macrolides (Anti-infectives),Getz Pharma Ltd
 Zyprexa,Olanzapine, inj, 10mg,1,Antipsychotics (CNS agents),Eli Lilly & Co
 Lumet,Artemether/lumefantrine, tabs, 20/120,180,Antimalarials (Anti-infectives),Cipla Ltd
 Duomune,Lamivudine/tenofovir, tabs, 300/300mg,30,Antiretrovirals (Anti-infectives),Cipla Ltd
 Topcort,Mometasone, nasal spray, -,1,Corticosteroids (Endocrine system drugs),Cipla Ltd
 Terbifin,Terbinafine, tabs, 250mg,14,Antifungals (Anti-infectives),Cipla Ltd
 Risobon 2,Risperidone, tabs, 2mg,30,Antipsychotics (CNS agents),Cipla Ltd
 Plactinic,Cyproheptadine, syp, 100ml,1,Antihistamines (Respiratory system drugs),Cipla Ltd
 Novaclav,Amoxicillin/clavulanate, tabs, 625mg,14,Antibacterials: Penicillins (Anti-infectives),Cipla Ltd
 Lanzol,Lansoprazole, caps, 30mg,14,Proton Pump Inhibitors (Gastrointestinal drugs),Cipla Ltd
 Fucol,Fluconazole, caps, 50mg,14,Antifungals (Anti-infectives),Cipla Ltd
 Fucol,Fluconazole, caps, 200mg,100,Antifungals (Anti-infectives),Cipla Ltd
 Foralin,Budesonide/formoterol, inhaler, 400mcg/6mcg 120md,1,Corticosteroids (Endocrine system drugs),Cipla Ltd
 Deslot 5,Desloratidine, tabs, 5mg,10,Antihistamines (Respiratory system drugs),Cipla Ltd
 Cipladon,Paracetamol, tabs, 1000mg,8,Nsaids (Musculoskeletal agents),Cipla Ltd
 Cipladon,Paracetamol, tabs, 500mg,16,Nsaids (Musculoskeletal agents),Cipla Ltd
 Becort Aquanase,Beclomethasone, nasal spray, 50mcg,1,Corticosteroids (Endocrine system drugs),Cipla Ltd
 Xarelto,Rivaroxaban, tabs, 15mg,14,Anticoagulants (Cardiovascular drugs),Bayer Schering Pharma
 Clarinase Repetabs,Loratadine/psuedoephedrine, tabs, 5/120mg,14,Antihistamines (Respiratory system drugs),Bayer Schering Pharma
 Atacand,Candesartan/hydrochlothiazide, tabs, 32/25mg,28,Angiotensin Ii Rec. Antagonists (Cardiovascular drugs),Astrazeneca
 Yescort,Deflazacort, tabs, 6mg,30,Misc. Agents (Misc. drugs),Surgilinks Ltd
 Tinilox-mps,Diloxanide/metronidazole/simethicone, susp, 60ml,1,Antiprozoal Agents (Anti-infectives),Surgilinks Ltd
 Sitagen,Sitagliptin, tabs, 50mg,30,Antidiabetics: Other (Endocrine system drugs),Surgilinks Ltd
 Sitagen,Sitagliptin, tabs, 25mg,30,Antidiabetics: Other (Endocrine system drugs),Surgilinks Ltd
 Sharazole,Pantoprazole, tabs, 40mg,10,Proton Pump Inhibitors (Gastrointestinal drugs),Surgilinks Ltd
 Quench,Silver Sulphadiazine, cream, 50gm,1,Antibacterials: Others (Anti-infectives),Surgilinks Ltd
 Quench,Silver Sulphadiazine, cream, 15gm,1,Antibacterials: Others (Anti-infectives),Surgilinks Ltd
 Plastum,Tamsulosin, caps, 0.4mg,10,Alpha Adrenergic Blockers (Cardiovascular drugs),Surgilinks Ltd
 Orion Diu,Olmesartan/medoxomil/hydrochlorothiazide, tabs, 10/12.5mg,10,Misc. Agents (Misc. drugs),Surgilinks Ltd
 Orion,Olmesartan Medoxomil, tabs, 10/10mg,10,Angiotensin Ii Rec. Antagonists (Cardiovascular drugs),Surgilinks Ltd
 Nicoril,Nicorandil, tabs, 20mg,10,Vasodilators (Cardiovascular drugs),Surgilinks Ltd
 Nicoril,Nicorandil, tabs, 10mg,10,Vasodilators (Cardiovascular drugs),Surgilinks Ltd
 Novapressin,Terlipressin, inj, 1mg,1,Misc. Agents (Misc. drugs),-
 Mospel Silk,Diethyltoluamide, cream, 45ml,1,Misc. Agents (Misc. drugs),Abbott (usa)
 Idanil,Vitamin/mineral Preparation, drops, 30ml,1,Vitamins/minerals (Nutrition and blood agents),Surgilinks Ltd
 Genta,Gentamicin, e/e drops, 0.3% 10ml,1,Antibacterials: Aminoglycoside (Anti-infectives),Surgilinks Ltd
 Genta-d,Dexamethasone/gentamycin, e/e drops, 10ml,1,Dermatological Agents (Dermatological agents),Surgilinks Ltd
 Dawanol,Aspirin/paracetamol/caffeine, tabs, 300/200mg,100,Nsaids (Musculoskeletal agents),Adcork Ingram
 Hidrasec,Racecadotril, satchet, 30mg,16,Antidiarrheorals (Gastrointestinal drugs),Abbott (usa)
 Atorfit,Atorvastatin, tabs, 20mg,30,Statins (Cardiovascular drugs),Ajanta Pharma Ltd
 Atorfit,Atorvastatin, tabs, 10mg,30,Statins (Cardiovascular drugs),Ajanta Pharma Ltd
 Lesstrol Am,Amlodipine/atorvastatin, tabs, 5/10mg,30,Calcium Channel Blokers (Cardiovascular drugs),Troikaa Pharma
 Lesstrol,Atorvastatin, tabs, 20mg,30,Statins (Cardiovascular drugs),Troikaa Pharma
 Lesstrol,Atorvastatin, tabs, 10mg,30,Statins (Cardiovascular drugs),Troikaa Pharma
 Telmikaa H,Telmisartan/hydrochlorthiazide, tabs, 40/12.5mg,30,Angiotensin Ii Rec. Antagonists (Cardiovascular drugs),Troikaa Pharma
 Telmikaa,Telmisartan, tabs, 80mg,30,Angiotensin Ii Rec. Antagonists (Cardiovascular drugs),Troikaa Pharma
 Telmikaa,Telmisartan, tabs, 40mg,30,Angiotensin Ii Rec. Antagonists (Cardiovascular drugs),Troikaa Pharma
 Isotry,Isoflurane, solution, 250ml,1,General Anaesthetics (CNS agents),Troikaa Pharma
 Tress Bucal,Triamcinilone, gel, 5mg,1,Corticosteroids (Endocrine system drugs),Troikaa Pharma
 Diltigestic,Diltiazem, gel, 2% 30gm,1,Vasodilators (Cardiovascular drugs),Troikaa Pharma
 Antiplatt Plus,Clopidogrel/aspirin, tabs, 75/150mg,30,Antiplatelet Drugs (Cardiovascular drugs),Troikaa Pharma
 Bifilac,Prebiotic/probiotic, satchet, -,15,Misc. Agents (Misc. drugs),Tablets India Ltd
 Astyfer,Vitamin/mineral Preparation, syp, 200ml,1,Vitamins/minerals (Nutrition and blood agents),Tablets India Ltd
 Procoralan,Ivabradine, tabs, 7.5mg,56,Misc. Agents (Misc. drugs),Servier Labs (france)
 Cutisol,Clobetasol, lotion, 30ml,1,Dermatological Agents (Dermatological agents),Shalina
 Cutisol,Clobetasol, cream, 15mg,1,Dermatological Agents (Dermatological agents),Shalina
 Neurobest,Vitamin B1/b6/b12, inj, -,10,Vitamins/minerals (Nutrition and blood agents),Renata Ltd
 Ebastel,Ebastine, solution, 5mg/5ml,1,Antihistamines (Respiratory system drugs),Almirall Prodes
 X-plended,Rosuvastatin, tabs, 20mg,10,Statins (Cardiovascular drugs),Pharmeo
 Inosita Plus,Metformin/sitagliptin, tabs, 1000/50mg,10,Antidiabetics: Other (Endocrine system drugs),Pharmeo
 Inosita Plus,Metformin/sitagliptin, tabs, 500/50mg,10,Antidiabetics: Other (Endocrine system drugs),Pharmeo
 Inosita,Sitagliptin, tabs, 50mg,10,Antidiabetics: Other (Endocrine system drugs),Pharmeo
 Inosita,Sitagliptin, tabs, 100mg,10,Antidiabetics: Other (Endocrine system drugs),Pharmeo
 Avsar,Amlodipine/valsartan, tabs, 10/160mg,14,Calcium Channel Blokers (Cardiovascular drugs),Pharmeo
 Avsar,Amlodipine/valsartan, tabs, 5/80mg,14,Calcium Channel Blokers (Cardiovascular drugs),Pharmeo
 Avsar,Amlodipine/valsartan, tabs, 5/160mg,14,Calcium Channel Blokers (Cardiovascular drugs),Pharmeo
 Megafeer,Iron Sucrose, inj, 5mg,5,Haematinics/iron Preparations (Nutrition and blood agents),Nabros Pharma Products
 Glandin E2,Dinoprostone, vaginal tab, 3mg,4,Prostagladins & Analogues (Misc. drugs),Nabros Pharma Products
 Gynosporin,Clotrimazole, vaginal tab, 50mg,1,Antifungals (Anti-infectives),Nabros Pharma Products
 Feveral,Paracetamol, inj, 2ml,5,Nsaids (Musculoskeletal agents),Nabros Pharma Products
 Cortec Plus,Enalapril/hydrochlorthiazide, tabs, 10/25mg,100,Ace Inhibitors (Cardiovascular drugs),Nabros Pharma Products
 Bepsar Plus,Losartan/hydrochlorthiazide, tabs, 50/12.5mg,100,Angiotensin Ii Rec. Antagonists (Cardiovascular drugs),Nabros Pharma Products
 Voltamed,Diclofenac, tabs, 100mg,100,Nsaids (Musculoskeletal agents),Medico Remedies
 Medifen,Ibuprofen, tabs, 400mg,500,Nsaids (Musculoskeletal agents),Medico Remedies
 Cetrimed,Cetirizine, tabs, 10mg,100,Antihistamines (Respiratory system drugs),Medico Remedies
 Dilcozyme,Vitamin/mineral Preparation, syp, 120ml,1,Vitamins/minerals (Nutrition and blood agents),Ccl Pharma
 Dilconeurine,Vit B Complex, tabs, -,30,Vitamins/minerals (Nutrition and blood agents),Ccl Pharma
 Levocil,Levofloxacin, tabs, 500mg,10,Antibacterials: Floroquinolones (Anti-infectives),Ccl Pharma
 Esoflux,Esomeprazole, caps, 20mg,20,Proton Pump Inhibitors (Gastrointestinal drugs),"Acme Labs, Bangladesh"
 Nidozox,Nitazoxanide, tabs, 500mg,18,Antiprozoal Agents (Anti-infectives),"Acme Labs, Bangladesh"
 Monas,Montelukast, tabs, 10mg,30,Leukotriene Receptor Antagonists (Respiratory system drugs),"Acme Labs, Bangladesh"
 Esoflux,Esomeprazole, caps, 40mg,20,Proton Pump Inhibitors (Gastrointestinal drugs),"Acme Labs, Bangladesh"
 Cinclav,Amoxicillin/clavulanate, tabs, 625mg,14,Antibacterials: Penicillins (Anti-infectives),Medicef Pharma
 Misopro,Misoprostol, tabs, 200mcg,20,Prostagladins & Analogues (Misc. drugs),Naari Ag
 Facile One,Levonorgesterol, tabs, 1.5g,1,Progestogens (Endocrine system drugs),Naari Ag
 Kacin,Amikacin, inj, 100mg/2ml,10,Antibacterials: Aminoglycoside (Anti-infectives),Aci Pharmaceuticals
 Septex,Chlorhexidine/cetrimide, cream, 30g,1,Disinfectants/antiseptics (Misc. drugs),Aci Pharmaceuticals
 Hexiscrub,Chlorhexidine, solution, 0.5% 250ml,1,Disinfectants/antiseptics (Misc. drugs),Aci Pharmaceuticals
 Hexiscrub,Chlorhexidine, solution, 4% 250ml,1,Disinfectants/antiseptics (Misc. drugs),Aci Pharmaceuticals
 Hexitane,Chlorhexidine, cream, 5% 60ml,1,Disinfectants/antiseptics (Misc. drugs),Aci Pharmaceuticals
 Joyfresh,Antiseptic Mouth Wash, solution, 100ml,1,Disinfectants/antiseptics (Misc. drugs),Incepta Pharmaceuticals
 Zinkan,Zinc Sulphate, syp, 100ml,1,Eye/ear/nose Preparations (Eye ENT agents),Incepta Pharmaceuticals
 Proviten Junior,Vitamin/mineral Preparation, syp, 100ml,1,Vitamins/minerals (Nutrition and blood agents),Incepta Pharmaceuticals
 Precare,Vitamin/mineral Preparation, tabs, -,30,Vitamins/minerals (Nutrition and blood agents),Incepta Pharmaceuticals
 Intracal,Vitamin/mineral Preparation, tabs, 400mg,30,Vitamins/minerals (Nutrition and blood agents),Incepta Pharmaceuticals
 Inovit-e,Vitamin E, caps, 400iu,30,Vitamins/minerals (Nutrition and blood agents),Incepta Pharmaceuticals
 Ximeprox,Cefpodoxime, susp, 40mg/5ml 100ml,1,Antibacterials: Cephalosporins (Anti-infectives),Incepta Pharmaceuticals
 Valex,Sodium Valproate, syp, 200mg/5ml 100ml,1,Antiepileptics (CNS agents),Incepta Pharmaceuticals
 Proviten A-z,Vitamin/mineral Preparation, tabs, -,100,Vitamins/minerals (Nutrition and blood agents),Incepta Pharmaceuticals
 Neociclor,Desloratidine, syp, 2.5mg/5ml 50ml,1,Antihistamines (Respiratory system drugs),Incepta Pharmaceuticals
 Mucolyt,Bromhexine, syp, 4mg/5ml 100ml,1,Mucolytics/expectorants (Respiratory system drugs),Incepta Pharmaceuticals
 Lefoam,Simethicone, susp, 67mg/ml 15ml,1,Antacids (Gastrointestinal drugs),Incepta Pharmaceuticals
 Lefoam,Simethicone, susp, 67mg/ml 15ml,1,Antacids (Gastrointestinal drugs),Incepta Pharmaceuticals
 Kilbac,Cefuroxime, susp, 125mg/5ml 70ml,1,Antibacterials: Cephalosporins (Anti-infectives),Incepta Pharmaceuticals
 Ketomar,Ketotifen, syp, 1mg/5ml 100ml,1,Prophylactic Anti-allergens (Respiratory system drugs),Incepta Pharmaceuticals
 Cavic C,Vitamin/mineral Preparation, tabs, -,10,Vitamins/minerals (Nutrition and blood agents),Incepta Pharmaceuticals
 Ambolyt,Ambroxol, syp, 15mg/5ml 100ml,1,Mucolytics/expectorants (Respiratory system drugs),Incepta Pharmaceuticals
 Adora,Cefadroxil, susp, 125mg/5ml 100ml,1,Antibacterials: Cephalosporins (Anti-infectives),Incepta Pharmaceuticals
 Adora,Cefadroxil, susp, 125mg/5ml 60ml,1,Antibacterials: Cephalosporins (Anti-infectives),Incepta Pharmaceuticals
 Sefur,Cefuroxime, inj, 750mg,1,Antibacterials: Cephalosporins (Anti-infectives),Opsonin Pharma Ltd
 Ocin,Oxytocin, inj, 5 iu,5,Hypothalamic/pituitary Hormones (Endocrine system drugs),Opsonin Pharma Ltd
 Flux,Flucloxacillin, caps, 250mg,28,Antibacterials: Penicillins (Anti-infectives),Opsonin Pharma Ltd
 Flux,Flucloxacillin, inj, 50mg,1,Antibacterials: Penicillins (Anti-infectives),Opsonin Pharma Ltd
 Flux,Flucloxacillin, susp, 125mg/5ml 100ml,1,Antibacterials: Penicillins (Anti-infectives),Opsonin Pharma Ltd
 Azicin,Azithromycin, tabs, 500mg,3,Antibacterials: Macrolides (Anti-infectives),Opsonin Pharma Ltd
 Zolfin,Aceclofenac, tabs, 100mg,150,Nsaids (Musculoskeletal agents),Beximco Pharma
 Odrel Plus,Clopidogrel/aspirin, tabs, 75/75mg,30,Antiplatelet Drugs (Cardiovascular drugs),Beximco Pharma
 Nokof Ds,Carbocisteine, syp, 250mg/5ml 100ml,1,Mucolytics/expectorants (Respiratory system drugs),Beximco Pharma
 Nightus,Bromazepam, tabs, 3mg,100,Anxiolytics/sedatives/hypnotics/neuroleptics (CNS agents),Beximco Pharma
 Nazolin,Oxymetazoline, spray, 25mcg 200d,1,Sympathomimetics (Cardiovascular drugs),Beximco Pharma
 Napa Extra,Paracetamol/caffeine, tabs, 500/65 mg,200,Nsaids (Musculoskeletal agents),Beximco Pharma
 Momento,Desloratidine, tabs, 5mg,100,Antihistamines (Respiratory system drugs),Beximco Pharma
 Bexitrol-f,Salmeterol/fluticasone, inhaler, 25/250mcg,1,Selective Beta-2 Agonists (Respiratory system drugs),Beximco Pharma
 Bexitrol-f,Salmeterol/fluticasone, inhaler, 25/125 mcg,1,Selective Beta-2 Agonists (Respiratory system drugs),Beximco Pharma
 Bexitrol-f,Salmeterol/fluticasone, inhaler, 25/50 mcg,1,Selective Beta-2 Agonists (Respiratory system drugs),Beximco Pharma
 Bexitrol Hfa,Salmeterol, inhaler, 25mcg/act,1,Selective Beta-2 Agonists (Respiratory system drugs),Beximco Pharma
 Axodin,Fexofenadine, tabs, 60mg,50,Antihistamines (Respiratory system drugs),Beximco Pharma
 Atova,Atorvastatin, tabs, 20mg,20,Statins (Cardiovascular drugs),Beximco Pharma
 Amdocal Plus,Amlodipine/atenolol, tabs, 5/50 mg,60,Calcium Channel Blokers (Cardiovascular drugs),Beximco Pharma
 Amdocal Plus,Amlodipine/atenolol, tabs, 5/25 mg,30,Calcium Channel Blokers (Cardiovascular drugs),Beximco Pharma
 Nebilet Plus,Nebivolol/hydrochlorthiazide, tabs, 5/12.5mg,28,Beta-blockers (Cardiovascular drugs),Menarini Int
 Bromodel,Bromocriptine, tabs, 2.5mg,30,Dopaminergic Agonists (CNS agents),Opsonin Pharma Ltd
 Lolip,Atorvastatin, tabs, 20mg,30,Statins (Cardiovascular drugs),Universal Cooporation
 Lolip,Atorvastatin, tabs, 10mg,30,Statins (Cardiovascular drugs),Universal Cooporation
 Medifix,Cefixime, tabs, 200mg,10,Antibacterials: Cephalosporins (Anti-infectives),Mega
 Medifix,Cefixime, susp, 50mg/5ml 50ml,1,Antibacterials: Cephalosporins (Anti-infectives),Mega
 Teltas,Telmisartan, tabs, 80mg,30,Angiotensin Ii Rec. Antagonists (Cardiovascular drugs),Intas Exports
 Carca,Carvedilol, tabs, 3.125mg,30,Beta-blockers (Cardiovascular drugs),Intas Exports
 Ximeor,Cefuroxime, tabs, 500mg,10,Antibacterials: Cephalosporins (Anti-infectives),-
 Ldnil,Rosuvastatin, tabs, 10mg,30,Statins (Cardiovascular drugs),-
 Urgendol Sr,Tramadol, tabs, 100mg,10,Opiod Analgesics (Musculoskeletal agents),Win-medicare (india)
 Udihep Forte,Ursodeoxycholic Acid, tabs, 300mg,50,Bile Acids (Gastrointestinal drugs),Win-medicare (india)
 Panagraf,Tacrolimus, caps, 5mg,10,Anticancer/immunosuppressants: Other (Oncology & immunosuppression drugs),Europa Healthcare
 Fluconadenk,Fluconazole, caps, 100mg,10,Antifungals (Anti-infectives),Denk Pharma
 Fluconadenk,Fluconazole, caps, 150mg,1,Antifungals (Anti-infectives),Denk Pharma
 Amoxiclav Denk,Amoxicillin/clavulanate, tabs, 625mg,16,Antibacterials: Penicillins (Anti-infectives),Denk Pharma
 Diclo Denk,Diclofenac, tabs, 25mg,100,Nsaids (Musculoskeletal agents),Denk Pharma
 Paclitaxel,Paclitaxel, inj, 30mg,1,Anticancer/immunosuppressants: Other (Oncology & immunosuppression drugs),Universal Cooporation
 Amphoterin,Amphotericin B, inj, 50mg,1,Antifungals (Anti-infectives),Lords Healthcare
 Rifampicin,Rifampicin, caps, 300mg,100,Antitubercular Agents (Anti-infectives),Cosmos Ltd
 Rifampicin,Rifampicin, caps, 150mg,100,Antitubercular Agents (Anti-infectives),Cosmos Ltd
 Lisace,Lisinopril, tabs, 5mg,28,Ace Inhibitors (Cardiovascular drugs),Cosmos Ltd
 Hydrocosyl,Hydrocortisone, cream, 15g,1,Corticosteroids (Endocrine system drugs),Cosmos Ltd
 Diethylcarbamazine,Diethylcarbamazine, tabs, 50mg,1000,Anthelmintics (Anti-infectives),Cosmos Ltd
 Nycostat,Nystatin, lozenges, 100000 iu,28,Antifungals (Anti-infectives),Cosmos Ltd
 Ceficad,Cefipime, inj, 1g,1,Antibacterials: Cephalosporins (Anti-infectives),Cadila Pharma
 Betasil,Herbal Remedy, lozenges, -,24,Misc. Agents (Misc. drugs),Beta Healthcare
 Megavit,Vitamin/mineral Preparation, syp, 100ml,1,Vitamins/minerals (Nutrition and blood agents),Beta Healthcare
 Betasil,Herbal Remedy, lozenges, -,70,Misc. Agents (Misc. drugs),Beta Healthcare
 Gabs,Paromomycin, tabs, 250mg,12,Antiprozoal Agents (Anti-infectives),Bentley & Remington
 Gabs,Paromomycin, syp, 60ml,1,Antiprozoal Agents (Anti-infectives),Bentley & Remington
 Zinctot,Zinc Sulphate, tabs, 20mg,100,Eye/ear/nose Preparations (Eye ENT agents),Virchow Healthcare
 Vanco,Ceftriaxone/vancomycin, inj, 1.5mg,1,Antibacterials: Cephalosporins (Anti-infectives),Venus Remedies
 Pimcef,Cefepime, inj, 1gm,1,Antibacterials: Cephalosporins (Anti-infectives),Venus Remedies
 Amnol,Zoledronic Acid, inj, 4mg,1,Biphosphonates (Misc. drugs),Venus Remedies
 Gilenya,Fingolimod, caps, 0.5mg,28,Misc. Agents (Misc. drugs),Novartis Pharma
 Asunra,Deferasirox, tabs, 400mg,30,Chelating Agents/antidotes (Misc. drugs),Novartis Pharma
 Asunra,Deferasirox, tabs, 100mg,30,Chelating Agents/antidotes (Misc. drugs),Novartis Pharma
 Afinitor,Everolimus, tabs, 10mg,30,Immunological Agents (Immunological agents),Novartis Pharma
 Afinitor,Everolimus, tabs, 5mg,30,Immunological Agents (Immunological agents),Novartis Pharma
 Aerovent,Salbutamol/beclomethasone, inhaler, 100/50mcg 200md,1,Selective Beta-2 Agonists (Respiratory system drugs),Cipla Ltd
 Onglyza,Saxagliptin, tabs, 5mg,30,Antidiabetics: Other (Endocrine system drugs),Astrazeneca
 Kombiglyze Xr,Metformin/saxagliptin, tabs, 1000/5mg,30,Antidiabetics: Other (Endocrine system drugs),Astrazeneca
 Kombiglyze Xr,Metformin/saxagliptin, tabs, 1000mg/2.5mg,60,Antidiabetics: Other (Endocrine system drugs),Astrazeneca
 Zeben,Albendazole, tabs, 200mg,2,Anthelmintics (Anti-infectives),Sanofi Medreich
 Trimoprim Ds,Trimethorpim/sulphamethoxazole, tabs, 960mg,100,Antibacterials: Co-trimoxazoles (Anti-infectives),Sanofi Medreich
 Trimoprim,Trimethorpim/sulphamethoxazole, tabs, 480mg,100,Antibacterials: Co-trimoxazoles (Anti-infectives),Sanofi Medreich
 Promox,Amoxiciillin, caps, 500mg,500,Antibacterials: Penicillins (Anti-infectives),Sanofi Medreich
 Promox,Amoxiciillin, caps, 250mg,100,Antibacterials: Penicillins (Anti-infectives),Sanofi Medreich
 Omizec,Omeprazole, caps, 20mg,28,Proton Pump Inhibitors (Gastrointestinal drugs),Sanofi Medreich
 Cartiflex,Glucosamine, tabs, 1500mg,30,Vitamins/minerals (Nutrition and blood agents),Natures Only
 Cartiflex Forte,Vitamin/mineral Preparation, tabs, -,30,Vitamins/minerals (Nutrition and blood agents),Natures Only
 Treviamet,Metformin/sitagliptin, tabs, 1000/50mg,14,Antidiabetics: Other (Endocrine system drugs),Getz Pharma Ltd
 Treviamet,Metformin/sitagliptin, tabs, 500/50mg,14,Antidiabetics: Other (Endocrine system drugs),Getz Pharma Ltd
 Trevia,Sitagliptin, tabs, 100mg,14,Antidiabetics: Other (Endocrine system drugs),Getz Pharma Ltd
 Trevia,Sitagliptin, tabs, 50mg,14,Antidiabetics: Other (Endocrine system drugs),Getz Pharma Ltd
 Solifen,Solifenacin Succinate, tabs, 5mg,10,Antimuscarinic Drugs (Gastrointestinal drugs),Getz Pharma Ltd
 Febo-g,Febuxostat, tabs, 80mg,20,Antigout Agents (Musculoskeletal agents),Getz Pharma Ltd
 Febo-g,Febuxostat, tabs, 40mg,20,Antigout Agents (Musculoskeletal agents),Getz Pharma Ltd
 Zaart-h,Losartan/hydrochlorthiazide, tabs, 50.12.5mg,30,Angiotensin Ii Rec. Antagonists (Cardiovascular drugs),Cipla Ltd
 Topcort,Mometasone, cream, 0.1%,1,Corticosteroids (Endocrine system drugs),Cipla Ltd
 Serocort,Salmeterol/fluticasone, inhaler, 25/250mcg 120md,1,Selective Beta-2 Agonists (Respiratory system drugs),Cipla Ltd
 Rosugard,Rosuvastatin, tabs, 20mg,30,Statins (Cardiovascular drugs),Cipla Ltd
 Rosugard,Rosuvastatin, tabs, 10mg,30,Statins (Cardiovascular drugs),Cipla Ltd
 Rizact,Rizatriptan, tabs, 10mg,4,Ssris (CNS agents),Cipla Ltd
 Osteofos,Alendronate, tabs, 70mg,10,Biphosphonates (Misc. drugs),Cipla Ltd
 Nifpine Retard,Nifedipine, tabs, 20mg,30,Calcium Channel Blokers (Cardiovascular drugs),Cipla Ltd
 Moxicip,Moxifloxacin, tabs, 400mg,5,Antibacterials: Floroquinolones (Anti-infectives),Cipla Ltd
 Levaform Respules,Levosalbutamol, -, 1.25mg,20,Selective Beta-2 Agonists (Respiratory system drugs),Cipla Ltd
 Levaform,Levosalbutamol, inhaler, 50mcg,1,Selective Beta-2 Agonists (Respiratory system drugs),Cipla Ltd
 Lanzol Dt,Lansoprazole, tabs, 15mg,10,Proton Pump Inhibitors (Gastrointestinal drugs),Cipla Ltd
 Itoprid,Itopride, tabs, 50mg,30,Antimuscarinic Drugs (Gastrointestinal drugs),Cipla Ltd
 Forpar,Cefipime, inj, 2gm,1,Antibacterials: Cephalosporins (Anti-infectives),Cipla Ltd
 Forpar,Cefipime, inj, 1 gm,1,Antibacterials: Cephalosporins (Anti-infectives),Cipla Ltd
 Foralin,Budesonide/formoterol, inhaler, 100mcg/6mcg 120md,1,Corticosteroids (Endocrine system drugs),Cipla Ltd
 Exermet,Metformin, tabs, 1000mg,30,Antidiabetics:biguanides (Endocrine system drugs),Cipla Ltd
 Esomac,Esomeprazole, tabs, 40mg,14,Proton Pump Inhibitors (Gastrointestinal drugs),Cipla Ltd
 Esomac,Esomeprazole, tabs, 20mg,28,Proton Pump Inhibitors (Gastrointestinal drugs),Cipla Ltd
 Esclam Kit,Esomeprazole/clarithromycin/amoxicillin, kit, 20mg/500mg/1g,1,Helicobacter Eradication Agents (Gastrointestinal drugs),Cipla Ltd
 Entosec,Secnidazole, tabs, 1000mg,20,Antiprozoal Agents (Anti-infectives),Cipla Ltd
 Duzac,Duoloxetine, caps, 60mg,30,Antidepressants: Other (CNS agents),Cipla Ltd
 Duzac,Duoloxetine, caps, 30mg,30,Antidepressants: Other (CNS agents),Cipla Ltd
 Dulocip Repsules,Ipratropium/salbutamol, -, 1.5mg/2.5ml,20,Antimuscarinic Bronchodilators (Respiratory system drugs),Cipla Ltd
 Diracip M Ds,Diloxanide/metronidazole, tabs, 500/400mg,15,Antiprozoal Agents (Anti-infectives),Cipla Ltd
 Diracip M,Diloxanide/metronidazole, tabs, 250mg/200mg,30,Antiprozoal Agents (Anti-infectives),Cipla Ltd
 Cipconazole,Miconazole, cream, 2% 15gm,1,Antifungals (Anti-infectives),Cipla Ltd
 Cefasyn,Cefuroxime, inj, 750mg/15ml,1,Antibacterials: Cephalosporins (Anti-infectives),Cipla Ltd
 Atorlip Ez,Atorvastatin/ezetimibe, tabs, 10/10mg,10,Statins (Cardiovascular drugs),Cipla Ltd
 Atorlip,Atorvastatin, tabs, 40mg,30,Statins (Cardiovascular drugs),Cipla Ltd
 Atorlip,Atorvastatin, tabs, 20mg,30,Statins (Cardiovascular drugs),Cipla Ltd
 Atorlip,Atorvastatin, tabs, 10mg,30,Statins (Cardiovascular drugs),Cipla Ltd
 Alerid,Cetirizine, tabs, 10mg,10,Antihistamines (Respiratory system drugs),Cipla Ltd
 Acorcip Dt,Acyclovir, tabs, 800mg,50,Antiviral Agents (Anti-infectives),Cipla Ltd
 Acorcip Dt,Acyclovir, tabs, 400mg,50,Antiviral Agents (Anti-infectives),Cipla Ltd
 Arpimune,Cyclosporin, caps, 50mg,50,Anticancer/immunosuppressants: Other (Oncology & immunosuppression drugs),Rpg Life Sciences
 Amoclan,Amoxicillin/clavulanate, susp, 457mg/5ml 70ml,1,Antibacterials: Penicillins (Anti-infectives),Hikma Pharma
 Allerfast,Fexofenadine, tabs, 180mg,10,Antihistamines (Respiratory system drugs),Khandelwal Lab
 Twynsta,Telmisartan/amlodipine, tabs, 80/10mg,28,Angiotensin Ii Rec. Antagonists (Cardiovascular drugs),Boehringer Ingelheim
 Twynsta,Telmisartan/amlodipine, tabs, 80/5mg,28,Angiotensin Ii Rec. Antagonists (Cardiovascular drugs),Boehringer Ingelheim
 Twynsta,Telmisartan/amlodipine, tabs, 40/10,28,Angiotensin Ii Rec. Antagonists (Cardiovascular drugs),Boehringer Ingelheim
 Twynsta,Telmisartan/amlodipine, tabs, 40/5mg,28,Angiotensin Ii Rec. Antagonists (Cardiovascular drugs),Boehringer Ingelheim
 Diprivan,Propofol, inj, 2% 50ml,1,General Anaesthetics (CNS agents),Astrazeneca
 Diprivan,Propofol, inj, 1% 50ml,1,General Anaesthetics (CNS agents),Astrazeneca
 Cipro-t,(n/a), tabs, -,10,Misc. Agents (Misc. drugs),Mepro Pharmaceuticals
 Mtm,Sildenafil, tabs, 50 mg,4,"Erectile Dysfunction Agents (Urinary, Obstetrics and Gynaecological agents)",Mepro Pharmaceuticals
 Mtm,Sildenafil, tabs, 100mg,4,"Erectile Dysfunction Agents (Urinary, Obstetrics and Gynaecological agents)",Mepro Pharmaceuticals
 Rivaflux,Flucloxacillin, caps, 500mg,20,Antibacterials: Penicillins (Anti-infectives),Riva Pharma Sae
 Rivadroxil,Cefadroxil, susp, 250mg/5ml 60ml,1,Antibacterials: Cephalosporins (Anti-infectives),Riva Pharma Sae
 Rivadroxil,Cefadroxil, caps, 500mg,10,Antibacterials: Cephalosporins (Anti-infectives),Riva Pharma Sae
 Rivaclarithin,Clarithromycin, caps, 500mg,10,Antibacterials: Macrolides (Anti-infectives),Riva Pharma Sae
 Lipiriv,Atorvastatin, caps, 20mg,10,Statins (Cardiovascular drugs),Riva Pharma Sae
 Flucariv,Fluconazole, caps, 150mg,1,Antifungals (Anti-infectives),Riva Pharma Sae
 Floxariv,Amoxicillin/flucloxacillin, caps, 250/250mg,20,Antibacterials: Penicillins (Anti-infectives),Riva Pharma Sae
 Erythroriv,Erythromycin, susp, 100ml,1,Antibacterials: Macrolides (Anti-infectives),Riva Pharma Sae
 Zoldro,Zoledronic Acid, inj, 4mg,1,Biphosphonates (Misc. drugs),United Biotech
 Vonaz,Voriconazole, tabs, 200mg,1,Antifungals (Anti-infectives),United Biotech
 Unicristine,Vincristine, inj, 1mg/ml,1,Anticancer/immunosuppressants: Other (Oncology & immunosuppression drugs),United Biotech
 Uniblastin,Vinblastine, inj, 10mg/10ml,1,Anticancer/immunosuppressants: Other (Oncology & immunosuppression drugs),United Biotech
 Temotec,(n/a), inj, 100mg/4ml,1,Misc. Agents (Misc. drugs),United Biotech
 Paclitec,Paclitaxel, inj, 300mg,1,Anticancer/immunosuppressants: Other (Oncology & immunosuppression drugs),United Biotech
 Paclitec,Paclitaxel, inj, 100mg,1,Anticancer/immunosuppressants: Other (Oncology & immunosuppression drugs),United Biotech
 Paclitec,Paclitaxel, inj, 30mg,1,Anticancer/immunosuppressants: Other (Oncology & immunosuppression drugs),United Biotech
 Oplatin,Oxaliplatin, inj, 50mg/25ml,1,Anticancer/immunosuppressants: Other (Oncology & immunosuppression drugs),United Biotech
 Oplatin,Oxaliplatin, inj, 100mg/50ml,1,Anticancer/immunosuppressants: Other (Oncology & immunosuppression drugs),United Biotech
 O-set,Ondansetron, inj, 8mg/2ml,1,Antiemetics (Gastrointestinal drugs),United Biotech
 Mouthwet,(n/a), solution, -,1,Misc. Agents (Misc. drugs),United Biotech
 Unitrexate,Methotrexate, inj, 50mg,1,Anticancer/immunosuppressants: Other (Oncology & immunosuppression drugs),United Biotech
 Unifolin,Leucovorin, inj, 50mg,1,Misc. Agents (Misc. drugs),United Biotech
 Onconase,(n/a), inj, -,1,Misc. Agents (Misc. drugs),United Biotech
 Rinotec,Irinotecan, inj, 40mg/2ml,1,Anticancer/immunosuppressants: Other (Oncology & immunosuppression drugs),United Biotech
 Ifomid,(n/a), inj, 1g,1,Misc. Agents (Misc. drugs),United Biotech
 Biogem,Gemcitabine, inj, 200mg,1,Antimetabolite Cytotoxics (Oncology & immunosuppression drugs),United Biotech
 Biogem,Gemcitabine, inj, 1g,1,Antimetabolite Cytotoxics (Oncology & immunosuppression drugs),United Biotech
 Oncoflour,Fluorouracil, inj, 250mg/10ml,1,Antimetabolite Cytotoxics (Oncology & immunosuppression drugs),United Biotech
 Oncofluor,Fluorouracil, inj, 500mg/10ml,1,Antimetabolite Cytotoxics (Oncology & immunosuppression drugs),United Biotech
 Oncosid,Etoposide, inj, 100mg/5ml,1,Anticancer/immunosuppressants: Other (Oncology & immunosuppression drugs),United Biotech
 Epirubitec,Epirubicin, inj, 50mg,1,Cytotoxic Antibiotics (Oncology & immunosuppression drugs),United Biotech
 Daunorubitec,(n/a), inj, 20mg,1,Misc. Agents (Misc. drugs),United Biotech
 Docotec,Docetaxel, inj, 80mg,1,Anticancer/immunosuppressants: Other (Oncology & immunosuppression drugs),United Biotech
 Docotec,Docetaxel, inj, 20mg,1,Anticancer/immunosuppressants: Other (Oncology & immunosuppression drugs),United Biotech
 Oncodac,Dacarbazine, inj, 200mg,1,Alkylating Cytotoxic Drugs (Oncology & immunosuppression drugs),United Biotech
 Oncotar,Cytarabine, inj, 100mg/1ml,1,Antimetabolite Cytotoxics (Oncology & immunosuppression drugs),United Biotech
 Uniphos,Cyclophosphamide, inj, 200mg,1,Alkylating Cytotoxic Drugs (Oncology & immunosuppression drugs),United Biotech
 Uniphos,Cyclophosphamide, inj, 500mg,1,Alkylating Cytotoxic Drugs (Oncology & immunosuppression drugs),United Biotech
 Uniphos,Cyclophosphamide, inj, 1g,1,Alkylating Cytotoxic Drugs (Oncology & immunosuppression drugs),United Biotech
 Unicarb,Carboplatin, inj, 450mg/45ml,1,Anticancer/immunosuppressants: Other (Oncology & immunosuppression drugs),United Biotech
 Unicarb,Carboplatin, inj, 150mg/15ml,1,Anticancer/immunosuppressants: Other (Oncology & immunosuppression drugs),United Biotech
 Lyoble,Bleomycin Sulphate, inj, 15iu,1,Cytotoxic Antibiotics (Oncology & immunosuppression drugs),United Biotech
 Amphotin,Amphotericin B, inj, -,1,Antifungals (Anti-infectives),United Biotech
 Bipreterax,Perindopril/indapamide, tabs, 10/2.5mg,30,Ace Inhibitors (Cardiovascular drugs),Servier Labs (france)
 X-plended,Rosuvastatin, tabs, 5mg,10,Statins (Cardiovascular drugs),Pharmeo
 X-plended,Rosuvastatin, tabs, 10mg,10,Statins (Cardiovascular drugs),Pharmeo
 Treatan,Candesartan, tabs, 8mg,14,Angiotensin Ii Rec. Antagonists (Cardiovascular drugs),Pharmeo
 Evofix,Cefixime, susp, 100mg/5ml 60ml,1,Antibacterials: Cephalosporins (Anti-infectives),Pharmeo
 Evorox,Cefuroxime, susp, 125mg/5ml 50ml,1,Antibacterials: Cephalosporins (Anti-infectives),Pharmeo
 Evorox,Cefuroxime, inj, 750mg,1,Antibacterials: Cephalosporins (Anti-infectives),Pharmeo
 Bongard,Alendronate, tabs, 70mg,4,Biphosphonates (Misc. drugs),Pharmeo
 Extravert,Vitamin/mineral Preparation, caps, -,30,Vitamins/minerals (Nutrition and blood agents),Ocean Health & Medical
 Ibugin-c,Paracetamol/ibuprofen, caps, 325/200mg,10,Nsaids (Musculoskeletal agents),Ocean Health & Medical
 Paragin C,Paracetamol/caffeine, caps, 500/25mg,10,Nsaids (Musculoskeletal agents),Ocean Health & Medical
 Flucomed,Fluconazole, caps, 150mg,1,Antifungals (Anti-infectives),Medico Remedies
 Cipex,Ciprofloxacin, tabs, 500mg,100,Antibacterials: Floroquinolones (Anti-infectives),Medico Remedies
 Onmed,Omeprazole, caps, 20mg,100,Proton Pump Inhibitors (Gastrointestinal drugs),Medico Remedies
 Novapressin,(n/a), inj, 1mg,1,Misc. Agents (Misc. drugs),Ferozsons Labs Pakistan
 Levo,Levofloxacin, tabs, 500mg,10,Antibacterials: Floroquinolones (Anti-infectives),Ferozsons Labs Pakistan
 Flosure,Tamsulosin, tabs, 400mcg,20,Alpha Adrenergic Blockers (Cardiovascular drugs),Ferozsons Labs Pakistan
 Icon,Itraconazole, caps, 100mg,4,Antifungals (Anti-infectives),Ferozsons Labs Pakistan
 Esomega,Esomeprazole, caps, 40mg,14,Proton Pump Inhibitors (Gastrointestinal drugs),Ferozsons Labs Pakistan
 Esomega,Esomeprazole, caps, 20mg,14,Proton Pump Inhibitors (Gastrointestinal drugs),Ferozsons Labs Pakistan
 Clopid Asp,Clopidogrel/aspirin, tabs, 75/150mg,10,Antiplatelet Drugs (Cardiovascular drugs),Ferozsons Labs Pakistan
 Clopid Asp,Clopidogrel/aspirin, tabs, 75/75mg,10,Antiplatelet Drugs (Cardiovascular drugs),Ferozsons Labs Pakistan
 Clopid,Clopidogrel, tabs, 75mg,10,Antiplatelet Drugs (Cardiovascular drugs),Ferozsons Labs Pakistan
 Actigem,Gemifloxacin, tabs, 320mg,7,Antibacterials: Floroquinolones (Anti-infectives),Ferozsons Labs Pakistan
 X-cipro,Ciprofloxacin, eye drops, 0.3% 5ml,1,Antibacterials: Floroquinolones (Anti-infectives),Marck Bioscience
 Trix-dm,Tobramycin/dexamethasone, eye drops, 5ml,1,Eye/ear/nose Preparations (Eye ENT agents),Marck Bioscience
 Neodex,Gentamicin/neomycin, e/e drops, 5ml,1,Dermatological Agents (Dermatological agents),Marck Bioscience
 Hipoflox,Ofloxacin, e/e drops, 0.3% 5ml,1,Antibacterials: Floroquinolones (Anti-infectives),Marck Bioscience
 Febramol,Paracetamol, infusion, 10mg/ml 100ml,1,Nsaids (Musculoskeletal agents),Marck Bioscience
 Loxamp,Ampicillin/cloxacillin, caps, 250/250mg,100,Antibacterials: Penicillins (Anti-infectives),Kopran
 Pulmin,Salbutamol, inhaler, 100mcg 200 doses,1,Selective Beta-2 Agonists (Respiratory system drugs),Kopran
 D-soft,Vitamin D, caps, 60000 iu,4,Vitamins/minerals (Nutrition and blood agents),Questa Care Inc
 Cepom,Cefpodoxime, tabs, 200mg,10,Antibacterials: Cephalosporins (Anti-infectives),Questa Care Inc
 Mformin,Metformin, tabs, 850mg,100,Antidiabetics:biguanides (Endocrine system drugs),Questa Care Inc
 Mformin,Metformin, tabs, 500mg,100,Antidiabetics:biguanides (Endocrine system drugs),Questa Care Inc
 Dentalar,Herbal Remedy, oint, 15ml,1,Misc. Agents (Misc. drugs),Lark Labs
 Infa-v,Metronidazole/clotrimazole, oint," 10%, 2% 30g",1,Misc. Agents (Misc. drugs),Lark Labs
 Sergel,Esomeprazole, caps, 40mg,30,Proton Pump Inhibitors (Gastrointestinal drugs),Healthcare Pharmaceuticals Ltd
 Sergel,Esomeprazole, caps, 20mg,30,Proton Pump Inhibitors (Gastrointestinal drugs),Healthcare Pharmaceuticals Ltd
 Rozith,Azithromycin, tabs, 500mg,3,Antibacterials: Macrolides (Anti-infectives),Healthcare Pharmaceuticals Ltd
 Rozith,Azithromycin, tabs, 250mg,6,Antibacterials: Macrolides (Anti-infectives),Healthcare Pharmaceuticals Ltd
 Furotil,Cefuroxime, tabs, 500mg,10,Antibacterials: Cephalosporins (Anti-infectives),Healthcare Pharmaceuticals Ltd
 Furotil,Cefuroxime, tabs, 250mg,10,Antibacterials: Cephalosporins (Anti-infectives),Healthcare Pharmaceuticals Ltd
 Cevion,Vitamin C, effe. tabs, 1000mg,10,Vitamins/minerals (Nutrition and blood agents),Hetero Drugs Ltd
 Candinil,Fluconazole, caps, 150mg,10,Antifungals (Anti-infectives),Healthcare Pharmaceuticals Ltd
 Candinil,Fluconazole, caps, 150mg,1,Antifungals (Anti-infectives),Healthcare Pharmaceuticals Ltd
 Candinil,Fluconazole, caps, 50mg,30,Antifungals (Anti-infectives),Healthcare Pharmaceuticals Ltd
 Candinil,Fluconazole, caps, 50mg,10,Antifungals (Anti-infectives),Healthcare Pharmaceuticals Ltd
 Minoxin,Minoxidil, solution, 5% 60 ml,1,Vasodilators (Cardiovascular drugs),Brookes Pharma
 Gen Levo,Levofloxacin, infusion, 500mg 100ml,1,Antibacterials: Floroquinolones (Anti-infectives),Brookes Pharma
 Gen Levo,Levofloxacin, tabs, 250mg,10,Antibacterials: Floroquinolones (Anti-infectives),Brookes Pharma
 Gen Levo,Levofloxacin, tabs, 500mg,10,Antibacterials: Floroquinolones (Anti-infectives),Brookes Pharma
 Mel-od,Meloxicam, tabs, 15mg,30,Nsaids (Musculoskeletal agents),Cadila Pharma
 Levoday,Levofloxacin, tabs, 500mg,10,Antibacterials: Floroquinolones (Anti-infectives),"Zydus Cadila H/care, India"
 Formonide,Budesonide/formoterol, inhaler, 200mg,1,Corticosteroids (Endocrine system drugs),"Zydus Cadila H/care, India"
 Derinide,Budesonide, inhaler, 100ds,1,Corticosteroids (Endocrine system drugs),"Zydus Cadila H/care, India"
 Atorva,Atorvastatin, tabs, 40mg,30,Statins (Cardiovascular drugs),"Zydus Cadila H/care, India"
 Troypofol,Propofol, inj, 1% 50ml,1,General Anaesthetics (CNS agents),Troikaa Pharma
 Troypofol,Propofol, inj, 1% 20ml,1,General Anaesthetics (CNS agents),Troikaa Pharma
 Trofentyl,Fentanyl, inj, 50mcg/ml 2ml,5,Opiod Analgesics (Musculoskeletal agents),Troikaa Pharma
 Bupitroy Heavy,Bupivacaine, inj, 4ml,5,Local Anaesthetics (Musculoskeletal agents),Troikaa Pharma
 Bupitroy,Bupivacaine, inj, 20ml,1,Local Anaesthetics (Musculoskeletal agents),Troikaa Pharma
 Benzosed,Midazolam, inj, 5mg/ml 3ml,5,Anxiolytics/sedatives/hypnotics/neuroleptics (CNS agents),Troikaa Pharma
 Benzosed,Midazolam, inj, 1mg/ml 5ml,1,Anxiolytics/sedatives/hypnotics/neuroleptics (CNS agents),Troikaa Pharma
 Statasmin,Salbutamol, tabs, 4mg,100,Selective Beta-2 Agonists (Respiratory system drugs),Tablets India Ltd
 Tanzol,Albendazole, susp, 10ml,1,Anthelmintics (Anti-infectives),Shalina
 Rufenac,Diclofenac, gel, 30gm,1,Nsaids (Musculoskeletal agents),Shalina
 Rufenac,Diclofenac, tabs, 50mg,250,Nsaids (Musculoskeletal agents),Shalina
 Shalzin,Azithromycin, susp, 30ml,1,Antibacterials: Macrolides (Anti-infectives),Shalina
 Shalzin,Azithromycin, tabs, 500mg,3,Antibacterials: Macrolides (Anti-infectives),Shalina
 Loprade,Loperamide, tabs, 2mg,150,Antidiarrheorals (Gastrointestinal drugs),Shalina
 Kifaru,Sildenafil, tabs, 50mg,1,"Erectile Dysfunction Agents (Urinary, Obstetrics and Gynaecological agents)",Shalina
 Ibucap,Paracetamol/ibuprofen, tabs, 325/200mg,200,Nsaids (Musculoskeletal agents),Shalina
 Cevite,Vitamin C, syp, 100ml,1,Vitamins/minerals (Nutrition and blood agents),Shalina
 Coveram,Perindopril/amlodipine, tabs, 5/5mg,30,Ace Inhibitors (Cardiovascular drugs),Servier Labs (france)
 Coveram,Perindopril/amlodipine, tabs, 10/10mg,30,Ace Inhibitors (Cardiovascular drugs),Servier Labs (france)
 Normens,Norethisterone, tabs, 5mg,30,Progestogens (Endocrine system drugs),Renata Ltd
 Gaba,Gabapentine, tabs, 300mg,30,Antiepileptics (CNS agents),Renata Ltd
 Orcef,Cefixime, tabs, 400mg,6,Antibacterials: Cephalosporins (Anti-infectives),Renata Ltd
 Orcef,Cefixime, tabs, 200mg,12,Antibacterials: Cephalosporins (Anti-infectives),Renata Ltd
 Furocef,Cefuroxime, tabs, 500mg,12,Antibacterials: Cephalosporins (Anti-infectives),Renata Ltd
 Furocef,Cefuroxime, tabs, 250mg,16,Antibacterials: Cephalosporins (Anti-infectives),Renata Ltd
 E-gel,Vitamin E, caps, 200 iu,100,Vitamins/minerals (Nutrition and blood agents),Renata Ltd
 E-gel,Vitamin E, caps, 400iu,50,Vitamins/minerals (Nutrition and blood agents),Renata Ltd
 Ceftipime,Cefepime, inj, 2gm,1,Antibacterials: Cephalosporins (Anti-infectives),Renata Ltd
 Algin,Tiemonium, inj, -,5,Antimuscarinic Drugs (Gastrointestinal drugs),Renata Ltd
 Neulin Sa,Theophylline, tabs, 250mg,56,Xanthines (Respiratory system drugs),Inova Pharma (3m)
 Duodart,Dutasteride, caps, 0.5/0.4mg,30,Antiandrogens (Endocrine system drugs),Glaxosmithkline (hsa)
 Neokentex,Levamisole, tabs, 40mg,500,Anthelmintics (Anti-infectives),Flamingo Impex Pvt
 Dermavin,Griseofulvin, tabs, 500mg,100,Antifungals (Anti-infectives),Flamingo Impex Pvt
 Histachlor,Loratadine, tabs, 10mg,10,Antihistamines (Respiratory system drugs),Flamingo Impex Pvt
 Once A Day,Vitamin/mineral Preparation, tabs, -,30,Vitamins/minerals (Nutrition and blood agents),Ccl Pharma
 Noclot,Clopidogrel, tabs, 75mg,20,Antiplatelet Drugs (Cardiovascular drugs),Ccl Pharma
 Neo-klar,Clarithromycin, susp, 125mg 60ml,1,Antibacterials: Macrolides (Anti-infectives),Ccl Pharma
 Neo-klar,Clarithromycin, tabs, 500mg,10,Antibacterials: Macrolides (Anti-infectives),Ccl Pharma
 Montair,Montelukast, tabs, 10mg,14,Leukotriene Receptor Antagonists (Respiratory system drugs),Ccl Pharma
 Montair,Montelukast, tabs, 5mg,14,Leukotriene Receptor Antagonists (Respiratory system drugs),Ccl Pharma
 Montair,Montelukast, tabs, 4mg,14,Leukotriene Receptor Antagonists (Respiratory system drugs),Ccl Pharma
 Malgo,Artemether, inj, 80mg,6,Antimalarials (Anti-infectives),Ccl Pharma
 Lvocil,Levofloxacin, tabs, 500mg,10,Antibacterials: Floroquinolones (Anti-infectives),Ccl Pharma
 Kefrox,Cefuroxime, tabs, 500mg,10,Antibacterials: Cephalosporins (Anti-infectives),Ccl Pharma
 Kefrox,Cefuroxime, susp, 250mg/5ml 50ml,1,Antibacterials: Cephalosporins (Anti-infectives),Ccl Pharma
 Kefrox,Cefuroxime, susp, 125mg/5ml 50ml,1,Antibacterials: Cephalosporins (Anti-infectives),Ccl Pharma
 Gabalin,Pregabalin, tabs, 150mg,14,Antiepileptics (CNS agents),Ccl Pharma
 Gabalin,Pregabalin, tabs, 75mg,14,Antiepileptics (CNS agents),Ccl Pharma
 Dicloneurine,Vitamin B Complex/iron, tabs, -,30,Vitamins/minerals (Nutrition and blood agents),Ccl Pharma
 Diclozyme,Vitamin/mineral Preparation, syp, 120,1,Vitamins/minerals (Nutrition and blood agents),Ccl Pharma
 Crestat,Rosuvastatin, tabs, 20mg,10,Statins (Cardiovascular drugs),Ccl Pharma
 Crestat,Rosuvastatin, tabs, 10mg,10,Statins (Cardiovascular drugs),Ccl Pharma
 Crestat,Rosuvastatin, tabs, 5mg,10,Statins (Cardiovascular drugs),Ccl Pharma
 Xarelto,Rivaroxaban, tabs, 20mg,14,Anticoagulants (Cardiovascular drugs),Bayer Schering Pharma.
 Nurifer Capsules,Iron/haematinic Preparation, caps, -,20,Haematinics/iron Preparations (Nutrition and blood agents),Ajanta Pharma Ltd
 Instaclop,Clopidogrel, tabs, 75mg,30,Antiplatelet Drugs (Cardiovascular drugs),Ajanta Pharma Ltd
 Smart Lady,Levonorgesterol, tabs, 0.75mg,2,Progestogens (Endocrine system drugs),Acon Labs
 Mediprist,Myespristone, tabs, 200mg,1,Prostagladins & Analogues (Misc. drugs),"Acme Labs, Bangladesh"
 Misoclear,Misoprostol, tabs, 200mcg,20,Prostagladins & Analogues (Misc. drugs),"Acme Labs, Bangladesh"
 Ximeprox,Cefpodoxime, syp, 50ml,1,Antibacterials: Cephalosporins (Anti-infectives),Incepta Pharmaceuticals
 Uxim,Meloxicam, tabs, 7.5mg,20,Nsaids (Musculoskeletal agents),Universal Cooporation
 Uxim,Meloxicam, tabs, 15mg,20,Nsaids (Musculoskeletal agents),Universal Cooporation
 Unihist,Chlorpheniramine, syp, 100ml,1,Antihistamines (Respiratory system drugs),Phar. Man. Co. (pmc)
 Ulemac,Esomeprazole, tabs, 20mg,10,Proton Pump Inhibitors (Gastrointestinal drugs),Surgilinks Ltd
 Traxon,Ceftriaxone, inj, 2g,1,Antibacterials: Cephalosporins (Anti-infectives),Opsonin Pharma Ltd
 Traxol-s,Ceftriaxone, inj, 1500mg,1,Antibacterials: Cephalosporins (Anti-infectives),Cachet Pharma Pvt
 Rycardon,Irbesartan, tabs, 300mg,30,Angiotensin Ii Rec. Antagonists (Cardiovascular drugs),Aegis Ltd
 Ramitas Ht,Ramipril/hydrochlorothiazide, tabs, 5/2.5mg,30,Ace Inhibitors (Cardiovascular drugs),Intas Exports
 Ramitas,Ramipril, tabs, 2.5mg,30,Ace Inhibitors (Cardiovascular drugs),Intas Exports
 Pantor,Pantoprazole, tabs, 40mg,30,Proton Pump Inhibitors (Gastrointestinal drugs),Medox Pharma.
 Pantor,Pantoprazole, tabs, 20mg,30,Proton Pump Inhibitors (Gastrointestinal drugs),Medox Pharma.
 Panfor Sr,Metformin, tabs, 1000mg,100,Antidiabetics:biguanides (Endocrine system drugs),Mega
 Hamelin,Ondansetron, inj, 2ml,5,Antiemetics (Gastrointestinal drugs),-
 Norprolac,Quinagolide, tabs, 25/50 mcg,6,Dopaminergic Agonists (CNS agents),Ferring Pharma
 Cyclovax Cream,Acyclovir, pess & crm, 10gm,1,Antiviral Agents (Anti-infectives),Remedica Ltd
 Cyclopam,Dicyclomine/paracetamol, tabs, 20/250,20,Nsaids (Musculoskeletal agents),Indoco Remedies
 Rycardon,Irbesartan, tabs, 150mg,30,Angiotensin Ii Rec. Antagonists (Cardiovascular drugs),Aegis Ltd
 Gardasil,,,,,(),Merck Sharpe
 Gardasil,, inj, 0.5ml,1,(),Merck Sharpe
 Desloratadine/ Pseudoephedrine,, tabs, 2.5/120,14,(),
 Supracal,Calcium/vitamin D, tabs, -,30,Vitamins/minerals (Nutrition and blood agents),Natures Only
 Strom Sr,Tramadol, tabs, 100mg,100,Opiod Analgesics (Musculoskeletal agents),-
 Rozar,Rosuvastatin, tabs, 10mg,30,Statins (Cardiovascular drugs),Prism Life Sciences
 Rilif Plus,Aceclofenac/paracetamol, tabs, -,20,Nsaids (Musculoskeletal agents),Umedica
 Reviderm,Tretinion, cream, 15g,1,Dermatological Agents (Dermatological agents),Medisel
 Prezista,Darunavir, tabs, 300mg,120,Antiretrovirals (Anti-infectives),Janssen-cilag
 Ornilox,Ofloxacin, tabs, 400mg,10,Antibacterials: Floroquinolones (Anti-infectives),Micro-labs Ltd
 Nidozox,Nitazoxanide, susp, 30ml,1,Antiprozoal Agents (Anti-infectives),"Acme Labs, Bangladesh"
 Mazit,Azithromycin, caps, 250mg,6,Antibacterials: Macrolides (Anti-infectives),Neopharma
 Livosil B,Vitamin/mineral Preparation, caps, -,30,Vitamins/minerals (Nutrition and blood agents),Centaur Pharma
 Hypovase,Prazosin, tabs, 1mg,60,Alpha Adrenergic Blockers (Cardiovascular drugs),Pfizer Global Pharma
 Hepgiser,Vitamin/mineral Preparation, liquid, 200ml,1,Vitamins/minerals (Nutrition and blood agents),Universal Pharma India
 Gofen,Ibuprofen, caps, 400mg,60,Nsaids (Musculoskeletal agents),Mega
 Fulcover,Itraconazole, caps, 100mg,10,Antifungals (Anti-infectives),-
 Flovanis,Levofloxacin, tabs, 500mg,10,Antibacterials: Floroquinolones (Anti-infectives),Opsonin Pharma Ltd
 Esotid,Esomeprazole, tabs, 40mg,30,Proton Pump Inhibitors (Gastrointestinal drugs),Opsonin Pharma Ltd
 Esotid,Esomeprazole, tabs, 20mg,30,Proton Pump Inhibitors (Gastrointestinal drugs),Opsonin Pharma Ltd
 Esotac,Esomeprazole, tabs, 40mg,30,Proton Pump Inhibitors (Gastrointestinal drugs),-
 Esotac,Esomeprazole, tabs, 20mg,60,Proton Pump Inhibitors (Gastrointestinal drugs),-
 Epiproate,Sodium Valproate, tabs, 500mg,100,Antiepileptics (CNS agents),Torrent Ltd
 Epiproate,Sodium Valproate, tabs, 300mg,100,Antiepileptics (CNS agents),Torrent Ltd
 Cyclogyl,Cyclopentolate, drops, 15ml,1,Antimuscarinic Drugs (Gastrointestinal drugs),Pan Pharma
 Co-tasmi,Telmisartan/hydrochlorthiazide, tabs, 80/12.5mg,14,Angiotensin Ii Rec. Antagonists (Cardiovascular drugs),Getz Pharma Ltd
 Co-tasmi,Telmisartan/hydrochlorthiazide, tabs, 40/12.5,14,Angiotensin Ii Rec. Antagonists (Cardiovascular drugs),Getz Pharma Ltd
 Cosopt,Dorzolamide + Timolol, drops, 5ml,1,Eye/ear/nose Preparations (Eye ENT agents),Merck Sharpe
 Corycardon,Irbesartan, tabs, 150mg,30,Angiotensin Ii Rec. Antagonists (Cardiovascular drugs),Aegis Ltd
 Combizol,Ofloxacin/ornidazole, tabs, 200/500mg,10,Misc. Agents (Misc. drugs),Zest Pharma
 Cardivel,Carvedilol, tabs, 25mg,30,Beta-blockers (Cardiovascular drugs),Torrent Ltd
 Cardivel,Carvedilol, tabs, 12.5mg,30,Beta-blockers (Cardiovascular drugs),Torrent Ltd
 Cachnerve,Vitamin/mineral Preparation, caps, -,30,Vitamins/minerals (Nutrition and blood agents),Galaxy Pharma Ltd
 Broxol,Cough Expectorant, syp, 100ml,1,Mucolytics/expectorants (Respiratory system drugs),Pan Pharma
 Brox,Cough Expectorant, syp,  100ml,1,Mucolytics/expectorants (Respiratory system drugs),-
 Valtas Od,Sodium Valproate, tabs, 500mg,30,Antiepileptics (CNS agents),Intas Exports
 Univir,Acyclovir, susp, 60ml,1,Antiviral Agents (Anti-infectives),Universal Cooporation
 Univir,Acyclovir, tabs, 800mg,10,Antiviral Agents (Anti-infectives),Universal Cooporation
 Univir,Acyclovir, tabs, 200mg,30,Antiviral Agents (Anti-infectives),Universal Cooporation
 Solo,Montelukast, tabs, 5mg,14,Leukotriene Receptor Antagonists (Respiratory system drugs),Globe Pharmacy Ltd
 Rivaxime,Cefixime, caps, 400mg,5,Antibacterials: Cephalosporins (Anti-infectives),Riva Pharma Sae
 Revam Kids,Vitamin/mineral Preparation, syp, -,1,Vitamins/minerals (Nutrition and blood agents),-
 Razid,Rabeprazole Sodium, tabs, 20mg,20,Proton Pump Inhibitors (Gastrointestinal drugs),-
 Moximax,Moxifloxacin, tabs, 400mg,10,Antibacterials: Floroquinolones (Anti-infectives),Sai Pharma
 Knac,Diclofenac, tabs, 75mg,30,Nsaids (Musculoskeletal agents),Universal Cooporation
 Knac,Diclofenac, tabs, 50mg,30,Nsaids (Musculoskeletal agents),Universal Cooporation
 Glucophage Xr,Metformin, tabs, 500mg,90,Antidiabetics:biguanides (Endocrine system drugs),Lipha
 Epofit,Erythropoietin, inj, 4000 iu,1,Blood/plasma Products (Nutrition and blood agents),Intas Exports
 Encicarb,Iron/haematinic Preparation, inj, 2ml,1,Haematinics/iron Preparations (Nutrition and blood agents),Emcure Pharmaceuticals
 Curam,Amoxicillin/clavulanate, tabs, 1g,10,Antibacterials: Penicillins (Anti-infectives),Novartis Pharma
 Ceveram,Perindopril/amlodipine, tabs, 5/5mg,30,Ace Inhibitors (Cardiovascular drugs),Servier Labs (france)
 Coveram,Perindopril/amlodipine, tabs, 10/5mg,30,Ace Inhibitors (Cardiovascular drugs),Servier Labs (france)
 Ceftyl,Ceftriaxone, tabs, 500mg,10,Antibacterials: Cephalosporins (Anti-infectives),Dafra Pharma
 Biotricin,Erythromycin, syp, 60ml,1,Antibacterials: Macrolides (Anti-infectives),Ray Pharma
 Biodroxil,Cefadroxil, syp, 250mg/5ml 60ml,1,Antibacterials: Cephalosporins (Anti-infectives),Micro Exports
 Baneocin,, powder, 10g,1,(),Novartis Pharma
 Atorid,Atorvastatin, tabs, 20mg,1,Statins (Cardiovascular drugs),Syner-med Pharma
 Asthator,Montelukast, tabs, 10 mg,30,Leukotriene Receptor Antagonists (Respiratory system drugs),Medox Pharma.
 Anomex,(n/a), supp, -,5,Misc. Agents (Misc. drugs),Pan Pharma
 Aerius,Desloratidine, syp, 60ml,1,Antihistamines (Respiratory system drugs),Essex (schering - Plough)
 Cerobact,Amoxicillin/clavulanate, inj, 1.2gm,1,Antibacterials: Penicillins (Anti-infectives),-
 Gemfos,Risperidone, tabs, 30mg,4,Antipsychotics (CNS agents),Eipico (egypt)
 Dexatrol,Dexamethasone/neomycin/polymixin, e/e drops, 5ml,1,Dermatological Agents (Dermatological agents),Eipico (egypt)
 Unibrol,Paromomycin, tabs, 250mg,24,Antiprozoal Agents (Anti-infectives),Universal Cooporation
 Unibrol,Paromomycin, syp, 60ml,1,Antiprozoal Agents (Anti-infectives),Universal Cooporation
 Cetihis,Cetirizine, tabs, 10mg,100,Antihistamines (Respiratory system drugs),Unison Labs
 Kemzid,Triamcinilone, cream, 15gm,1,Corticosteroids (Endocrine system drugs),-
 Storilat,Carbamazepine, tabs, 200mg,100,Antiepileptics (CNS agents),Remedica Ltd
 Serrazen Plus,Serratiopeptidase, tabs, -,10,Misc. Agents (Misc. drugs),Syner-med Pharma
 Vagiclin,Clindamycin, supp, -,7,Antibacterials: Lincosamides (Anti-infectives),Syner-med Pharma
 Pause,Tranexamic Acid, tabs, 500mg,,Haemostatics/antifibrinlytics (Nutrition and blood agents),-
 Bactacef,Cephadrine, inj, 1gm,1,Antibacterials: Cephalosporins (Anti-infectives),-
 S-numlo,Amlodipine, tabs, 5mg,10,Calcium Channel Blokers (Cardiovascular drugs),Emcure Pharmaceuticals
 Encicarb,Iron/haematinic Preparation, inj, 10ml,1,Haematinics/iron Preparations (Nutrition and blood agents),Emcure Pharmaceuticals
 Carticare,Glucosamine/chondrointin, tabs, 400/500mg,90,Vitamins/minerals (Nutrition and blood agents),-
 Siclofen,Aceclofenac, tabs, 100mg,30,Nsaids (Musculoskeletal agents),Syner-med Pharma
 Claxy,Amoxicillin/clavulanate, tabs, 625mg,10,Antibacterials: Penicillins (Anti-infectives),Emcure Pharmaceuticals
 Synervit,Vitamin/mineral Preparation, tabs, -,30,Vitamins/minerals (Nutrition and blood agents),-
 Atazor R,Atazanavir/ritonavir, tabs, -,30,Antiviral Agents (Anti-infectives),Emcure Pharmaceuticals
 Gastrogel,Antacid, susp, 100ml,1,Antacids (Gastrointestinal drugs),Sigma Pharma
 Gastrogel,Antacid, susp, 200ml,1,Antacids (Gastrointestinal drugs),Sigma Pharma
 Asomex Lt,Amlodipine/losartan, tabs, -,60,Calcium Channel Blokers (Cardiovascular drugs),Emcure Pharmaceuticals
 Atazor,Atazanavir, tabs, 300mg,30,Antiretrovirals (Anti-infectives),Emcure Pharmaceuticals
 Cosvate G,Clobetasol/gentamicin, cream, 15gm,1,Dermatological Agents (Dermatological agents),Surgilinks Ltd
 Glucored Plain,Glibenclamide, tabs, 2.5mg,50,Sulphonylureas (Endocrine system drugs),Sun Pharma
 Rejunuron,Mecobalamin, tabs, -,30,Vitamins/minerals (Nutrition and blood agents),Fourrts Pvt (india)
 Volini,Diclofenac, gel, 30gm,1,Nsaids (Musculoskeletal agents),Ranbaxy Labs
 Neomet,Metformin, tabs, 500mg,30,Antidiabetics:biguanides (Endocrine system drugs),Neopharma
 Neoclav,Amoxicillin/clavulanate, tabs, 1gm,14,Antibacterials: Penicillins (Anti-infectives),Neopharma
 Neomox,Amoxiciillin, susp, 250mg/5ml 100ml,1,Antibacterials: Penicillins (Anti-infectives),Neopharma
 Neoxicam,Meloxicam, tabs, 15mg,100,Nsaids (Musculoskeletal agents),Neopharma
 Mefex,Cephalexin, tabs, 500mg,20,Antibacterials: Cephalosporins (Anti-infectives),Neopharma
 Neomox,Amoxiciillin, susp, 125mg/5ml 100ml,1,Antibacterials: Penicillins (Anti-infectives),Neopharma
 Neoclav,Amoxicillin/clavulanate, susp, 228mg/5ml 70ml,1,Antibacterials: Penicillins (Anti-infectives),Neopharma
 Neoclav,Amoxicillin/clavulanate, susp, 457mg/5ml 70ml,1,Antibacterials: Penicillins (Anti-infectives),Neopharma
 Traxon,Ceftriaxone, inj, 1gm,1,Antibacterials: Cephalosporins (Anti-infectives),Opsonin Pharma Ltd
 Clamoxe,Amoxicillin/clavulanate, caps, 625,10,Antibacterials: Penicillins (Anti-infectives),National Co Of Pharma Syria
 Zyrtal Sp,Aceclofenac, tabs, 100mg,40,Nsaids (Musculoskeletal agents),-
 Azicin,Azithromycin, susp, 200mg/5ml 15ml,1,Antibacterials: Macrolides (Anti-infectives),Opsonin Pharma Ltd
 Sefur,Cefuroxime, susp, 125mg/5ml 70ml,1,Antibacterials: Cephalosporins (Anti-infectives),Opsonin Pharma Ltd
 Flux,Flucloxacillin, tabs, 500mg,28,Antibacterials: Penicillins (Anti-infectives),Opsonin Pharma Ltd
 Isentress,Raltegravir, tabs, 400mg,60,Antiretrovirals (Anti-infectives),Merck Sharpe
 Gofen,(n/a), caps, 400mg,60,Misc. Agents (Misc. drugs),-
 Razid M,Rabeprazole/mosapride, caps, 20mg,20,Proton Pump Inhibitors (Gastrointestinal drugs),-
 Moxi-bio,Moxifloxacin, tabs, 400mg,5,Antibacterials: Floroquinolones (Anti-infectives),-
 Osteoeze,Herbal Remedy, gel, 75gm,1,Misc. Agents (Misc. drugs),-
 Clamoxe,Amoxicillin/clavulanate, tabs, 457mg,10,Antibacterials: Penicillins (Anti-infectives),National Co Of Pharma Syria
 Neoday,Loratadine, tabs, 10mg,10,Antihistamines (Respiratory system drugs),Neopharma
 Kanzar H,Losartan/hydrochlorthiazide, tabs, 50/12.5mg,8,Angiotensin Ii Rec. Antagonists (Cardiovascular drugs),Alkan Pharma
 Clamoxe,Amoxicillin/clavulanate, syp, 475mg/5ml 60ml,1,Antibacterials: Penicillins (Anti-infectives),National Co Of Pharma Syria
 Rozifine,Ceftriaxone, inj, 1gm,1,Antibacterials: Cephalosporins (Anti-infectives),National Co Of Pharma Syria
 Aireez,Montelukast, tabs, 10mg,30,Leukotriene Receptor Antagonists (Respiratory system drugs),Pharmeo
 Cadronate,Alendronate, tabs, 150mg,3,Biphosphonates (Misc. drugs),Galaxy Pharma Ltd
 Telmi Am,Telmisartan/amlodipine, tabs, 80/5mg,30,Angiotensin Ii Rec. Antagonists (Cardiovascular drugs),Prism Life Sciences
 Telmi Am,Telmisartan/amlodipine, tabs, 40/5mg,30,Angiotensin Ii Rec. Antagonists (Cardiovascular drugs),Prism Life Sciences
 Codelzine,Cold/flu Remedy, syp, 100ml,1,Cold Remedies (Respiratory system drugs),Eli Lilly & Co
 Diagluc,Gliclazide, tabs, 80mg,28,Sulphonylureas (Endocrine system drugs),Cosmos Ltd
 Claxy,Amoxicillin/clavulanate, tabs, 625mg,10,Antibacterials: Penicillins (Anti-infectives),Swiss Pharma
 Oflobid,Ofloxacin, tabs, 200mg,10,Antibacterials: Floroquinolones (Anti-infectives),Hilton Pharma Pakistan
 Susten,Progesterone, caps, 400mg,30,Progestogens (Endocrine system drugs),Sun Pharma
 Sucrafil O,Antacid, susp, 100ml,1,Antacids (Gastrointestinal drugs),Sai Pharma
 Candizole,Fluconazole, tabs, 150mg,1,Antifungals (Anti-infectives),Sphinx Pharma
 Podosal,Podophyllin, solution, 10ml,1,Dermatological Agents (Dermatological agents),Biodeal Labds Ltd
 Biotricin,Erythromycin, syp, 100ml,1,Antibacterials: Macrolides (Anti-infectives),Ray Pharma
 L-bac,Levofloxacin, tabs, 500mg,5,Antibacterials: Floroquinolones (Anti-infectives),Popular Pharma
 Adriamycin,Doxorubicin, inj, 50mg,1,Cytotoxic Antibiotics (Oncology & immunosuppression drugs),-
 Zevac,Vitamin/mineral Preparation, syp, 60ml,1,Vitamins/minerals (Nutrition and blood agents),"Raptakos, Brett"
 Wellwoman,Vitamin/mineral Preparation, caps, -,30,Vitamins/minerals (Nutrition and blood agents),Vitabiotics
 Spasmocare Plus,Mefenamic/dicyclomine, tabs, 250/20mg,30,Nsaids (Musculoskeletal agents),-
 Bronchowin,Herbal Remedy, tabs, 400mg,30,Misc. Agents (Misc. drugs),Ayurvedic Herbal
 Xime,Cefixime, tabs, 400mg,10,Antibacterials: Cephalosporins (Anti-infectives),Nic Pharma
 Arco,Artemisinin/naphthoquine, tabs, 250/100mg,4,Antimalarials (Anti-infectives),Kunming Pharma
 Aurotim,Timolol, drops, 0.5% 5ml,1,Beta-blockers (Cardiovascular drugs),-
 Gabanerve,Gabapentine, tabs, 300mg,10,Antiepileptics (CNS agents),Medisel
 Ondem-md,Ondansetron, tabs, 8mg,10,Antiemetics (Gastrointestinal drugs),Alkem Labs
 Osteocerine,Glucosamine, tabs, -,10,Vitamins/minerals (Nutrition and blood agents),Novartis Pharma
 Rilif Sr,Aceclofenac, tabs, 200mg,30,Nsaids (Musculoskeletal agents),Umedica
 Dexomet N,Dexamethasone/neomycin, eye drops, 5ml,1,Eye/ear/nose Preparations (Eye ENT agents),-
 Rilif,Aceclofenac, tabs, 100mg,30,Nsaids (Musculoskeletal agents),-
 Amlovas Vs,Amlodipine/valsartan, tabs, 10/160mg,30,Calcium Channel Blokers (Cardiovascular drugs),Macleods Pharma
 Combigan,Brimonidine/timolol, eye drops, 5ml,1,Eye/ear/nose Preparations (Eye ENT agents),Allergan Ltd
 Amlovas Vs,Amlodipine/valsartan, tabs, 5mg/160mg,30,Calcium Channel Blokers (Cardiovascular drugs),Macleods Pharma
 Optive,(n/a), eye drops, 10ml,1,Misc. Agents (Misc. drugs),Allergan Ltd
 Fbi,Flurbiprofen, tabs, 100mg,30,Nsaids (Musculoskeletal agents),Kulal Int
 Medifix,Cefixime, syp, 50/5ml 100ml,1,Antibacterials: Cephalosporins (Anti-infectives),Mega
 Predsol,(n/a), syp, 50ml,1,Misc. Agents (Misc. drugs),Kulal Int
 Amtas At,(n/a), tabs, -,30,Misc. Agents (Misc. drugs),Intas Exports
 Nebtas H,(n/a), tabs, -,30,Misc. Agents (Misc. drugs),Intas Exports
 Obetas,Orlistat, tabs, 120mg,20,Misc. Agents (Misc. drugs),Intas Exports
 Rabtas,Rabeprazole Sodium, tabs, 20mg,30,Proton Pump Inhibitors (Gastrointestinal drugs),Intas Exports
 Rabtas,Rabeprazole Sodium, tabs, 10mg,20,Proton Pump Inhibitors (Gastrointestinal drugs),Intas Exports
 Ramitas,Ramipril, tabs, 5mg,30,Ace Inhibitors (Cardiovascular drugs),Intas Exports
 Carca,Carvedilol, tabs, 25mg,30,Beta-blockers (Cardiovascular drugs),Intas Exports
 Biodroxil,Cefadroxil, caps, 500mg,12,Antibacterials: Cephalosporins (Anti-infectives),Micro Exports
 Diuride,(n/a), tabs, 20mg,20,Misc. Agents (Misc. drugs),Micro Exports
 Regenovex,Hyaluronidase, caps, -,30,Misc. Agents (Misc. drugs),Harleys Ltd
 Kamoxclav,Amoxicillin/clavulanate, tabs, 375mg,10,Antibacterials: Penicillins (Anti-infectives),Harleys Ltd
 Ivymoicell,(n/a), eye drops, 10ml,1,Misc. Agents (Misc. drugs),Ivee Aqua Epz
 Cefatox O,Cefotaxime, caps, 200mg,10,Antibacterials: Cephalosporins (Anti-infectives),Harleys Ltd
 Kofol,Cough Syrup, syp, 100ml,1,Antitussives (Respiratory system drugs),Charak
 Kamoxclav,Amoxicillin/clavulanate, tabs, 625mg,10,Antibacterials: Penicillins (Anti-infectives),Harleys Ltd
 Spectrix,Levofloxacin, tabs, 500mg,10,Antibacterials: Floroquinolones (Anti-infectives),Pharmeo
 Gynosporin,Clotrimazole, vaginal crm, 35gm,1,Antifungals (Anti-infectives),Nabiqasim
 Kleen Enema,(n/a), liquid, 120ml,1,Misc. Agents (Misc. drugs),Nabiqasim
 Dysen Forte,Secnidazole, tabs, 1gm,2,Antiprozoal Agents (Anti-infectives),Nabiqasim
 Flexilor P,Lornoxicam, tabs, 80mg,100,Nsaids (Musculoskeletal agents),Glenmark Pharma
 Flubiotic,Flucloxacillin, syp, 100ml,1,Antibacterials: Penicillins (Anti-infectives),-
 Izole,Itraconazole, tabs, 100mg,4,Antifungals (Anti-infectives),-
 Oxytocin,Oxytocin, inj, 1ml 5iu,1,Hypothalamic/pituitary Hormones (Endocrine system drugs),Rotex Medica
 S-numlo,Amlodipine, tabs, 2.5mg,30,Calcium Channel Blokers (Cardiovascular drugs),Emcure Pharmaceuticals
 Zincomplex,Vitamin/mineral Preparation, liquid, 200ml,1,Vitamins/minerals (Nutrition and blood agents),Galaxy Pharma Ltd
 Zincomplex,Vitamin/mineral Preparation, tabs, -,30,Vitamins/minerals (Nutrition and blood agents),Galaxy Pharma Ltd
 Zylatan H,Losartan/hydrochlorthiazide, tabs, 50/12.5mg,30,Angiotensin Ii Rec. Antagonists (Cardiovascular drugs),Troikaa Pharma
 Lyser-d,Serratiopeptidase, tabs, -,30,Misc. Agents (Misc. drugs),Comed Chemicals
 Admol Mr,, tabs, -,100,(),Europa Healthcare
 Ventesol,Salbutamol, syp, -,1,Selective Beta-2 Agonists (Respiratory system drugs),Eli Lilly & Co
 Unienzyme,Digestive Enzymes, tabs, -,100,Misc. Agents (Misc. drugs),"Zydus Cadila H/care, India"
 Baneocin,, oint, 20gm,1,(),Novartis Pharma
 Curam,Amoxicillin/clavulanate, tabs, 625mg,12,Antibacterials: Penicillins (Anti-infectives),Novartis Pharma
 Cisplactin,Cisplatin, inj, 50mg,1,Anticancer/immunosuppressants: Other (Oncology & immunosuppression drugs),Bulk
 Slim Trim,, tabs, -,60,(),Beta Healthcare
 Norigynon,, inj, 1ml,1,(),Bayer Schering Pharma
 Heminevrin,, caps, 192mg,60,(),Astrazeneca
 Fungiter,, cream, 15gm,1,(),Hilton Pharma
 M-calz,, susp, 150ml,1,(),Hilton Pharma
 Nasida Sr,(n/a), caps, -,100,Misc. Agents (Misc. drugs),Three Pyramids Co
 Flamergi,Naphazoline/pheniramine, eye drops, 0.25/3mg 5ml,1,Misc. Agents (Misc. drugs),Pt Sanbe Pharma
 Cefix,Cefixime, susp, 100mg/5ml 60ml,1,Antibacterials: Cephalosporins (Anti-infectives),Pharma Int Jordan
 Topidic,Fusidic Acid, oint, 15gm,1,Antibacterials: Others (Anti-infectives),Pharma Int Jordan
 Optimal,Tretinion, cream, 0.05% 30gm,1,Dermatological Agents (Dermatological agents),Pharma Int Jordan
 Tidilor,Loratadine, tabs, 10mg,30,Antihistamines (Respiratory system drugs),Pharma Int Jordan
 Tidilor,Loratadine, syp, 100ml,1,Antihistamines (Respiratory system drugs),Pharma Int Jordan
 Finallerg,Cetirizine, tabs, 10mg,20,Antihistamines (Respiratory system drugs),Pharma Int Jordan
 Kenazole,Ketoconazole, cream, 15gm,1,Antifungals (Anti-infectives),Pharma Int Jordan
 Sucol,Suxamethonium, inj, 50mg/ml 2ml,10,Neuromuscular Blockers (Musculoskeletal agents),Novartis Cons
 Neucuron,Pancuronium, inj, 2ml/ml,10,Neuromuscular Blockers (Musculoskeletal agents),Neon Lab Ltd
 Myostigmin,Neostigmine, inj, 2.5mg,10,Anticholinesterases (Misc. drugs),Neon Lab Ltd
 Myostigmin,Neostigmine, inj, 0.5mg,10,Anticholinesterases (Misc. drugs),Neon Lab Ltd
 Pelastin,Imipenem/cilastin, inj, 500mg/500mg,1,Antibacterials: Others (Anti-infectives),Pt Sanbe Pharma
 Neurosanbe,Vitamin/mineral Preparation, tabs, -,100,Vitamins/minerals (Nutrition and blood agents),Pt Sanbe Pharma
 Levocin,Levofloxacin, infusion, 100ml,1,Antibacterials: Floroquinolones (Anti-infectives),Pt Sanbe Pharma
 Flamar,Diclofenac, eye drops, 1mg/ml 5ml,1,Nsaids (Musculoskeletal agents),Pt Sanbe Pharma
 Claneksi,Amoxicillin/clavulanate, susp, 250/62.5mg 60ml,1,Antibacterials: Penicillins (Anti-infectives),Pt Sanbe Pharma
 Claneksi,Amoxicillin/clavulanate, inj, 1.2g,1,Antibacterials: Penicillins (Anti-infectives),Pt Sanbe Pharma
 Bactrid,Amoxicillin/clavulanate, susp, 475mg 70ml,1,Antibacterials: Penicillins (Anti-infectives),Nextgen Healthcare India
 Bactrid,Amoxicillin/clavulanate, susp, 228.5mg 70ml,1,Antibacterials: Penicillins (Anti-infectives),Nextgen Healthcare India
 Bactrid,Amoxicillin/clavulanate, tabs, 625mg,10,Antibacterials: Penicillins (Anti-infectives),Nextgen Healthcare India
 Effermol,Paracetamol, effe. tabs, 500mg,16,Nsaids (Musculoskeletal agents),Cipla Ltd
 Mucasone,Mupirocin/fluticasone, oint, 20/0.05mg 15gm,1,Dermatological Agents (Dermatological agents),Ranbaxy Labs
 Netazox Of,Nitazoxanide/ofloxacin, tabs, -,10,Antiprozoal Agents (Anti-infectives),Ind Swift
 Quadrajel,Metronidazole/chlorhexidine/lidocaine, gel, 15gm,1,Dermatological Agents (Dermatological agents),Fourrts Pvt (india)
 L-montus,Levocetirizine/montelukast, tabs, 5/10mg,10,Antihistamines (Respiratory system drugs),Fourrts Pvt (india)
 Zomax,Azithromycin, caps, 500mg,3,Antibacterials: Macrolides (Anti-infectives),Hikma Pharma
 Zomax,Azithromycin, caps, 250mg,6,Antibacterials: Macrolides (Anti-infectives),Hikma Pharma
 Glorion,Glimepiride, tabs, 4mg,30,Sulphonylureas (Endocrine system drugs),Hikma Pharma
 Glorion,Glimepiride, tabs, 3mg,30,Sulphonylureas (Endocrine system drugs),Hikma Pharma
 Glorion,Glimepiride, tabs, 2mg,30,Sulphonylureas (Endocrine system drugs),Hikma Pharma
 Glorion,Glimepiride, tabs, 1mg,30,Sulphonylureas (Endocrine system drugs),Hikma Pharma
 Glibil,Glibenclamide, tabs, 5mg,30,Sulphonylureas (Endocrine system drugs),Hikma Pharma
 Fendol Ds,Mefenamic Acid, tabs, -,20,Nsaids (Musculoskeletal agents),Hikma Pharma
 Amoclan,Amoxicillin/clavulanate, susp, 228mg/5ml 70ml,1,Antibacterials: Penicillins (Anti-infectives),Hikma Pharma
 Braxidin,Clidinium/chlordiazepoxide, tabs, 2.5mg/5mg,100,Antimuscarinic Drugs (Gastrointestinal drugs),Pt Sanbe Pharma
 Artimal,Artemether, inj, 150mg/2ml,3,Antimalarials (Anti-infectives),Wallace (uk)
 Migranil Forte,Ergotamine/caffeine, tabs, 1/100mg,100,Ergot Alkaloids (CNS agents),Inga Lab
 Vita-plus,Vitamin/mineral Preparation, caps, -,30,Vitamins/minerals (Nutrition and blood agents),Geltec Private Pvt (banner Pharma)
 Petaxel,Paclitaxel, inj, 260mg,1,Anticancer/immunosuppressants: Other (Oncology & immunosuppression drugs),Biochem (india)
 Petaxel,Paclitaxel, inj, 100mg,1,Anticancer/immunosuppressants: Other (Oncology & immunosuppression drugs),Biochem (india)
 Petaxel,Paclitaxel, inj, 300mg,1,Anticancer/immunosuppressants: Other (Oncology & immunosuppression drugs),Biochem (india)
 Monotax,Ceftriaxone, inj, 1 gm,1,Antibacterials: Cephalosporins (Anti-infectives),Biochem (india)
 Monotax,Ceftriaxone, inj, 250mg,1,Antibacterials: Cephalosporins (Anti-infectives),Biochem (india)
 Cisplat-50,Cisplatin, inj, 50mg/10ml,1,Anticancer/immunosuppressants: Other (Oncology & immunosuppression drugs),Biochem (india)
 Cisplat-10,Cisplatin, inj, 10mg/10ml,1,Anticancer/immunosuppressants: Other (Oncology & immunosuppression drugs),Biochem (india)
 Cycloxan,Cyclophosphamide, inj, 1gm,1,Alkylating Cytotoxic Drugs (Oncology & immunosuppression drugs),Biochem (india)
 Cycloxan,Cyclophosphamide, inj, 500mg,1,Alkylating Cytotoxic Drugs (Oncology & immunosuppression drugs),Biochem (india)
 Cefoxim,Cefuroxime, inj, 750mg,1,Antibacterials: Cephalosporins (Anti-infectives),Biochem (india)
 Biopside,Etoposide, inj, 100mg,1,Anticancer/immunosuppressants: Other (Oncology & immunosuppression drugs),Biochem (india)
 Biocarb,Carboplatin, inj, 450mg,1,Anticancer/immunosuppressants: Other (Oncology & immunosuppression drugs),Biochem (india)
 Biobin,Cytarabine, inj, 100mg,1,Antimetabolite Cytotoxics (Oncology & immunosuppression drugs),Biochem (india)
 Paralief,Paracetamol, susp, 120mg/5ml 100ml,1,Nsaids (Musculoskeletal agents),Orbis Pharma
 Zerodol-p,Aceclofenac/paracetamol, tabs, 100/500mg,30,Nsaids (Musculoskeletal agents),Ipca
 Zerodol Cr,Aceclofenac, tabs, 200mg,30,Nsaids (Musculoskeletal agents),Ipca
 Revelol Xl,Metoprolol, tabs, 50mg,30,Beta-blockers (Cardiovascular drugs),Ipca
 Revelol Xl,Metoprolol, tabs, 25mg,30,Beta-blockers (Cardiovascular drugs),Ipca
 Presartan H,Losartan/hydrochlorthiazide, tabs, 50/12.5mg,28,Angiotensin Ii Rec. Antagonists (Cardiovascular drugs),Ipca
 Presartan,Losartan, tabs, 25mg,30,Angiotensin Ii Rec. Antagonists (Cardiovascular drugs),Ipca
 Inosert,Sertraline, tabs, 50mg,28,Ssris (CNS agents),Ipca
 Glycinorm Mr,Gliclazide, tabs, 30mg,30,Sulphonylureas (Endocrine system drugs),Ipca
 Cardoz,Carvedilol, tabs, 25mg,30,Beta-blockers (Cardiovascular drugs),Ipca
 Cardoz,Carvedilol, tabs, 12.5mg,30,Beta-blockers (Cardiovascular drugs),Ipca
 Clopact,Clopidogrel, tabs, 75mg,30,Antiplatelet Drugs (Cardiovascular drugs),Ipca
 Azifast,Azithromycin, tabs, 500mg,3,Antibacterials: Macrolides (Anti-infectives),Ipca
 Monsin,Mupirocin, oint, 0.02% 15gm,1,Antibacterials: Others (Anti-infectives),Ranbaxy Labs
 Protobex,Vitamin/mineral Preparation, syp, 200ml,1,Vitamins/minerals (Nutrition and blood agents),Centaur Pharma
 Oculast,Azelastine, eye drops, 0.05% 5ml,1,Antihistamines (Respiratory system drugs),Centaur Pharma
 Ocucycline,Tetracycline, eye oint, 3.5gm,1,Antibacterials: Tetracyclines (Anti-infectives),Centaur Pharma
 Metoz,Metolazone, tabs, 5mg,30,Thiazide And Related Diuretics (Cardiovascular drugs),Centaur Pharma
 Metoz,Metolazone, tabs, 2.5mg,30,Thiazide And Related Diuretics (Cardiovascular drugs),Centaur Pharma
 Kofarest,Cough Expectorant, syp, 100ml,1,Mucolytics/expectorants (Respiratory system drugs),Centaur Pharma
 Glucotim,Timolol, eye drops, 0.5% 5ml,1,Beta-blockers (Cardiovascular drugs),Centaur Pharma
 Ciprocent,Ciprofloxacin, eye oint, 0.3% 5gm,1,Antibacterials: Floroquinolones (Anti-infectives),Centaur Pharma
 Alerset,Betamethasone/dexchlorpheniramine, tabs, 0.25/2mg,30,Dermatological Agents (Dermatological agents),Centaur Pharma
 Swamlo,Amlodipine, tabs, 5mg,28,Calcium Channel Blokers (Cardiovascular drugs),Ind Swift
 Netazox,Nitazoxanide, syp, 100mg/5ml 30ml,1,Antiprozoal Agents (Anti-infectives),Ind Swift
 Netazox Dt,Nitazoxanide, tabs, 200mg,6,Antiprozoal Agents (Anti-infectives),Ind Swift
 Metswift,Metformin, tabs, 850mg,56,Antidiabetics:biguanides (Endocrine system drugs),Ind Swift
 Metswift,Metformin, tabs, 500mg,28,Antidiabetics:biguanides (Endocrine system drugs),Ind Swift
 Glitter,Pioglitazole, tabs, 30mg,10,Antidiabetics: Other (Endocrine system drugs),Ind Swift
 Claire Ds,Clarithromycin, susp, 250mg/5ml 50ml,1,Antibacterials: Macrolides (Anti-infectives),Ind Swift
 Candez,Candesartan, tabs, 8mg,10,Angiotensin Ii Rec. Antagonists (Cardiovascular drugs),Ind Swift
 Torvast,Atorvastatin, tabs, 20mg,30,Statins (Cardiovascular drugs),Macleods Pharma
 Racedot,Racecadotril, satchet, 10mg,10,Antidiarrheorals (Gastrointestinal drugs),Macleods Pharma
 Levomac,Levofloxacin, inj, -,1,Antibacterials: Floroquinolones (Anti-infectives),Macleods Pharma
 Levomac,Levofloxacin, tabs, 250mg,5,Antibacterials: Floroquinolones (Anti-infectives),Macleods Pharma
 Cadolol,Carvedilol, tabs, 6.25mg,30,Beta-blockers (Cardiovascular drugs),Macleods Pharma
 Azicure,Azithromycin, susp, 15ml,1,Antibacterials: Macrolides (Anti-infectives),Macleods Pharma
 Metfil,Metformin, tabs, 500mg,100,Antidiabetics:biguanides (Endocrine system drugs),Fourrts Pvt (india)
 Kontrac,Misoprostol, tabs, 200mg,10,Prostagladins & Analogues (Misc. drugs),Fourrts Pvt (india)
 Glifil M,Glibenclamide/metformin, tabs, 5/500mg,100,Sulphonylureas (Endocrine system drugs),Fourrts Pvt (india)
 Fungistop,Fluconazole, caps, 150mg,1,Antifungals (Anti-infectives),Fourrts Pvt (india)
 Fourts-b,Vitamin/mineral Preparation, caps, -,30,Vitamins/minerals (Nutrition and blood agents),Fourrts Pvt (india)
 Difil-m,Diloxanide/metronidazole, tabs, 500/400mg,15,Antiprozoal Agents (Anti-infectives),Fourrts Pvt (india)
 Diclofen-sr,Diclofenac, tabs, 100mg,100,Nsaids (Musculoskeletal agents),Fourrts Pvt (india)
 Triz,Cetirizine, syp, 5ml/5ml 30ml,1,Antihistamines (Respiratory system drugs),Indoco Remedies
 Triz,Cetirizine, tabs, 10mg,30,Antihistamines (Respiratory system drugs),Indoco Remedies
 Oxipod Dt,Cefpodoxime, tabs, 200mg,10,Antibacterials: Cephalosporins (Anti-infectives),Indoco Remedies
 Oxipod Dt,Cefpodoxime, tabs, 100mg,10,Antibacterials: Cephalosporins (Anti-infectives),Indoco Remedies
 Oxipod,Cefpodoxime, susp, 30ml,1,Antibacterials: Cephalosporins (Anti-infectives),Indoco Remedies
 Hemsyl,Etamsylate, inj, 250mg/2ml,5,Haemostatics/antifibrinlytics (Nutrition and blood agents),Indoco Remedies
 Hemsyl,Etamsylate, tabs, 500mg,100,Haemostatics/antifibrinlytics (Nutrition and blood agents),Indoco Remedies
 Flamchek Mr,Chlorzoxazone/diclofenac/paracetamol, tabs, 250/50/325mg,30,Skeletal Muscle Relaxants (Musculoskeletal agents),Indoco Remedies
 Falcinum,Artemether, inj, 100mg,6,Antimalarials (Anti-infectives),Cipla Ltd
 Mucopain,Benzocaine, gel, 15gm,1,Local Anaesthetics (Musculoskeletal agents),-
 Ozitas,Olanzapine, tabs, 5mg,30,Antipsychotics (CNS agents),Intas Exports
 Glucophage,Metformin, tabs, 1000mg,60,Antidiabetics:biguanides (Endocrine system drugs),Lipha
 Gabrocin,Paromomycin, caps, 250mg,12,Antiprozoal Agents (Anti-infectives),"Zenamed Pharmaceuticals, Kenya"
 Brecare,Montelukast, tabs, 5mg,14,Leukotriene Receptor Antagonists (Respiratory system drugs),Efroze Chemical
 Rhogam,Human Anti-d Immunoglobulin, inj, 300mcg,1,Immunological Agents (Immunological agents),Phillips Pharma
 Tot Hema,Vitamin/mineral Preparation, solution, 10ml,20,Vitamins/minerals (Nutrition and blood agents),Innotech
 Phlebodia,Diosmin/hesperidin, tabs, 600mg,15,Misc. Agents (Misc. drugs),Innotech
 Ideos,Calcium/vitamin D, tabs, 500mg/400iu,30,Vitamins/minerals (Nutrition and blood agents),Innotech
 Centrum Materna,Vitamin/mineral Preparation, tabs, -,30,Vitamins/minerals (Nutrition and blood agents),Wyeth Consumer
 Purecal,Vitamin/mineral Preparation, susp, 200ml,1,Vitamins/minerals (Nutrition and blood agents),Prisma Pharma
 Aminogard,Vitamin/mineral Preparation, satchet, 5g,10,Vitamins/minerals (Nutrition and blood agents),Prisma Pharma
 Ulgicid,Antacid, satchet, 15ml,15,Antacids (Gastrointestinal drugs),Prisma Pharma
 Kefax,Cefuroxime, tabs, 500mg,10,Antibacterials: Cephalosporins (Anti-infectives),Prisma Pharma
 Kefax,Cefuroxime, tabs, 250mg,10,Antibacterials: Cephalosporins (Anti-infectives),Prisma Pharma
 Kitpylo-c,Lansoprazole/clarithromycin/tinidazole, kit, 30/250/500mg,1,Helicobacter Eradication Agents (Gastrointestinal drugs),Medley Pharma
 Primodil At,Amlodipine/atenolol, tabs, 5/50mg,30,Calcium Channel Blokers (Cardiovascular drugs),Medley Pharma
 Primodil,Amlodipine, tabs, 5mg,30,Calcium Channel Blokers (Cardiovascular drugs),Medley Pharma
 Galvus Met,Metformin/vildagliptin, tabs, 850/50mg,60,Antidiabetics: Other (Endocrine system drugs),Novartis Pharma
 Galvus Met,Metformin/vildagliptin, tabs, 500/50mg,60,Antidiabetics: Other (Endocrine system drugs),Novartis Pharma
 Pirsec,Omeprazole/sodium Bicarbonate, caps, 40/1100mg,30,Proton Pump Inhibitors (Gastrointestinal drugs),Glaxosmithkline Pharma
 Pirsec,Omeprazole/sodium Bicarbonate, caps, 20/1100mg,30,Proton Pump Inhibitors (Gastrointestinal drugs),Glaxosmithkline Pharma
 Aprazole Plus,Omeprazole/sodium Bicarbonate, caps, 20mg/1680mg,20,Proton Pump Inhibitors (Gastrointestinal drugs),Ajanta Pharma Ltd
 Mitracip,Mitarzapine, tabs, 30mg,30,Tricyclic Or Related Antidepressants (CNS agents),-
 Meftal Spas,Mefenamic/dicyclomine, tabs, 250/10mg,60,Nsaids (Musculoskeletal agents),Blue Cross Labs
 Zulu,Aceclofenac/paracetamol, tabs, 100/500mg,30,Nsaids (Musculoskeletal agents),Innocia Life Science Ltd (india)
 Zolevox,Levofloxacin, tabs, 500mg,5,Antibacterials: Floroquinolones (Anti-infectives),Innocia Life Science Ltd (india)
 Telsart,Telmisartan, tabs, 40mg,30,Angiotensin Ii Rec. Antagonists (Cardiovascular drugs),Innocia Life Science Ltd (india)
 Rostat,Rosuvastatin, tabs, 10mg,30,Statins (Cardiovascular drugs),Innocia Life Science Ltd (india)
 Rostat,Rosuvastatin, tabs, 5mg,30,Statins (Cardiovascular drugs),Innocia Life Science Ltd (india)
 Rabosec,Rabeprazole Sodium, tabs, 20mg,30,Proton Pump Inhibitors (Gastrointestinal drugs),Innocia Life Science Ltd (india)
 Onderon,Ondansetron, tabs, 4mg,10,Antiemetics (Gastrointestinal drugs),Innocia Life Science Ltd (india)
 Mepz,Esomeprazole, tabs, 20mg,30,Proton Pump Inhibitors (Gastrointestinal drugs),Innocia Life Science Ltd (india)
 Frelet,Clopidogrel, tabs, 75mg,30,Antiplatelet Drugs (Cardiovascular drugs),Innocia Life Science Ltd (india)
 Cetlevo,Levocetirizine, tabs, 5mg,10,Antihistamines (Respiratory system drugs),Innocia Life Science Ltd (india)
 Sepgard,Feracrylum, gel, 1% 15gm,1,Haemostatics/antifibrinlytics (Nutrition and blood agents),Themis Medicare
 Hemolok,Feracrylum, solution, 1% 100ml,1,Haemostatics/antifibrinlytics (Nutrition and blood agents),Themis Medicare
 Diclonac,Diclofenac, gel, 20gm,1,Nsaids (Musculoskeletal agents),Lupin Labs
 Remicron Mr,Gliclazide, tabs, 30mg,30,Sulphonylureas (Endocrine system drugs),Ranbaxy Labs
 Extacef Dt,Cefixime, tabs, 200mg,10,Antibacterials: Cephalosporins (Anti-infectives),Blue Cross Labs
 Extacef Dt,Cefixime, tabs, 100mg,10,Antibacterials: Cephalosporins (Anti-infectives),Blue Cross Labs
 Mofetyl,Mycophenolate Mofetil, tabs, 500mg,30,Anticancer/immunosuppressants: Other (Oncology & immunosuppression drugs),Rpg Life Sciences
 Mofetyl,Mycophenolate Mofetil, tabs, 250mg,30,Anticancer/immunosuppressants: Other (Oncology & immunosuppression drugs),Rpg Life Sciences
 Azoran,Azathioprine, tabs, 50mg,100,Anticancer/immunosuppressants: Other (Oncology & immunosuppression drugs),Rpg Life Sciences
 D-artepp,Dihydroartemisinin/piperaquine, tabs, 40/320mg,9,Antimalarials (Anti-infectives),Guilin Pharma
 Rolac,Ketorolac, tabs, 10mg,20,Nsaids (Musculoskeletal agents),Renata Ltd
 Normanal,Diosmin/hesperidin, tabs, 450/50mg,30,Misc. Agents (Misc. drugs),Renata Ltd
 Neurobest,Vitamin B1/b6/b12, tabs, -,30,Vitamins/minerals (Nutrition and blood agents),Renata Ltd
 Algin,Tiemonium, tabs, 50mg,50,Antimuscarinic Drugs (Gastrointestinal drugs),Renata Ltd
 Worminil,Albendazole, tabs, 400mg,100,Anthelmintics (Anti-infectives),Plethico Pharma
 Maxigesic,Chlorzoxazone/diclofenac/paracetamol, tabs, -,6,Skeletal Muscle Relaxants (Musculoskeletal agents),Plethico Pharma
 Nevol,Nebivolol, tabs, 2.5mg,30,Beta-blockers (Cardiovascular drugs),Medley Pharma
 Vaxcel,Ceftazidime, inj, 1g,1,Antibacterials: Cephalosporins (Anti-infectives),Kotra Pharma
 Axcel B,Fusidic Acid/betamethasone, cream, 2/0.1% 5g,1,Dermatological Agents (Dermatological agents),Kotra Pharma
 Axcel,Fusidic Acid, cream, 2% 5 g,1,Antibacterials: Others (Anti-infectives),Kotra Pharma
 Appeton,Vitamin/mineral Preparation, powder, 900 g,1,Vitamins/minerals (Nutrition and blood agents),Kotra Pharma
 Appeton,Vitamin/mineral Preparation, powder, 450g,1,Vitamins/minerals (Nutrition and blood agents),Kotra Pharma
 Zix Strong,Liniment/balm, oint, 30g,1,Dermatological Agents (Dermatological agents),Jenburkt Pharma
 Zenglobin,Vitamin/mineral Preparation, caps, -,1,Vitamins/minerals (Nutrition and blood agents),Jenburkt Pharma
 Powergesic Mr,Chlorzoxazone/diclofenac/paracetamol, tabs, 500/50/500mg,10,Skeletal Muscle Relaxants (Musculoskeletal agents),Jenburkt Pharma
 Ivyxolol,Betaxolol, eye drops, 5ml,1,Beta-blockers (Cardiovascular drugs),Ivee Aqua Epz
 Ivysone,Hydrocortisone, ear drops, 5ml,1,Corticosteroids (Endocrine system drugs),Ivee Aqua Epz
 Ivysine,Tetrahydrozoline, eye drops, 10ml,1,Sympathomimetics (Cardiovascular drugs),Ivee Aqua Epz
 Ivyfrin Adult,Ephedrine, nose drops, 15ml,1,Sympathomimetics (Cardiovascular drugs),Ivee Aqua Epz
 Ivydexneocin,Dexamethasone/neomycin, eye drops, 10ml,1,Eye/ear/nose Preparations (Eye ENT agents),Ivee Aqua Epz
 Nalidixic Acid,Nalidixic Acid, tabs, 500mg,100,Antibacterials: Floroquinolones (Anti-infectives),Flamingo Impex Pvt
 Vigorix Forte,Vitamin/mineral Preparation, syp, 250ml,1,Vitamins/minerals (Nutrition and blood agents),Flamingo Impex Pvt
 Histaclor,Loratadine, tabs, 10mg,10,Antihistamines (Respiratory system drugs),Flamingo Impex Pvt
 Levoflacin,Levofloxacin, tabs, 250mg,10,Antibacterials: Floroquinolones (Anti-infectives),Flamingo Impex Pvt
 Cefalac,Cefoperazone/sulbactam, inj, 1g,1,Antibacterials: Cephalosporins (Anti-infectives),Flamingo Impex Pvt
 Cetafor,Ceftriaxone, inj, 1g,1,Antibacterials: Cephalosporins (Anti-infectives),Dafra Pharma
 Cetafor,Ceftriaxone, inj, 500mg,1,Antibacterials: Cephalosporins (Anti-infectives),Dafra Pharma
 Dafraclav,Amoxicillin/clavulanate, tabs, 625mg,15,Antibacterials: Penicillins (Anti-infectives),Dafra Pharma
 Dafraclav,Amoxicillin/clavulanate, susp, 475mg/5ml 70ml,1,Antibacterials: Penicillins (Anti-infectives),Dafra Pharma
 Dafraclav,Amoxicillin/clavulanate, susp, 228mg/5ml 70ml,1,Antibacterials: Penicillins (Anti-infectives),Dafra Pharma
 Dafraclav,Amoxicillin/clavulanate, tabs, 1g,10,Antibacterials: Penicillins (Anti-infectives),Dafra Pharma
 Cipronat,Ciprofloxacin, tabs, 750mg,14,Antibacterials: Floroquinolones (Anti-infectives),Dafra Pharma
 Cipronat,Ciprofloxacin, tabs, 500mg,14,Antibacterials: Floroquinolones (Anti-infectives),Dafra Pharma
 Erostin,Ebastine, tabs, 10mg,10,Antihistamines (Respiratory system drugs),Micro Exports
 Erostin,Ebastine, susp, 5mg/5ml 60ml,1,Antihistamines (Respiratory system drugs),Micro Exports
 Dibizide,Glipizide, tabs, 5mg,30,Sulphonylureas (Endocrine system drugs),Micro Exports
 Uvostin,(n/a), eye drops, 4ml,1,Misc. Agents (Misc. drugs),Janssen-cilag
 Toras-denk,(n/a), tabs, 5mg,30,Misc. Agents (Misc. drugs),Denk Pharma
 Pedifen,Ibuprofen, tabs, 400mg,30,Nsaids (Musculoskeletal agents),Dafra Pharma
 Parol,Paracetamol, tabs, 500mg,30,Nsaids (Musculoskeletal agents),Dafra Pharma
 Parol,Paracetamol, syp, 250mg/5ml 100ml,1,Nsaids (Musculoskeletal agents),Dafra Pharma
 Ciprobay Xr,Ciprofloxacin, tabs, 1000mg,7,Antibacterials: Floroquinolones (Anti-infectives),Bayer Schering Pharma
 Vomiteb,Herbal Remedy, syp, 60ml,1,Misc. Agents (Misc. drugs),Charak
 Ojus,Herbal Remedy, syp, 200ml,1,Misc. Agents (Misc. drugs),Charak
 Neo,Herbal Remedy, tabs, -,90,Misc. Agents (Misc. drugs),Charak
 M2-tone,Herbal Remedy, tabs, -,20,Misc. Agents (Misc. drugs),Charak
 M2-tone,Herbal Remedy, syp, 200ml,1,Misc. Agents (Misc. drugs),Charak
 Gum Tone,Herbal Remedy, gel, 50g,1,Misc. Agents (Misc. drugs),Charak
 Gum Tone,Herbal Remedy, powder, 40g,1,Misc. Agents (Misc. drugs),Charak
 Extrammune,Herbal Remedy, tabs, -,20,Misc. Agents (Misc. drugs),Charak
 Extrammune,Herbal Remedy, syp, 200ml,1,Misc. Agents (Misc. drugs),Charak
 Pilief,Herbal Remedy, oint, 20g,1,Misc. Agents (Misc. drugs),Charak
 Pilief,Herbal Remedy, tabs, -,60,Misc. Agents (Misc. drugs),Charak
 Kamagra,Sildenafil, jelly, 100mg,7,"Erectile Dysfunction Agents (Urinary, Obstetrics and Gynaecological agents)",Ajanta Pharma Ltd
 Claranta,Clarithromycin, tabs, 250mg,20,Antibacterials: Macrolides (Anti-infectives),Ajanta Pharma Ltd
 Apdrops Dx,Moxifloxacin/dexamethasone, eye drops, 3ml,1,Antibacterials: Floroquinolones (Anti-infectives),Ajanta Pharma Ltd
 Flexi,Aceclofenac, tabs, 100mg,30,Nsaids (Musculoskeletal agents),Square Pharmaceuticals
 Beclomin,Beclomethasone, inhaler, 100mcg,1,Corticosteroids (Endocrine system drugs),Square Pharmaceuticals
 Ambrox Sr,Ambroxol, caps, 75mg,30,Mucolytics/expectorants (Respiratory system drugs),Square Pharmaceuticals
 Deprex,Olanzapine, tabs, 5mg,100,Antipsychotics (CNS agents),Square Pharmaceuticals
 Luteriam,Artemether/lumefantrine, tabs, -,24,Antimalarials (Anti-infectives),Square Pharmaceuticals
 Zox,Nitazoxanide, susp, 30ml,1,Antiprozoal Agents (Anti-infectives),Square Pharmaceuticals
 Cefotil,Cefuroxime, susp, 125mg/5ml 70ml,1,Antibacterials: Cephalosporins (Anti-infectives),Square Pharmaceuticals
 Imotil,Loperamide, caps, 2mg,100,Antidiarrheorals (Gastrointestinal drugs),Square Pharmaceuticals
 Neurobion X-tra,Vitamin B1/b6/b12, caps, -,500,Vitamins/minerals (Nutrition and blood agents),Merck (india)
 X-plat,Oxaliplatin, inj, 100ml/50ml,1,Anticancer/immunosuppressants: Other (Oncology & immunosuppression drugs),Cipla Ltd
 X-plat,Oxaliplatin, inj, 50ml/25ml,1,Anticancer/immunosuppressants: Other (Oncology & immunosuppression drugs),Cipla Ltd
 Taviar,Ondansetron, inj, 4mg/2ml,5,Antiemetics (Gastrointestinal drugs),Cipla Ltd
 Oncogem,Gemcitabine, inj, 200mg,1,Antimetabolite Cytotoxics (Oncology & immunosuppression drugs),Cipla Ltd
 Oncogem,Gemcitabine, inj, 1000mg,1,Antimetabolite Cytotoxics (Oncology & immunosuppression drugs),Cipla Ltd
 Cytocarb,Carboplatin, inj, 150mg/15ml,1,Anticancer/immunosuppressants: Other (Oncology & immunosuppression drugs),Cipla Ltd
 Cipflon,Diosmin/hesperidin, tabs, 450/50mg,30,Misc. Agents (Misc. drugs),Cipla Ltd
 D-lorat,Desloratidine, syp, 2.5ml/5ml 100ml,1,Antihistamines (Respiratory system drugs),Cipla Ltd
 Cipclav,Amoxicillin/clavulanate, syp, 457mg/5ml 70ml,1,Antibacterials: Penicillins (Anti-infectives),Cipla Ltd
 Cipclav,Amoxicillin/clavulanate, syp, 228mg/5ml 70ml,1,Antibacterials: Penicillins (Anti-infectives),Cipla Ltd
 Axalin,Cough Expectorant, tabs, -,10,Mucolytics/expectorants (Respiratory system drugs),Cipla Ltd
 Seroflo,Salmeterol/fluticasone, inhaler, 25/125mg 120doses,1,Selective Beta-2 Agonists (Respiratory system drugs),Cipla Ltd
 Isotrex,Isotrenitoin, caps, 20mg,10,Misc. Agents (Misc. drugs),Cipla Ltd
 Isotrex,Isotrenitoin, caps, 10mg,10,Misc. Agents (Misc. drugs),Cipla Ltd
 Nokof,Carbocisteine, syp, 125mg/5ml 100ml,1,Mucolytics/expectorants (Respiratory system drugs),Beximco Pharma
 Arlin,Linezolid, tabs, 600mg,20,Antibacterials: Others (Anti-infectives),Beximco Pharma
 Arlin,Linezolid, tabs, 400mg,20,Antibacterials: Others (Anti-infectives),Beximco Pharma
 Axodin,Fexofenadine, tabs, 180mg,30,Antihistamines (Respiratory system drugs),Beximco Pharma
 Axodin,Fexofenadine, tabs, 120mg,30,Antihistamines (Respiratory system drugs),Beximco Pharma
 Zetax-sb,Cefotaxime/sulbactam, inj, -,1,Antibacterials: Cephalosporins (Anti-infectives),Kilitch Drugs India
 Carbatol,Carbamazepine, tabs, 200mg,1000,Antiepileptics (CNS agents),Torrent Ltd
 Tramgesic Flash,Tramadol, tabs, 50mg,30,Opiod Analgesics (Musculoskeletal agents),Adcork Ingram
 Gummy Vite,Vitamin/mineral Preparation, tabs, -,30,Vitamins/minerals (Nutrition and blood agents),Adcork Ingram
 Bronchoped,Cough Expectorant, syp, 100ml,1,Mucolytics/expectorants (Respiratory system drugs),Adcork Ingram
 Adco-paroxetine,Paroxetine, tabs, 20mg,30,Ssris (CNS agents),Adcork Ingram
 Adco-midazolam,Midazolam, inj, 50mg/10ml,10,Anxiolytics/sedatives/hypnotics/neuroleptics (CNS agents),Adcork Ingram
 Adco-mirteron,Mirtazapine, tabs, 30mg,30,Antidepressants: Other (CNS agents),Adcork Ingram
 Adco-mirteron,Mirtazapine, tabs, 15mg,30,Antidepressants: Other (CNS agents),Adcork Ingram
 Adco-alzam,Alprazolam, tabs, 1mg,30,Anxiolytics/sedatives/hypnotics/neuroleptics (CNS agents),Adcork Ingram
 Hyorth,Hyaluronidase, inj, 20mg/2ml,1,Misc. Agents (Misc. drugs),Pharmalinks
 Biolone-s,Prednisolone, syp, 100ml,1,Corticosteroids (Endocrine system drugs),Pharmalinks
 Zerover,Paracetamol, inj, 10mg/ml 100ml,1,Nsaids (Musculoskeletal agents),Questa Care Inc
 Maxivita-m,Vitamin/mineral Preparation, caps, -,30,Vitamins/minerals (Nutrition and blood agents),Questa Care Inc
 Ronex,Cetirizine, tabs, 10mg,14,Antihistamines (Respiratory system drugs),Hilton Pharma
 Hilact,Artemether, inj, 80mg,6,Antimalarials (Anti-infectives),Hilton Pharma
 Lactulac,Lactulose, solution, 100ml,1,Laxatives (Gastrointestinal drugs),Questa Care Inc
 Acicone S,Antacid, susp, 120ml,1,Antacids (Gastrointestinal drugs),Medical Union Pharma
 Etogen,Etoposide, inj, 100mg,1,Anticancer/immunosuppressants: Other (Oncology & immunosuppression drugs),Glenmark Pharma
 Glenton,Ondansetron, inj, 8mg,5,Antiemetics (Gastrointestinal drugs),Glenmark Pharma
 Folin,Leucovorin, inj, 50mg,1,Misc. Agents (Misc. drugs),Glenmark Pharma
 Caltam,Bicalutamide, tabs, 50mg,28,Anticancer/immunosuppressants: Other (Oncology & immunosuppression drugs),Glenmark Pharma
 Klenzit C,Clindamycin/adapalene, cream, 15g,1,Dermatological Agents (Dermatological agents),Glenmark Pharma
 Ascoril,Cough Expectorant, syp, 200ml,1,Mucolytics/expectorants (Respiratory system drugs),Glenmark Pharma
 Prindo-df,Perindopril/indapamide, tabs, 4/1.25mg,30,Ace Inhibitors (Cardiovascular drugs),Glenmark Pharma
 Ascoril D,Cough Syrup, syp, 100ml,1,Antitussives (Respiratory system drugs),Glenmark Pharma
 Zuprion B,(n/a), oint, 25g,1,Misc. Agents (Misc. drugs),Glenmark Pharma
 Glentel,Telmisartan, tabs, 40mg,30,Angiotensin Ii Rec. Antagonists (Cardiovascular drugs),Glenmark Pharma
 Glentel,Telmisartan, tabs, 20mg,30,Angiotensin Ii Rec. Antagonists (Cardiovascular drugs),Glenmark Pharma
 Aero G,Budesonide, inhaler, 200mcg,1,Corticosteroids (Endocrine system drugs),Glenmark Pharma
 Flexilor,Lornoxicam, tabs, 8mg,30,Nsaids (Musculoskeletal agents),Glenmark Pharma
 Tritazide,Ramipril/hydrochlorothiazide, tabs, 5/12.5mg,28,Ace Inhibitors (Cardiovascular drugs),Sanofi-aventis
 Lantus Solostar,Insulin, inj, 3ml,5,Antidiabetics: Insulin (Endocrine system drugs),Sanofi-aventis
 Lactacyd,(n/a), liquid, 200ml,1,Misc. Agents (Misc. drugs),Sanofi-aventis
 Airtal,Aceclofenac, tabs, 100mg,10,Nsaids (Musculoskeletal agents),Almirall Prodes
 Acirax,Acyclovir, tabs, 200mg,10,Antiviral Agents (Anti-infectives),Bulk
 Acetomena Phthone,Vitamin K, tabs, 10mg,500,Vitamins/minerals (Nutrition and blood agents),Modern Pharma
 Acamoli Raspberry,Paracetamol, syp, 100ml,1,Nsaids (Musculoskeletal agents),Teva (israel)
 Zyban,Bupropion, tabs, 150mg,60,Antidepressants: Other (CNS agents),Glaxosmithkline Pharma
 Sweetex,Aspartame, tabs, -,500,Misc. Agents (Misc. drugs),Beta Healthcare
 Bonjela,Choline Salicylate/cetalkonium, gel, 15gm,1,Misc. Agents (Misc. drugs),Reckitt Benckiser
 Sofderm,Vitamin E/aloe Vera, cream, 50gm,1,Dermatological Agents (Dermatological agents),Cipla Ltd
 Menofos,Alendronate, tabs, 70mg,10,Biphosphonates (Misc. drugs),Cipla Ltd
 Menofos,Alendronate, tabs, 10mg,10,Biphosphonates (Misc. drugs),Cipla Ltd
 Fosamax,Alendronate, tabs, 70mg,4,Biphosphonates (Misc. drugs),Merck Sharpe
 Micogel-f,Miconazole/fluocinolone, oint, 15g,1,Antifungals (Anti-infectives),Cipla Ltd
 Glucored Forte,Glibenclamide/metformin, tabs, 5/850mg,50,Sulphonylureas (Endocrine system drugs),Sun Pharma
 Glucored Plain,Glibenclamide/metformin, tabs, 5/500mg,50,Sulphonylureas (Endocrine system drugs),Sun Pharma
 Zosert,Sertraline, tabs, 50mg,30,Ssris (CNS agents),Sun Pharma
 Zoloft,Sertraline, tabs, 50mg,30,Ssris (CNS agents),Pfizer Global Pharma
 Hycorum,Hydrocortisone, oint, 1% 15g,1,Corticosteroids (Endocrine system drugs),Lab & Allied
 Laeovate,Betamethasone, oint, 15g,1,Corticosteroids (Endocrine system drugs),Lab & Allied
 Cutivate,Fluticasone, oint, 30gm,1,Corticosteroids (Endocrine system drugs),Glaxosmithkline Pharma
 Cutivate,Fluticasone, oint, 15gm,1,Corticosteroids (Endocrine system drugs),Glaxosmithkline Pharma
 Triapin,Felodipine/ramipril, tabs, 5/5mg,28,Calcium Channel Blokers (Cardiovascular drugs),Sanofi-aventis
 Triapin Mite,Felodipine/ramipril, tabs, 2.5/2.5mg,28,Calcium Channel Blokers (Cardiovascular drugs),Sanofi-aventis
 Clexane,Enoxaparin, inj, 80mg,10,Anticoagulants (Cardiovascular drugs),Sanofi-aventis
 Clexane,Enoxaparin, inj, 60mg,10,Anticoagulants (Cardiovascular drugs),Sanofi-aventis
 Clexane,Enoxaparin, inj, 40mg,10,Anticoagulants (Cardiovascular drugs),Sanofi-aventis
 Clexane,Enoxaparin, inj, 20mg,2,Anticoagulants (Cardiovascular drugs),Sanofi-aventis
 Lantus Cartridge,Insulin, inj, 3ml,5,Antidiabetics: Insulin (Endocrine system drugs),Sanofi-aventis
 Dynamogen,Vitamin/mineral Preparation, solution, 10ml,20,Vitamins/minerals (Nutrition and blood agents),Lab Aldo Union
 Effexor Xr,Venlafaxine, caps, 150mg,30,Antidepressants: Other (CNS agents),Wyeth Sa
 Neurontin,Gabapentine, caps, 300mg,100,Antiepileptics (CNS agents),Pfizer Global Pharma
 Neurontin,Gabapentine, caps, 100mg,100,Antiepileptics (CNS agents),Pfizer Global Pharma
 Lipitor,Atorvastatin, tabs, 20mg,30,Statins (Cardiovascular drugs),Pfizer Global Pharma
 Fasigyn,Tinidazole, tabs, 500mg,4,Antiprozoal Agents (Anti-infectives),Pfizer Global Pharma
 Combantrin,Pyrantel, tabs, 125mg,6,Anthelmintics (Anti-infectives),Pfizer Cons
 Simepar,Vitamin/mineral Preparation, caps, -,40,Vitamins/minerals (Nutrition and blood agents),Mepha
 Dolobene,Panthenol/dimthylsulfoxide/heparin, gel, 50g,1,Dermatological Agents (Dermatological agents),Mepha
 Aktiferrin-f,Iron/haematinic Preparation, tabs, -,30,Haematinics/iron Preparations (Nutrition and blood agents),Mepha
 Vitacap,Vitamin/mineral Preparation, caps, -,100,Vitamins/minerals (Nutrition and blood agents),Mega
 Ginsomin,Vitamin/mineral Preparation, caps, -,30,Vitamins/minerals (Nutrition and blood agents),Mega
 Ferrotone,Iron/haematinic Preparation, caps, -,30,Haematinics/iron Preparations (Nutrition and blood agents),Mega
 E Nat,Vitamin E, caps, 400iu,30,Vitamins/minerals (Nutrition and blood agents),Mega
 Calcivita,Vitamin/mineral Preparation, caps, -,30,Vitamins/minerals (Nutrition and blood agents),Mega
 Rythro,Erythromycin, tabs, 500mg (loose),500,Antibacterials: Macrolides (Anti-infectives),Glaxosmithkline (hsa)
 Rythro,Erythromycin, tabs, 500mg,100,Antibacterials: Macrolides (Anti-infectives),Glaxosmithkline (hsa)
 Rythro,Erythromycin, tabs, 250mg (loose),1000,Antibacterials: Macrolides (Anti-infectives),Glaxosmithkline (hsa)
 Rythro,Erythromycin, tabs, 250mg (b/p),100,Antibacterials: Macrolides (Anti-infectives),Glaxosmithkline (hsa)
 Orbenin,Cloxacillin, inj, 250mg,100,Antibacterials: Penicillins (Anti-infectives),Glaxosmithkline (hsa)
 Eskadox,Doxycycline, caps, 100mg,100,Antibacterials: Tetracyclines (Anti-infectives),Glaxosmithkline (hsa)
 Arava,Leflunomide, tabs, 20mg,30,Anticancer/immunosuppressants: Other (Oncology & immunosuppression drugs),Sanofi-aventis
 Suxamethonium,Suxamethonium, inj, 50mg/ml 2ml,10,Neuromuscular Blockers (Musculoskeletal agents),Aspen Pharmacare
 Potassium Chloride,Potassium Chloride, inj, 15% 10ml,10,Vitamins/minerals (Nutrition and blood agents),Aspen Pharmacare
 Curon B,Pancuronium, inj, 4mg/2ml 12ml,10,Neuromuscular Blockers (Musculoskeletal agents),Aspen Pharmacare
 Venteze,Salbutamol, inhaler, 100mcg/dose 200doses,1,Selective Beta-2 Agonists (Respiratory system drugs),Aspen Pharmacare
 Bronkese,Cough Expectorant, syp, 100ml,1,Mucolytics/expectorants (Respiratory system drugs),Aspen Pharmacare
 Surbex T,Vitamin B/c (high Potency), tabs, -,30,Vitamins/minerals (Nutrition and blood agents),Abbott (usa)
 Kloreff Eff.,Potassium Chloride, tabs, -,60,Vitamins/minerals (Nutrition and blood agents),Abbott (usa)
 Klacid,Clarithromycin, inj, 500mg/10ml,1,Antibacterials: Macrolides (Anti-infectives),Abbott (usa)
 Klacid Xl,Clarithromycin, tabs, 500mg,5,Antibacterials: Macrolides (Anti-infectives),Abbott (usa)
 Isoptin,Verapamil, tabs, 80mg,50,Antiarrythmic Drugs (Cardiovascular drugs),Abbott (usa)
 Isoptin Sr,Verapamil, tabs, 240mg,30,Antiarrythmic Drugs (Cardiovascular drugs),Abbott (usa)
 Brufen,Ibuprofen, tabs, 600mg,250,Nsaids (Musculoskeletal agents),Abbott (usa)
 Sinarest Vapocaps,Cold/flu Remedy, caps, -,10,Cold Remedies (Respiratory system drugs),Centaur Pharma
 Viscid,Antacid, susp, 200ml,1,Antacids (Gastrointestinal drugs),Indoco Remedies
 Flamar,Liniment/balm, cream, 20g,1,Dermatological Agents (Dermatological agents),Indoco Remedies
 Lamisil,Terbinafine, spray, 1% 30ml,1,Antifungals (Anti-infectives),Novartis Cons
 Toflox,Ofloxacin, tabs, 200mg,100,Antibacterials: Floroquinolones (Anti-infectives),Lincoln (india)
 Roxilin,Roxithromycin, tabs, 150mg,10,Antibacterials: Macrolides (Anti-infectives),Lincoln (india)
 Steron,Norethisterone, tabs, 5mg,100,Progestogens (Endocrine system drugs),Ray Pharma
 Nifed Retard,Nifedipine, tabs, 20mg,100,Calcium Channel Blokers (Cardiovascular drugs),West-coast Int
 Glemide,Glibenclamide, tabs, 5mg,100,Sulphonylureas (Endocrine system drugs),West-coast Int
 Dilazole,Diloxanide/metronidazole, tabs, 250/200mg,30,Antiprozoal Agents (Anti-infectives),Ray Pharma
 Nimotop,Nimodipine, inj, 10mg/50ml,1,Calcium Channel Blokers (Cardiovascular drugs),Bayer Schering Pharma
 Ciprobay,Ciprofloxacin, tabs, 750mg,10,Antibacterials: Floroquinolones (Anti-infectives),Bayer Schering Pharma
 Avelox,Moxifloxacin, inj, 400mg/250ml,1,Antibacterials: Floroquinolones (Anti-infectives),Bayer Schering Pharma
 Zeptol Cr,Carbamazepine, tabs, 200mg,50,Antiepileptics (CNS agents),Sun Pharma
 Veniz Xr,Venlafaxine, tabs, 37.5mg,30,Antidepressants: Other (CNS agents),Sun Pharma
 Syndopa 275,Levodopa/carbidopa, tabs,  250/25mg,50,Antiparkinsonism Agents (CNS agents),Sun Pharma
 Sizodon,Risperidone, tabs, 3mg,50,Antipsychotics (CNS agents),Sun Pharma
 Sizodon,Risperidone, tabs, 2mg,50,Antipsychotics (CNS agents),Sun Pharma
 Senorm,Haloperidol, inj, 50mg/1ml,1,Antipsychotics (CNS agents),Sun Pharma
 Prodep,Fluoxetine, caps, 20mg,60,Ssris (CNS agents),Sun Pharma
 Pioglit,Pioglitazole, tabs, 30mg,30,Antidiabetics: Other (Endocrine system drugs),Sun Pharma
 Pioglit,Pioglitazole, tabs, 15mg,30,Antidiabetics: Other (Endocrine system drugs),Sun Pharma
 Pantocid,Pantoprazole, tabs, 40mg,50,Proton Pump Inhibitors (Gastrointestinal drugs),Sun Pharma
 Pantocid,Pantoprazole, inj, 40mg,1,Proton Pump Inhibitors (Gastrointestinal drugs),Sun Pharma
 Mesacol,Mesalazine, tabs, 400mg,50,Aminosalicylates (Gastrointestinal drugs),Sun Pharma
 Irovel,Irbesartan, tabs, 300mg,30,Angiotensin Ii Rec. Antagonists (Cardiovascular drugs),Sun Pharma
 Irovel,Irbesartan, tabs, 150mg,30,Angiotensin Ii Rec. Antagonists (Cardiovascular drugs),Sun Pharma
 Encorate Chrono,Sodium Valproate, tabs, 300mg,30,Antiepileptics (CNS agents),Sun Pharma
 Dazit,Desloratidine, tabs, 5mg,30,Antihistamines (Respiratory system drugs),Sun Pharma
 Clopilet,Clopidogrel, tabs, 75mg,30,Antiplatelet Drugs (Cardiovascular drugs),Sun Pharma
 Clofranil,Clomipramine, tabs, 25mg,50,Tricyclic Or Related Antidepressants (CNS agents),Sun Pharma
 Cardivas,Carvedilol, tabs, 3.125mg,30,Beta-blockers (Cardiovascular drugs),Sun Pharma
 Cardivas,Carvedilol, tabs, 12.5mg,30,Beta-blockers (Cardiovascular drugs),Sun Pharma
 Aztor,Atorvastatin, tabs, 40mg,10,Statins (Cardiovascular drugs),Sun Pharma
 Alzolam,Alprazolam, tabs, 0.5mg,100,Anxiolytics/sedatives/hypnotics/neuroleptics (CNS agents),Sun Pharma
 Bactrim,Trimethorpim/sulphamethoxazole, tabs, 480mg,20,Antibacterials: Co-trimoxazoles (Anti-infectives),Roche Pdts Ltd
 Cosome,Cough Syrup, syp, 100ml,1,Antitussives (Respiratory system drugs),Merck (india)
 Diumide K,Frusemide/potassium, tabs, 40/600mg,30,Loop Diuretics (Cardiovascular drugs),Mundipharma/napp
 Betadine Pessaries,Povidone-iodine, pess, 200mg,14,Disinfectants/antiseptics (Misc. drugs),Mundipharma/napp
 Betadine Powder,Povidone-iodine, powder, 55g,1,Disinfectants/antiseptics (Misc. drugs),Mundipharma/napp
 Betadine Antiseptic Paint,Povidone-iodine, solution, 8ml,1,Disinfectants/antiseptics (Misc. drugs),Mundipharma/napp
 Betadine,Povidone-iodine, oint, 40g,1,Disinfectants/antiseptics (Misc. drugs),Mundipharma/napp
 Betadine Antiseptic,Povidone-iodine, solution, 500ml,1,Disinfectants/antiseptics (Misc. drugs),Mundipharma/napp
 Rehidrat,Oral Rehydration Salts, satchet, 14g,20,Antidiarrheorals (Gastrointestinal drugs),Pfizer-pharmacia
 Otrivin Adult,Xylometazoline (hydrochloride), nose drops, 0.1% 10ml,1,Sympathomimetics (Cardiovascular drugs),Novartis Cons
 Otrivin Paed,Xylometazoline (hydrochloride), nose drops, 0.05% 10ml,1,Sympathomimetics (Cardiovascular drugs),Novartis Cons
 Voltaren Dispersible,Diclofenac, tabs, 50mg,20,Nsaids (Musculoskeletal agents),Novartis Pharma
 Slow Fe Folic,Iron/haematinic Preparation, tabs, 160mg,28,Haematinics/iron Preparations (Nutrition and blood agents),Novartis Cons
 Procto-glyvenol,Tribenoside/lignocaine, cream, 30g,1,Misc. Agents (Misc. drugs),Novartis Cons
 Procto-glyvenol,Tribenoside/lignocaine, supp, 400/40 mg,10,Misc. Agents (Misc. drugs),Novartis Cons
 Lamisil,Terbinafine, cream, 1% 15g,1,Antifungals (Anti-infectives),Novartis Cons
 Nopen,Liniment/balm, oint, 20g,1,Dermatological Agents (Dermatological agents),Lab & Allied
 Nopen,Apc, tabs, -,100,Nsaids (Musculoskeletal agents),Lab & Allied
 Triohist,Cough Expectorant, syp, 100ml,1,Mucolytics/expectorants (Respiratory system drugs),Lab & Allied
 Lunahist,Cough Expectorant, syp, 100ml,1,Mucolytics/expectorants (Respiratory system drugs),Lab & Allied
 Bronkof,Cough Expectorant, syp, 100ml,1,Mucolytics/expectorants (Respiratory system drugs),Lab & Allied
 Laeovate,Betamethasone, cream, 15g,1,Corticosteroids (Endocrine system drugs),Lab & Allied
 Hycorum,Hydrocortisone, cream, 1% 15g,1,Corticosteroids (Endocrine system drugs),Lab & Allied
 Cofgel,Cold/flu Remedy, caps, -,10,Cold Remedies (Respiratory system drugs),Coral India (dwd)
 Spasyn,Dicyclomine/paracetamol, tabs, 20/500mg,10,Nsaids (Musculoskeletal agents),Cipla Ltd
 Etosid,Etoposide, inj, 100mg/5ml,1,Anticancer/immunosuppressants: Other (Oncology & immunosuppression drugs),Cipla Ltd
 Ciplactin,Cyproheptadine, tabs, 4mg,1000,Antihistamines (Respiratory system drugs),Cipla Ltd
 Ciplactin,Cyproheptadine, syp, 2mg/5ml 100ml,1,Antihistamines (Respiratory system drugs),Cipla Ltd
 Beclate,Beclomethasone, cream, 0.025% 15g,1,Corticosteroids (Endocrine system drugs),Cipla Ltd
 Dyrade M Ds,Diloxanide/metronidazole, tabs, 500/400mg,15,Antiprozoal Agents (Anti-infectives),Cipla Ltd
 Cipazol Forte,Secnidazole, tabs, 1g,2,Antiprozoal Agents (Anti-infectives),Cipla Ltd
 Asthalin Dp,Salbutamol, caps, 100mcg,30,Selective Beta-2 Agonists (Respiratory system drugs),Cipla Ltd
 Aerocort Dp,Salbutamol/beclomethasone, caps, 200/100mcg,30,Selective Beta-2 Agonists (Respiratory system drugs),Cipla Ltd
 Lansec,Lansoprazole, caps, 30mg,14,Proton Pump Inhibitors (Gastrointestinal drugs),Cipla Ltd
 Lozart H,Losartan/hydrochlorthiazide, tabs, 50/12.5mg,30,Angiotensin Ii Rec. Antagonists (Cardiovascular drugs),Cipla Ltd
 Felodil,Felodipine, tabs, 5mg,30,Calcium Channel Blokers (Cardiovascular drugs),Cipla Ltd
 Cardipril H,Lisinopril/hydrochorthiazide, tabs, 5/12.5mg,30,Ace Inhibitors (Cardiovascular drugs),Cipla Ltd
 Albican,Clotrimazole, powder, 1% 30g,1,Antifungals (Anti-infectives),Cipla Ltd
 Albican,Clotrimazole, cream, 1% 20g,1,Antifungals (Anti-infectives),Cipla Ltd
 Zyrtec,Cetirizine, tabs, 10mg,30,Antihistamines (Respiratory system drugs),Ucb Pharm Sa Pty
 Zyrtec,Cetirizine, drops, 10mg/ml 15ml,1,Antihistamines (Respiratory system drugs),Ucb Pharm Sa Pty
 Xyzal,Levocetirizine, tabs, 5mg,30,Antihistamines (Respiratory system drugs),Ucb Pharm Sa Pty
 Cirrus,Cetirizine/pseudoephedrine, caps, 5/120mg,14,Antihistamines (Respiratory system drugs),Ucb Pharm Sa Pty
 Aterax,Hydroxyzine, syp, 2mg/ml 100ml,1,Antihistamines (Respiratory system drugs),Ucb Pharm Sa Pty
 Waridipin,Nifedipine, tabs, 20mg,20,Calcium Channel Blokers (Cardiovascular drugs),Walter Ritter
 Polycid Forte,Antacid, liquid, 120ml,1,Antacids (Gastrointestinal drugs),Searle (pakistan)
 Peditral Ors,Oral Rehydration Salts, satchet, 29.5gm (for 1lt),1,Antidiarrheorals (Gastrointestinal drugs),Searle (pakistan)
 Neucef,Cefadroxil, syp, 125mg/5ml 100ml,1,Antibacterials: Cephalosporins (Anti-infectives),Sami Pharma
 Lanzit,Lansoprazole, caps, 30mg,10,Proton Pump Inhibitors (Gastrointestinal drugs),S. J. & G Fazul
 Hemoton-s,Iron/haematinic Preparation, syp, 250ml,1,Haematinics/iron Preparations (Nutrition and blood agents),Indus Pharma
 Dexa-g,Dexamethasone/gentamycin, eye drops, 0.1/0.3% 5ml,1,Dermatological Agents (Dermatological agents),Ursapharma
 Clindar-b,Clindamycin, caps, 150mg,100,Antibacterials: Lincosamides (Anti-infectives),Wallace (uk)
 Cavinton,Vinpocetine, inj, 10mg/2ml,10,Misc. Agents (Misc. drugs),Gedeon-richter
 Cavinton,Vinpocetine, tabs, 5mg,50,Misc. Agents (Misc. drugs),Gedeon-richter
 Carovit,B-carotene/vit C/vit E/selenium/zinc, tabs, -,30,Vitamins/minerals (Nutrition and blood agents),Epla Labs
 Brumixol,Ciclopirox Olamine, lotion, 30ml,1,Antifungals (Anti-infectives),Bruschettini
 Brumixol,Ciclopirox Olamine, ear drops, 15ml,1,Antifungals (Anti-infectives),Bruschettini
 Brumixol,Ciclopirox Olamine, cream, 30g,1,Antifungals (Anti-infectives),Bruschettini
 Zovirax,Acyclovir, eye oint, 4.5g,1,Antiviral Agents (Anti-infectives),Glaxosmithkline Pharma
 Volmax,Salbutamol, tabs, 8mg,14,Selective Beta-2 Agonists (Respiratory system drugs),Glaxosmithkline Pharma
 Valtrex,Valaciclovir, tabs, 500mg,10,Antiviral Agents (Anti-infectives),Glaxosmithkline Pharma
 Valtrex,Valaciclovir, tabs, 500mg,42,Antiviral Agents (Anti-infectives),Glaxosmithkline Pharma
 Emilie,Enalapril, tabs, 20mg,30,Ace Inhibitors (Cardiovascular drugs),Modern Pharma
 Emilie,Enalapril, tabs, 10mg,30,Ace Inhibitors (Cardiovascular drugs),Modern Pharma
 Emilie,Enalapril, tabs, 5mg,30,Ace Inhibitors (Cardiovascular drugs),Modern Pharma
 Orizolin,Cefazolin, inj, 1g,1,Antibacterials: Cephalosporins (Anti-infectives),"Zydus Cadila H/care, India"
 Pulmicort,Budesonide, turbohaler, 200mcg/dose 100 doses,1,Corticosteroids (Endocrine system drugs),Astrazeneca
 Oxis,Formoterol, turbohaler, 4.5mcg/dose 60 doses,1,Selective Beta-2 Agonists (Respiratory system drugs),Astrazeneca
 Forceval Adult,Vitamin/mineral Preparation, caps, -,90,Vitamins/minerals (Nutrition and blood agents),Alliance Pharma
 Forceval Paed,Vitamin/mineral Preparation, caps, -,30,Vitamins/minerals (Nutrition and blood agents),Alliance Pharma
 Strepsils (regular/honey & Lemon),Dybanal/amylmetacresol, lozenges, -,70,Misc. Agents (Misc. drugs),Beta Healthcare
 Strepsils (regular/honey & Lemon),Dybanal/amylmetacresol, lozenges, -,24,Misc. Agents (Misc. drugs),Beta Healthcare
 Prunol,Cough Syrup, syp, 50ml,1,Antitussives (Respiratory system drugs),Beta Healthcare
 Karvol,Cold/flu Remedy, caps, -,10,Cold Remedies (Respiratory system drugs),Beta Healthcare
 Goodmorning Lung Tonic,Cough Syrup, syp, 60ml,1,Antitussives (Respiratory system drugs),Beta Healthcare
 Senokot,Senna, tabs, 7.5mg,20,Laxatives (Gastrointestinal drugs),Reckitt Benckiser
 Wellman,Vitamin/mineral Preparation, caps, -,30,Vitamins/minerals (Nutrition and blood agents),Vitabiotics
 Visionace Plus,Vitamin/mineral Preparation, caps, -,56,Vitamins/minerals (Nutrition and blood agents),Vitabiotics
 Pregnacare,Vitamin/mineral Preparation, caps, -,30,Vitamins/minerals (Nutrition and blood agents),Vitabiotics
 Perfectil,Vitamin/mineral Preparation, caps, -,30,Vitamins/minerals (Nutrition and blood agents),Vitabiotics
 Osteocare,Vitamin/mineral Preparation, syp, 200ml,1,Vitamins/minerals (Nutrition and blood agents),Vitabiotics
 Ferroglobin,Iron/haematinic Preparation, caps, -,30,Haematinics/iron Preparations (Nutrition and blood agents),Vitabiotics
 Lantus,Insulin, inj, 10ml,1,Antidiabetics: Insulin (Endocrine system drugs),Sanofi-aventis
 Mst,Morphine, tabs, 30mg,60,Opiod Analgesics (Musculoskeletal agents),Mundipharma/napp
 Monotrate Od,Isosorbide Mononitrtate, tabs, 50mg,50,Vasodilators (Cardiovascular drugs),Sun Pharma
 Nimotop,Nimodipine, caps, 30mg,100,Calcium Channel Blokers (Cardiovascular drugs),Bayer Schering Pharma
 Repace H,Losartan/hydrochlorthiazide, tabs, 50/12.5mg,30,Angiotensin Ii Rec. Antagonists (Cardiovascular drugs),Sun Pharma
 Repace,Losartan, tabs, 50mg,30,Angiotensin Ii Rec. Antagonists (Cardiovascular drugs),Sun Pharma
 Losartas Ht,Losartan/hydrochlorthiazide, tabs, 50/12.5mg,30,Angiotensin Ii Rec. Antagonists (Cardiovascular drugs),Intas Exports
 Losartas,Losartan, tabs, 50mg,28,Angiotensin Ii Rec. Antagonists (Cardiovascular drugs),Intas Exports
 Ziagen,Abacavir, tabs, 300mg,60,Antiretrovirals (Anti-infectives),Glaxosmithkline Pharma
 Roferon-a,Interferon Alpha, inj, 6miu,1,Immunological Agents (Immunological agents),Roche Pdts Ltd
 Roferon-a,Interferon Alpha, inj, 3miu,1,Immunological Agents (Immunological agents),Roche Pdts Ltd
 Zavedos,Idarubicin, inj, 10mg,1,Cytotoxic Antibiotics (Oncology & immunosuppression drugs),Pfizer-pharmacia
 Sinumax,Paracetamol/pseudoephedrine, tabs, -,20,Cold Remedies (Respiratory system drugs),Janssen-cilag
 Siccaprotect,Dexpanthenol/polyvinyl Alcohol, eye drops, 10ml,1,Dermatological Agents (Dermatological agents),Ursapharma
 Albalon-a,Naphazoline/antazoline, eye drops, 0.05%/0.5% 15ml,1,Eye/ear/nose Preparations (Eye ENT agents),Allergan Ltd
 Hyperium,Rilmenidine, tabs, 1mg,30,Cns Alpha Agonists (CNS agents),Servier Labs (france)
 Resonium,Sodium Polystyrene Sulphonate, powder, 450g,1,Misc. Agents (Misc. drugs),Sanofi-aventis
 No-spa,Drotaverine, tabs, 40mg,20,Antimuscarinic Drugs (Gastrointestinal drugs),Sanofi-aventis
 No-spa,Drotaverine, inj, 40mg/2ml,25,Antimuscarinic Drugs (Gastrointestinal drugs),Sanofi-aventis
 Xeloda,Capecitabine, tabs, 500mg,120,Antimetabolite Cytotoxics (Oncology & immunosuppression drugs),Roche Pdts Ltd
 Locacorten Vioform,Flumethasone/clioquinol, ear drops, 7.5ml,1,Dermatological Agents (Dermatological agents),Novartis Pharma
 Locacorten Vioform,Flumethasone/clioquinol, oint, 15g,1,Dermatological Agents (Dermatological agents),Novartis Pharma
 Locacorten Vioform,Flumethasone/clioquinol, cream, 15g,1,Dermatological Agents (Dermatological agents),Novartis Pharma
 Leponex,Clozapine, tabs, 25mg,50,Antipsychotics (CNS agents),Novartis Pharma
 Leponex,Clozapine, tabs, 100mg,50,Antipsychotics (CNS agents),Novartis Pharma
 Evorel,Oestradiol, patch, -,8,Oestrogens (Endocrine system drugs),Janssen-cilag
 Diamicron,Gliclazide, tabs, 80mg,60,Sulphonylureas (Endocrine system drugs),Servier Labs (france)
 Desonide,Desonide, cream, 15g,1,Corticosteroids (Endocrine system drugs),Lab & Allied
 Crixivan,Indinavir, caps, 400mg,180,Antiretrovirals (Anti-infectives),Merck Sharpe
 Camcolit,Lithium Carbonate, tabs, 250mg,100,Antipsychotics (CNS agents),Norgine Ltd (uk)
 Aztor,Atorvastatin, tabs, 20mg,10,Statins (Cardiovascular drugs),Sun Pharma
 Airtal,Aceclofenac, inj, 150mg,4,Nsaids (Musculoskeletal agents),Almirall Prodes
 Airtal,Aceclofenac, tabs, 100mg,40,Nsaids (Musculoskeletal agents),Almirall Prodes
 Spasmo-proxyvon,Paracetamol/dicyclomine/dextropropoxyphene, caps, 400/10/65mg,16,Nsaids (Musculoskeletal agents),Wockhardt Ltd
 Premarin,Oestrogens (conjugated), vaginal crm, 42.5g,1,Oestrogens (Endocrine system drugs),Wyeth Sa
 Wepox,Erythropoietin, inj, 4000iu,1,Blood/plasma Products (Nutrition and blood agents),Wockhardt Ltd
 Wepox,Erythropoietin, inj, 2000iu,1,Blood/plasma Products (Nutrition and blood agents),Wockhardt Ltd
 Vastarel,Trimetazidine, tabs, 20mg,60,Misc. Agents (Misc. drugs),Servier Labs (france)
 Daflon,Diosmin/hesperidin, tabs, 500mg,30,Misc. Agents (Misc. drugs),Servier Labs (france)
 Predni-pos,Prednisolone, eye drops, 1% 10ml,1,Corticosteroids (Endocrine system drugs),Ursapharma
 Dexa-pos,Dexamethasone, eye drops, 0.1% 5ml,1,Corticosteroids (Endocrine system drugs),Ursapharma
 Combizym,Cellulase/protease/amylase/lipase, caps, -,30,Misc. Agents (Misc. drugs),Sankyo Pharma
 Xatral,Alfuzosin, tabs, 2.5mg,30,Alpha Adrenergic Blockers (Cardiovascular drugs),Sanofi-aventis
 Xatral Lp,Alfuzosin, tabs, 10mg,30,Alpha Adrenergic Blockers (Cardiovascular drugs),Sanofi-aventis
 Xatral Lp,Alfuzosin, tabs, 5mg,56,Alpha Adrenergic Blockers (Cardiovascular drugs),Sanofi-aventis
 Stilnox,Zolpidem, tabs, 10mg,14,Anxiolytics/sedatives/hypnotics/neuroleptics (CNS agents),Sanofi-aventis
 Plavix,Clopidogrel, tabs, 75mg,28,Antiplatelet Drugs (Cardiovascular drugs),Sanofi-aventis
 Fraxiparine,Nadroparin, inj, 0.8ml,10,Anticoagulants (Cardiovascular drugs),Glaxosmithkline Pharma
 Fraxiparine,Nadroparin, inj, 0.6ml,10,Anticoagulants (Cardiovascular drugs),Glaxosmithkline Pharma
 Fraxiparine,Nadroparin, inj, 0.3ml,10,Anticoagulants (Cardiovascular drugs),Glaxosmithkline Pharma
 Aprovel,Irbesartan, tabs, 300mg,28,Angiotensin Ii Rec. Antagonists (Cardiovascular drugs),Sanofi-aventis
 Aprovel,Irbesartan, tabs, 150mg,28,Angiotensin Ii Rec. Antagonists (Cardiovascular drugs),Sanofi-aventis
 Cital,Disodium Hydrogen Citrate, syp, 100ml,1,Misc. Agents (Misc. drugs),Indoco Remedies
 Xenical,Orlistat, caps, 120mg,84,Misc. Agents (Misc. drugs),Roche Pdts Ltd
 Recormon,Erythropoietin, inj, 5000iu,6,Blood/plasma Products (Nutrition and blood agents),Roche Pdts Ltd
 Recormon,Erythropoietin, inj, 2000iu,6,Blood/plasma Products (Nutrition and blood agents),Roche Pdts Ltd
 Vectavir,Penciclovir, cream, 2g,1,Antiviral Agents (Anti-infectives),Novartis Pharma
 Navoban,Tropisetron, tabs, 5mg,5,Antiemetics (Gastrointestinal drugs),Novartis Pharma
 Navoban,Tropisetron, inj, 5mg,1,Antiemetics (Gastrointestinal drugs),Novartis Pharma
 Mosegor,Pizotifen, syp, 0.5mg/10ml 100ml,1,Antihistamines (Respiratory system drugs),Novartis Pharma
 Lescol Xl,Fluvastatin, caps, 80mg,28,Statins (Cardiovascular drugs),Novartis Pharma
 Lescol,Fluvastatin, caps, 40mg,28,Statins (Cardiovascular drugs),Novartis Pharma
 Lescol,Fluvastatin, caps, 20mg,28,Statins (Cardiovascular drugs),Novartis Pharma
 Co-diovan,Valsartan/hydrochlorthiazide, caps, 80/12.5mg,28,Angiotensin Ii Rec. Antagonists (Cardiovascular drugs),Novartis Pharma
 Diovan,Valsartan, caps, 80mg,28,Angiotensin Ii Rec. Antagonists (Cardiovascular drugs),Novartis Pharma
 Cafergot,Ergotamine/caffeine, tabs, 1/100mg,20,Ergot Alkaloids (CNS agents),Novartis Pharma
 Spasmomen,Otilonium Bromide, tabs, 40mg,30,Antimuscarinic Drugs (Gastrointestinal drugs),Menarini Int
 Miocamen,Midecamycin, syp, 50mg/ml 120mls,1,Antibacterials: Macrolides (Anti-infectives),Menarini Int
 Miocamen,Midecamycin, tabs, 600mg,12,Antibacterials: Macrolides (Anti-infectives),Menarini Int
 Intracef,Cephadrine, caps, 500mg,36,Antibacterials: Cephalosporins (Anti-infectives),Beximco Pharma
 Modipran,Fluoxetine, caps, 20mg,100,Ssris (CNS agents),Beximco Pharma
 Lactameal,Antacid, tabs, -,200,Antacids (Gastrointestinal drugs),Beximco Pharma
 Enaril,Enalapril, tabs, 5mg,100,Ace Inhibitors (Cardiovascular drugs),Beximco Pharma
 Topamax,Topiramate, tabs, 50mg,60,Antiepileptics (CNS agents),Janssen-cilag
 Topamax,Topiramate, tabs, 25mg,60,Antiepileptics (CNS agents),Janssen-cilag
 Pevisone,Econazole/triamcinolone, cream, 15g,1,Dermatological Agents (Dermatological agents),Janssen-cilag
 Livostin,Levocabastine, eye drops, 4ml,1,Antihistamines (Respiratory system drugs),Janssen-cilag
 Eprex,Erythropoietin, inj, 4000 units/ml,6,Blood/plasma Products (Nutrition and blood agents),Janssen-cilag
 Eprex,Erythropoietin, inj, 2000 units/ml,6,Blood/plasma Products (Nutrition and blood agents),Janssen-cilag
 Durogesic,Fentanyl, patch, 50mcg,5,Opiod Analgesics (Musculoskeletal agents),Janssen-cilag
 Tequin,Gatifloxacin, inj, 400mg/40ml iv,1,Antibacterials: Floroquinolones (Anti-infectives),Bristol-myers
 Tequin,Gatifloxacin, tabs, 400mg,5,Antibacterials: Floroquinolones (Anti-infectives),Bristol-myers
 Staril,Fosinopril, tabs, 20mg,14,Ace Inhibitors (Cardiovascular drugs),Bristol-myers
 Staril,Fosinopril, tabs, 10mg,28,Ace Inhibitors (Cardiovascular drugs),Bristol-myers
 Co-micardis,Telmisartan/hydrochlorthiazide, tabs, 80/12.5 mg,28,Angiotensin Ii Rec. Antagonists (Cardiovascular drugs),Boehringer Ingelheim
 Co-micardis,Telmisartan/hydrochlorthiazide, tabs, 40/12.5 mg,28,Angiotensin Ii Rec. Antagonists (Cardiovascular drugs),Boehringer Ingelheim
 Spiriva,Tiotropium, caps, 10s,1,Antimuscarinic Bronchodilators (Respiratory system drugs),Boehringer Ingelheim
 Spiriva + Handihaler,Tiotropium, caps, 30s,1,Antimuscarinic Bronchodilators (Respiratory system drugs),Boehringer Ingelheim
 Metalyse,Tenecteplase, inj, 50mg (8000),1,Fibrinolyic Drugs (Nutrition and blood agents),Boehringer Ingelheim
 Actilyse,Alteplase, inj, 50mg,1,Fibrinolyic Drugs (Nutrition and blood agents),Boehringer Ingelheim
 Gemzar,Gemcitabine, inj, 1g 50ml,1,Antimetabolite Cytotoxics (Oncology & immunosuppression drugs),Eli Lilly & Co
 Gemzar,Gemcitabine, inj, 200mg 10ml,1,Antimetabolite Cytotoxics (Oncology & immunosuppression drugs),Eli Lilly & Co
 Zyprexa,Olanzapine, tabs, 10mg,28,Antipsychotics (CNS agents),Eli Lilly & Co
 Zyprexa,Olanzapine, tabs, 7.5mg,56,Antipsychotics (CNS agents),Eli Lilly & Co
 Zyprexa,Olanzapine, tabs, 5mg,28,Antipsychotics (CNS agents),Eli Lilly & Co
 Humalog Mix 25,Insulin Lispro, inj, 3ml,5,Antidiabetics: Insulin (Endocrine system drugs),Eli Lilly & Co
 Humalog Catridge,Insulin Lispro, inj, 3ml,5,Antidiabetics: Insulin (Endocrine system drugs),Eli Lilly & Co
 Humalog Mix 25,Insulin Lispro, inj, 10ml,1,Antidiabetics: Insulin (Endocrine system drugs),Eli Lilly & Co
 Humalog,Insulin Lispro, inj, 100 iu/ml 10ml,1,Antidiabetics: Insulin (Endocrine system drugs),Eli Lilly & Co
 Valzaar,Valsartan, caps, 80mg,30,Angiotensin Ii Rec. Antagonists (Cardiovascular drugs),Torrent Ltd
 Deanxit,Flupentixol/melitracen, tabs, 0.5/10mg,100,Antipsychotics (CNS agents),Lundbeck As
 Meronem,Meropenem, inj, 1g iv,10,Antibacterials: Others (Anti-infectives),Astrazeneca
 Meronem,Meropenem, inj, 500mg iv,10,Antibacterials: Others (Anti-infectives),Astrazeneca
 Zoladex,Goserelin, inj, 3.6mg,1,Anticancer/immunosuppressants: Other (Oncology & immunosuppression drugs),Astrazeneca
 Atacand Plus,Candesartan/hydrochlothiazide, tabs, 16/12.5mg,28,Angiotensin Ii Rec. Antagonists (Cardiovascular drugs),Astrazeneca
 Xtraderm,Clotrimazole/beclomethasone/gentamicin, cream, 20g,1,Dermatological Agents (Dermatological agents),Ochoa Las (india)
 Dobesil,Calcium Dobesilate, caps, 500mg,50,Vitamins/minerals (Nutrition and blood agents),Ochoa Las (india)
 Oftalar,Pranoprofen, eye drops, 1mg/5ml,1,Nsaids (Musculoskeletal agents),Cusi Alcon (spain)
 Tetracaine,Amethocaine, eye drops, 0.5% 15ml,1,Local Anaesthetics (Musculoskeletal agents),Alcon Pharma
 Viscoat,Chondroitin Sulphate/sodium Hyaluronate, inj, 0.5ml,1,Eye/ear/nose Preparations (Eye ENT agents),Alcon Pharma
 Zincfrin,Zinc Sulphate/phenylephrine, eye drops, 0.25/0.12 % 15ml,1,Eye/ear/nose Preparations (Eye ENT agents),Alcon Pharma
 Zincfrin A,Zinc Sulphate/antazoline/naphazoline, eye drops, 15ml,1,Eye/ear/nose Preparations (Eye ENT agents),Alcon Pharma
 Emadine,Emedastine, eye drops, 5ml,1,Antihistamines (Respiratory system drugs),Alcon Pharma
 Azopt,Brinzolamide, eye drops, 10mg/ml 5ml,1,Carbonic Anhydrase Inhibitors (Cardiovascular drugs),Alcon Pharma
 Tobradex,Tobramycin/dexamethasone, eye oint, 0.3/0.1 % 3.5g,1,Eye/ear/nose Preparations (Eye ENT agents),Alcon Pharma
 Tobradex,Tobramycin/dexamethasone, eye drops, 0.3/0.1 % 5ml,1,Eye/ear/nose Preparations (Eye ENT agents),Alcon Pharma
 Tobrex,Tobramycin, drops, 0.3% 5ml,1,Antibacterials: Aminoglycoside (Anti-infectives),Alcon Pharma
 Nicardia,Nifedipine, tabs, 20mg,50,Calcium Channel Blokers (Cardiovascular drugs),Unique Pharma
 Beta Nicardia,Nifedipine/atenolol, tabs, 20/50mg,30,Calcium Channel Blokers (Cardiovascular drugs),Unique Pharma
 Nicardia Cd,Nifedipine, tabs, 30mg,30,Calcium Channel Blokers (Cardiovascular drugs),Unique Pharma
 Viracept,Nelfinavir, powder, 50mg/g 144g,1,Antiretrovirals (Anti-infectives),Roche Pdts Ltd
 Lanpro,Lansoprazole, caps, 30mg,20,Proton Pump Inhibitors (Gastrointestinal drugs),Unichem Labs
 Vagifem,Oestradiol, vaginal tab, 25mg,15,Oestrogens (Endocrine system drugs),Novo-nordisk A/s
 Kiddi Pharmaton,Vitamin/mineral Preparation, syp, 200ml,1,Vitamins/minerals (Nutrition and blood agents),Pharmaton Ltd
 Kiddi Pharmaton,Vitamin/mineral Preparation, syp, 100ml,1,Vitamins/minerals (Nutrition and blood agents),Pharmaton Ltd
 Orush,Clotrimazole, lozenges, 10mg,30,Antifungals (Anti-infectives),Coral India (dwd)
 Betrozole,Diloxanide/metronidazole, tabs, 250mg/200mg,30,Antiprozoal Agents (Anti-infectives),Beta Healthcare
 Ivermectol,Ivermectin, tabs, 6mg,1,Anthelmintics (Anti-infectives),Ochoa Las (india)
 Ivermectol,Ivermectin, tabs, 3mg,10,Anthelmintics (Anti-infectives),Ochoa Las (india)
 Ambrodil,Ambroxol, drops, 15ml,1,Mucolytics/expectorants (Respiratory system drugs),Aristo Pharma
 Lisinace,Lisinopril, tabs, 10mg,30,Ace Inhibitors (Cardiovascular drugs),Alkem Labs
 Lisinace,Lisinopril, tabs, 5mg,30,Ace Inhibitors (Cardiovascular drugs),Alkem Labs
 Clavam,Amoxicillin/clavulanate, inj, 600mg,1,Antibacterials: Penicillins (Anti-infectives),Alkem Labs
 Cifran,Ciprofloxacin, tabs, 250mg,20,Antibacterials: Floroquinolones (Anti-infectives),Ranbaxy Labs
 Mydriacyl,Tropicamide, eye drops, 1% 15ml,1,Local Anaesthetics (Musculoskeletal agents),Alcon Pharma
 Tears Naturale Ii,Artificial Tears, eye drops, 15ml,1,Eye/ear/nose Preparations (Eye ENT agents),Alcon Pharma
 Maxidex,Dexamethasone, eye oint, 3.5g,1,Corticosteroids (Endocrine system drugs),Alcon Pharma
 Maxidex,Dexamethasone, eye drops, 1mg/ml 5ml,1,Corticosteroids (Endocrine system drugs),Alcon Pharma
 Ciloxan,Ciprofloxacin, eye drops, 3mg/5ml,1,Antibacterials: Floroquinolones (Anti-infectives),Alcon Pharma
 Panoxyl,Benzoyl Peroxide, gel, 5% 40g,1,Dermatological Agents (Dermatological agents),Glaxosmithkline Pharma
 Kefstar,Cefuroxime, inj, 750mg,1,Antibacterials: Cephalosporins (Anti-infectives),Wockhardt Ltd
 Cordarone,Amiodarone, inj, 150mg/3ml,6,Antiarrythmic Drugs (Cardiovascular drugs),Sanofi-aventis
 Dihydrocodeine,Dihydrocodiene, tabs, 30mg,100,Opiod Analgesics (Musculoskeletal agents),Norton
 Haloperidol,Haloperidol, tabs, 5mg,100,Antipsychotics (CNS agents),Norton
 Flucloxacillin,Flucloxacillin, caps, 500mg,28,Antibacterials: Penicillins (Anti-infectives),Norton
 Flucloxacillin,Flucloxacillin, caps, 250mg,28,Antibacterials: Penicillins (Anti-infectives),Norton
 Doxycycline,Doxycycline, caps, 100mg,50,Antibacterials: Tetracyclines (Anti-infectives),Norton
 Azathioprine,Azathioprine, tabs, 50mg,100,Anticancer/immunosuppressants: Other (Oncology & immunosuppression drugs),Norton
 Diclofenac,Diclofenac, tabs, 50mg,84,Nsaids (Musculoskeletal agents),Norton
 Diclofenac,Diclofenac, tabs, 25mg,84,Nsaids (Musculoskeletal agents),Norton
 Amilco,Amiloride/hydrochlorthiazide, tabs, 5/50mg,30,Potassium-sparing Diuretics (Cardiovascular drugs),Ivax Pharma
 Endoxan-asta,Cyclophosphamide, tabs, 50mg,50,Alkylating Cytotoxic Drugs (Oncology & immunosuppression drugs),Baxter Oncology
 Eviol,Vitamin E, caps, 100mg,20,Vitamins/minerals (Nutrition and blood agents),Ga Pharma.
 Artemax,Dihydroartemisinin, tabs, 60mg,8,Antimalarials (Anti-infectives),Ga Pharma.
 Ezipol,Omeprazole, caps, 20mg,14,Proton Pump Inhibitors (Gastrointestinal drugs),Kleva Pharma
 Cox-b,Celecoxib, caps, 200mg,50,Nsaids (Musculoskeletal agents),Beximco Pharma
 Cox-b,Celecoxib, caps, 100mg,50,Nsaids (Musculoskeletal agents),Beximco Pharma
 Arixon,Ceftriaxone, inj, 250mg iv/im,1,Antibacterials: Cephalosporins (Anti-infectives),Beximco Pharma
 Arixon,Ceftriaxone, inj, 1g iv/im,1,Antibacterials: Cephalosporins (Anti-infectives),Beximco Pharma
 Azithrocin,Azithromycin, tabs, 500mg,3,Antibacterials: Macrolides (Anti-infectives),Beximco Pharma
 Azithrocin,Azithromycin, syp, 200mg/5ml 15ml,1,Antibacterials: Macrolides (Anti-infectives),Beximco Pharma
 Decomit,Beclomethasone, nasal spray, 50mcg/dose,1,Corticosteroids (Endocrine system drugs),Beximco Pharma
 Azmasol,Salbutamol, inhaler, 100mcg/dose 200 doses,1,Selective Beta-2 Agonists (Respiratory system drugs),Beximco Pharma
 Decomit,Beclomethasone, inhaler, 100mcg/dose 200doses,1,Corticosteroids (Endocrine system drugs),Beximco Pharma
 Anustat,Compound Antihaemorrhoidal Preparation, oint, 15g,1,Misc. Agents (Misc. drugs),Beximco Pharma
 Omastin,Fluconazole, syp, 50mg/5ml 35ml,1,Antifungals (Anti-infectives),Beximco Pharma
 Omastin,Fluconazole, caps, 50mg,50,Antifungals (Anti-infectives),Beximco Pharma
 Tofen,Ketotifen, syp, 1mg/5ml 100ml,1,Prophylactic Anti-allergens (Respiratory system drugs),Beximco Pharma
 Proceptin,Omeprazole, caps, 20mg,30,Proton Pump Inhibitors (Gastrointestinal drugs),Beximco Pharma
 Lipostat,Pravastatin, tabs, 10mg,30,Statins (Cardiovascular drugs),Bristol-myers
 Fluanxol Depot,Flupentixol, inj, 40mg/ml 2ml,1,Antipsychotics (CNS agents),Lundbeck As
 Clopixol Acuphase,Zuclopentixol, inj, 50mg/ml 1ml,1,Antipsychotics (CNS agents),Lundbeck As
 Clopixol,Zuclopentixol, drops, 20mg/ml 20ml,1,Antipsychotics (CNS agents),Lundbeck As
 Zaditen,Ketotifen, syp, 0.2mg/ml 100ml,1,Prophylactic Anti-allergens (Respiratory system drugs),Novartis Pharma
 Zaditen Sro,Ketotifen, tabs, 2mg,30,Prophylactic Anti-allergens (Respiratory system drugs),Novartis Pharma
 Voltaren,Diclofenac, supp, 50mg,10,Nsaids (Musculoskeletal agents),Novartis Pharma
 Voltaren,Diclofenac, supp, 25mg,10,Nsaids (Musculoskeletal agents),Novartis Pharma
 Voltaren Sr,Diclofenac, tabs, 75mg,30,Nsaids (Musculoskeletal agents),Novartis Pharma
 Voltaren,Diclofenac, inj, 75mg,5,Nsaids (Musculoskeletal agents),Novartis Pharma
 Viskaldix,Pindolol/clopamide, tabs, 10/5mg,100,Beta-blockers (Cardiovascular drugs),Novartis Pharma
 Trileptal,Oxcarbazepine, tabs, 600mg,50,Antiepileptics (CNS agents),Novartis Pharma
 Trileptal,Oxcarbazepine, tabs, 300mg,50,Antiepileptics (CNS agents),Novartis Pharma
 Tofranil,Imipramine, tabs, 25mg,50,Tricyclic Or Related Antidepressants (CNS agents),Novartis Pharma
 Tegretol,Carbamazepine, tabs, 200mg,50,Antiepileptics (CNS agents),Novartis Pharma
 Tegretol,Carbamazepine, tabs, 200mg,500,Antiepileptics (CNS agents),Novartis Pharma
 Tegretol Cr,Carbamazepine, tabs, 200mg,50,Antiepileptics (CNS agents),Novartis Pharma
 Tegretol,Carbamazepine, tabs, 100mg,50,Antiepileptics (CNS agents),Novartis Pharma
 Syntometrine,Oxytocin/ergometrine, inj, 5 iu/500mcg 1ml,100,Hypothalamic/pituitary Hormones (Endocrine system drugs),Novartis Pharma
 Syntocinon,Oxytocin, inj, 5 iu/ml,100,Hypothalamic/pituitary Hormones (Endocrine system drugs),Novartis Pharma
 Slow K,Potassium Chloride, tabs, 600mg,100,Vitamins/minerals (Nutrition and blood agents),Novartis Pharma
 Ritalin,Methylphenidate (hydrochloride), tabs, 10mg,30,Central Stimulants (CNS agents),Novartis Pharma
 Parlodel,Bromocriptine, tabs, 2.5mg,30,Dopaminergic Agonists (CNS agents),Novartis Pharma
 Sandimmun Neoral,Cyclosporin, caps, 100mg,50,Anticancer/immunosuppressants: Other (Oncology & immunosuppression drugs),Novartis Pharma
 Melleril,Thioridazine, tabs, 25mg,100,Tricyclic Or Related Antidepressants (CNS agents),Novartis Pharma
 Melleril,Thioridazine, tabs, 100mg,100,Tricyclic Or Related Antidepressants (CNS agents),Novartis Pharma
 Ludiomil,Maprotiline, tabs, 75mg,20,Tricyclic Or Related Antidepressants (CNS agents),Novartis Pharma
 Ludiomil,Maprotiline, tabs, 50mg,30,Tricyclic Or Related Antidepressants (CNS agents),Novartis Pharma
 Ludiomil,Maprotiline, tabs, 25mg,30,Tricyclic Or Related Antidepressants (CNS agents),Novartis Pharma
 Lopressor,Metoprolol, tabs, 100mg,40,Beta-blockers (Cardiovascular drugs),Novartis Pharma
 Lomir,Isradipine, tabs, 2.5mg,28,Calcium Channel Blokers (Cardiovascular drugs),Novartis Pharma
 Lomir Sro,Isradipine, tabs, 5mg,30,Calcium Channel Blokers (Cardiovascular drugs),Novartis Pharma
 Lamisil,Terbinafine, tabs, 250mg,14,Antifungals (Anti-infectives),Novartis Pharma
 Lamisil,Terbinafine, tabs, 125mg,14,Antifungals (Anti-infectives),Novartis Pharma
 Hygroton,Chlorthalidone, tabs, 50mg,28,Thiazide And Related Diuretics (Cardiovascular drugs),Novartis Pharma
 Famvir,Famciclovir, tabs, 250mg,21,Antiviral Agents (Anti-infectives),Novartis Pharma
 Coartem,Artemether/lumefantrine, tabs, 20/120mg,16,Antimalarials (Anti-infectives),Novartis Pharma
 Cataflam,Diclofenac, tabs, 50mg,20,Nsaids (Musculoskeletal agents),Novartis Pharma
 Cataflam,Diclofenac, tabs, 25mg,20,Nsaids (Musculoskeletal agents),Novartis Pharma
 Cataflam,Diclofenac, drops, 0.5mg 15ml,1,Nsaids (Musculoskeletal agents),Novartis Pharma
 Solu-cortef,Hydrocortisone, inj, 100mg 2ml,1,Corticosteroids (Endocrine system drugs),Pfizer-pharmacia
 Solu-medrol,Methylprednisolone, inj, 500mg,1,Corticosteroids (Endocrine system drugs),Pfizer-pharmacia
 Serenace,Haloperidol, inj, 5mg,1,Antipsychotics (CNS agents),Pfizer-pharmacia
 Serenace,Haloperidol, tabs, 5mg,50,Antipsychotics (CNS agents),Pfizer-pharmacia
 Serenace,Haloperidol, tabs, 10mg,50,Antipsychotics (CNS agents),Pfizer-pharmacia
 Serenace,Haloperidol, tabs, 0.5mg,250,Antipsychotics (CNS agents),Pfizer-pharmacia
 Platamine,Cisplatin, inj, 50mg,1,Anticancer/immunosuppressants: Other (Oncology & immunosuppression drugs),Pfizer-pharmacia
 Platamine,Cisplatin, inj, 10mg,1,Anticancer/immunosuppressants: Other (Oncology & immunosuppression drugs),Pfizer-pharmacia
 Lincocin,Lincomycin, inj, 600mg/2ml,1,Antibacterials: Lincosamides (Anti-infectives),Pfizer-pharmacia
 Lincocin,Lincomycin, caps, 500mg,12,Antibacterials: Lincosamides (Anti-infectives),Pfizer-pharmacia
 Gabbroral,Paromomycin, syp, 125mg/5ml 60ml,1,Antiprozoal Agents (Anti-infectives),Pfizer-pharmacia
 Depo Medrol,Methylprednisolone, inj, 80mg/ml 2ml,1,Corticosteroids (Endocrine system drugs),Pfizer-pharmacia
 Depo Medrol,Methylprednisolone, inj, 40mg/ml 5ml,1,Corticosteroids (Endocrine system drugs),Pfizer-pharmacia
 Vermox,Mebendazole, susp, 100mg/5ml 30ml,1,Anthelmintics (Anti-infectives),Janssen-cilag
 Vermox,Mebendazole, tabs, 500mg,1,Anthelmintics (Anti-infectives),Janssen-cilag
 Vermox,Mebendazole, tabs, 100mg,6,Anthelmintics (Anti-infectives),Janssen-cilag
